{"type": "FeatureCollection", "features": [{"type": "Feature", "geometry": {"type": "LineString", "coordinates": [[-79.6369030002732, 43.2171519996651], [-79.6369689997195, 43.2171660003107], [-79.6393810003328, 43.2177530004007], [-79.6436549995785, 43.2188040003044], [-79.6461899995688, 43.219418999887], [-79.6470590000728, 43.2196360000015], [-79.647182000349, 43.2196650004395], [-79.6478309997008, 43.2198160002083], [-79.6520560002841, 43.2208389997201], [-79.6558160001083, 43.2217569997858], [-79.6594899995638, 43.2226460003127], [-79.6621849997379, 43.223298999849], [-79.6664719995831, 43.2243309997759], [-79.6708570003502, 43.2253900000485], [-79.6756959995707, 43.2265630001824], [-79.6760020001921, 43.2266380000437], [-79.6802890000373, 43.2276780003395], [-79.6821389999149, 43.2281319996921], [-79.686597999598, 43.2292010004259], [-79.6867090002202, 43.2292289999185], [-79.6893669995873, 43.2298719998929], [-79.6906900003432, 43.2301930003068], [-79.694132999938, 43.2310250000038], [-79.695955000323, 43.2314699998407]]}, "properties": {"lhrs": 10090, "offset": 0, "highway": "QEW", "length": 5.05, "traffic_section": 10090000, "aadt": 127300, "aadtt": 15300}}, {"type": "Feature", "geometry": {"type": "LineString", "coordinates": [[-78.8790349995655, 44.3331529997112], [-78.8789219997505, 44.3331769999187], [-78.8777080004239, 44.333433000033], [-78.8768610000351, 44.333615000332], [-78.8732970002563, 44.3343589995682], [-78.8722359998914, 44.3345650000747], [-78.8671029997037, 44.3356840004163], [-78.8652810002179, 44.3361090002302], [-78.8650789998959, 44.3361599998842], [-78.8635349997404, 44.3365180002056], [-78.8573420001331, 44.3378240001775], [-78.850868000158, 44.3392239999877], [-78.8500209997693, 44.3394060002867], [-78.8426800002817, 44.3411849995881], [-78.8375419998634, 44.3423850000677], [-78.8226639999436, 44.3457749999164], [-78.8213870004097, 44.3460390003996], [-78.8205790000208, 44.3461670000071], [-78.8194219997255, 44.3462619998914], [-78.8136159999784, 44.346520000098], [-78.8123570003752, 44.3466400002359], [-78.8117510003084, 44.3467370002124], [-78.8082210002989, 44.3475239996329], [-78.8071589998879, 44.3477470000241], [-78.8055710004013, 44.3479500003922], [-78.8051180001955, 44.3479690003691], [-78.8040779998997, 44.3479399999311], [-78.8030520002496, 44.3478569997008], [-78.7994959999404, 44.3473469995644], [-78.7983080000142, 44.3472430001644], [-78.7977189998319, 44.3472230001414], [-78.7966010004358, 44.3472549998185], [-78.7955430002092, 44.3473610002101], [-78.7953159996337, 44.3474020003021], [-78.7945460000978, 44.3475400003708], [-78.7908630002273, 44.3483780003445], [-78.7897890001622, 44.3485730003437], [-78.7892220000952, 44.3486520003896], [-78.7880140001459, 44.3487369998127], [-78.78610900043, 44.3486910003894], [-78.7848489998814, 44.348495000344], [-78.7842140002759, 44.3483659997911], [-78.7757890002621, 44.3462039999147], [-78.774907000058, 44.3459790003306]]}, "properties": {"lhrs": 14310, "offset": 0, "highway": "7", "length": 8.62, "traffic_section": 14310000, "aadt": 9250, "aadtt": 590}}, {"type": "Feature", "geometry": {"type": "LineString", "coordinates": [[-80.3001029997536, 43.1706029997287], [-80.2999980003074, 43.1705839997518], [-80.2996670003318, 43.1705279998674], [-80.2990400001958, 43.1704160000984], [-80.2924219998753, 43.1692949996645], [-80.2918939998082, 43.1692199998032], [-80.2897820004389, 43.1689099998966], [-80.2796580003164, 43.1677749997165], [-80.275714000101, 43.1673360001564], [-80.2755859995942, 43.1673200003178]]}, "properties": {"lhrs": 48350, "offset": 0, "highway": "403", "length": 2.03, "traffic_section": 48350000, "aadt": 39300, "aadtt": 6250}}, {"type": "Feature", "geometry": {"type": "LineString", "coordinates": [[-79.7568869998352, 43.2461850003376], [-79.7569740002499, 43.2462040003144], [-79.7571340004337, 43.2462420002681], [-79.7572810000181, 43.2462709998068], [-79.7577700000854, 43.2464469998292], [-79.7579530004306, 43.2465120001287], [-79.7582099996917, 43.2466049999209], [-79.7587470001739, 43.2468359997816], [-79.7591489998264, 43.2470560000344], [-79.7599030004231, 43.2475599998941], [-79.7603870002598, 43.2479699999156], [-79.760845999843, 43.2484440001905], [-79.7618629999775, 43.2498949996545], [-79.7619470002538, 43.2500129997002], [-79.7631089998804, 43.2516830002703], [-79.7646299998746, 43.2538420000083], [-79.7656950004239, 43.2553569997258], [-79.7657310002854, 43.2554030000485], [-79.7666430000744, 43.2566370002973], [-79.767744999632, 43.2581889999225], [-79.7677810003928, 43.2582429997147], [-79.7680690001842, 43.2586430001743], [-79.7680850000227, 43.2586670003818], [-79.7681039999995, 43.2586969999666], [-79.7682870003448, 43.2589580003115]]}, "properties": {"lhrs": 10100, "offset": 0, "highway": "QEW", "length": 1.73, "traffic_section": 10100000, "aadt": 124400, "aadtt": 19900}}, {"type": "Feature", "geometry": {"type": "LineString", "coordinates": [[-79.8038669998621, 43.3519259995853], [-79.8036939999781, 43.352084999723], [-79.798892999812, 43.3564690004441], [-79.7938150003619, 43.3610549996885], [-79.7882209995994, 43.3660990002687]]}, "properties": {"lhrs": 10123, "offset": 0, "highway": "QEW", "length": 2.02, "traffic_section": 10123000, "aadt": 206300, "aadtt": 20600}}, {"type": "Feature", "geometry": {"type": "LineString", "coordinates": [[-78.4888780001196, 43.9311920000109], [-78.4891300000494, 43.9311350000802], [-78.4897960001852, 43.9309869995504], [-78.4949270002808, 43.9298480000852], [-78.5020959999304, 43.9282520002297], [-78.5139810003229, 43.925601000286], [-78.5207139996513, 43.9240780001996], [-78.524679999982, 43.9232750000413], [-78.5352390003795, 43.9211190004416], [-78.543996000415, 43.9193089997106], [-78.5667940004427, 43.9146109997979], [-78.5670569999805, 43.914571999798], [-78.5813760002022, 43.9116079998094], [-78.5857709996319, 43.9107099997667], [-78.5858499996777, 43.9106939999282]]}, "properties": {"lhrs": 47560, "offset": 0, "highway": "401", "length": 8.12, "traffic_section": 47560000, "aadt": 57700, "aadtt": 11000}}, {"type": "Feature", "geometry": {"type": "LineString", "coordinates": [[-78.774907000058, 44.3459790003306], [-78.7742470001988, 44.3465159999135], [-78.7737319998319, 44.346865999866], [-78.7731439996958, 44.3471609999802], [-78.7727359997666, 44.3473240003024], [-78.7707780003045, 44.3480149997924], [-78.7705109996829, 44.3481079995845], [-78.7697099996167, 44.3483720000678], [-78.7692669998721, 44.3484890000673], [-78.768394000083, 44.3486700003203], [-78.7680040000845, 44.3487169997898], [-78.7677009996014, 44.3487559997896], [-78.7675249995791, 44.3487519996051], [-78.7674889997175, 44.3487240001126], [-78.7671749996265, 44.3487179998359], [-78.7671490002262, 44.3487539996974], [-78.7668980003424, 44.3487399999511]]}, "properties": {"lhrs": 27880, "offset": 0, "highway": "35", "length": 0.73, "traffic_section": 27880000, "aadt": 9200, "aadtt": 550}}, {"type": "Feature", "geometry": {"type": "LineString", "coordinates": [[-78.1962919999758, 43.9801670003069], [-78.196668000228, 43.9801220000303], [-78.1985289997135, 43.9797889999624], [-78.2030260002497, 43.9790710001266], [-78.2044910003593, 43.9789360001963], [-78.2052290002181, 43.9788909999198], [-78.206727000051, 43.9788560001044], [-78.2082209996993, 43.9789010003809], [-78.2096980003624, 43.9790279999423], [-78.2104299999445, 43.9791170004493], [-78.2118780001695, 43.9793510004484], [-78.2133349999103, 43.9796570001705], [-78.2147630001123, 43.9800339995695], [-78.223694000078, 43.9829069998582], [-78.2243830003752, 43.9830860000189], [-78.2251000001648, 43.9832290003181], [-78.2258180000007, 43.9833369999027], [-78.2265379999287, 43.9834079995796], [-78.227271999603, 43.9834529998561], [-78.2280070002228, 43.9834529998561], [-78.2287450000816, 43.9834169999946], [-78.2294710002864, 43.9833529997412], [-78.230198999684, 43.9832539996724], [-78.2309160003731, 43.983117999696], [-78.2400839995769, 43.9808820000043], [-78.2402479999452, 43.9808409999123], [-78.2404120003135, 43.9807999998202], [-78.2455180001555, 43.9795729998941], [-78.2744679996984, 43.9722549996686], [-78.2779740003997, 43.9713660000409], [-78.2792580002565, 43.9710909999497], [-78.2805729997441, 43.9708889996277], [-78.2812420000183, 43.9707870003199], [-78.2835710004013, 43.9705540003668], [-78.2846459996131, 43.9704900001135], [-78.2860260002996, 43.9702889998375], [-78.287428000202, 43.9701689996996], [-78.288015000292, 43.9701559999994], [-78.2888170004042, 43.9700579999768], [-78.2889349995506, 43.9700460003227]]}, "properties": {"lhrs": 47534, "offset": 0, "highway": "401", "length": 7.78, "traffic_section": 47534000, "aadt": 51200, "aadtt": 9800}}, {"type": "Feature", "geometry": {"type": "LineString", "coordinates": [[-78.6895360003861, 43.8946070000131], [-78.6920179997309, 43.8935220003401], [-78.6954060003866, 43.8918709997469], [-78.7041089997305, 43.8876439999707], [-78.7060700002303, 43.8868369996279], [-78.7076199997632, 43.8863369999526], [-78.7102699996607, 43.885723999563], [-78.7223170003293, 43.8841360000764]]}, "properties": {"lhrs": 47577, "offset": 0, "highway": "401", "length": 2.93, "traffic_section": 47577000, "aadt": 92800, "aadtt": 20400}}, {"type": "Feature", "geometry": {"type": "LineString", "coordinates": [[-80.1077069002532, 44.4669367003685], [-80.1078368999529, 44.4669329996582], [-80.1080197995741, 44.4668461997923], [-80.1080837998275, 44.4667167001157], [-80.1082462003019, 44.4665573996044], [-80.1084674002503, 44.4663401000157], [-80.1085840998763, 44.4662789002511], [-80.1099366001939, 44.4652344995725], [-80.1111979011621, 44.4641097004024], [-80.1118733999374, 44.4635885001093], [-80.1121315997935, 44.463319799769], [-80.1123627003783, 44.4630579999268], [-80.1127591997772, 44.4623099996069], [-80.1128663000397, 44.4621888995981], [-80.1131027003293, 44.4620254001521]]}, "properties": {"lhrs": 80670, "offset": 0, "highway": "7149", "length": 0.71, "traffic_section": 80670000, "aadt": 0, "aadtt": 0}}, {"type": "Feature", "geometry": {"type": "LineString", "coordinates": [[-79.736859999889, 44.4428590001428], [-79.7360520003995, 44.4418420000084], [-79.7352539995724, 44.440977999735], [-79.7341980003374, 44.4398499998776], [-79.7339780000846, 44.4395769998787], [-79.7328599997891, 44.4383580003215], [-79.7328609998352, 44.438313000045], [-79.7327019996975, 44.4381499997228], [-79.7326520000897, 44.4381400001609], [-79.7325659997211, 44.4380220001153], [-79.7324309997908, 44.4378860001389], [-79.7324319998369, 44.4378399998162], [-79.7322719996531, 44.4376770003933], [-79.7322220000452, 44.4376669999322], [-79.7315590000478, 44.4369300001194], [-79.7314620000712, 44.436784999728], [-79.7305530004206, 44.4358030003083], [-79.7300030002382, 44.4351309998958], [-79.7290440000805, 44.4341119996691], [-79.7288490000813, 44.4338569996009], [-79.7266769997437, 44.4314829998406], [-79.7263459997681, 44.4310749999113], [-79.7245180000057, 44.4290649998499], [-79.7245440003053, 44.4290199995734], [-79.7243850001676, 44.4288380001736], [-79.7243100003062, 44.4288279997125], [-79.7242239999376, 44.4287279995976], [-79.7241009996613, 44.4285919996211], [-79.724126999961, 44.4285470002439], [-79.7239800003767, 44.428375000406], [-79.723904999616, 44.4283649999448], [-79.7198869995853, 44.4236379995941], [-79.7166400000359, 44.4199199999081], [-79.7158689995546, 44.4189839999117], [-79.7141779998148, 44.4170469996194], [-79.7141019999073, 44.4170370000576], [-79.7139429997696, 44.4168460002427], [-79.7139690000693, 44.4168020000124], [-79.7139540002768, 44.4167819999894]]}, "properties": {"lhrs": 25610, "offset": 2.4, "highway": "26", "length": 3.44, "traffic_section": 25610024, "aadt": 22000, "aadtt": 1750}}, {"type": "Feature", "geometry": {"type": "LineString", "coordinates": [[-79.7824190000368, 44.7406720003126], [-79.7831169998497, 44.740525999875], [-79.7837900003082, 44.7403259996452], [-79.7844150003519, 44.7400630001074], [-79.7852850000027, 44.7395230003862], [-79.7853199998181, 44.7395000002249], [-79.7855030001633, 44.7393810001331], [-79.7856560000243, 44.7392749997415], [-79.7866029996287, 44.7386729998591], [-79.7871660004105, 44.7383460000679], [-79.7927259996052, 44.7352090001953], [-79.8031920002106, 44.7292509997339], [-79.8037030003931, 44.7290050000807], [-79.8042500004372, 44.7288029997587], [-79.8048080000891, 44.7286560001743], [-79.8053909999946, 44.7285539999672], [-79.8062649998299, 44.7284369999676], [-79.8073670002868, 44.7282870002449], [-79.8106349999053, 44.7278259996702], [-79.8118110001775, 44.727711999809], [-79.812404999691, 44.7277089996707], [-79.8136410000321, 44.7277939999931], [-79.8148479999352, 44.7280589996232], [-79.8160640002534, 44.7284580000367], [-79.8166260000898, 44.7287609996205], [-79.8177499997627, 44.7293849996181], [-79.8182870002448, 44.7297239999627], [-79.8233030004331, 44.7326829997207], [-79.8240639995539, 44.7331410001571], [-79.8253120004484, 44.7338919997161], [-79.8258120001237, 44.7341669998073], [-79.8263250003984, 44.734407000083], [-79.8273029996337, 44.7347590001278], [-79.8277800000469, 44.7348810003579], [-79.8289879999962, 44.7350999996653], [-79.8290249999038, 44.7351459999879], [-79.8293020000872, 44.7351839999417]]}, "properties": {"lhrs": 19534, "offset": 0, "highway": "12", "length": 4.45, "traffic_section": 19534000, "aadt": 12800, "aadtt": 770}}, {"type": "Feature", "geometry": {"type": "LineString", "coordinates": [[-78.3519020002771, 45.0198639997238], [-78.3517539997473, 45.0197230004162], [-78.3514589996331, 45.0194420000484], [-78.3489980003574, 45.0166669997823], [-78.3487109997128, 45.0162729995993], [-78.34833500036, 45.0159039996699], [-78.3469860002037, 45.0143419995837], [-78.3465760001822, 45.0138650000697], [-78.345977999585, 45.0133469995644], [-78.3455230001863, 45.0130480001652], [-78.3447650003045, 45.0126970001665], [-78.3440899997536, 45.0124749998214], [-78.3418819995546, 45.0119099998467], [-78.3411019995576, 45.0117749999164], [-78.3403190003216, 45.0116850002626], [-78.3394440004402, 45.0116729997092], [-78.3387699999355, 45.0117119997091], [-78.3380180003304, 45.0117840003314], [-78.3356299999245, 45.0120879999613], [-78.3350950004339, 45.0121300000995], [-78.3343840000215, 45.0121399996613], [-78.3328009998662, 45.0120669998922], [-78.3319890001922, 45.0120750002611], [-78.3312939996184, 45.012004999731], [-78.3305209999442, 45.0119780002846], [-78.3296700002703, 45.0119940001231], [-78.3258840001465, 45.0118060004466], [-78.3243139996913, 45.0117420001932], [-78.3226779997898, 45.0117040002395], [-78.3199180002155, 45.0115850001477], [-78.3189830002652, 45.0114819998945], [-78.3182780001296, 45.0113760004022], [-78.3175610003399, 45.0112330001029], [-78.3168590003426, 45.0110450004265], [-78.3154199996333, 45.0106160004281], [-78.3146950003739, 45.0103639995989], [-78.3126309996209, 45.0097310000857], [-78.3118709996469, 45.0094430002943], [-78.3108399997661, 45.0089500000425], [-78.3102230000914, 45.0085850002976], [-78.3092750004409, 45.0079590002077], [-78.3060160003381, 45.0057580003315], [-78.3056369999475, 45.0054430001944], [-78.3053359995567, 45.0051029998036], [-78.3050059996272, 45.0045640001285], [-78.3048159998585, 45.0042710001066], [-78.3024139997063, 45.0000469995694], [-78.2971689997495, 44.9909750002961], [-78.2958880000311, 44.9888199998431], [-78.2954889996176, 44.9883960000754], [-78.2950120001037, 44.9880250000538], [-78.2944799998521, 44.9877239996629], [-78.2939450003614, 44.9875040003094], [-78.2934819996945, 44.9873670002869], [-78.2928039999046, 44.9872340004488], [-78.2926780003893, 44.9872130003797], [-78.2878659997161, 44.9865050001058], [-78.2862669997222, 44.9862330001529], [-78.2857160003931, 44.9860849996231], [-78.2851929996572, 44.985891999716], [-78.2846830004201, 44.9856639999937], [-78.2842270000759, 44.9853920000408], [-78.2838099997317, 44.9850850002726], [-78.2834449999867, 44.9847520002047], [-78.2828319995971, 44.9840449999768], [-78.2810520002496, 44.9811759998726], [-78.2797650002546, 44.979164999765], [-78.2794370004172, 44.9785900002284], [-78.2792990003485, 44.9782889998375], [-78.2791539999571, 44.9778629999775], [-78.2790369999576, 44.977391999841], [-78.2788910004193, 44.9764610000751], [-78.2787829999355, 44.976054000192], [-78.278635000305, 44.9757080004239], [-78.278444999637, 44.9754239999177], [-78.278119999938, 44.9750650004495], [-78.2778389995701, 44.9748430001044], [-78.2768180001506, 44.9741610001301], [-78.276448000175, 44.9739539995775], [-78.2751309996958, 44.9731039999497], [-78.2746540001819, 44.9727230003662]]}, "properties": {"lhrs": 42650, "offset": 0, "highway": "118", "length": 8.98, "traffic_section": 42650000, "aadt": 1950, "aadtt": 120}}, {"type": "Feature", "geometry": {"type": "LineString", "coordinates": [[-79.5132899997337, 44.6230279998423], [-79.5135540002169, 44.6233110003025], [-79.5142069997532, 44.6238869998852], [-79.5147759999124, 44.6243080004139], [-79.5146729996592, 44.6243970000216], [-79.5146319995671, 44.6245400003208], [-79.5149299998196, 44.6246790004355], [-79.5158869998851, 44.625231999857], [-79.5183439998756, 44.6267760000125], [-79.5188170001044, 44.6270160002882], [-79.5191910002644, 44.6271740003798], [-79.5203400001908, 44.6275850004475], [-79.5212980003024, 44.6281110004224], [-79.5227259996051, 44.6289399999811], [-79.5233109996029, 44.6292350000952], [-79.5234859995792, 44.6293089999105], [-79.5251610003799, 44.6298800001619], [-79.5263969998217, 44.6303460000679], [-79.5265850003974, 44.6303759996527], [-79.5266859996591, 44.6303769996988], [-79.5267619995666, 44.6303510002985], [-79.5295090003401, 44.6319260000849], [-79.5317229999165, 44.6331249996191], [-79.5369069997582, 44.6360179999308], [-79.5377540001469, 44.6364520001597], [-79.5385390003746, 44.6368220001352], [-79.5410209997193, 44.6378800003618], [-79.5422800002218, 44.638471999783], [-79.5437869995703, 44.6392210001491], [-79.545018999727, 44.6398850001926], [-79.5458900003232, 44.640345999868], [-79.5462370001374, 44.6405840000516], [-79.5467359997666, 44.6408070004427], [-79.5488510001735, 44.6419500000925], [-79.5495330001478, 44.6424089996756], [-79.5499899996387, 44.6427839998817], [-79.5505920004205, 44.64341300011], [-79.552504999606, 44.6456150000322], [-79.5565780003744, 44.6501949998994], [-79.5590779996499, 44.653107000188], [-79.5624260002597, 44.6569579997119], [-79.567344999572, 44.6625830001054], [-79.5681930000069, 44.663511999779], [-79.5685629999824, 44.6638589995932], [-79.5695040002094, 44.6645730001439], [-79.5701359996766, 44.665040000096], [-79.5729099998965, 44.666631999767], [-79.5804840002364, 44.6710829999805], [-79.5814669997022, 44.6716089999554], [-79.5820169998846, 44.6718500002773], [-79.5826050000207, 44.6720640002534], [-79.5832300000644, 44.6722610003449], [-79.5838829996007, 44.6724130001599], [-79.5845360000363, 44.6725290001133], [-79.5852149998723, 44.6726100002514], [-79.587217999611, 44.6727240001126], [-79.5933310000256, 44.6729889997426], [-79.5977830002852, 44.673062000411], [-79.6038870002848, 44.6731629996727], [-79.6052850000027, 44.6732520001797], [-79.6059510001385, 44.6733419998335], [-79.6117779999547, 44.6744749999214], [-79.6144269998061, 44.6750199998731], [-79.6150289996885, 44.6751810001031], [-79.6161429997995, 44.675554000217], [-79.6166550000282, 44.6758030000085], [-79.6170900003032, 44.6759129996852]]}, "properties": {"lhrs": 19470, "offset": 5.8, "highway": "12", "length": 10.7, "traffic_section": 19470058, "aadt": 11000, "aadtt": 480}}, {"type": "Feature", "geometry": {"type": "LineString", "coordinates": [[-79.7124520002596, 44.7977080000242], [-79.712942000373, 44.7978569997009], [-79.7198869995853, 44.7994029999485], [-79.7204529996062, 44.7995349997405], [-79.7219619999463, 44.799884999693], [-79.7227369997127, 44.8000480000152], [-79.7230950000342, 44.8001229998766], [-79.7233009996414, 44.8001690001993]]}, "properties": {"lhrs": 46966, "offset": 0, "highway": "400", "length": 0.9, "traffic_section": 46966000, "aadt": 13700, "aadtt": 2200}}, {"type": "Feature", "geometry": {"type": "LineString", "coordinates": [[-79.2580129997001, 44.3211409997574], [-79.2577510002084, 44.3212009998263], [-79.2566400002358, 44.3214729997792], [-79.2553009996414, 44.3217849997779], [-79.2552130000798, 44.3218019996626], [-79.2512099998416, 44.3227399997513], [-79.2509060002117, 44.3228159996587], [-79.2478630001773, 44.3235169996099], [-79.2462969999066, 44.3238889996776], [-79.2447309996359, 44.3242520002297], [-79.2442130000299, 44.3243700002753], [-79.2442010003758, 44.3243700002753], [-79.244124999569, 44.32438700016], [-79.2437840000316, 44.3244719995832], [-79.2426220004049, 44.3247329999281], [-79.2423440001754, 44.3248010003659], [-79.2414979998328, 44.3250029997886], [-79.2394519999098, 44.3254850004325], [-79.2376080003089, 44.3259159996238], [-79.2369640002884, 44.326068000338], [-79.2363950001291, 44.3262030002683], [-79.236282000314, 44.3262279996225], [-79.2360040000845, 44.3262960000604], [-79.2355109998327, 44.3264150001522], [-79.2332629995877, 44.3269289995737], [-79.2312169996648, 44.3274110002175], [-79.2302700000604, 44.3276300004242], [-79.2298280003619, 44.3277309996859], [-79.2293229995568, 44.3278489997316], [-79.2282620000912, 44.328094000238], [-79.2275549998633, 44.3282540004219], [-79.2262790003755, 44.3285489996367], [-79.2256350003549, 44.3286919999359], [-79.2252559999644, 44.3287760002123], [-79.2249409998273, 44.3288439997509], [-79.2244099996218, 44.3289619997965], [-79.2240310001305, 44.3290460000729], [-79.2234250000637, 44.3291799999571], [-79.2230719999728, 44.3292650002796], [-79.2223259997451, 44.329432999933], [-79.2207600003737, 44.32978700007], [-79.2205329997981, 44.3298369996779], [-79.2204569998906, 44.3298539995625], [-79.2203440000755, 44.3298710003464], [-79.2198640004232, 44.3299890003921], [-79.2198259995702, 44.3299969998617], [-79.2197499996627, 44.3300139997464], [-79.2195609999401, 44.3300650002995], [-79.2192780003794, 44.3301329998381]]}, "properties": {"lhrs": 31060, "offset": 7.8, "highway": "48", "length": 3.25, "traffic_section": 31060078, "aadt": 11000, "aadtt": 1550}}, {"type": "Feature", "geometry": {"type": "LineString", "coordinates": [[-79.5529399998811, 43.8655180003555], [-79.5530080003189, 43.8657979997779], [-79.5530749998114, 43.8661230003762], [-79.5534029996487, 43.867468000348], [-79.5537189998319, 43.8687960004351], [-79.5540230003612, 43.8701229995768], [-79.5543389996451, 43.871460000079], [-79.554418999737, 43.871784999778], [-79.5544979997828, 43.8721100003763], [-79.5546109995979, 43.8725619996366], [-79.5547919998509, 43.8733289999335], [-79.5549279998273, 43.8738980000927], [-79.5552999998951, 43.8754790001558], [-79.5557279998472, 43.8773209996644], [-79.5561359997765, 43.8789829998656], [-79.5562489995916, 43.8794790002557], [-79.5567009997513, 43.8813759996028], [-79.5570970000265, 43.8830280002421], [-79.5572420004179, 43.8837049999858], [-79.5572530000259, 43.8837599998242], [-79.5572879998413, 43.8838860002387], [-79.5573110000026, 43.8839759998925], [-79.557334000164, 43.8840489996617], [-79.5573449997719, 43.8840850004225], [-79.5574690000942, 43.8846359997517], [-79.5576620000012, 43.8854209999792], [-79.5578529998161, 43.8862519996301], [-79.558045999723, 43.8870290003881], [-79.558237999584, 43.887860000039], [-79.5584409999521, 43.8886990000589], [-79.5586000000899, 43.8893500004023], [-79.5587800002967, 43.8901440001455], [-79.5588809995584, 43.8905869998902], [-79.5589599996043, 43.8909300004192], [-79.5591409998572, 43.8916969998168], [-79.5594699997407, 43.8930429998346], [-79.5596849997629, 43.8939369996928], [-79.5598419998084, 43.8946239998977], [-79.5600009999462, 43.8952920001258], [-79.560192999807, 43.8960869999151], [-79.5604089998754, 43.8969629998426], [-79.5605770004282, 43.8977209997244], [-79.5606559995747, 43.8980549998384], [-79.5607130004046, 43.8982630004372], [-79.5607579997818, 43.8984890000673], [-79.5609499996427, 43.8992920002257], [-79.5611309998957, 43.9000690000843], [-79.5613120001486, 43.9007920001507], [-79.5615040000096, 43.9016219997555], [-79.5616410000321, 43.9021370001225], [-79.5616969999166, 43.9023900000985], [-79.5617299996397, 43.9025700003053], [-79.5617650003545, 43.902678999936], [-79.561934000054, 43.9034100003712], [-79.5621829998455, 43.9044669996524], [-79.5624309995909, 43.9055140002709], [-79.5624990000288, 43.9058119996241], [-79.5625559999594, 43.9060289997386], [-79.5627819995896, 43.9069770002884], [-79.5628269998661, 43.9071940004028], [-79.5629300001194, 43.9075729998941], [-79.5629629998425, 43.9077540001471], [-79.5631329995882, 43.9084580002366], [-79.5634040003943, 43.9096230000015], [-79.5635849997479, 43.9103639999986], [-79.5636869999551, 43.9107879997664], [-79.5638910003693, 43.9116190003166], [-79.5640600000689, 43.9123689998295], [-79.5642529999759, 43.9131540000571], [-79.5644209996294, 43.9139309999157], [-79.5644900001134, 43.914165999961], [-79.5646579997669, 43.9149330002578], [-79.5646700003202, 43.9149690001193], [-79.5648169999046, 43.9156009995865], [-79.5648630002272, 43.9157369995629], [-79.5651920001107, 43.9171010004109], [-79.5654169996947, 43.9180849999229], [-79.5656089995556, 43.9189159995738], [-79.5658350000851, 43.9198549997085], [-79.5659799995773, 43.9205029999136]]}, "properties": {"lhrs": 46828, "offset": 0, "highway": "400", "length": 6.2, "traffic_section": 46828000, "aadt": 125200, "aadtt": 10000}}, {"type": "Feature", "geometry": {"type": "LineString", "coordinates": [[-79.5487429996896, 43.6106660001358], [-79.5487419996436, 43.6106929995823], [-79.5487540001969, 43.6107290003431], [-79.5487530001508, 43.6107379998589], [-79.5487639997588, 43.6107919996511], [-79.548775000266, 43.6108559999045], [-79.548785999874, 43.6109190001118], [-79.5487970003812, 43.6109909998348], [-79.5488079999892, 43.6110540000421], [-79.5488189995971, 43.6111170002494], [-79.5488170004042, 43.6111799995574], [-79.5488280000122, 43.6112520001797], [-79.5488389996201, 43.6113160004331], [-79.5488370004272, 43.6113880001561], [-79.5488480000352, 43.6114510003634], [-79.5488459999429, 43.6115139996714], [-79.5488449998968, 43.6115769998787], [-79.548856000404, 43.611640000086], [-79.5488540003119, 43.6117030002933], [-79.5488520002196, 43.6117750000163], [-79.5488510001735, 43.6118380002236], [-79.5488490000812, 43.6119010004309], [-79.5488480000352, 43.6119639997389], [-79.5488459999429, 43.6120269999461], [-79.5488449998968, 43.6120989996692], [-79.5488429998045, 43.6121619998764], [-79.5488419997585, 43.6122250000838], [-79.5488280000122, 43.612288000291], [-79.5488259999199, 43.612350999599], [-79.5488120001737, 43.6124139998063], [-79.5487970003812, 43.6125489997366], [-79.5487930001968, 43.6126930000819], [-79.5487780004044, 43.6128269999661], [-79.5487740002199, 43.6129720003576], [-79.5487710000816, 43.6131060002418], [-79.548755000243, 43.6132499996878], [-79.5487520001047, 43.6133849996181]]}, "properties": {"lhrs": 50205, "offset": 0, "highway": "427", "length": 0.3, "traffic_section": 50205000, "aadt": 211300, "aadtt": 31700}}, {"type": "Feature", "geometry": {"type": "LineString", "coordinates": [[-78.8563049999757, 43.881570999602], [-78.8580369998077, 43.8811710000417], [-78.8587149995975, 43.88101299995], [-78.8595809999632, 43.8808129997202], [-78.8633199997182, 43.8799650001846], [-78.8635090003401, 43.8799139996314], [-78.8637220002701, 43.8798640000236], [-78.8682630001373, 43.8788489999814]]}, "properties": {"lhrs": 47590, "offset": 0, "highway": "401", "length": 1.01, "traffic_section": 47590000, "aadt": 140000, "aadtt": 15400}}, {"type": "Feature", "geometry": {"type": "LineString", "coordinates": [[-80.1744230001213, 44.4918920004155], [-80.1718080000391, 44.49061299989], [-80.1704719995831, 44.4899639996389], [-80.1700089998154, 44.4897709997319], [-80.1697349997704, 44.4896070002629], [-80.167785999824, 44.4886839999667], [-80.1672359996416, 44.4884370002674], [-80.1669740001499, 44.4883180001757], [-80.1654110000176, 44.4876219995557], [-80.1648609998352, 44.4873749998564], [-80.1628499997277, 44.4864599999291], [-80.1601260000148, 44.4852340000491], [-80.1591889999723, 44.4848130004197], [-80.1579769998386, 44.4842640002834], [-80.1571900004182, 44.4839070000081], [-80.1565030002133, 44.4835960000554], [-80.1559030004231, 44.4833209999642], [-80.155164999665, 44.4830009995965], [-80.1539159996236, 44.4824330003827], [-80.1526040002744, 44.4818830002003], [-80.1512909999796, 44.4813689998795], [-80.1499900002383, 44.4808559996047], [-80.149015000242, 44.480461000275], [-80.14886499962, 44.4804060004366], [-80.1477650001546, 44.479975000346], [-80.1475520002246, 44.4798920001157], [-80.1468650000197, 44.4796170000246], [-80.1462769998836, 44.4793779997949], [-80.1449030003731, 44.4787559998895], [-80.1434920000557, 44.4780879996615], [-80.1423309995759, 44.4775209995945], [-80.1412449998568, 44.4769999998502], [-80.1401960000453, 44.4764970000366], [-80.1389849999578, 44.4759209995545], [-80.1356760002472, 44.4743380002985], [-80.132352999891, 44.4728550002581], [-80.1317910000546, 44.4726069996134], [-80.1300430003841, 44.4718200001929], [-80.128756000389, 44.4712429996648], [-80.1279069999081, 44.4708399999661], [-80.1272959996107, 44.4705019996676], [-80.1261269996613, 44.4697009996015], [-80.1249429999195, 44.4689449998119], [-80.1245069995984, 44.4687160000434], [-80.1240449998768, 44.4685149997675], [-80.123569000409, 44.4683399997912], [-80.1226050000207, 44.4680810004378], [-80.1221040002993, 44.4679869997003], [-80.1211120004185, 44.4678709997469], [-80.1201320001916, 44.4678539998622], [-80.1175160000633, 44.4679509998388], [-80.1164090002751, 44.4679970001615], [-80.1160940001379, 44.4680119999539], [-80.1152010003258, 44.468042000438], [-80.1146849999128, 44.4680649997], [-80.1138300000544, 44.4681029996538], [-80.1120309998307, 44.4681609996305], [-80.111415000202, 44.46817400023], [-80.1108999998351, 44.4681520001147], [-80.1103980000676, 44.468084999723], [-80.1095339997942, 44.4678529998161], [-80.1091710001415, 44.4677070002779], [-80.108872999889, 44.4675239999327], [-80.1083490000063, 44.4672049996111], [-80.1077900003082, 44.4667680001431]]}, "properties": {"lhrs": 80655, "offset": 0, "highway": "7148", "length": 6.14, "traffic_section": 80655000, "aadt": 19000, "aadtt": 950}}, {"type": "Feature", "geometry": {"type": "LineString", "coordinates": [[-79.1549190002116, 44.4914200002329], [-79.15502599975, 44.4915410004169], [-79.1550499999575, 44.4915679998634], [-79.1551960003951, 44.4917409997474], [-79.1557109998627, 44.4925599997442], [-79.155966999977, 44.493194000203], [-79.1561310003453, 44.4939980004074], [-79.1561450000917, 44.4943410000372], [-79.1561199998381, 44.4947180003355], [-79.1557550000932, 44.4976590001628]]}, "properties": {"lhrs": 19415, "offset": 0, "highway": "12", "length": 0.71, "traffic_section": 19415000, "aadt": 10200, "aadtt": 1550}}, {"type": "Feature", "geometry": {"type": "LineString", "coordinates": [[-80.2797720001776, 43.2051720002876], [-80.2796180002704, 43.2056580002166], [-80.2796429996247, 43.205684999663], [-80.2794499997177, 43.2063859996143], [-80.2787230003661, 43.2085240001825], [-80.2786109996978, 43.2096400003858], [-80.2786879996514, 43.2104780003595], [-80.2789370003423, 43.211244999757], [-80.2837720002776, 43.2241159997536], [-80.2884720002825, 43.2361040003993], [-80.2892740003947, 43.2381080001841]]}, "properties": {"lhrs": 24830, "offset": 0, "highway": "24", "length": 3.79, "traffic_section": 24830000, "aadt": 17300, "aadtt": 1250}}, {"type": "Feature", "geometry": {"type": "LineString", "coordinates": [[-79.5745770003283, 43.6990209998193], [-79.5742860003986, 43.6990730004187], [-79.5742359998915, 43.6990809998883], [-79.5741739997302, 43.6990979997729], [-79.5741620000762, 43.6990979997729], [-79.5740739996153, 43.6991149996576], [-79.5739120002386, 43.6991490003261], [-79.5738370003772, 43.6991660002108], [-79.5737499999625, 43.6991830000954], [-79.573624999594, 43.6992179999108], [-79.5735000001249, 43.6992519996801], [-79.5733759998025, 43.6992779999797], [-79.5732510003334, 43.6993119997491], [-79.5731130002647, 43.6993460004176], [-79.5729879998962, 43.699381000233], [-79.5728630004271, 43.6994150000023], [-79.5727640003583, 43.699441000302], [-79.5725759997825, 43.699493000002], [-79.5724759996676, 43.6995279998174], [-79.5722760003371, 43.6995790003706], [-79.5721760002222, 43.699614000186], [-79.5720889998075, 43.6996399995863], [-79.5719390000847, 43.699674000255], [-79.5716890002471, 43.6997609997704], [-79.5709759997425, 43.6999860002538], [-79.5709260001348, 43.7000030001384], [-79.570888000181, 43.7000119996541], [-79.5708379996739, 43.7000290004381], [-79.5708009997663, 43.7000470003688], [-79.5706010004358, 43.7000980000228], [-79.5703129997451, 43.7002030003682], [-79.5700500002073, 43.7003069997683], [-79.5697239995629, 43.700465999906], [-79.569672999909, 43.7004829997907], [-79.5696230003012, 43.7005090000903], [-79.569572999794, 43.7005360004361], [-79.5695230001863, 43.7005530003208], [-79.5694729996791, 43.7005789997211], [-79.5693969997717, 43.7006239999977], [-79.5693219999104, 43.7006579997669], [-79.5692340003488, 43.7006929995823], [-79.5690839997268, 43.7007640001585], [-79.5689960001652, 43.7007979999278], [-79.5689210003039, 43.7008339997893], [-79.5682180002605, 43.7011669998572], [-79.568142000353, 43.7012110000877], [-79.5680539998921, 43.7012459999031], [-79.567828000262, 43.7013599997642], [-79.5677530004006, 43.7013949995796], [-79.567615000332, 43.7014739996254], [-79.5676019997325, 43.7014830000405], [-79.5675269998711, 43.7015270002709], [-79.5674509999636, 43.7015630001324], [-79.5673879997564, 43.7016070003629], [-79.567312999895, 43.7016420001782], [-79.5672369999875, 43.7016860004086], [-79.5671620001262, 43.701721000224], [-79.5670870002648, 43.7017560000394], [-79.5665079996444, 43.7020639998537], [-79.5664709997368, 43.7020900001534], [-79.566218999807, 43.7022490002912], [-79.5661809998532, 43.7022670002219], [-79.5657269996013, 43.7025669996673], [-79.565398999764, 43.7027879999663], [-79.5653609998103, 43.702805999897], [-79.565235000295, 43.7029029998736], [-79.565134000134, 43.7029650000348], [-79.5650459996731, 43.7030359997117], [-79.5649450004114, 43.7030979998729], [-79.5649319998119, 43.7031070002879], [-79.5648559999044, 43.7031779999648], [-79.5647549997434, 43.7032479995955], [-79.5646670001819, 43.7033099997567], [-79.5645660000208, 43.703381000333], [-79.5644770004132, 43.7034520000099], [-79.5643889999524, 43.7035229996868], [-79.5643000003447, 43.703594000263], [-79.5642109998377, 43.7036740003549], [-79.5641099996767, 43.7037450000318], [-79.5640470003688, 43.7037979997779], [-79.5639830001153, 43.7038599999391], [-79.5639080002539, 43.7039129996853], [-79.5638440000006, 43.7039749998464], [-79.5637680000931, 43.7040279995925], [-79.5636930002318, 43.704081000238], [-79.5636170003243, 43.7041339999841], [-79.563554000117, 43.7041879997764], [-79.5634899998636, 43.7042410004219], [-79.5634780002095, 43.7042499999376], [-79.5634020003021, 43.7043029996838], [-79.5633640003483, 43.7043289999834], [-79.5633260003946, 43.7043560003292], [-79.5632759998874, 43.7043910001446], [-79.5632480003949, 43.7044080000292]]}, "properties": {"lhrs": 48983, "offset": 0, "highway": "409", "length": 1.11, "traffic_section": 48983000, "aadt": 82000, "aadtt": 8200}}, {"type": "Feature", "geometry": {"type": "LineString", "coordinates": [[-79.1049649997349, 45.0039939999232], [-79.0951159997036, 45.003830999601], [-79.09456100019, 45.0037399999011], [-79.094247000099, 45.0036540004318], [-79.0938450004464, 45.0035209996944], [-79.0932960003101, 45.003232999903], [-79.0928389999199, 45.0028740004348], [-79.0918399997162, 45.0020019997925], [-79.0901689999993, 45.0003629997527], [-79.0898869995853, 45.0000620002612], [-79.0886449998668, 44.9988619997815], [-79.0881500004222, 44.9985109997829], [-79.0852780001795, 44.9971039996499], [-79.0840490001612, 44.9966779997899], [-79.0834050001406, 44.9966039999747], [-79.0794120003635, 44.9964829997907], [-79.0787509995589, 44.99651699956], [-79.0764850002825, 44.9971360002263], [-79.0750650004494, 44.9974809999483], [-79.0744039996449, 44.9975329996483], [-79.0713340001639, 44.9975260002248], [-79.0462629996377, 44.9967850002276], [-79.0450310003803, 44.9968450002966], [-79.0440429997846, 44.9971520000648], [-79.0435640001784, 44.9974320003865], [-79.0431580003414, 44.9978030004082], [-79.041444999587, 45.0000420002382], [-79.0408599995892, 45.0008329998431], [-79.0403169997297, 45.0014989999789], [-79.0396119995941, 45.0024679996985], [-79.0392449997569, 45.002795000389], [-79.0389329997581, 45.0030139996964], [-79.0385189995521, 45.0032499997877], [-79.0380430000844, 45.0034399995564], [-79.0375560001093, 45.0035940003629], [-79.036531999652, 45.0038460002928], [-79.0343279996374, 45.0044660001059], [-79.0328669997122, 45.0049079998044], [-79.0322399995763, 45.0050599996193], [-79.0306639997438, 45.005491999756], [-79.029845999793, 45.0056570001705], [-79.0281790002606, 45.0057999995704], [-79.0223500003522, 45.0063020002371], [-79.0189279999272, 45.0065669998672], [-79.0182629998375, 45.0066989996591], [-79.0154590000328, 45.0074429997946], [-79.0139590001077, 45.0078669995625], [-79.0136260000398, 45.0079780001846], [-79.0130319996271, 45.0082649999298], [-79.0126809996284, 45.008510999583], [-79.0124170000445, 45.0087940000431], [-79.0122139996763, 45.0091690002492], [-79.0115169999096, 45.011325999895], [-79.0112629998875, 45.0117089995707], [-79.0109459996581, 45.0120720001228], [-79.0099280003769, 45.0128829997507], [-79.0096080000092, 45.0133180000257], [-79.0093640004482, 45.0137730003237], [-79.0083569998756, 45.0160870000151], [-79.0079150001771, 45.0167629997127], [-79.0077689997395, 45.0169409998273], [-79.0073619998563, 45.0173390001947], [-79.0063029995837, 45.0182210003989], [-79.0000069997232, 45.0233500004023], [-78.9977210004238, 45.0252269997263], [-78.9959970000615, 45.0266099996518], [-78.995577999625, 45.0269809996735], [-78.9951840003413, 45.0273610001101], [-78.99473500032, 45.0278480000852], [-78.9941779998148, 45.0285219996906], [-78.9934119995641, 45.0293819997795], [-78.9932150003719, 45.0295680002631], [-78.992994000073, 45.0297169999396], [-78.9915049997559, 45.0305460003976], [-78.9913240004022, 45.0306509998438], [-78.990817999551, 45.030956999566], [-78.9904260003596, 45.0312830002104], [-78.9901189996921, 45.0317100001164], [-78.9898869997852, 45.0321559999995], [-78.9897060004315, 45.0326120003436], [-78.9894130004096, 45.0330200002729], [-78.9892419997185, 45.0331980003875], [-78.9889149999273, 45.0334619999714], [-78.988538999675, 45.0336889996477], [-78.9879729996542, 45.0338950001542], [-78.9873460004176, 45.0340279999922], [-78.9866839995669, 45.0340890001073], [-78.9852479998953, 45.0341169995999], [-78.9786699996208, 45.0341809998533], [-78.9779339998541, 45.0341680001532], [-78.975115000257, 45.0341900002683], [-78.9745549996135, 45.0342159996687], [-78.9696530001858, 45.0342549996686], [-78.9689920002805, 45.034288000291], [-78.9683670002368, 45.0343759998526], [-78.9677640003083, 45.0345370000825], [-78.9671980002875, 45.0347510000586], [-78.9661749998763, 45.0353269996414], [-78.9633869999101, 45.0370350001652]]}, "properties": {"lhrs": 42730, "offset": 0, "highway": "118", "length": 13.66, "traffic_section": 42730000, "aadt": 1750, "aadtt": 300}}, {"type": "Feature", "geometry": {"type": "LineString", "coordinates": [[-79.8937119999088, 43.282828000312], [-79.8944689997445, 43.283498999779], [-79.8951479995805, 43.2840999996154], [-79.8956819999243, 43.2845729998441], [-79.8957430000394, 43.2846190001668], [-79.8957909995549, 43.2846740000052], [-79.89585199967, 43.2847190002817], [-79.8959000000849, 43.2847740001201], [-79.8959610002, 43.2848190003966], [-79.8959970000615, 43.2848560003042], [-79.8960089997155, 43.284874000235], [-79.8960580001765, 43.2849189996122], [-79.8961059996921, 43.2849740003499], [-79.896154000107, 43.2850280001421], [-79.8962029996687, 43.2850829999805], [-79.896275000291, 43.2851549997035], [-79.8963480000601, 43.2852369998877], [-79.8964199997831, 43.2853190000719], [-79.8964799998521, 43.285401000256], [-79.8965529996212, 43.285482000394], [-79.8966129996901, 43.2855639996789], [-79.8966729997591, 43.285654000232], [-79.896721000174, 43.2857360004161], [-79.8967810002429, 43.285827000116], [-79.8968289997585, 43.285908000254], [-79.8968410003119, 43.2859349997005], [-79.8968879997813, 43.2860169998847], [-79.8969000003347, 43.2860440002305], [-79.8969360001962, 43.2861159999535], [-79.8969469998042, 43.286151999815], [-79.8969829996657, 43.2862249995841], [-79.8970069998731, 43.2862610003449], [-79.8970310000806, 43.2863330000679], [-79.8970649998498, 43.2864419996986], [-79.8971130002647, 43.2865500001824], [-79.8971480000801, 43.286658999813], [-79.8971710002414, 43.2867670002969], [-79.8971930003566, 43.2868749998814], [-79.8972159996187, 43.2869830003652], [-79.89723899978, 43.2870829995808], [-79.8972490002411, 43.2871819996496], [-79.8972599998491, 43.2872809997184], [-79.8972700003102, 43.2873799997872], [-79.8972809999182, 43.287488000271], [-79.897278999826, 43.2875870003398], [-79.8972769997337, 43.2876860004087], [-79.8972749996415, 43.2877849995781], [-79.8972609998952, 43.2878839996469], [-79.8972589998029, 43.2879829997157], [-79.8972460001028, 43.2880639998537], [-79.8972440000106, 43.2881359995767], [-79.8972310003104, 43.2882169997148], [-79.8972169996647, 43.2882890003372], [-79.8971900002183, 43.2884420001982], [-79.8971639999186, 43.2885139999212], [-79.8971500001724, 43.2885859996442], [-79.8971239998726, 43.2886570002204], [-79.897097999573, 43.2887380003585], [-79.8970589995731, 43.288855000358], [-79.8970069998731, 43.2889799998272], [-79.8969560002192, 43.2890969998267], [-79.8969039996198, 43.2892139998263], [-79.8968410003119, 43.2893299997797], [-79.8967770000585, 43.2894459997332], [-79.896712999805, 43.2895629997327], [-79.8966369998976, 43.2896789996861], [-79.8965609999901, 43.2897949996396], [-79.8964730004286, 43.2899030001234], [-79.8964229999215, 43.2899650002846], [-79.8963839999216, 43.2900190000768], [-79.8963340003138, 43.2900820002841], [-79.8962839998067, 43.2901440004453], [-79.8962209995994, 43.2901970001915], [-79.8961709999916, 43.2902600003987], [-79.8961200003377, 43.290314000191], [-79.8960699998306, 43.2903760003522], [-79.8960069996233, 43.2904290000984], [-79.8959570000155, 43.2904829998906], [-79.8958939998082, 43.2905450000517], [-79.895831999647, 43.290598999844], [-79.8957809999931, 43.2906610000052], [-79.895718999832, 43.2907149997974], [-79.8956559996246, 43.2907769999586], [-79.8956049999707, 43.2908400001659], [-79.8955429998095, 43.290892999912], [-79.8954920001556, 43.2909560001194], [-79.8954299999945, 43.2910089998655], [-79.8953669997872, 43.2910720000728], [-79.8953420004329, 43.2910980003725], [-79.894401000206, 43.2919989996541], [-79.8934850002325, 43.2928720003426], [-79.8930710000266, 43.2932649995801], [-79.893034000119, 43.2933000002948], [-79.8930210004188, 43.2933180002256], [-79.8929960001652, 43.2933360001563], [-79.8929459996581, 43.2933709999717], [-79.8929089997505, 43.2934069998332], [-79.8928709997967, 43.2934429996947], [-79.8928329998431, 43.2934780004094], [-79.8927959999354, 43.2935140002709], [-79.8927579999817, 43.2935500001324], [-79.8927080003739, 43.2935849999478], [-79.8926709995669, 43.2936209998093], [-79.8925830000054, 43.2937009999013], [-79.8924829998905, 43.2937719995782]]}, "properties": {"lhrs": 48305, "offset": 0, "highway": "403", "length": 1.43, "traffic_section": 48305000, "aadt": 142400, "aadtt": 28500}}, {"type": "Feature", "geometry": {"type": "LineString", "coordinates": [[-78.9458440003003, 44.0997619999164], [-78.9453419996335, 44.0998719995932], [-78.944687000005, 44.1000129998001], [-78.9430649998498, 44.1003170003294], [-78.9412030003182, 44.1006979999128], [-78.9397600003237, 44.1009899998886]]}, "properties": {"lhrs": 14946, "offset": 3.8, "highway": "7A", "length": 0.51, "traffic_section": 14946038, "aadt": 16700, "aadtt": 1000}}, {"type": "Feature", "geometry": {"type": "LineString", "coordinates": [[-80.2892740003947, 43.2381080001841], [-80.2903030001833, 43.2407260004047], [-80.2940729995692, 43.2500149997925], [-80.2948300003042, 43.2516129997402], [-80.2950159998884, 43.2519999996003], [-80.2956660001858, 43.2533669996873], [-80.2960780002994, 43.2542610004448], [-80.2968449996969, 43.2560229998616], [-80.2978930003616, 43.2587190000818], [-80.30056100019, 43.2656149997325], [-80.3007299998895, 43.2659580002615], [-80.3019030000234, 43.2689539999272], [-80.3029669996273, 43.2717880002161], [-80.3036280004318, 43.2741120003686], [-80.3037499997627, 43.2744840004363], [-80.3039920001307, 43.2751179999958], [-80.3048769995738, 43.2772480001951], [-80.3059909996849, 43.2800370002075], [-80.3086970003663, 43.2869889997426], [-80.311624999594, 43.2941899999686], [-80.3118770004232, 43.2947679996435]]}, "properties": {"lhrs": 24840, "offset": 0, "highway": "24", "length": 6.56, "traffic_section": 24840000, "aadt": 15600, "aadtt": 2050}}, {"type": "Feature", "geometry": {"type": "LineString", "coordinates": [[-79.3795729999939, 43.883321000264], [-79.3795770001784, 43.8833309998258], [-79.3795879997863, 43.8833669996873], [-79.3798799997621, 43.8845419999134], [-79.3800929996921, 43.8853999999101], [-79.3804520000597, 43.8868549995586], [-79.3807219999203, 43.8879210001541], [-79.3807660001507, 43.8881289998535], [-79.3810000001499, 43.8891320002417], [-79.3820930001918, 43.8935430004092], [-79.3838979997928, 43.9009100001964]]}, "properties": {"lhrs": 48506, "offset": 0, "highway": "404", "length": 1.98, "traffic_section": 48506000, "aadt": 116400, "aadtt": 7000}}, {"type": "Feature", "geometry": {"type": "LineString", "coordinates": [[-79.5819250001386, 44.4588609997354], [-79.5843410000371, 44.4578509999238], [-79.5938689996545, 44.4536569998707], [-79.594975000296, 44.4531390002647], [-79.5954689996946, 44.4529650003345], [-79.5964219995756, 44.452554000267], [-79.5981490000763, 44.4518100001314], [-79.6035279999172, 44.4497149997475], [-79.6092860001488, 44.4475079995946], [-79.6110630002572, 44.4467909998049], [-79.6154920003555, 44.4449539996274], [-79.6161389996151, 44.4447100000665], [-79.6172149997724, 44.4443450003216], [-79.6175320000017, 44.4442410000222], [-79.6187729996741, 44.4438330000929], [-79.6200290000383, 44.4433619999564], [-79.6295340003938, 44.439397999718], [-79.6314610002249, 44.438647000159], [-79.632131999692, 44.4384209996295], [-79.6328030000583, 44.4382309998608], [-79.6334979997329, 44.4380769999536], [-79.6384329997831, 44.4371100003263], [-79.6391159998035, 44.4369379995891], [-79.6400660004455, 44.4365980000977], [-79.6404209997293, 44.4364579999368], [-79.6426079998592, 44.4353589996182], [-79.6433069997182, 44.4350069995734], [-79.6434849998328, 44.4349190000119]]}, "properties": {"lhrs": 16950, "offset": 0, "highway": "11", "length": 5.59, "traffic_section": 16950000, "aadt": 49300, "aadtt": 4800}}, {"type": "Feature", "geometry": {"type": "LineString", "coordinates": [[-80.3707290002431, 43.0131659997112], [-80.3717949999393, 43.0157209997244], [-80.3720069998232, 43.0165500001824], [-80.3720219996155, 43.0174510003634], [-80.3718679997084, 43.0181700002454], [-80.3714290001482, 43.0191220000803], [-80.370434000129, 43.0204229998216], [-80.3691060000418, 43.0218380003235], [-80.3679640004382, 43.023120000088], [-80.3672790003255, 43.024061000315], [-80.3667019997974, 43.0252559996647], [-80.3663319998219, 43.026604999821], [-80.3661149997074, 43.0274769995639], [-80.3650399995963, 43.0317299996398], [-80.3649829996657, 43.0324499995679], [-80.3650110000575, 43.0333509997489], [-80.3662489995916, 43.0394179998409], [-80.3688580002964, 43.0519860002537], [-80.3693369999026, 43.0544020001523], [-80.3693509996489, 43.0554010003559], [-80.3691169996497, 43.056688000351], [-80.3685389999748, 43.0580259999999], [-80.3557500001623, 43.0819350000003], [-80.3551490003261, 43.0828400003658], [-80.3545519997749, 43.0837380004084], [-80.3533799996872, 43.0852029996188], [-80.350529000413, 43.0889149999273], [-80.3501289999534, 43.0895850002476], [-80.3497100004162, 43.090420000083], [-80.3495239999326, 43.0910219999654], [-80.3493920001407, 43.0915160002633], [-80.3493089999104, 43.0921099997767], [-80.3493110000026, 43.0925599998442], [-80.3493170002793, 43.0932189996571], [-80.3494680000481, 43.0939480000002], [-80.3495530003706, 43.0943369999526], [-80.3497589999778, 43.0949009998813], [-80.3499810003229, 43.0953920000408], [-80.3529709997118, 43.1031889998725], [-80.3549959995657, 43.1080989996691], [-80.3606700004202, 43.1215209998943]]}, "properties": {"lhrs": 24755, "offset": 0, "highway": "24", "length": 12.66, "traffic_section": 24755000, "aadt": 7450, "aadtt": 800}}, {"type": "Feature", "geometry": {"type": "LineString", "coordinates": [[-79.7115639997787, 43.6859319996621], [-79.7114899999635, 43.6858759997776], [-79.7110219999653, 43.6855170003093], [-79.7102809999681, 43.6849080001042], [-79.7096499996478, 43.68434800036], [-79.7092979996029, 43.6839659998311], [-79.7080980000226, 43.682647000159], [-79.7079060001618, 43.6823479998604], [-79.7077140003008, 43.6820670003918], [-79.707221000049, 43.6813050003256], [-79.7066610003049, 43.6802629999376], [-79.7057830002852, 43.6783709999217], [-79.7051770002183, 43.6771399998112], [-79.7048359997816, 43.6762619997915], [-79.7038880001311, 43.6741810000532], [-79.7038890001772, 43.6741719996381], [-79.7037229997166, 43.6737920001008], [-79.7032969998566, 43.6728679997584], [-79.70298699995, 43.6722710001066], [-79.7023860001138, 43.6713810004329], [-79.7017579999317, 43.670573000044], [-79.7010539998422, 43.6698900000235], [-79.7005910000746, 43.669488000371], [-79.7004689998444, 43.6694060001868], [-79.7001759998225, 43.6691770004183], [-79.700150999569, 43.6691589995882], [-79.7000169996847, 43.6690410004419], [-79.6999870001, 43.6690180002805]]}, "properties": {"lhrs": 49063, "offset": 0, "highway": "410", "length": 2.12, "traffic_section": 49063000, "aadt": 193100, "aadtt": 13500}}, {"type": "Feature", "geometry": {"type": "LineString", "coordinates": [[-80.3279129997851, 43.4141599997842], [-80.3280289997385, 43.4141559995998], [-80.3280909998997, 43.4141559995998], [-80.3329839998117, 43.4140049998309], [-80.335751999755, 43.4139310000157], [-80.3359000002848, 43.4139229996468], [-80.3360360002612, 43.4139229996468], [-80.3411749998264, 43.4138269997163], [-80.3440039998846, 43.4137709998319], [-80.3444489997215, 43.4137649995552], [-80.3452269996263, 43.4137509998088], [-80.3458949998543, 43.4137370000626], [-80.3502809997683, 43.4136450003166], [-80.3523930000369, 43.4136030001783], [-80.3538509998237, 43.4135300004093], [-80.3551630000724, 43.4133389996951], [-80.3561279996075, 43.4131289999034], [-80.3571689999494, 43.4128010000662], [-80.3581619998764, 43.4124019996526], [-80.3586829996207, 43.4121440003454], [-80.3604350003749, 43.4111359997266], [-80.3620880001611, 43.4101639998688], [-80.3657669998472, 43.4079779997849], [-80.3663260004445, 43.4076479998554], [-80.3674199996332, 43.407005999927], [-80.3684749997214, 43.4064979998828], [-80.3699520003844, 43.4058220001852], [-80.3709800001268, 43.4054589996332], [-80.371427000056, 43.4052990003486], [-80.3751950002491, 43.4039239998927], [-80.3762250000837, 43.4034699996408], [-80.3768459999429, 43.4031589996881], [-80.377181000103, 43.4029980003575], [-80.3790180002805, 43.4020360000614], [-80.3790560002342, 43.4020180001307], [-80.3791419997035, 43.4019640003384], [-80.3792150003719, 43.4019210001541], [-80.3792920003255, 43.4018749998314], [-80.3794410000021, 43.4017860002238], [-80.3795030001633, 43.4017500003623], [-80.3795990000937, 43.4017009999013]]}, "properties": {"lhrs": 47730, "offset": 0, "highway": "401", "length": 4.59, "traffic_section": 47730000, "aadt": 150000, "aadtt": 45000}}, {"type": "Feature", "geometry": {"type": "LineString", "coordinates": [[-79.0570509998038, 42.9900199998232], [-79.0570919998958, 42.9900460001228], [-79.0577980000776, 42.9905990004436], [-79.0612900001333, 42.9934580000867], [-79.0692159996187, 43.0000579995771], [-79.0726050003205, 43.0027260003047], [-79.0915469996942, 43.0166050000208], [-79.0964399996063, 43.0202970003063], [-79.1081069998381, 43.0292159997186], [-79.1083949996295, 43.0294370000176], [-79.1085260002747, 43.0295380001786], [-79.1106379996439, 43.0311400003108], [-79.1109129997351, 43.0313520001947], [-79.112521000144, 43.0325759999824], [-79.1125739998901, 43.0326160000284]]}, "properties": {"lhrs": 10025, "offset": 0, "highway": "QEW", "length": 6.55, "traffic_section": 10025000, "aadt": 31300, "aadtt": 4400}}, {"type": "Feature", "geometry": {"type": "LineString", "coordinates": [[-80.1240710001765, 44.0274499999176], [-80.1239720001077, 44.0270300003343], [-80.1230889998574, 44.0234309998408], [-80.1179440000155, 44.0018009997164], [-80.117532999948, 44.0000689998845], [-80.1108639999736, 43.973088000311], [-80.1081309998457, 43.9621009999612], [-80.1066550001281, 43.956163999569], [-80.1054369997177, 43.9509330002578], [-80.1043289998834, 43.9466650003895], [-80.1042679997684, 43.9466020001822], [-80.1041739999301, 43.946214000276]]}, "properties": {"lhrs": 16505, "offset": 0, "highway": "10", "length": 9.16, "traffic_section": 16505000, "aadt": 13900, "aadtt": 1950}}, {"type": "Feature", "geometry": {"type": "LineString", "coordinates": [[-80.2519759998925, 43.3407399999511], [-80.2540179996309, 43.341498999879], [-80.2572609998952, 43.3426639996439], [-80.2593380003484, 43.3433800002869], [-80.2608619995816, 43.3438759997776], [-80.262091999646, 43.3441899998686], [-80.2631820004489, 43.3444389996602], [-80.263185999734, 43.3444399997063], [-80.2638509998237, 43.3445520003746], [-80.2659820000692, 43.3448359999815], [-80.2668359998814, 43.3449659996812], [-80.2677430003392, 43.3451809997034], [-80.2689229998965, 43.3455390000249], [-80.2695000004246, 43.3457410003469], [-80.2724610002749, 43.3468039999047], [-80.2726530001358, 43.3468740004348]]}, "properties": {"lhrs": 15843, "offset": 1.2, "highway": "8", "length": 1.82, "traffic_section": 15843012, "aadt": 13100, "aadtt": 790}}, {"type": "Feature", "geometry": {"type": "LineString", "coordinates": [[-79.694791999751, 43.5107099996668], [-79.69476100012, 43.5107440003354], [-79.6936360004011, 43.5118290000084], [-79.6935980004473, 43.5118649998699], [-79.6933459996181, 43.5120779997999], [-79.6932559999644, 43.5121549997535], [-79.6931699995958, 43.5122289995687], [-79.6930179997808, 43.5123620003061], [-79.6918819995546, 43.5134209996795], [-79.6909600002038, 43.514295000414]]}, "properties": {"lhrs": 13135, "offset": 1.2, "highway": "5", "length": 0.5, "traffic_section": 13135012, "aadt": 8900, "aadtt": 980}}, {"type": "Feature", "geometry": {"type": "LineString", "coordinates": [[-78.5857709996319, 43.9107099997667], [-78.5899899999385, 43.9098359999315], [-78.6034140002559, 43.907065999896], [-78.6039289997235, 43.9069689999195], [-78.6080099999615, 43.9061180002456], [-78.6175520002246, 43.9041660001608], [-78.6211509998187, 43.9035480004399], [-78.6248650002195, 43.9030710000267]]}, "properties": {"lhrs": 47566, "offset": 0, "highway": "401", "length": 3.25, "traffic_section": 47566000, "aadt": 63300, "aadtt": 10700}}, {"type": "Feature", "geometry": {"type": "LineString", "coordinates": [[-78.622014000046, 44.0606660001358], [-78.621992999977, 44.0606900003433], [-78.6219539999771, 44.0607250001587], [-78.6200240000076, 44.0627920001507], [-78.6167809997433, 44.0661359996767], [-78.6153460001178, 44.0673489998565], [-78.613981000123, 44.068680000082], [-78.6062549999682, 44.0766570001205], [-78.6038939999081, 44.0791459997881], [-78.6038470004387, 44.0791930001569]]}, "properties": {"lhrs": 42230, "offset": 0, "highway": "115", "length": 2.52, "traffic_section": 42230000, "aadt": 22300, "aadtt": 2400}}, {"type": "Feature", "geometry": {"type": "LineString", "coordinates": [[-80.3095569995559, 43.4147980004274], [-80.3096300002243, 43.4147930001969], [-80.3125710000515, 43.4147029996438], [-80.3136710004163, 43.4146469997593], [-80.320466999952, 43.4144169999446], [-80.3212079999492, 43.4143850002676], [-80.3230989999189, 43.4143250001986], [-80.3278070002928, 43.4141629999225], [-80.3279129997851, 43.4141599997842], [-80.3280289997385, 43.4141559995998]]}, "properties": {"lhrs": 47728, "offset": 0, "highway": "401", "length": 1.5, "traffic_section": 47728000, "aadt": 111800, "aadtt": 23500}}, {"type": "Feature", "geometry": {"type": "LineString", "coordinates": [[-80.0799220003, 44.4218990003387], [-80.0797050001856, 44.4219550002231], [-80.0788860001887, 44.4220829998306], [-80.0783060004215, 44.4222139995765], [-80.0691419996036, 44.4242010003759], [-80.0686130003896, 44.4242780003295], [-80.0680850003225, 44.4243000004447], [-80.0675449997019, 44.4242869998452], [-80.0669809997733, 44.4242370002374], [-80.0657529998011, 44.4240380000537], [-80.0646249999438, 44.4238490003311], [-80.0643109998528, 44.423818999847], [-80.0630839999266, 44.4236110001476], [-80.0606720002126, 44.42320000008]]}, "properties": {"lhrs": 25640, "offset": 4.1, "highway": "26", "length": 1.58, "traffic_section": 25640041, "aadt": 13600, "aadtt": 1200}}, {"type": "Feature", "geometry": {"type": "LineString", "coordinates": [[-79.4302171662891, 44.1239977865686], [-79.4304699998905, 44.124265199979], [-79.4308260999445, 44.1246582999406], [-79.4309399010555, 44.1247884003644], [-79.431074700437, 44.1249456000594], [-79.4311821001738, 44.1250733001927], [-79.4313001002194, 44.1252160001183], [-79.4314474001773, 44.1253981002422], [-79.4315769996788, 44.1255620997112], [-79.4317671999963, 44.1258092999593], [-79.4321465007604, 44.1263272995653], [-79.432290401281, 44.1265333998965], [-79.4325056009527, 44.1268525000429], [-79.4327103001402, 44.1271686000509], [-79.4328934003101, 44.1274631999668], [-79.4332005997279, 44.1279845000847], [-79.4333643986481, 44.12830139959], [-79.4334481003495, 44.1284632002166], [-79.4335177996067, 44.128612400442], [-79.4336561998737, 44.1288995998367], [-79.4337315001086, 44.1290507003296], [-79.4337919003759, 44.1291744002784], [-79.433869600002, 44.1293370004023], [-79.4339393001586, 44.1294860999037], [-79.4340139996463, 44.1296496002489], [-79.4341063995906, 44.1298574002988], [-79.4341866002314, 44.1300432002336], [-79.4342590001527, 44.1302156002698], [-79.4343434995528, 44.1304226997478], [-79.4344244007655, 44.13062730001], [-79.4344916997321, 44.1308031003828], [-79.4345502995566, 44.1309602002531], [-79.4346056995933, 44.1311126002664], [-79.4346543996808, 44.1312497999384], [-79.4347190996067, 44.1314443997393], [-79.4348322999707, 44.1318056996733], [-79.4349609012246, 44.1322548004188], [-79.4351107003985, 44.1328253995726], [-79.4359422000724, 44.1360118001045], [-79.4363502998264, 44.1375385000018], [-79.4373424004314, 44.1413907001208], [-79.4374292092905, 44.1417390057506]]}, "properties": {"lhrs": 48544, "offset": 0, "highway": "404", "length": 2.07, "traffic_section": 48544000, "aadt": 32400, "aadtt": 0}}, {"type": "Feature", "geometry": {"type": "LineString", "coordinates": [[-79.1970010000961, 43.7965119999289], [-79.1970759999574, 43.79650399956], [-79.1974249998638, 43.7964549999983], [-79.2002469995993, 43.7960500002074], [-79.2031559997495, 43.7956269995864], [-79.2063519996451, 43.7951639998188], [-79.2091479999802, 43.7947579999818], [-79.2133929996871, 43.7941400002609], [-79.2138920002156, 43.7940489996616], [-79.2144170001444, 43.7939579999618], [-79.2148549996585, 43.7938660002158], [-79.2152930000719, 43.7937739995705], [-79.2154189995871, 43.7937439999857]]}, "properties": {"lhrs": 47624, "offset": 0, "highway": "401", "length": 1.51, "traffic_section": 47624000, "aadt": 298900, "aadtt": 29900}}, {"type": "Feature", "geometry": {"type": "LineString", "coordinates": [[-78.9593129999949, 43.9890190002267], [-78.9592960001103, 43.9890580002266], [-78.9589139995814, 43.9900150002921], [-78.9588179996509, 43.9906160001283], [-78.9587969995818, 43.9912279995726], [-78.9588520003195, 43.9918139996164], [-78.9590549997883, 43.9924300001444], [-78.9612050000107, 43.9973929996872], [-78.9623489997065, 44.0000340000691], [-78.9659910003843, 44.0088049998509], [-78.9694990002786, 44.017131999842], [-78.9694390002096, 44.0174100000715], [-78.9693349999103, 44.0179129998851], [-78.9692620001412, 44.0182360003911], [-78.9691349996805, 44.0186650003895], [-78.9690090001652, 44.0190500001575], [-78.9690349995656, 44.0212109999877], [-78.9685790001207, 44.0236160002782], [-78.9687499999125, 44.0266439996209], [-78.9688649998199, 44.029834000139], [-78.9687299998895, 44.0308759996277], [-78.9667320003815, 44.0404010000062], [-78.9667510003583, 44.0409510001886], [-78.9669260003346, 44.0420260002997], [-78.970486999975, 44.0503179995761], [-78.9713090001102, 44.0518269999162], [-78.9719089999004, 44.0525400004207], [-78.9729900002882, 44.0537840002315], [-78.9736839999166, 44.0550470000191], [-78.9777529996012, 44.0649600003038], [-78.9778680004079, 44.0656190001168], [-78.9783649999447, 44.0671679996035], [-78.9822839999066, 44.0764109995681], [-78.9824929996522, 44.0772159998186], [-78.9826699997207, 44.0779120004385]]}, "properties": {"lhrs": 14370, "offset": 0, "highway": "7", "length": 10.24, "traffic_section": 14370000, "aadt": 13600, "aadtt": 3400}}, {"type": "Feature", "geometry": {"type": "LineString", "coordinates": [[-80.4843789999908, 43.4738739997853], [-80.484391999691, 43.4738739997853], [-80.4849120002885, 43.4737949997395], [-80.4864839999366, 43.4735680000632], [-80.4877590002776, 43.4733760002023], [-80.4889100002963, 43.4732099997418], [-80.4893930000869, 43.4731939999032], [-80.4898749998313, 43.4731959999955], [-80.4903569995759, 43.4732250004335], [-80.4908259996201, 43.4732909998798], [-80.4913810000331, 43.4733920000408], [-80.4919120002386, 43.4735120001787], [-80.4924420003979, 43.473667000132], [-80.4928130004196, 43.4737860002238], [-80.4931699997956, 43.4739400001309], [-80.4935150004169, 43.4740859996692], [-80.493538999725, 43.4740950000842]]}, "properties": {"lhrs": 38460, "offset": 0, "highway": "85", "length": 0.77, "traffic_section": 38460000, "aadt": 105500, "aadtt": 9500}}, {"type": "Feature", "geometry": {"type": "LineString", "coordinates": [[-80.3253460001177, 44.525598999894], [-80.3226679998283, 44.5243590002677], [-80.3216650003395, 44.5239749996466], [-80.3212890000872, 44.523855000408], [-80.3188930002117, 44.5232199999031], [-80.3136359997016, 44.5218830003002], [-80.312494000098, 44.5216240000476], [-80.3115770000784, 44.5215019998175], [-80.3107339998742, 44.5214700001404], [-80.3101679998533, 44.5214839998868], [-80.3084539999521, 44.5216630000474], [-80.30750900044, 44.5217919997011], [-80.3042700003602, 44.5222320002067], [-80.30152200044, 44.5225840002515], [-80.2983210003139, 44.5229970004113], [-80.2977789996011, 44.5230379996041], [-80.2965080003439, 44.5230839999267], [-80.2951739999801, 44.523057999627], [-80.2946209996593, 44.5230369995579], [-80.2930500000574, 44.5228829996508], [-80.292559999944, 44.5228170002044], [-80.291354000087, 44.5226020001822]]}, "properties": {"lhrs": 25665, "offset": 0, "highway": "26", "length": 2.82, "traffic_section": 25665000, "aadt": 9200, "aadtt": 730}}, {"type": "Feature", "geometry": {"type": "LineString", "coordinates": [[-78.7119410002769, 44.9394599997792], [-78.7120879998612, 44.93990399957], [-78.7122300001144, 44.9401769995689], [-78.713158999788, 44.9413390000948], [-78.7136439996708, 44.9419159997237], [-78.7138120002236, 44.9421349999304], [-78.7142190001067, 44.9427470002739], [-78.7143590002676, 44.9430550000882], [-78.7150879997114, 44.945130999596], [-78.7154369996178, 44.9459119996391], [-78.7168150002121, 44.9482359997916], [-78.7171070001879, 44.9485560001593], [-78.7172559998644, 44.9489559997197], [-78.7188020001122, 44.9515159999635], [-78.7192629997876, 44.9523620003061], [-78.7194359996716, 44.952807000143], [-78.719569000409, 44.9532689998645], [-78.7196270003857, 44.9537379999088], [-78.719621000109, 44.9542150003221], [-78.7195509995789, 44.9546909997899], [-78.7192219996955, 44.9559530004307], [-78.7188080003889, 44.9574389997101], [-78.7187139996513, 44.9578879997314], [-78.7186710003663, 44.9583460001678], [-78.7186830000204, 44.9586790002358], [-78.7186979998128, 44.9589409997274], [-78.7187830001353, 44.9593469995644], [-78.7190810003878, 44.9601630003223], [-78.7203060002217, 44.9631499995729], [-78.7204820002441, 44.9635219996406], [-78.7206410003818, 44.9639749998464], [-78.7210919995961, 44.9647590000279], [-78.7216920002855, 44.9656260004396], [-78.7224350003749, 44.9663970000216], [-78.7229630004421, 44.9671359999265], [-78.7233700003252, 44.9677569997858], [-78.7236060004166, 44.9682120000838], [-78.7239629997925, 44.9691189996421], [-78.7240959996307, 44.9695990001937], [-78.7241789998609, 44.970058999823], [-78.7242369998376, 44.9705200003977], [-78.72425199963, 44.9711050003955], [-78.72419999993, 44.9740300003843], [-78.7240599997691, 44.9810749997115], [-78.7240330003227, 44.9814350001252], [-78.7239229997466, 44.9819820001692], [-78.7237410003469, 44.9824189996372], [-78.7234830001403, 44.9828370000276], [-78.7231249998188, 44.98322599998], [-78.7227050002355, 44.9835870004398], [-78.7222109999377, 44.9839009996315], [-78.7216680000781, 44.9841599998841], [-78.7204949999443, 44.9846320000668], [-78.7199390003845, 44.9848819999044], [-78.7194599998791, 44.9851339998343], [-78.7190550000881, 44.9854219996257], [-78.718688000251, 44.985738999855], [-78.7183439996758, 44.9860830004302], [-78.7155630000324, 44.9890430002343], [-78.7144520000597, 44.9901910001146], [-78.7101080002839, 44.9947669997973], [-78.7088099997816, 44.9961460004376], [-78.7084539995524, 44.9964809996984], [-78.7080740000151, 44.996778999951], [-78.7076690002241, 44.9970679997884], [-78.7054250001636, 44.9983100004063], [-78.7049960001652, 44.9985719998979], [-78.7046159997286, 44.9988789996661], [-78.7042590003525, 44.9992230002413], [-78.7039650002845, 44.9996039998248], [-78.7036940003778, 45.0000400001459], [-78.7030860002187, 45.0009550000732], [-78.7027110000126, 45.0014599999791], [-78.7025240003823, 45.0017000002549], [-78.701641000132, 45.0028340003889], [-78.7013959996256, 45.0032430003642], [-78.70122599988, 45.0036809998783], [-78.7011639997188, 45.0046070003129], [-78.7011710000416, 45.005065999896], [-78.7010380002035, 45.0055400001709], [-78.7010329999729, 45.0059629998926], [-78.7011829996956, 45.0063360000064], [-78.7011960002951, 45.0069660002807], [-78.7011580003414, 45.0072980003025], [-78.7012300000644, 45.0102339998992], [-78.7015159997636, 45.011670999617], [-78.7012160003181, 45.0134570001405], [-78.7000759999074, 45.0156030001784], [-78.6996219996555, 45.0164850003825], [-78.6970450004264, 45.0218790000159], [-78.6946679996285, 45.0263949996296], [-78.6918809997084, 45.0316229997017], [-78.6917160001932, 45.0319440001156], [-78.6907380000586, 45.0338319999469], [-78.690519999898, 45.0345299997597], [-78.6903569995758, 45.0351030001034], [-78.6903290000832, 45.0358139996164], [-78.6902819997145, 45.0360289996387], [-78.6903619998064, 45.0365700003053], [-78.6903839999216, 45.0369669997273], [-78.6905929996672, 45.0377629995629], [-78.6908790002656, 45.0385429995598], [-78.6913549997334, 45.0393269997413], [-78.6919110001925, 45.0400400002459], [-78.6922509996838, 45.0404250000138], [-78.6926170003742, 45.0407840003814], [-78.6929979999577, 45.0411160004031], [-78.694744999582, 45.0425010004209], [-78.6957170003392, 45.0432590003027], [-78.6962610002449, 45.04363899984], [-78.6979829996157, 45.0450150003421], [-78.6984769999136, 45.0453759999025]]}, "properties": {"lhrs": 27970, "offset": 0, "highway": "35", "length": 13, "traffic_section": 27970000, "aadt": 3800, "aadtt": 230}}, {"type": "Feature", "geometry": {"type": "LineString", "coordinates": [[-79.5941940002529, 44.0294719996331], [-79.594215000322, 44.0295450003016], [-79.594215000322, 44.0295539998173], [-79.594226999976, 44.0295810001631], [-79.5944549996984, 44.0304760000674], [-79.594764999605, 44.0316320003166], [-79.5950490001112, 44.0328240004273], [-79.5950480000651, 44.0328689998046], [-79.5951749996265, 44.0332840000566], [-79.5952440001105, 44.0335460004476], [-79.5952900004331, 44.0337269998013], [-79.5953010000411, 44.0337809995935], [-79.5953699996257, 44.0340250000538], [-79.5954269995564, 44.0342329997532], [-79.5954739999251, 44.0343780001447], [-79.5954850004324, 44.0344140000062], [-79.5955079996944, 44.0344950001442], [-79.5956930001318, 44.0351360000264], [-79.5957859999239, 44.0354439998408], [-79.5958559995547, 44.0356339996094], [-79.5960670002918, 44.0362120001837], [-79.5962089996456, 44.0365559998596], [-79.5963150000372, 44.0368099998817], [-79.5964940001979, 44.0371539995575], [-79.5966130002897, 44.0374079995796], [-79.5967569997357, 44.0376520000398], [-79.5969359998965, 44.037978999831], [-79.5971639996188, 44.0383600003138], [-79.5972489999414, 44.0384780003595], [-79.5975500003322, 44.0389319997121], [-79.5978160000084, 44.0393130001948], [-79.598155000353, 44.0397590000778], [-79.5984709996369, 44.0401310001456], [-79.59877400012, 44.0404860003287], [-79.5990779997499, 44.0408500000275], [-79.5992600000489, 44.0410500002574], [-79.5997100001164, 44.0415600003938], [-79.5998440000006, 44.041715000347], [-79.600415000252, 44.0423699999755], [-79.6010950001341, 44.0431710000417], [-79.6016299996247, 44.0437899998087], [-79.6019580003614, 44.0441629999225], [-79.6028690001042, 44.0452180000107], [-79.6037320003315, 44.0462279998224], [-79.6046680003279, 44.0472930003717], [-79.6054589999329, 44.0481579997919], [-79.6057869997702, 44.0485220003901], [-79.6059320001617, 44.0486809996285], [-79.6062009999761, 44.0489769997887], [-79.6076609998552, 44.0506070003129], [-79.6092179997109, 44.0523360000064], [-79.6092969997567, 44.0524210003289]]}, "properties": {"lhrs": 46840, "offset": 0, "highway": "400", "length": 2.86, "traffic_section": 46840000, "aadt": 108300, "aadtt": 9750}}, {"type": "Feature", "geometry": {"type": "LineString", "coordinates": [[-78.828198999784, 44.1305570000056], [-78.8274710003863, 44.1314249995641], [-78.8266239999975, 44.1320030001384], [-78.8256839998167, 44.1324259998601], [-78.8249259999349, 44.1326460001129], [-78.8001529996612, 44.1386089999055], [-78.7935429997096, 44.1401920000608], [-78.7767850003275, 44.1440170001845], [-78.7708520001196, 44.1455129999251], [-78.7651060004415, 44.147011999804], [-78.757839999916, 44.1487249996591], [-78.7440719999228, 44.1520189995772], [-78.7408850004424, 44.1529730004037], [-78.7371629996726, 44.154475000421]]}, "properties": {"lhrs": 14935, "offset": 0, "highway": "7A", "length": 7.8, "traffic_section": 14935000, "aadt": 5600, "aadtt": 0}}, {"type": "Feature", "geometry": {"type": "LineString", "coordinates": [[-80.0119059996621, 44.4331999998801], [-80.0116030000784, 44.4332519995802], [-79.9999990000538, 44.4359049996161], [-79.9953689996795, 44.4369720002576], [-79.9756009999861, 44.4414509999637], [-79.953659999909, 44.4463569995759], [-79.9520199998231, 44.4467020001972], [-79.9514280004018, 44.4467590001278], [-79.9508499998276, 44.4467630003123], [-79.9502849998528, 44.4467309997359], [-79.9497090002701, 44.4466349998054], [-79.9491460003875, 44.4465040000596], [-79.9486209995595, 44.4463189996222], [-79.9481349996305, 44.4460990002687], [-79.9476869996553, 44.4458339997393], [-79.9473029999335, 44.4455510001786], [-79.9469689998194, 44.445232999903], [-79.9465379997289, 44.4447429997896], [-79.9406230003511, 44.4375760002323], [-79.9403389998449, 44.4372939998183], [-79.9400170002843, 44.4370300002344], [-79.9396699995708, 44.4367930000969], [-79.9388729996891, 44.4363890003522], [-79.9384229996217, 44.4362409998224], [-79.9378979996929, 44.4361100000765], [-79.9375099997866, 44.436034000169], [-79.9366060003666, 44.4359629995928], [-79.9357389999548, 44.4360000003998], [-79.9348179997509, 44.4361710001916], [-79.9343630003522, 44.4363199998681], [-79.9325149996675, 44.4370860001189], [-79.9232169998646, 44.441130999596], [-79.9139440003153, 44.4451850003875], [-79.9082159996686, 44.4476960001703], [-79.9009310000655, 44.4508580002965], [-79.8991689997495, 44.4516509999937], [-79.8978120001237, 44.4522679996685], [-79.8936810002779, 44.4540920001457], [-79.8927169998896, 44.4545149998674], [-79.8839720004075, 44.4583009999912], [-79.8782180003604, 44.4608190000968], [-79.8707870003198, 44.4641489998765], [-79.8691900004181, 44.464843999551], [-79.8686830004201, 44.4650370003573], [-79.8681649999148, 44.4651849999878], [-79.8676729997092, 44.4652880002411], [-79.8667660001507, 44.4653599999641], [-79.8649340002039, 44.4651619998265]]}, "properties": {"lhrs": 25630, "offset": 0, "highway": "26", "length": 13.44, "traffic_section": 25630000, "aadt": 12200, "aadtt": 1100}}, {"type": "Feature", "geometry": {"type": "LineString", "coordinates": [[-79.7454080001791, 44.5522919996761], [-79.7456479995555, 44.552562000436], [-79.7464679995985, 44.5534550002481], [-79.7475500000324, 44.5546820001742], [-79.7492700002103, 44.5566639998437], [-79.7506580003664, 44.5582989996991], [-79.7534480004248, 44.5615080001941], [-79.75570900037, 44.5641070004378], [-79.7560550001381, 44.5644439997908], [-79.7563850000677, 44.5648699996508], [-79.7570619998114, 44.56565199974], [-79.7573549998334, 44.5660510001536], [-79.7576109999476, 44.5664679995986], [-79.7578409997623, 44.5668849999428], [-79.7580329996232, 44.5673190001718], [-79.7583170001294, 44.5682049996611], [-79.7584489999214, 44.5691150002571], [-79.7586639999436, 44.5719980001077], [-79.758839999966, 44.574980000027], [-79.7590220002651, 44.577097999673], [-79.7591040004492, 44.5779720004075], [-79.7591600003337, 44.5782869996453], [-79.7592669998721, 44.5785770004283], [-79.7594510002634, 44.5788399999661], [-79.7596850002625, 44.5790580001267], [-79.7600449997769, 44.5793320001717], [-79.7611230000264, 44.580154000307], [-79.761444999587, 44.580428000352], [-79.7623869998601, 44.5811310003954], [-79.7641720003375, 44.5825280000672], [-79.7669240004422, 44.5846099998516], [-79.7676950000242, 44.5850959997806], [-79.768118999792, 44.5852980001027], [-79.7689189998119, 44.585585999894], [-79.7692319998569, 44.5856619998015], [-79.7703249998988, 44.5858349996855], [-79.7726510001435, 44.5860580000767], [-79.7738679996085, 44.5862970003064], [-79.7744300003442, 44.5865009998213], [-79.7749669999271, 44.5867410000971], [-79.7754650004094, 44.5870069997733], [-79.775898999739, 44.5873359996567], [-79.7766130002897, 44.5881539996075], [-79.7769329997581, 44.588481000298], [-79.7773290000332, 44.588827000066], [-79.7800119996541, 44.5918720001927], [-79.7802930000219, 44.5922800001219], [-79.7805110001825, 44.5927049999358], [-79.7806409998822, 44.5931390001648], [-79.7806850001126, 44.5934100000715], [-79.7807189998819, 44.5935900002784], [-79.7807349997204, 44.5940309999307], [-79.7807159997435, 44.5949310000656], [-79.7805340003438, 44.5994400002559], [-79.7803299999295, 44.6073869998103], [-79.7803590003675, 44.6084039999447], [-79.7804510001136, 44.6088099997817], [-79.7806789998359, 44.6093620000563], [-79.7808620001811, 44.6096610003549], [-79.7813039998797, 44.6102060003067], [-79.7828619997814, 44.6116630000475], [-79.7831589999879, 44.6119269996314], [-79.7835809996633, 44.6122379995841], [-79.7843510000985, 44.6127679997434], [-79.7845749996365, 44.6129150002271], [-79.7849760001423, 44.6130269999961], [-79.7853510003483, 44.6131660001109], [-79.7861019999073, 44.6134349999254], [-79.7866029996287, 44.6135839996019], [-79.7890690000343, 44.6143580002216], [-79.7932389998799, 44.6156979999628], [-79.7980450002765, 44.6173509997489], [-79.8011359998265, 44.6184190004366], [-79.8019860003536, 44.6187519996051], [-79.8025349995905, 44.6190099998117], [-79.8031089999803, 44.6193130002948], [-79.8034949997943, 44.6195329996482], [-79.8040660000459, 44.6199439997159], [-79.8046989995591, 44.6204640003134], [-79.8051070003877, 44.620845999943], [-79.8058600000389, 44.6216370004473], [-79.8089899995888, 44.6251270004108], [-79.8110609997653, 44.627408000379], [-79.8139299998696, 44.6307689997895], [-79.8148029996587, 44.6318490001313], [-79.8151250001186, 44.6321499996228], [-79.816294000068, 44.6335660001708], [-79.819545999848, 44.6372910001796], [-79.823049000411, 44.6411619997265]]}, "properties": {"lhrs": 39110, "offset": 0, "highway": "93", "length": 12.51, "traffic_section": 39110000, "aadt": 7950, "aadtt": 870}}, {"type": "Feature", "geometry": {"type": "LineString", "coordinates": [[-78.6097170004392, 44.0136690002242], [-78.6097950004389, 44.0138729997392], [-78.6099919996311, 44.014427000106], [-78.6101899997687, 44.0149180002655], [-78.6104089999753, 44.015500000125], [-78.6104960003901, 44.0157750002161], [-78.6105849999977, 44.0161319995922], [-78.6106959997206, 44.0167809998433], [-78.610708000274, 44.0169100003962], [-78.610719999928, 44.0170559999345], [-78.610729000343, 44.0172069997033], [-78.6107409999971, 44.0173970003713], [-78.610751999605, 44.0175080000942], [-78.6107589999278, 44.0176159996787], [-78.6107660002507, 44.017710999563], [-78.6107729996742, 44.0178070003928], [-78.6107860002737, 44.0179160000234], [-78.6107939997433, 44.0180479998154], [-78.6108050002505, 44.0181229996767], [-78.6108169999046, 44.0182120001837], [-78.610831999697, 44.0182969996069], [-78.6108470003887, 44.0183880002061], [-78.6108600000889, 44.0184620000213], [-78.6108759999274, 44.0185299995599], [-78.6108990000887, 44.0186139998363], [-78.6109190001117, 44.0186909997898], [-78.6109450004114, 44.0187859996742], [-78.6109739999501, 44.0188839996969], [-78.6109970001114, 44.018954000227], [-78.6110279997424, 44.0190449999269], [-78.611044999627, 44.019095000434], [-78.6110639996039, 44.0191480001801], [-78.611084999673, 44.0192110003874], [-78.6111039996498, 44.0192599999491], [-78.6111370002723, 44.0193359998565], [-78.6111770003183, 44.0194359999714], [-78.6143880000062, 44.0268619997815], [-78.614427000006, 44.0269739995505], [-78.614456000444, 44.0270559997347], [-78.6144920003055, 44.0271569998957], [-78.6145229999365, 44.0272549999183], [-78.6145549996135, 44.0273709998718], [-78.6145809999132, 44.0274639996639], [-78.6145979997978, 44.0275360002863], [-78.6146179998208, 44.0276280000322], [-78.6146349997054, 44.0277250000088], [-78.6146539996823, 44.02783899987], [-78.6146660002357, 44.0279319996621], [-78.6146789999358, 44.0280559999845], [-78.6146850002125, 44.0281760001224], [-78.6146900004431, 44.0282859997991], [-78.6146929996822, 44.0283849998679], [-78.6146909995899, 44.02847799966], [-78.6146850002125, 44.0285999998902], [-78.6146789999358, 44.0286929996822], [-78.6146680003279, 44.0287949998894], [-78.6146529996362, 44.0289000002349], [-78.6146339996593, 44.0290190003267], [-78.6146120004434, 44.0291399996113], [-78.6145850000976, 44.0292540003718], [-78.6145579997519, 44.0293599998641], [-78.6145270001209, 44.0294640001636], [-78.6144950004439, 44.0295569999556], [-78.6144569995908, 44.0296669996323], [-78.6144130002597, 44.0297829995858], [-78.6143629997526, 44.0298980003924], [-78.6143160002832, 44.0299999997003], [-78.6142610004448, 44.0301240000226], [-78.6142239996378, 44.0301919995612], [-78.6141689997994, 44.0302959998606], [-78.6138430000544, 44.0308890002272], [-78.613545999848, 44.031445999833], [-78.613454000102, 44.0316189997171], [-78.613414000056, 44.0317019999474], [-78.6133760001023, 44.0317969998317], [-78.6133099997567, 44.0319509997389], [-78.6132070004027, 44.0323360004061], [-78.6131169998496, 44.0330269998962], [-78.6131529997111, 44.0339819998695], [-78.6132600001488, 44.0344259996602], [-78.6182599995993, 44.0457480001701], [-78.6187650004044, 44.0471629997727], [-78.6192490002412, 44.0488730003887], [-78.6193450001716, 44.0492099997417], [-78.6198659999159, 44.0505169997598], [-78.6202169999146, 44.0511280000572], [-78.6225800000669, 44.0541570003453], [-78.6234679996484, 44.0553460003177], [-78.6236160001782, 44.0557089999704], [-78.623878999716, 44.0566330003128], [-78.623847000039, 44.0574330003328], [-78.6236590003625, 44.0583840001216], [-78.623602000432, 44.0585450003516], [-78.6233050002255, 44.0591149996575], [-78.623037999604, 44.0595410004169], [-78.6220330000229, 44.0606460001129], [-78.621992999977, 44.0606900003433], [-78.6219539999771, 44.0607250001587], [-78.6216460001627, 44.0609349999503], [-78.6213920001406, 44.0610469997193], [-78.6211149999572, 44.0611130000649], [-78.6208290002581, 44.0610800003418]]}, "properties": {"lhrs": 27824, "offset": 0, "highway": "35", "length": 5.6, "traffic_section": 27824000, "aadt": 26900, "aadtt": 3250}}, {"type": "Feature", "geometry": {"type": "LineString", "coordinates": [[-78.7857300000395, 44.5253809997334], [-78.7859199998081, 44.5256349997555], [-78.7863430004291, 44.5264440001905], [-78.7864780003594, 44.5268609996355], [-78.786575000336, 44.5272860003487], [-78.7866219998054, 44.5277100001165], [-78.7866179996209, 44.5281329998381], [-78.7865649998748, 44.528555000413], [-78.7864609995754, 44.5289760000424], [-78.7863059996221, 44.5293969996719], [-78.7857920002006, 44.5303589999679], [-78.7856960002701, 44.5305289997136], [-78.7842789996761, 44.5330659997961], [-78.7836820000243, 44.5342070002529], [-78.7831060004415, 44.5354560002942], [-78.7830020001422, 44.5358860003387], [-78.7829480003499, 44.5363170004293], [-78.7829549997734, 44.5367770000586], [-78.7830289995886, 44.5371740003799], [-78.7831760000723, 44.5375909998248], [-78.7834009996564, 44.5379829999156], [-78.7836749997014, 44.5383659995912], [-78.7840010003458, 44.5387320002816], [-78.7844159996986, 44.539091999796], [-78.7861670004067, 44.5403680001831], [-78.7867300002893, 44.540802000412], [-78.7871069996883, 44.5411419999034], [-78.7873110001025, 44.5414250003635], [-78.787418999687, 44.541552999971], [-78.7876699995708, 44.5418999997852], [-78.7878550000082, 44.5423360001064], [-78.7879750001461, 44.5428159997587], [-78.7880200004226, 44.543294000218], [-78.7879970002613, 44.5435809999632], [-78.7877030001933, 44.5456910001396], [-78.787671999663, 44.5461770000686], [-78.7877169999396, 44.5466460001128], [-78.7878119998239, 44.547124999719], [-78.7878909998697, 44.5473690001793], [-78.788167000007, 44.5480500001075], [-78.7885169999595, 44.548785999874], [-78.7916149998323, 44.5554179999408], [-78.7935989995941, 44.5595610003399], [-78.7953670001869, 44.5630969997268], [-78.7968019998124, 44.5661049999458], [-78.7969599999041, 44.5665849995981], [-78.7970179998808, 44.5670539996424], [-78.7969749996964, 44.5675209995945], [-78.7968320002965, 44.5679689995697], [-78.7965099998366, 44.5685029999136], [-78.7962589999528, 44.5687949998894], [-78.7948460004425, 44.570198999884], [-78.7944110001675, 44.5707219997205], [-78.7941279997074, 44.5711939999032], [-78.7939709996619, 44.5716860001089], [-78.7939210000541, 44.5726749998514], [-78.793940000031, 44.5728459996432], [-78.7940650003994, 44.5742080003989], [-78.7940850004224, 44.5743529998911], [-78.794406999983, 44.5761590004376], [-78.7948089996356, 44.5781929998071], [-78.7948590001427, 44.578859999989], [-78.7948269995664, 44.5793629998026], [-78.7947070003278, 44.5798739999852], [-78.7945250000287, 44.5803660001908], [-78.7942800004216, 44.5808469998892], [-78.7939600000539, 44.581300000095], [-78.7936839999166, 44.5816190004166], [-78.7906470001589, 44.5846299998747], [-78.7902899998835, 44.5850729996193], [-78.7900080003689, 44.5855449998019], [-78.7898260000698, 44.5860359999615], [-78.7897310001855, 44.5865480001901], [-78.789685999909, 44.5870600004187], [-78.789655000278, 44.5888690002042], [-78.7895990003935, 44.5910019996426], [-78.7895839997018, 44.5927389997051], [-78.789462000371, 44.5976070002629], [-78.7894150000022, 44.6018370001774], [-78.7893299996797, 44.6060749995617], [-78.7893709997718, 44.6063369999526], [-78.7894299997946, 44.6070949998344], [-78.7897059999319, 44.6091170004492], [-78.7900010000461, 44.6116339996095], [-78.7905609997903, 44.6168209995895], [-78.7912039997647, 44.6214699999406], [-78.7923650002445, 44.629071999773], [-78.7923899995988, 44.629405999887], [-78.7927180003354, 44.6314109997179], [-78.7935239997328, 44.6367379998588], [-78.7936979996629, 44.6381359995768], [-78.7946319995671, 44.644447000129], [-78.7947670003967, 44.6452060000569], [-78.7957540000471, 44.6530930004417], [-78.7957230004161, 44.6535699999556], [-78.7955179999557, 44.6546549996286], [-78.7951819997494, 44.6561969996918], [-78.795155000303, 44.656583999552], [-78.7951920002106, 44.6569530003807], [-78.7953050000257, 44.6572889996876], [-78.7953759997026, 44.6574069997333], [-78.7954830001403, 44.6575890000324], [-78.795724999609, 44.6578460001928], [-78.7958970003462, 44.6579660003307], [-78.7963289995836, 44.6582180002605], [-78.796402000252, 44.6582910000297], [-78.7964869996753, 44.6583829997756], [-78.7965239995829, 44.6584199996833], [-78.7969329995582, 44.6585979997979], [-78.7972440004103, 44.6587030001434], [-78.7973429995797, 44.6587590000279], [-78.7980580001765, 44.6591960003951], [-78.7993169997797, 44.6599229997467], [-78.7998940003078, 44.6603299996298], [-78.8001139996613, 44.6605319999519], [-78.8003800002368, 44.6608249999738], [-78.8005710000515, 44.6611080004339], [-78.8010650003495, 44.6620539999922], [-78.8018830003002, 44.6634470003788]]}, "properties": {"lhrs": 27920, "offset": 0.8, "highway": "35", "length": 16.07, "traffic_section": 27920008, "aadt": 3600, "aadtt": 250}}, {"type": "Feature", "geometry": {"type": "LineString", "coordinates": [[-80.0830950000342, 43.9221209998843], [-80.0829250002885, 43.922015000392], [-80.0827159996437, 43.9218869998852], [-80.082678999736, 43.9218150001622], [-80.0822230002912, 43.9215410001171], [-80.0811100002263, 43.9209740000501], [-80.0791180000956, 43.9200939999382], [-80.0780539995924, 43.91962599994], [-80.0775099996867, 43.9193780001946], [-80.0773850002175, 43.9193950000792], [-80.0772369996877, 43.9193309998258], [-80.07718700008, 43.919312999895]]}, "properties": {"lhrs": 16480, "offset": 0, "highway": "10", "length": 0.57, "traffic_section": 16480000, "aadt": 32800, "aadtt": 1650}}, {"type": "Feature", "geometry": {"type": "LineString", "coordinates": [[-79.2314260003096, 43.1733559998796], [-79.231562000286, 43.1733830002253], [-79.2367409998972, 43.1744029995988], [-79.2407379998588, 43.1751909999647], [-79.2513099999565, 43.177208000349], [-79.2513400004406, 43.1772129996803]]}, "properties": {"lhrs": 10055, "offset": 0, "highway": "QEW", "length": 1.67, "traffic_section": 10055000, "aadt": 84600, "aadtt": 10200}}, {"type": "Feature", "geometry": {"type": "LineString", "coordinates": [[-79.3512289996186, 44.2983530001908], [-79.35116100008, 44.2985599998441], [-79.3511080003339, 44.2986579998669], [-79.351119999988, 44.2986850002126], [-79.3511189999418, 44.2986939997284], [-79.3509749995965, 44.2989170001195], [-79.3508320001966, 44.2991130001649], [-79.3505349999902, 44.2994240001175], [-79.3503810000831, 44.2995470003938], [-79.3502270001759, 44.2996709998168], [-79.3500989996691, 44.2997600003238], [-79.3498570002004, 44.2999090000004], [-79.3495759998325, 44.3000759996078], [-79.3492969995568, 44.3001979998378], [-79.348992999927, 44.3003020001373], [-79.3487280002969, 44.3003879996065], [-79.3483109999527, 44.3004990002287], [-79.3479569998157, 44.3005839996519], [-79.3449549998733, 44.3012519998799], [-79.3440850002225, 44.3014459998331], [-79.3433270003408, 44.3016239999477], [-79.3367039997897, 44.3031120002187], [-79.3343320001217, 44.3036540000321], [-79.3320849999228, 44.3041700004452], [-79.3291199998881, 44.304837999774], [-79.3262180000606, 44.305497999633], [-79.3256629996477, 44.3056250000938], [-79.3235809998632, 44.3060990003686], [-79.3234209996793, 44.3061409996075], [-79.3209609995504, 44.3066889996976]]}, "properties": {"lhrs": 31060, "offset": 0, "highway": "48", "length": 2.64, "traffic_section": 31060000, "aadt": 11200, "aadtt": 1100}}, {"type": "Feature", "geometry": {"type": "LineString", "coordinates": [[-79.3519569999156, 43.8132120002337], [-79.3521550000532, 43.8132419998185], [-79.3521919999608, 43.8132520002796], [-79.3545160001133, 43.8141769997688], [-79.3550450002265, 43.814401000206], [-79.3555360003861, 43.8146239996979], [-79.3562960003601, 43.815030999581], [-79.3567850004274, 43.8153259996952], [-79.3570049997809, 43.8154819996946], [-79.3571999997801, 43.8156290001783], [-79.357602000332, 43.8159050003156], [-79.3584859997291, 43.8167820002891], [-79.3587520003045, 43.8170560003342], [-79.3589680003729, 43.8173379998489], [-79.3591600002338, 43.8175929999171], [-79.359325999795, 43.8178740002849], [-79.3595290001632, 43.8182190000069], [-79.3597060002317, 43.8185370002824], [-79.3600689998844, 43.8193799995873], [-79.3604650001596, 43.8203310002755], [-79.3608990003885, 43.8212999999951], [-79.3621159998535, 43.8240819996846], [-79.362698999759, 43.82552200044], [-79.3630479996654, 43.8263819996296], [-79.3634320002865, 43.8273510002485], [-79.3638390001696, 43.8283830001754], [-79.3639220004, 43.8285560000594], [-79.3640390003995, 43.8288090000354], [-79.3643539996373, 43.8295879999862], [-79.3648209995894, 43.8306749997515], [-79.365007000073, 43.8311639998188], [-79.3653329998181, 43.8319880000462], [-79.3661810002529, 43.8341699999456], [-79.3667389999049, 43.835601000286], [-79.3675030000634, 43.8376999999551], [-79.3676860004085, 43.8382700001604], [-79.367732999878, 43.8383969997218], [-79.3677909998547, 43.8385240001825], [-79.3678829996007, 43.838803999605], [-79.3678950001541, 43.8388319999968], [-79.3679059997621, 43.8388540001121]]}, "properties": {"lhrs": 48490, "offset": 0, "highway": "404", "length": 3.24, "traffic_section": 48490000, "aadt": 205800, "aadtt": 8250}}, {"type": "Feature", "geometry": {"type": "LineString", "coordinates": [[-78.9397600003237, 44.1009899998886], [-78.9396929999319, 44.1010039996349], [-78.9391639998187, 44.1011110000726], [-78.9380050003305, 44.1013779997949], [-78.9379270003308, 44.1014670003019], [-78.9368330002427, 44.1016899997937], [-78.9367209995744, 44.1016699997707], [-78.9362559997146, 44.1017519999549], [-78.9235809997633, 44.1044300002443], [-78.9169840004113, 44.1058399996164], [-78.9167850002275, 44.1058849998929]]}, "properties": {"lhrs": 14946, "offset": 1.9, "highway": "7A", "length": 1.92, "traffic_section": 14946019, "aadt": 22700, "aadtt": 1350}}, {"type": "Feature", "geometry": {"type": "LineString", "coordinates": [[-79.2971529997111, 44.0378920003156], [-79.2971979999876, 44.0380640001535], [-79.29732200031, 44.0381099995769], [-79.2974210003788, 44.0385619997365], [-79.2975669999171, 44.0391400003108], [-79.2976880001011, 44.039700000055], [-79.2978779998697, 44.0404680003979], [-79.2980129998001, 44.0410019998425], [-79.298102000307, 44.041371999818], [-79.2982229995917, 44.0419319995622], [-79.2982790003755, 44.0421850004375], [-79.2984009997064, 44.0426999999051], [-79.2984890001672, 44.0431069997883], [-79.2986129995902, 44.043568000363], [-79.298669000374, 44.043802000362], [-79.2987250002585, 44.0440189995773], [-79.2987460003276, 44.0441549995537], [-79.2988020002121, 44.0443899995989], [-79.2989699998656, 44.045058999873], [-79.2991360003261, 44.0458169997548], [-79.2993029999334, 44.0465219998904], [-79.2994009999562, 44.0470190003267], [-79.2995460003476, 44.0476149999324], [-79.2998910000696, 44.049088000411], [-79.3002349997454, 44.0505779998749], [-79.3003479995605, 44.050994000173], [-79.3004580001366, 44.0515269995714], [-79.3005920000207, 44.0520690002842], [-79.3008809998582, 44.0532980003025], [-79.3009470002038, 44.0536320004165], [-79.3012370000874, 44.0548429996048], [-79.3013039995799, 44.0551320003416], [-79.3016039999246, 44.0563970002214], [-79.3016260000398, 44.0565049998059], [-79.3017919996011, 44.0572459998031], [-79.3019919998309, 44.0581130002149], [-79.3021259997151, 44.0586640004433], [-79.3023710002215, 44.0597029997937], [-79.3025830001054, 44.060607000113], [-79.3027159999434, 44.0611669998572], [-79.3028499998276, 44.0617450004315], [-79.3029619995965, 44.0621789997611], [-79.3030490000113, 44.0626390002896], [-79.303127000011, 44.0629559996197], [-79.3032949996644, 44.0636609997554], [-79.3035159999634, 44.0646450001666], [-79.3036269996862, 44.0651419997036], [-79.3037930001468, 44.0658920001158], [-79.3040640000535, 44.0668949996046], [-79.304171999638, 44.0674639997638], [-79.3042689996146, 44.0680149999923], [-79.3044800003517, 44.068944999712], [-79.3047120002586, 44.069975000446], [-79.3050129997501, 44.0712580002565], [-79.3051119998189, 44.0717270003009], [-79.305222000395, 44.0722510001835], [-79.3054920002556, 44.0732820000643], [-79.3055490001861, 44.0734990001787], [-79.3057509996089, 44.0742760000374], [-79.3059099997466, 44.0748270002659], [-79.3059780001845, 44.0750719998729], [-79.3061249997689, 44.0756050001707], [-79.306307000068, 44.076247000099], [-79.3063739995604, 44.0765180000058], [-79.3065210000441, 44.0770599998192], [-79.3066329998131, 44.0775029995638], [-79.3068800004116, 44.0784970004363], [-79.3070229998116, 44.0791570002954], [-79.3070900002033, 44.0794549996486], [-79.3072979999028, 44.0804749999214], [-79.3074699997407, 44.0814499999176], [-79.3075899998785, 44.0820460004226], [-79.3076540001319, 44.0824160003982], [-79.307827000016, 44.0833819999794], [-79.3080349997154, 44.0843929998371], [-79.3081230001763, 44.084817999651], [-79.3083550000832, 44.0858840002465], [-79.3085100000364, 44.086588000336], [-79.308708000174, 44.0875180000557], [-79.3089289995737, 44.0885390003746], [-79.3091390002646, 44.089506000002], [-79.3093599996642, 44.090498999929], [-79.309416000448, 44.0907160000434], [-79.3094819998943, 44.0910500001575], [-79.309639999986, 44.0916380002935], [-79.3098079996394, 44.0923160000834], [-79.309964999685, 44.0929479995506], [-79.3098760000773, 44.0930010001961], [-79.3099639996389, 44.0934160004481], [-79.3100130000998, 44.0936369998477]]}, "properties": {"lhrs": 31030, "offset": 0, "highway": "48", "length": 6.29, "traffic_section": 31030000, "aadt": 7850, "aadtt": 610}}, {"type": "Feature", "geometry": {"type": "LineString", "coordinates": [[-79.6593080001641, 44.6256369996479], [-79.6591750003259, 44.625960000154], [-79.6580020001921, 44.6286829998206], [-79.6452310003104, 44.6579610001001], [-79.6434839997867, 44.6620099997617]]}, "properties": {"lhrs": 46937, "offset": 0, "highway": "400", "length": 4.23, "traffic_section": 46937000, "aadt": 17500, "aadtt": 2600}}, {"type": "Feature", "geometry": {"type": "LineString", "coordinates": [[-80.368431879028, 43.4065646612302], [-80.3709624993198, 43.4056106001491], [-80.3719940999477, 43.4052352995695], [-80.3731806996295, 43.404823199631], [-80.374870399849, 43.4042913001035], [-80.3756129997401, 43.4040983001964], [-80.3758550001081, 43.4040462995971], [-80.3760994996921, 43.4040012003952], [-80.3763462997419, 43.4039630997173], [-80.3765837999024, 43.403935399699], [-80.3768105001045, 43.4039202002571], [-80.3770378999791, 43.403912400437], [-80.3772655004025, 43.4039117996899], [-80.3774929002771, 43.4039183998144], [-80.3777198001287, 43.4039325002847], [-80.3779455002846, 43.4039537000033], [-80.3781698001961, 43.4039822004183], [-80.3785044990833, 43.4040385996017], [-80.3786979999127, 43.4040840000766], [-80.378915599875, 43.4041421997028], [-80.3791296996758, 43.4042072000023], [-80.3794139996563, 43.4043028995592], [-80.3800050997555, 43.4045714002499], [-80.3803980000676, 43.4047985995758], [-80.3845463010709, 43.40742469999], [-80.3852022998462, 43.4078263003435], [-80.385294500141, 43.407877600371], [-80.3856260001398, 43.408068399637], [-80.3862649999298, 43.4083960001753], [-80.38679350002, 43.4086510002435], [-80.3873714996949, 43.4088972004455], [-80.3876090996801, 43.4089910995597], [-80.3885033009865, 43.4093444998488], [-80.3902890991625, 43.4100334003212], [-80.3906069996133, 43.4101660997857], [-80.3913698999009, 43.4104583003104], [-80.3914437000666, 43.4104856999551], [-80.3916281851925, 43.4105587536836], [-80.3916283003058, 43.4105588004483]]}, "properties": {"lhrs": 15864, "offset": 0, "highway": "8", "length": 2.17, "traffic_section": 15864000, "aadt": 79400, "aadtt": 6650}}, {"type": "Feature", "geometry": {"type": "LineString", "coordinates": [[-79.166328000237, 43.7996240004473], [-79.167442000348, 43.7998629997776], [-79.1687870003198, 43.8000159996387], [-79.1698370001774, 43.8000979998229], [-79.1710910004493, 43.8001179998459], [-79.1722629996377, 43.800067000192], [-79.1732419998184, 43.7999750004459], [-79.1748320002965, 43.7997309999857], [-79.1784980002824, 43.799197999688], [-79.1820929996921, 43.7987060003817], [-79.187398999764, 43.7979260003847], [-79.187762000316, 43.7978689995547], [-79.1923689996296, 43.7971860004336], [-79.193517999556, 43.7970149997425], [-79.1953280002869, 43.7967550003431], [-79.1969389999348, 43.7965200002978], [-79.1970010000961, 43.7965119999289], [-79.1970759999574, 43.79650399956]]}, "properties": {"lhrs": 47622, "offset": 0, "highway": "401", "length": 2.52, "traffic_section": 47622000, "aadt": 261800, "aadtt": 26200}}, {"type": "Feature", "geometry": {"type": "LineString", "coordinates": [[-79.6136049996709, 43.5522879996915], [-79.6133779999947, 43.5524560002443], [-79.6126869996053, 43.5530600002188], [-79.6120639996538, 43.5537240002624], [-79.6119220003, 43.5538790002157], [-79.6112839996568, 43.554672999959], [-79.6108369997277, 43.5552880004409], [-79.609329000333, 43.5573320002716], [-79.608601000036, 43.5583139996914], [-79.6052900002333, 43.562837999674], [-79.604792999797, 43.5634360002712], [-79.6034150001021, 43.5647960000354], [-79.6002479997454, 43.567730999586]]}, "properties": {"lhrs": 10146, "offset": 0, "highway": "QEW", "length": 2.03, "traffic_section": 10146000, "aadt": 169000, "aadtt": 20300}}, {"type": "Feature", "geometry": {"type": "LineString", "coordinates": [[-80.1880899999535, 44.0815869999401], [-80.187538999725, 44.0816910002395], [-80.1874639998637, 44.0816629998476], [-80.1788110001275, 44.0833029999336], [-80.1717320001317, 44.0848639999737], [-80.1697800000469, 44.0851380000187], [-80.1668180001506, 44.0852600002489], [-80.1554419998484, 44.0876249995941], [-80.1399310004153, 44.0908679998583], [-80.1390540004417, 44.0910510002035]]}, "properties": {"lhrs": 16520, "offset": 0, "highway": "10", "length": 4.07, "traffic_section": 16520000, "aadt": 16600, "aadtt": 1350}}, {"type": "Feature", "geometry": {"type": "LineString", "coordinates": [[-79.2549179999657, 43.7812290002182], [-79.2642559998145, 43.7794530001559], [-79.2646649997899, 43.7793699999256]]}, "properties": {"lhrs": 47627, "offset": 0, "highway": "401", "length": 0.81, "traffic_section": 47627000, "aadt": 335800, "aadtt": 10100}}, {"type": "Feature", "geometry": {"type": "LineString", "coordinates": [[-80.4334319995871, 43.4256400003858], [-80.4336539999321, 43.4257399996014], [-80.4342319996071, 43.4259949996696], [-80.4348350004349, 43.4263040004293], [-80.4353869998101, 43.4266490001513], [-80.4358529997161, 43.4269929998271], [-80.4363320002216, 43.4273740003099], [-80.4368459996431, 43.4278539999622], [-80.4382050002605, 43.4292470003488], [-80.4386700001204, 43.4296720001627], [-80.439184999588, 43.430070999677], [-80.4397260002547, 43.4304520001597], [-80.4402910002294, 43.4307969998817], [-80.4408899999735, 43.4311320000418], [-80.4415350000402, 43.4314029999485], [-80.4422050003604, 43.43165199974], [-80.4438349999852, 43.4321910003144], [-80.4445119997289, 43.4324030001983], [-80.4506139996363, 43.4343809996835], [-80.4523529997911, 43.4349630004421], [-80.4542869999451, 43.4355780000247], [-80.4558619997314, 43.4360540003918], [-80.4564820004439, 43.4362699995609], [-80.4570190000268, 43.4364689997446]]}, "properties": {"lhrs": 15873, "offset": 0, "highway": "8", "length": 2.3, "traffic_section": 15873000, "aadt": 115400, "aadtt": 6900}}, {"type": "Feature", "geometry": {"type": "LineString", "coordinates": [[-78.3474479999252, 44.2667339998742], [-78.3468700002502, 44.2678730002388], [-78.3464190001367, 44.2684380002136], [-78.3456590001627, 44.2691770001185], [-78.3455959999554, 44.2691760000724], [-78.3454129996102, 44.2693419996336], [-78.3454240001175, 44.2693780003945], [-78.3452930003716, 44.2695019998175], [-78.3451500000724, 44.2696240000476], [-78.3450879999112, 44.2696230000015], [-78.344904999566, 44.2697810000931], [-78.3449279997274, 44.2698169999546], [-78.3444160003981, 44.2703450000218], [-78.3416349998553, 44.2729179999658]]}, "properties": {"lhrs": 42280, "offset": 0, "highway": "115", "length": 0.84, "traffic_section": 42280000, "aadt": 27100, "aadtt": 2150}}, {"type": "Feature", "geometry": {"type": "LineString", "coordinates": [[-79.660371999768, 44.7059150000772], [-79.6610070002728, 44.7062920003756], [-79.6619509997388, 44.7069690001193], [-79.6629039996199, 44.7077910002545], [-79.6633610000101, 44.7082459996532], [-79.664171999638, 44.7091829996957], [-79.6649070002578, 44.7101549995537], [-79.6666810002279, 44.7126420000283], [-79.6704749998213, 44.7178449998469], [-79.6745550000132, 44.723294000218], [-79.6767109996129, 44.7262259996302], [-79.6830899997037, 44.7350500000575], [-79.6832980003024, 44.7353230000564], [-79.6833229996567, 44.7353500004022], [-79.6835799998171, 44.7357219995707], [-79.6841930002067, 44.7365120000288], [-79.6849209996044, 44.7372679998184], [-79.6853179999257, 44.7376240000476], [-79.6861620001761, 44.7382720002527], [-79.6870830003801, 44.7388590003426], [-79.688106999938, 44.7393840002715], [-79.6896960003701, 44.7400420000383], [-79.6918629995777, 44.740868000358], [-79.6924020001521, 44.7410539999422], [-79.6945050000057, 44.7418790002158], [-79.6961209998842, 44.7424830001904], [-79.6971719997879, 44.7429090000504], [-79.6982469998991, 44.7434160000484], [-79.6992450000567, 44.7440040001845], [-79.7001020000072, 44.7446260000899], [-79.7008830000504, 44.7453100001565], [-79.7012160001183, 44.7456650003395], [-79.7015359995867, 44.7460279999922], [-79.7021000004146, 44.7468090000354], [-79.7023910003443, 44.7473519998949], [-79.7024989999289, 44.7476150003321], [-79.7025339997443, 44.7477049999858], [-79.702551999675, 44.7477540004468]]}, "properties": {"lhrs": 46954, "offset": 0, "highway": "400", "length": 5.87, "traffic_section": 46954000, "aadt": 15000, "aadtt": 2400}}, {"type": "Feature", "geometry": {"type": "LineString", "coordinates": [[-79.5735099996867, 43.673195000449], [-79.5735339998942, 43.6732399998262], [-79.5735580001016, 43.6732769997338], [-79.5735689997096, 43.6732949996646], [-79.573582000309, 43.6733129995953], [-79.573604999571, 43.6733579998718], [-79.5736170001244, 43.6733769998487], [-79.5736289997785, 43.6733949997795], [-79.5736529999859, 43.673430999641], [-79.5736770001934, 43.6734670004018], [-79.573714000101, 43.6735040003094], [-79.5737130000549, 43.6735129998251], [-79.5737370002623, 43.6735489996867], [-79.5737730001238, 43.6735850004475], [-79.5737980003774, 43.6736220003551], [-79.5738340002389, 43.6736580002166], [-79.5738580004463, 43.6736950001242], [-79.5738700001004, 43.673713000055], [-79.5738940003078, 43.6737309999857], [-79.5739300001694, 43.6737679998934], [-79.5739670000769, 43.6738039997549], [-79.5740029999384, 43.6738399996163], [-79.5740399998461, 43.6738680000083], [-79.5754599996792, 43.6752000002799], [-79.5757759998625, 43.6754649999099], [-79.5767459996281, 43.6763959996757], [-79.5767950000891, 43.6764500003672], [-79.5768560002042, 43.6764959997906], [-79.5769039997198, 43.6765420001133], [-79.5769520001347, 43.6765959999056], [-79.5770009996963, 43.6766420002282], [-79.5770490001112, 43.6766970000666], [-79.5770979996729, 43.6767420003431], [-79.5771460000878, 43.6767970001815], [-79.5771949996495, 43.6768419995587], [-79.5772070002029, 43.6768520000198], [-79.5772430000644, 43.6768970002964], [-79.5772789999259, 43.6769429997197], [-79.5773270003407, 43.6769970004113], [-79.5773759999024, 43.6770520002497], [-79.577411999764, 43.6770969996269], [-79.577411999764, 43.6771060000419], [-79.5774600001788, 43.6771609998803], [-79.5774960000404, 43.6772070002029], [-79.577544999602, 43.6772609999952], [-79.5775810003628, 43.6773159998336], [-79.5776049996709, 43.6773430001793], [-79.5776289998784, 43.6773699996259], [-79.5776520000397, 43.6774240003174], [-79.5776879999012, 43.6774790001558], [-79.5777239997627, 43.677532999948], [-79.5777479999702, 43.6775790002707], [-79.5777839998317, 43.6776330000629], [-79.5778080000391, 43.6776879999013], [-79.5778439999007, 43.6777330001778], [-79.577867000062, 43.6777960003852], [-79.5778910002694, 43.6778419998085], [-79.5779270001309, 43.6778959996008], [-79.5779500002922, 43.6779500002924], [-79.5779739996004, 43.6779959997157], [-79.5779739996004, 43.6780050001307], [-79.5779969997617, 43.6780589999229], [-79.5780209999691, 43.6781129997152], [-79.5780440001305, 43.6781679995536], [-79.5780680003379, 43.6782309997609], [-79.5780909995999, 43.6782849995531], [-79.5781020001072, 43.6783400002909], [-79.5781260003146, 43.6783940000831], [-79.5781969999915, 43.6785389995752], [-79.5782560000143, 43.6786660000359], [-79.578302000337, 43.6787919995512], [-79.5783620004059, 43.6789190000119], [-79.5784079998293, 43.6790459995732], [-79.5784550001981, 43.6791629995728], [-79.5785140002209, 43.6792900000335], [-79.5785609996904, 43.6794169995949], [-79.578607000013, 43.6795430000095], [-79.5786540003818, 43.6796699995709], [-79.5786999998051, 43.6797970000315], [-79.5787470001739, 43.6799230004462], [-79.5787939996433, 43.6800409995925], [-79.5788169998046, 43.6801039997998], [-79.5788169998046, 43.6801310001456], [-79.578839999966, 43.6801849999379], [-79.5788949998043, 43.6803339996144]]}, "properties": {"lhrs": 25800, "offset": 0, "highway": "27", "length": 0.92, "traffic_section": 25800000, "aadt": 26700, "aadtt": 2650}}, {"type": "Feature", "geometry": {"type": "LineString", "coordinates": [[-80.2134589998329, 43.167597999648], [-80.2133890002021, 43.1675989996941], [-80.2133340003638, 43.1676039999247], [-80.21327799958, 43.1676080001092], [-80.2049959998654, 43.1678119996241], [-80.191914000031, 43.1681340000841], [-80.1901670004067, 43.1681940001531], [-80.1860320003765, 43.1682910001296], [-80.1848750000811, 43.1683360004062], [-80.1840129999, 43.1683839999217], [-80.1820169995848, 43.1686040001745], [-80.1807220001202, 43.1688200002429], [-80.1794889999174, 43.1690900001035], [-80.1776739998552, 43.1695370000326], [-80.1720450001766, 43.170990999635], [-80.1357089999703, 43.1803779999448], [-80.1237430003392, 43.1834719996331]]}, "properties": {"lhrs": 48335, "offset": 0, "highway": "403", "length": 7.58, "traffic_section": 48335000, "aadt": 55700, "aadtt": 9950}}, {"type": "Feature", "geometry": {"type": "LineString", "coordinates": [[-78.0920859995692, 44.7511410001571], [-78.0919759998924, 44.7515789996711], [-78.091929000423, 44.7520099997617], [-78.0912800001718, 44.7614099997717], [-78.0912709997568, 44.7623459997681], [-78.0913030003331, 44.7627230000664]]}, "properties": {"lhrs": 26310, "offset": 0, "highway": "28", "length": 1.29, "traffic_section": 26310000, "aadt": 3550, "aadtt": 250}}, {"type": "Feature", "geometry": {"type": "LineString", "coordinates": [[-79.1185939996134, 43.0966359998516], [-79.1185759996826, 43.0966990000588], [-79.118518999752, 43.0969320000119], [-79.118395000329, 43.0973799999871], [-79.1183669999371, 43.0974969999866], [-79.1181210002839, 43.0986989996592], [-79.1181010002609, 43.098950999589], [-79.1181909999147, 43.1004199998831], [-79.1184860000288, 43.1016140000861], [-79.119207000003, 43.1037509997089], [-79.1196410002319, 43.1060539997923], [-79.1200520002996, 43.1131669995574], [-79.120138999815, 43.1142829997607]]}, "properties": {"lhrs": 10040, "offset": 0, "highway": "QEW", "length": 1.98, "traffic_section": 10040000, "aadt": 74000, "aadtt": 5900}}, {"type": "Feature", "geometry": {"type": "LineString", "coordinates": [[-79.3840010000461, 43.901331999872], [-79.3848509996739, 43.904797999628], [-79.3859790004305, 43.9093219996107], [-79.3870809999881, 43.9138240003774], [-79.3897259996551, 43.9246379999438], [-79.3898479998853, 43.9251769996189], [-79.3898970003463, 43.9254489995717], [-79.3899439998157, 43.9257140001011], [-79.3899740002998, 43.9259209997544], [-79.3900120002536, 43.9261929997072], [-79.3900439999306, 43.9264839996369], [-79.390078999746, 43.9268700003503], [-79.3901019999074, 43.9271919999109], [-79.3901169996997, 43.9274009996565], [-79.3901240000225, 43.9276090002552], [-79.3901300002992, 43.9278319997471], [-79.3901300002992, 43.9280639996539], [-79.3901330004376, 43.9283009997914], [-79.3901250000687, 43.9285749998364], [-79.3901139995614, 43.9288200003428], [-79.3900969996768, 43.9291120003186], [-79.3900799997921, 43.9293549998334], [-79.3900530003456, 43.9296380002936], [-79.3900110002074, 43.9300019999924], [-79.3899609997003, 43.930384999668], [-79.3899049998158, 43.9308290003581], [-79.389875000231, 43.9311089997806], [-79.3898350001851, 43.9314330003327], [-79.3897730000239, 43.9318889997776], [-79.389724999609, 43.9322999998451], [-79.3896709998168, 43.9327089998205], [-79.3895580000017, 43.933280000072], [-79.3893530004406, 43.9353300001794], [-79.3892720003025, 43.9360310001306], [-79.3892409997723, 43.9362559997147], [-79.3892239998876, 43.9364260003597], [-79.3892039998647, 43.9371549998035], [-79.3892130002797, 43.9373000001949], [-79.3891960003951, 43.9374790003556], [-79.3892130002797, 43.9377680001931], [-79.3892320002566, 43.9379840002615], [-79.3892369995878, 43.938244999707], [-79.3892649999797, 43.9385969997518], [-79.3892930003717, 43.9389570001655], [-79.389388000256, 43.9395709997019], [-79.389419999933, 43.9397610003699], [-79.3894729996791, 43.9401300002994], [-79.389471999633, 43.9401660001608], [-79.3894739997253, 43.9401799999071], [-79.3894830001403, 43.9402300004143], [-79.3895470003937, 43.9405410003669]]}, "properties": {"lhrs": 48508, "offset": 0, "highway": "404", "length": 4.4, "traffic_section": 48508000, "aadt": 98900, "aadtt": 0}}, {"type": "Feature", "geometry": {"type": "LineString", "coordinates": [[-79.2157060002317, 43.7936720002626], [-79.2157939997932, 43.793645999963], [-79.2159560000693, 43.7936130002398], [-79.2163320003215, 43.7935110000326], [-79.2168709999966, 43.7933570001255], [-79.2175360000863, 43.793160000034], [-79.2182269995764, 43.7929280001272], [-79.2188670003118, 43.7927039996899], [-79.2194330003327, 43.7924780000597], [-79.2199239995929, 43.7922700003603], [-79.220541000167, 43.7920100000615], [-79.2209950004189, 43.7917919999009], [-79.2213850004174, 43.7916089995558], [-79.2217389996551, 43.7914339995794], [-79.2219650001846, 43.7913300001794], [-79.2220030001383, 43.7913120002486], [-79.2220280003918, 43.7913029998336], [-79.2221040002993, 43.7912510001336], [-79.2222059996072, 43.7911889999724], [-79.2223069997682, 43.7911370002724], [-79.2224079999292, 43.7910750001112], [-79.2225090000903, 43.7910139999961], [-79.2226100002513, 43.790951999835], [-79.2228759999274, 43.7907939997434], [-79.2231289999034, 43.7906359996517], [-79.2233949995795, 43.7904779995601], [-79.2236600001089, 43.7903289998835], [-79.2239140001309, 43.7901709997919], [-79.224178999761, 43.7900129997002], [-79.2244450003365, 43.7898640000236], [-79.2247110000126, 43.7897069999781], [-79.2249759996427, 43.7895570002554], [-79.2250650001496, 43.7894960001403], [-79.2251660003107, 43.7894339999792], [-79.2252669995723, 43.7893729998641], [-79.2253679997333, 43.7893210001641], [-79.2254699999405, 43.7892590000029], [-79.2255069998481, 43.7892420001182], [-79.2255700000554, 43.7892070003029], [-79.2256839999166, 43.7891450001417], [-79.2257850000777, 43.7890930004416], [-79.2258860002387, 43.7890310002805], [-79.2259870003997, 43.7889789996811], [-79.2260879996614, 43.7889269999811], [-79.226202000422, 43.7888649998199], [-79.2263029996837, 43.7888130001199], [-79.226416000398, 43.7887610004199], [-79.2265169996598, 43.7887079997744], [-79.2266179998208, 43.7886560000744], [-79.226731999682, 43.7886030003282], [-79.226832999843, 43.7885509997289], [-79.2269459996582, 43.7884990000289], [-79.2270600004187, 43.7884460002828], [-79.2271599996342, 43.7884030000984], [-79.2272740003947, 43.7883510003984], [-79.2273870002098, 43.7882979997529], [-79.2275000000249, 43.7882549995686], [-79.227601000186, 43.7882029998686], [-79.2277140000011, 43.7881599996843], [-79.2278530001158, 43.7880989995692], [-79.2280039998847, 43.7880380003535], [-79.2281419999533, 43.7879770002384], [-79.2282929997221, 43.7879160001233], [-79.2284319998369, 43.7878550000083], [-79.2285829996057, 43.7877949999394], [-79.2287330002277, 43.7877430002393], [-79.2288720003425, 43.7876820001243], [-79.2290230001113, 43.7876220000553], [-79.2291739998802, 43.7875700003553], [-79.2293239996029, 43.7875090002402], [-79.2294629997176, 43.7874569996409], [-79.2296140003858, 43.7873969995719], [-79.2297640001085, 43.7873449998719], [-79.2299149998773, 43.7872930001719], [-79.2300659996461, 43.7872419996186], [-79.2302160002682, 43.7871899999186], [-79.230367000037, 43.7871380002186], [-79.2305179998058, 43.7870869996653], [-79.2306680004278, 43.7870349999653], [-79.2318609996854, 43.7866300001744], [-79.2326389995901, 43.7863899998986], [-79.2346079995595, 43.7857720001777], [-79.2349710001115, 43.7856790003856], [-79.235158999788, 43.7856279998324], [-79.2352640001334, 43.7856010003859]]}, "properties": {"lhrs": 47625, "offset": 0, "highway": "401", "length": 1.82, "traffic_section": 47625000, "aadt": 303600, "aadtt": 24300}}, {"type": "Feature", "geometry": {"type": "LineString", "coordinates": [[-79.9336240004473, 43.1139980001077], [-79.9327810002429, 43.1158720001927], [-79.9307459999279, 43.1204629996678], [-79.9300169995848, 43.1220859998691], [-79.9294800000019, 43.1232969999566], [-79.9281240004222, 43.1263369998527], [-79.927151999665, 43.128497999683], [-79.9261540004068, 43.1307039997898], [-79.9248499996277, 43.1335549999633], [-79.9248369999275, 43.1335820003091], [-79.9239549997234, 43.1355280001172], [-79.9228419996585, 43.1379670001769], [-79.9224070002828, 43.1389440002654], [-79.9222150004219, 43.1393560003792], [-79.9212419996185, 43.1415180002556]]}, "properties": {"lhrs": 13456, "offset": 0, "highway": "6", "length": 3.22, "traffic_section": 13456000, "aadt": 25700, "aadtt": 1800}}, {"type": "Feature", "geometry": {"type": "LineString", "coordinates": [[-80.0812379998338, 43.4264409995525], [-80.0832639997338, 43.4272679999183], [-80.0867030000434, 43.428591999821], [-80.0887780004044, 43.4294550000483], [-80.0910510000036, 43.4303190003217], [-80.0924269996063, 43.4308339997893], [-80.0928330003426, 43.4309820003191], [-80.0939749999462, 43.4313959996257], [-80.0940119998539, 43.4314320003866], [-80.094884999643, 43.4317360000164], [-80.0951660000109, 43.4319010004309], [-80.0967870001199, 43.4326249996441], [-80.0972760001872, 43.4329439999657], [-80.0985480003899, 43.4337999998701], [-80.0998680001081, 43.4347830002353], [-80.1013960004251, 43.4359209996544], [-80.1042200002528, 43.4379509997389], [-80.1049899997886, 43.4385510004284], [-80.1053559995797, 43.4388780002196], [-80.1056719997629, 43.4392320003566], [-80.1071650002645, 43.4410620002112], [-80.1078100003312, 43.4417519996551], [-80.1085159996136, 43.4424320004365], [-80.1096390001397, 43.4433779999948], [-80.1107399996512, 43.4441790000608], [-80.1153930001868, 43.4471500003723], [-80.1162259999299, 43.4476679999783]]}, "properties": {"lhrs": 13585, "offset": 0, "highway": "6", "length": 3.74, "traffic_section": 13585000, "aadt": 28600, "aadtt": 3450}}, {"type": "Feature", "geometry": {"type": "LineString", "coordinates": [[-79.4231080003339, 43.7425560001593], [-79.42310900038, 43.7425560001593], [-79.423171999688, 43.7425119999289], [-79.4237019998474, 43.7421680002531], [-79.4266570003203, 43.7403000004447], [-79.4274649998098, 43.7398159997087], [-79.43090900035, 43.7377649995551], [-79.4310349998653, 43.7376949999244], [-79.4311990002336, 43.7375979999478], [-79.4313619996565, 43.7375009999712], [-79.4334939999481, 43.7362610003449], [-79.4336699999705, 43.7361559999994], [-79.433695000224, 43.7361380000687], [-79.4338890001772, 43.736028000392]]}, "properties": {"lhrs": 47647, "offset": 0, "highway": "401", "length": 1.13, "traffic_section": 47647000, "aadt": 358300, "aadtt": 28700}}, {"type": "Feature", "geometry": {"type": "LineString", "coordinates": [[-79.8719530001308, 44.7300709997769], [-79.8725109997828, 44.7298490003312], [-79.8734410004018, 44.7294619995717], [-79.8798609996854, 44.7266080001592], [-79.8858970001464, 44.7239580002616], [-79.8872349997953, 44.7233579995721], [-79.8875540001169, 44.7231909999647], [-79.888558999698, 44.7227860001738], [-79.8893619998564, 44.7223980002676], [-79.8902520004294, 44.7220369998077], [-79.8905970001514, 44.7218609997853], [-79.8910290002881, 44.721694000178], [-79.8933720004175, 44.7206820002742], [-79.8936020002321, 44.7205579999518], [-79.8945309999057, 44.7201619996766], [-79.8961869998301, 44.7193849998179], [-79.8977279998473, 44.7187320002816]]}, "properties": {"lhrs": 19555, "offset": 2.3, "highway": "12", "length": 2.4, "traffic_section": 19555023, "aadt": 15400, "aadtt": 1400}}, {"type": "Feature", "geometry": {"type": "LineString", "coordinates": [[-79.0730540003418, 44.2882710002065], [-79.0721449997919, 44.2884549996986], [-79.0618180002005, 44.290737999759], [-79.0611099999265, 44.2909240002425], [-79.0559209998542, 44.2920599995694], [-79.0496969997167, 44.2933859995643], [-79.0453539999871, 44.2943469998143], [-79.0451260002647, 44.2943970003213], [-79.0429159999734, 44.2948899996738], [-79.0338100000315, 44.2969389997351], [-79.0305059996521, 44.2975489999864], [-79.0272139998262, 44.2981400002608], [-79.0257879997164, 44.2984209997294], [-79.0243089998604, 44.2987830002353], [-79.0213570004252, 44.299712999955], [-79.0197629997626, 44.3001450000917], [-79.0163650004444, 44.3009229999965], [-79.0000030004381, 44.3046619997515], [-78.9994219997255, 44.3048139995665], [-78.9986740003048, 44.3050529997961], [-78.9977720000777, 44.3054059998871], [-78.9972359996416, 44.3056579998169], [-78.9951420002031, 44.306782000389], [-78.9945319999518, 44.3070330002728], [-78.993744999632, 44.3073070003178], [-78.9928089996356, 44.3075519999249], [-78.9921010002609, 44.3077100000165], [-78.9907360002662, 44.3080460002228], [-78.9890550000882, 44.3084400004058]]}, "properties": {"lhrs": 14325, "offset": 0, "highway": "7", "length": 7.09, "traffic_section": 14325000, "aadt": 3950, "aadtt": 430}}, {"type": "Feature", "geometry": {"type": "LineString", "coordinates": [[-79.5825829999055, 43.671991999831], [-79.5828050002505, 43.6719689996697], [-79.5828430002043, 43.6719610002], [-79.5831160002032, 43.6719279995776], [-79.5832900001334, 43.6719030002233], [-79.5834650001096, 43.6718689995548], [-79.58365199974, 43.6718450002466], [-79.5838259996701, 43.671819999993], [-79.5840130001998, 43.6717949997395], [-79.5841870001299, 43.6717609999702], [-79.5843610000601, 43.6717450001317], [-79.5843729997141, 43.6717460001778], [-79.5845479996904, 43.6717209999243], [-79.5847340001739, 43.6716959996707], [-79.5849090001502, 43.6716710003164], [-79.5850949997344, 43.6716460000629], [-79.5852689996645, 43.6716310002705], [-79.5854560001942, 43.6716060000169], [-79.5856429998245, 43.6715809997634], [-79.5857049999858, 43.6715819998095], [-79.5857789998009, 43.6715740003399], [-79.5858539996623, 43.671565999971], [-79.5859159998235, 43.6715569995559], [-79.5859899996387, 43.671557999602], [-79.5860650003994, 43.6715500001325], [-79.5861269996612, 43.6715510001786], [-79.586202000422, 43.6715429998097], [-79.5862760002372, 43.6715439998558], [-79.5863380003984, 43.6715449999019], [-79.5864120002136, 43.671545999948], [-79.586487000075, 43.671545999948], [-79.5865490002361, 43.6715379995791], [-79.5866230000514, 43.6715389996252], [-79.5866979999127, 43.6715490000863], [-79.5867600000739, 43.6715500001325], [-79.5868339998892, 43.6715510001786], [-79.5869079997044, 43.6715520002247], [-79.5869699998656, 43.6715530002708], [-79.5870449997269, 43.6715619997865], [-79.5871190004415, 43.6715629998326], [-79.5871930002567, 43.6715730002938], [-79.5872550004179, 43.6715740003399], [-79.5873290002331, 43.6715839999017], [-79.5874040000945, 43.6715940003629], [-79.5874650002095, 43.6716039999247], [-79.5875400000709, 43.6716140003859], [-79.5876020002321, 43.6716140003859], [-79.5876760000473, 43.6716239999477], [-79.5877499998626, 43.6716429999246], [-79.5878120000237, 43.6716530003857], [-79.587885999839, 43.6716629999476], [-79.5879480000002, 43.6716730004087], [-79.5880219998154, 43.6716819999244], [-79.5880829999305, 43.6717009999013], [-79.5881569997457, 43.6717199998781], [-79.5882189999069, 43.6717300003393], [-79.588281000068, 43.6717399999012], [-79.5883299996298, 43.6717490003161], [-79.5883790000908, 43.671768000293], [-79.5884410002519, 43.6717779998548], [-79.5884899998136, 43.6717959997856], [-79.5887730002737, 43.6719169999696], [-79.5887849999278, 43.6719260003846], [-79.5888340003888, 43.6719450003615], [-79.5888959996506, 43.6719630002923], [-79.5889450001116, 43.6719729998541], [-79.5889939996733, 43.672001000246], [-79.5890559998345, 43.6720190001768], [-79.5891050002955, 43.6720380001536], [-79.5891539998572, 43.6720659996462], [-79.5892160000183, 43.6720839995769], [-79.58926499958, 43.6721029995538], [-79.589314000041, 43.6721309999457], [-79.5893629996027, 43.6721580002915], [-79.5894120000637, 43.6721770002684], [-79.5894609996254, 43.672204999761], [-79.5895100000864, 43.6722320001068], [-79.5895589996481, 43.6722599995994], [-79.5896080001091, 43.6722780004294], [-79.5896569996708, 43.672305999922], [-79.5897060001317, 43.6723340003139], [-79.5897549996935, 43.6723609997604], [-79.5898040001545, 43.672397999668], [-79.5898529997161, 43.6724250000138], [-79.5898889995776, 43.6724530004057], [-79.5899380000386, 43.6724809998982], [-79.5899869996003, 43.6725080002441], [-79.5900240004073, 43.6725359997366], [-79.5900729999689, 43.6725719995982], [-79.5901210003838, 43.67259999999], [-79.5901580002915, 43.6726359998516], [-79.5901819995996, 43.6726460003128], [-79.5902429997146, 43.672700000105], [-79.5902799996222, 43.6727279995976], [-79.5903280000371, 43.6727640003584], [-79.5903649999448, 43.672791999851], [-79.5904009998063, 43.6728279997125], [-79.5904500002673, 43.6728740000351], [-79.5904860001287, 43.6729109999428], [-79.5905349996904, 43.6729560002193], [-79.5905840001515, 43.6729930001269], [-79.590620000013, 43.6730289999884], [-79.5906689995746, 43.6730750003111], [-79.5907050003354, 43.6731199996883], [-79.5907539998971, 43.6731569995959], [-79.5907899997587, 43.6732019998724], [-79.5908380001735, 43.6732480001951], [-79.5908740000351, 43.6732929995723], [-79.5909109999426, 43.673338999895], [-79.5909469998041, 43.6733749997565], [-79.5909829996656, 43.6734210000791], [-79.5910190004265, 43.6734660003557], [-79.591055000288, 43.673511999779], [-79.5910910001495, 43.6735570000555], [-79.5911280000571, 43.6736030003782], [-79.5911639999186, 43.6736479997554], [-79.5911999997801, 43.6736940000781], [-79.5912239999876, 43.6737390003547], [-79.591259999849, 43.6737839997319], [-79.5912959997105, 43.6738300000545], [-79.591319999918, 43.6738750003311], [-79.5913559997795, 43.6739300001694], [-79.5913789999408, 43.673975000446], [-79.5914159998485, 43.6740199998232], [-79.5914390000098, 43.6740749996616], [-79.5914630002172, 43.6741199999381], [-79.5914870004247, 43.6741650002146], [-79.5915099996867, 43.674220000053], [-79.5915339998941, 43.6742650003296], [-79.5915570000554, 43.6743190001218], [-79.5915810002629, 43.6743650004445], [-79.591604999571, 43.6744099998217], [-79.5916279997323, 43.6744639996139], [-79.5916519999398, 43.6745089998905], [-79.5916750001011, 43.6745730001439], [-79.5916990003086, 43.6746360003512], [-79.5917350001701, 43.6746999997053], [-79.5917580003314, 43.6747720003276], [-79.5917809995934, 43.6748349996356], [-79.5918039997547, 43.674898999889], [-79.5918279999622, 43.6749620000963], [-79.5918510001236, 43.6750250003036], [-79.5918740002849, 43.6750889996576], [-79.5918849998928, 43.675151999865], [-79.5919090001003, 43.6752150000722], [-79.5919320002616, 43.6752780002795], [-79.5919429998695, 43.6753409995875], [-79.5919660000308, 43.6754049998409], [-79.5919769996388, 43.6754680000482], [-79.5919999998001, 43.6755399997712], [-79.5920110003074, 43.6756029999785], [-79.5920219999153, 43.6756670002319], [-79.5920330004226, 43.6757389999549], [-79.5920559996846, 43.6758020001622], [-79.5920670001919, 43.6758650003695], [-79.5920779997998, 43.6759279996775], [-79.592089000307, 43.6760010003459], [-79.5920870002148, 43.6760639996539], [-79.5920979998228, 43.6761269998612], [-79.5921070002378, 43.6762619997915], [-79.5921300003991, 43.676378999791], [-79.592139999961, 43.6764510004134], [-79.5921620000762, 43.6765689995597], [-79.5921729996841, 43.6766410001821], [-79.5921840001914, 43.6767040003893], [-79.5921929997072, 43.6768390003197], [-79.5922050002605, 43.6768750001812], [-79.5922260003296, 43.6770379996041], [-79.5922590000528, 43.6772270002259], [-79.5922790000757, 43.6774159999485], [-79.5923119997989, 43.6775790002707], [-79.592332999868, 43.6777409996475], [-79.5923669996373, 43.6778949995547], [-79.5923879997064, 43.6780569998307], [-79.5924210003288, 43.6782200001529], [-79.5924430004441, 43.678373000014], [-79.5924760001672, 43.6785350002901], [-79.5925099999365, 43.678697999713], [-79.5925429996597, 43.678850999574], [-79.5925419996136, 43.6789050002656], [-79.5925530001208, 43.6789689996197], [-79.5925639997288, 43.6790230003113], [-79.592575000236, 43.6790770001035], [-79.5925740001899, 43.6791309998958], [-79.5925849997979, 43.679184999688], [-79.5925960003051, 43.6792479998953], [-79.5926069999131, 43.6793019996876], [-79.5926310001205, 43.6793570004253], [-79.5926419997285, 43.6794110002175], [-79.5926530002357, 43.6794650000098], [-79.5926639998437, 43.679518999802], [-79.592687000005, 43.6795729995943], [-79.5926979996129, 43.6796369998477], [-79.5927219998204, 43.67969099964], [-79.5927330003277, 43.6797450003316], [-79.5927569996358, 43.6797990001238], [-79.5927799997971, 43.6798539999622], [-79.5927910003044, 43.6799079997544], [-79.5928149996125, 43.679962000446], [-79.5928379997739, 43.6800170002844], [-79.5928619999813, 43.6800710000766], [-79.5928860001887, 43.6801160003532], [-79.5929090003501, 43.6801710001915], [-79.5929329996582, 43.6802249999838], [-79.5929559998195, 43.6802789997761], [-79.592980000027, 43.6803329995683], [-79.5930030001883, 43.680388000306], [-79.5930270003957, 43.6804420000983], [-79.5930630002572, 43.6804969999367], [-79.5930869995654, 43.6805420002132], [-79.5931099997267, 43.6805960000054], [-79.5931459995882, 43.6806509998438], [-79.5931699997956, 43.6807049996361], [-79.593182000349, 43.6807140000511], [-79.5932059996571, 43.6807499999126], [-79.5932299998645, 43.6807960002353], [-79.593265999726, 43.6808500000275], [-79.5933019995876, 43.6809049998659], [-79.5933249997489, 43.6809500001424], [-79.5933609996104, 43.6810039999347], [-79.5933970003712, 43.6810589997731], [-79.5934330002327, 43.6811040000496], [-79.5934700001404, 43.6811500003723], [-79.5935049999558, 43.6812040001645], [-79.5935419998634, 43.6812499995879], [-79.5935779997249, 43.6812949998644], [-79.5936260001397, 43.6813499997028], [-79.5936739996553, 43.6814040003944], [-79.5937100004161, 43.6814590002327], [-79.5937589999778, 43.68150399961], [-79.5938070003927, 43.6815590003476], [-79.5938559999544, 43.681604999771], [-79.5939040003693, 43.6816500000475], [-79.593952999931, 43.6817049998859], [-79.5940010003458, 43.6817510002085], [-79.5940499999076, 43.6818050000008], [-79.5941110000226, 43.6818510003234], [-79.5941590004374, 43.6819060001618], [-79.5942079999992, 43.6819510004383], [-79.5942560004141, 43.6819969998617], [-79.5943169996298, 43.6820430001844], [-79.5943660000908, 43.6820879995616], [-79.5944270002059, 43.6821339998842], [-79.5944749997214, 43.6821889997226], [-79.5945359998365, 43.6822249995841], [-79.5945979999977, 43.6822709999068], [-79.5946220002051, 43.6822980002526], [-79.5946460004125, 43.6823259997452], [-79.5946820002741, 43.6823530000909], [-79.5947069996283, 43.6823710000217], [-79.5947430003891, 43.6823990004136], [-79.5947679997433, 43.6824259998601], [-79.5948039996048, 43.6824540002519], [-79.5948410004118, 43.6824720001827], [-79.5948649997199, 43.6824900001135], [-79.5949019996276, 43.682517999606], [-79.594925999835, 43.6825360004361], [-79.594975000296, 43.6825639999287], [-79.5950120002036, 43.6825819998594], [-79.595036000411, 43.6826100002514], [-79.5950730003187, 43.6826280001821], [-79.5951100002263, 43.682647000159], [-79.5951470001339, 43.6826739996055], [-79.5951959996956, 43.6826929995824], [-79.5952329996032, 43.6827019999973], [-79.5952690003641, 43.6827209999742], [-79.5953060002716, 43.682738999905], [-79.5953430001793, 43.6827579998819], [-79.595391999741, 43.6827759998126], [-79.5954289996486, 43.6827949997894], [-79.5955889998324, 43.6828689996047], [-79.5957479999702, 43.682951999835], [-79.5959199998081, 43.6830350000653], [-79.5960789999459, 43.6831180002955], [-79.5962509997837, 43.6831920001107], [-79.5964099999215, 43.683275000341], [-79.5964839997367, 43.6833209997644], [-79.5965700001054, 43.683357999672], [-79.5966429998745, 43.6833949995796], [-79.5967169996897, 43.6834409999023], [-79.5968030000583, 43.6834779998099], [-79.5968759998275, 43.6835149997175], [-79.5969620001961, 43.6835519996251], [-79.5970360000114, 43.6835890004321], [-79.59712200038, 43.6836260003397], [-79.5971950001491, 43.6836630002473], [-79.5972819996645, 43.6836909997399], [-79.5973680000332, 43.6837279996475], [-79.5974409998022, 43.6837649995551], [-79.5975270001709, 43.6838020003621], [-79.5976009999861, 43.6838299998547], [-79.5976739997553, 43.6838669997623], [-79.5977479995705, 43.6839039996699], [-79.5978089996855, 43.6839400004307], [-79.5978830004001, 43.6839770003384], [-79.5979560001692, 43.684014000246], [-79.5980299999845, 43.6840510001536], [-79.5980910000995, 43.6840880000612], [-79.5981649999148, 43.6841249999688], [-79.5982260000299, 43.6841700002454], [-79.5982999998451, 43.6841979997379], [-79.5983609999602, 43.6842440000606], [-79.5984339997293, 43.6842809999682], [-79.5984949998443, 43.6843270002909], [-79.5985559999594, 43.6843729997142], [-79.5986170000745, 43.6844089995757], [-79.5986790002356, 43.6844369999676], [-79.5987279997973, 43.6844650003595], [-79.5987889999124, 43.684501000221], [-79.5988380003734, 43.6845289997136], [-79.5988859998889, 43.6845659996212], [-79.5989360003961, 43.684583999552], [-79.5989849999577, 43.6846210003589], [-79.5990330003726, 43.6846580002665], [-79.5990819999343, 43.684684999713], [-79.5991310003953, 43.6847219996206], [-79.599179999957, 43.6847580003815], [-79.599229000418, 43.6847859998741], [-79.5992779999797, 43.6848229997816], [-79.5993260003946, 43.6848589996432], [-79.5993749999563, 43.6848870000351], [-79.5994240004172, 43.6849330003577], [-79.5994610003249, 43.6849599998042], [-79.5995089998405, 43.6850060001269], [-79.5995580003014, 43.6850329995733], [-79.5995699999555, 43.6850419999883], [-79.5996669999321, 43.6851430001494], [-79.5997520002546, 43.6852159999185], [-79.5998250000237, 43.6852980001027], [-79.5998979997928, 43.6853709998718], [-79.5999700004152, 43.6854429995948], [-79.6000430001843, 43.6855160002632], [-79.6001159999534, 43.6855980004474], [-79.6001879996764, 43.6856710002165], [-79.6002610003449, 43.6857530004007], [-79.600334000114, 43.6858169997547], [-79.600345999768, 43.6858349996855], [-79.600405999837, 43.6858989999389], [-79.600455000298, 43.6859539997773], [-79.6005029998135, 43.6860079995696], [-79.6005510002285, 43.686071999823], [-79.60058700009, 43.6861170000995], [-79.6005999997901, 43.6861259996152], [-79.600648000205, 43.6861810003529], [-79.6006840000665, 43.6862350001452], [-79.6007319995821, 43.6862899999836], [-79.6007810000431, 43.686354000237], [-79.6008159998585, 43.6864080000292], [-79.6008289995586, 43.6864170004443], [-79.6008650003195, 43.6864720002827], [-79.6009000001349, 43.6865260000749], [-79.6009489996965, 43.6865809999132], [-79.600984999558, 43.6866440001206], [-79.6010089997655, 43.6866719996132]]}, "properties": {"lhrs": 50300, "offset": 0, "highway": "427", "length": 2.53, "traffic_section": 50300000, "aadt": 147500, "aadtt": 11800}}, {"type": "Feature", "geometry": {"type": "LineString", "coordinates": [[-79.1557550000932, 44.4976590001628], [-79.155682000324, 44.4982399999761], [-79.1555769999785, 44.4995890001323], [-79.1555860003936, 44.4997149996476], [-79.1555870004397, 44.5000659996462], [-79.1556970001164, 44.5005539996674], [-79.156048000115, 44.501388000356], [-79.1607379996589, 44.5118800003618], [-79.1634070004327, 44.517828000362], [-79.1659899999385, 44.5237310000857], [-79.1670710003264, 44.5261700001454], [-79.1712299996647, 44.535221000249], [-79.1725500002822, 44.5380870002149], [-79.1733840000715, 44.5399820003691], [-79.1741520004144, 44.5416059997171], [-79.175618999717, 44.5449959995658], [-79.1763839999216, 44.5467009999512], [-79.1764419998983, 44.5468820002042], [-79.177066999942, 44.5482329995534], [-79.1815899998786, 44.5582079999992], [-79.1865439999056, 44.5693870002099], [-79.1867959998355, 44.5697780002546], [-79.1870869997652, 44.5701429999995], [-79.1874539996024, 44.5704820003441], [-79.1882159996686, 44.5711060003417], [-79.1886259996901, 44.5712739999952], [-79.188887000035, 44.5713780002945], [-79.188988000196, 44.5714390004096]]}, "properties": {"lhrs": 19415, "offset": 0.8, "highway": "12", "length": 8.66, "traffic_section": 19415008, "aadt": 11100, "aadtt": 2900}}, {"type": "Feature", "geometry": {"type": "LineString", "coordinates": [[-79.2252279995725, 43.0247400001509], [-79.225394000033, 43.0254949998944], [-79.2255029996637, 43.0259740003998], [-79.2256609997553, 43.026453000006], [-79.2258919996161, 43.0269880003959], [-79.2261830004451, 43.0275060000019], [-79.2265730004436, 43.0280429995848], [-79.227105999842, 43.0287269996514], [-79.2274389999099, 43.0291009998113], [-79.2278689999544, 43.0295040004094], [-79.2290789999958, 43.0305399996213], [-79.2326219997055, 43.0336570003703], [-79.2336510003933, 43.0346090002052], [-79.2345100004361, 43.0354599998792], [-79.2348289998584, 43.0359059997621], [-79.2349209996044, 43.0361059999919], [-79.2350459999729, 43.0364679995985], [-79.2352199999031, 43.0372539998722], [-79.2353189999718, 43.0380660004456], [-79.2353529997411, 43.0386159997287], [-79.235371999718, 43.0404570000906]]}, "properties": {"lhrs": 48643, "offset": 1.2, "highway": "406", "length": 2, "traffic_section": 48643012, "aadt": 0, "aadtt": 0}}, {"type": "Feature", "geometry": {"type": "LineString", "coordinates": [[-79.7522589995531, 43.7160390003996], [-79.7519630002922, 43.7158190001468], [-79.7519380000386, 43.7158000001699], [-79.7518739997852, 43.7157479995706], [-79.7518040001544, 43.7156909996399], [-79.7516450000167, 43.7155720004475], [-79.7484049998908, 43.7132139996264], [-79.7477939995933, 43.7127390002047], [-79.7475609996404, 43.7125830002054], [-79.7446650000896, 43.7104079997295], [-79.7415959997555, 43.7081960002453], [-79.7382959995607, 43.7057550000932], [-79.7382100000914, 43.7056909998398]]}, "properties": {"lhrs": 49071, "offset": 0, "highway": "410", "length": 1.61, "traffic_section": 49071000, "aadt": 208000, "aadtt": 12500}}, {"type": "Feature", "geometry": {"type": "LineString", "coordinates": [[-80.1768769999736, 43.4478890002772], [-80.1769159999734, 43.4478799998621], [-80.1835199996483, 43.4466299997747], [-80.1841889999224, 43.4465450003515], [-80.190434000129, 43.4453290000334], [-80.1970620000113, 43.4440700004302], [-80.2028469996893, 43.4430029997887], [-80.2049040001195, 43.4425759998825], [-80.2075800003167, 43.4420810004379], [-80.2096739997552, 43.4416640000936], [-80.2117419997934, 43.4413000003947], [-80.2379400001309, 43.4363450003216], [-80.2398730002387, 43.4359609997005], [-80.2406160003281, 43.4357770002084], [-80.2413980004173, 43.4355569999556], [-80.2432709995569, 43.4349750000962], [-80.2478730004386, 43.4335200004477], [-80.2487529996512, 43.4332559999645], [-80.253632999863, 43.4316840003164], [-80.2599830004151, 43.429674000255], [-80.2603239999526, 43.4295619995867], [-80.2682640000835, 43.4270250004035], [-80.2705470001439, 43.4262109997379], [-80.2729060001118, 43.4252630000875], [-80.2765560002592, 43.423718999932], [-80.2770780000497, 43.423497999633], [-80.2793749998563, 43.4225310000057], [-80.2826640004432, 43.4211560004491], [-80.2832359998415, 43.4209160001733], [-80.283444999587, 43.4208269996664]]}, "properties": {"lhrs": 47723, "offset": 0, "highway": "401", "length": 9.18, "traffic_section": 47723000, "aadt": 118100, "aadtt": 21300}}, {"type": "Feature", "geometry": {"type": "LineString", "coordinates": [[-79.7879400001308, 43.3663569995759], [-79.7878830002003, 43.3664130003597], [-79.7877569997857, 43.3665290003132], [-79.7832319997569, 43.3706499996978], [-79.7780770003532, 43.3753580000717], [-79.7720029999385, 43.3808939999582], [-79.7719649999847, 43.3809289997736], [-79.7719029998236, 43.3809829995658], [-79.7718520001696, 43.3810269997962], [-79.7715149999173, 43.381337999749]]}, "properties": {"lhrs": 10125, "offset": 0, "highway": "QEW", "length": 2.13, "traffic_section": 10125000, "aadt": 210100, "aadtt": 21000}}, {"type": "Feature", "geometry": {"type": "LineString", "coordinates": [[-79.6376220001551, 43.6483430001294], [-79.6376390000398, 43.6483369998527], [-79.6377220002701, 43.648308000314], [-79.6449530000809, 43.6454859996792], [-79.6529209997043, 43.6423750001062], [-79.6534210002789, 43.6421830002453], [-79.6536079999092, 43.6421129997152], [-79.6538579997468, 43.6420169997847], [-79.6555220000402, 43.6413610001101], [-79.6599239997927, 43.6396490003012], [-79.6601739996303, 43.6395520003246], [-79.660562000436, 43.6394029997487], [-79.6608619998814, 43.6392990003486], [-79.6609820000193, 43.6392540000721]]}, "properties": {"lhrs": 47673, "offset": 0, "highway": "401", "length": 2.14, "traffic_section": 47673000, "aadt": 384100, "aadtt": 46100}}, {"type": "Feature", "geometry": {"type": "LineString", "coordinates": [[-79.3197419999933, 43.7683580002216], [-79.319779999947, 43.7683560001294], [-79.3198670003617, 43.7683570001755], [-79.3205880003359, 43.7683499998527], [-79.3212340004487, 43.7683499998527], [-79.3218799996622, 43.7683509998988], [-79.3225259997751, 43.7683509998988], [-79.3231719998878, 43.7683430004292], [-79.3238180000006, 43.7683430004292], [-79.3244640001135, 43.768343999576], [-79.3259929995772, 43.7683119998989], [-79.328865999866, 43.7682190001068], [-79.3299240000925, 43.7681529997612], [-79.3320520001996, 43.7680310004304], [-79.3339559998695, 43.7679149995776], [-79.3355369999326, 43.7678120002237], [-79.3356240003473, 43.7678039998548], [-79.337091999696, 43.7677269999012], [-79.337242000318, 43.7677110000627], [-79.337354000087, 43.7677029996937], [-79.337465999856, 43.7676960002702]]}, "properties": {"lhrs": 47633, "offset": 0, "highway": "401", "length": 1.43, "traffic_section": 47633000, "aadt": 334500, "aadtt": 26800}}, {"type": "Feature", "geometry": {"type": "MultiLineString", "coordinates": [[[-78.0766180003204, 44.9175189997021], [-78.0749240004423, 44.9211750001262], [-78.0743560003291, 44.9221419997535], [-78.0726439996208, 44.9246539995825], [-78.065887000085, 44.9344190002367], [-78.0653159998335, 44.9351879997264], [-78.0647069996283, 44.9359459996082], [-78.0640509999536, 44.9366309997209], [-78.0637240001624, 44.9370730003188], [-78.0633510000486, 44.9374329998331], [-78.0625439997058, 44.9380870003148], [-78.0620860001687, 44.9383719999679], [-78.0612179997109, 44.9389889996427], [-78.0608339999891, 44.9393209996645], [-78.0593849997179, 44.9401389996152], [-78.0583830002752, 44.9406440004203], [-78.0580470000689, 44.9407709999817], [-78.0578770003233, 44.9408829997507], [-78.0568020002121, 44.9413240003024], [-78.0557039999396, 44.9417280000472], [-78.0545950000592, 44.9420949998844], [-78.0511749997264, 44.9430420003881], [-78.0488620000812, 44.9436569999706], [-78.0483079997144, 44.9438319999469], [-78.046549000436, 44.9442729995993], [-78.0454170003942, 44.9445940000131], [-78.0404299997447, 44.9459319996621], [-78.0325240002824, 44.9480759996077], [-78.0321760004221, 44.9481850001377], [-78.0313680000331, 44.9483699996758], [-78.0262509996838, 44.9497500003623], [-78.0247810002429, 44.9502239997378], [-78.0242380003834, 44.9504260000599], [-78.0240299997846, 44.9505379998289], [-78.0232119998339, 44.9509039996199], [-78.0222589999529, 44.9514460003327], [-78.0203999996602, 44.9528290002582], [-78.0181359995767, 44.9546780000897], [-78.0177139999012, 44.9549999996503], [-78.0168329997431, 44.9556069997633], [-78.0125700001054, 44.958105999892], [-78.0069180002654, 44.9614690002942], [-78.0048650000197, 44.9626570002204], [-78.003865999816, 44.9630989999189], [-77.9999999996003, 44.9645280001671], [-77.9972749998414, 44.9655270003708], [-77.9958349999852, 44.9661229999765], [-77.9949949999193, 44.9665410003669], [-77.9939280001771, 44.9672349999953], [-77.993512999925, 44.9675469999941]], [[-77.993512999925, 44.9675469999941], [-77.9932589999029, 44.9677379998089]], [[-77.993512999925, 44.9675469999941], [-77.9916090002551, 44.9689790003806], [-77.9912689998644, 44.969267000172], [-77.9865600003437, 44.9728469997893], [-77.9856109997478, 44.9736099999016], [-77.984852999866, 44.9741610001301], [-77.9820229997616, 44.9763230000065], [-77.9816460003626, 44.9766390001898], [-77.9784359998215, 44.979073000019], [-77.9772079998493, 44.980095000384], [-77.9769309996659, 44.9803719996681], [-77.9758579996469, 44.9816969996169], [-77.9756449997169, 44.9819899996388], [-77.9755669997172, 44.9821899998686], [-77.9753299995798, 44.9825209998443], [-77.9726170003742, 44.9862310000607]]]}, "properties": {"lhrs": 26340, "offset": 0, "highway": "28", "length": 11.7, "traffic_section": 26340000, "aadt": 2750, "aadtt": 190}}, {"type": "Feature", "geometry": {"type": "LineString", "coordinates": [[-80.3065009998213, 43.6102479997455], [-80.3064480000751, 43.6109679996735], [-80.3063479999602, 43.6121110002225], [-80.3063190004215, 43.6124709997369], [-80.3064189996371, 43.6135160002632], [-80.3068390001197, 43.6146979999128], [-80.307287000095, 43.6156190001168], [-80.3077259996551, 43.6162159997686], [-80.3101839996918, 43.6191120002187], [-80.3138669995623, 43.623370999672], [-80.3168840001964, 43.6267560001893], [-80.3173279999872, 43.6274479997255], [-80.3175579998018, 43.6280339997693], [-80.3177099996167, 43.6286729995593], [-80.3177200000779, 43.6289899997887], [-80.3177109996629, 43.6298590002927], [-80.3170400001958, 43.6375390001248], [-80.3175149996175, 43.6393879999563], [-80.3179879998463, 43.6403090001603], [-80.3212079999492, 43.6450199997732], [-80.3230900004032, 43.6474979998329], [-80.3262440001604, 43.6512029998186], [-80.3271759999724, 43.6524299997448], [-80.3274809996484, 43.6528720003426], [-80.3302679995685, 43.6576250000937], [-80.3321799996073, 43.6608500004272], [-80.3341840002913, 43.6635180002556], [-80.3350060004265, 43.6643689999295], [-80.3360259998, 43.6652039997648], [-80.3405550000132, 43.6684799997523], [-80.3412180000107, 43.6690689999344], [-80.3419899996387, 43.6698930001619], [-80.3430410004418, 43.6713760002023], [-80.3442810000681, 43.6737150001472], [-80.348292999822, 43.6812650002796], [-80.3496579998168, 43.6834700003403], [-80.3509239997428, 43.6846479998054], [-80.3574609999252, 43.6894029996488], [-80.3643940003828, 43.6944749997215], [-80.3651209997343, 43.6949560003192], [-80.3674930003017, 43.6962560000144]]}, "properties": {"lhrs": 13620, "offset": 3, "highway": "6", "length": 11.1, "traffic_section": 13620030, "aadt": 16200, "aadtt": 970}}, {"type": "Feature", "geometry": {"type": "LineString", "coordinates": [[-80.3526870001049, 43.5125360002363], [-80.3522499997376, 43.512685999959], [-80.3509960003651, 43.5131020002572], [-80.3495680001631, 43.5135799998172], [-80.3493570003253, 43.5136599999091], [-80.3483260004445, 43.5140410003919], [-80.3474060002866, 43.5144139996065], [-80.346934000104, 43.5146450003665], [-80.346336000406, 43.514965999881], [-80.3459129997851, 43.5152339996494], [-80.3449650001346, 43.5158860000389], [-80.3443790000907, 43.5163319999219], [-80.338841000112, 43.520434000229], [-80.3370569996807, 43.5217469996244], [-80.3349980000576, 43.5233200002179], [-80.3323399997911, 43.5253749996566], [-80.323708000124, 43.5315369996329], [-80.3230959997805, 43.5319750000463]]}, "properties": {"lhrs": 14570, "offset": 1, "highway": "7", "length": 3.25, "traffic_section": 14570010, "aadt": 18400, "aadtt": 1200}}, {"type": "Feature", "geometry": {"type": "LineString", "coordinates": [[-79.5534079998793, 43.196871999743], [-79.5534500000174, 43.1968820002042], [-79.5565279998673, 43.1976509996939], [-79.5613629998026, 43.1988469999891], [-79.5694559997945, 43.2008200001429], [-79.5855700000554, 43.2047079995746], [-79.5881809999531, 43.2053749997565], [-79.5950419997884, 43.2070329997732]]}, "properties": {"lhrs": 10083, "offset": 0, "highway": "QEW", "length": 3.57, "traffic_section": 10083000, "aadt": 113900, "aadtt": 11400}}, {"type": "Feature", "geometry": {"type": "LineString", "coordinates": [[-79.8253179998258, 43.3275879995866], [-79.8253610000101, 43.3276349999554], [-79.8255070004477, 43.3277800003468], [-79.8257099999165, 43.3280880001611], [-79.8259500001923, 43.3284420002981], [-79.8268500003272, 43.3297749997165], [-79.8272669997722, 43.3305090002902], [-79.8288730000888, 43.3336050000707], [-79.829078999696, 43.3350829998806], [-79.8289409996274, 43.3361040001995]]}, "properties": {"lhrs": 10116, "offset": 0, "highway": "QEW", "length": 1.01, "traffic_section": 10116000, "aadt": 183700, "aadtt": 45900}}, {"type": "Feature", "geometry": {"type": "LineString", "coordinates": [[-79.9963410004368, 43.8605499996828], [-79.9960689995846, 43.86034800026], [-79.9959090003001, 43.8602300002144], [-79.9947899999585, 43.8594369996179], [-79.9937569999855, 43.8586979997129], [-79.9924799995523, 43.8576970003164], [-79.991988000246, 43.8573410000872], [-79.9904029999984, 43.856165999861], [-79.9881909996149, 43.854534000144], [-79.9859990001537, 43.852902000427]]}, "properties": {"lhrs": 16460, "offset": 12.5, "highway": "10", "length": 1.19, "traffic_section": 16460125, "aadt": 28400, "aadtt": 2300}}, {"type": "Feature", "geometry": {"type": "LineString", "coordinates": [[-80.0640598003195, 43.2810701000051], [-80.0654820007937, 43.280779799748], [-80.066099700141, 43.280653700408], [-80.0661340992093, 43.2806467000852], [-80.0661842004404, 43.2806363003251], [-80.0662260998546, 43.2806276002836], [-80.0662692996884, 43.2806185998685], [-80.0663116002002, 43.2806096003528], [-80.0663549996834, 43.2806004002883], [-80.0663983002413, 43.280591100399], [-80.066442599946, 43.2805815001362], [-80.0664907001856, 43.280570999652], [-80.0665410010663, 43.2805599002193], [-80.0665880014351, 43.2805494995598], [-80.0666324000651, 43.280539499998], [-80.0666832000696, 43.2805281001917], [-80.0667203996267, 43.2805195997997], [-80.0667648998802, 43.2805093996891], [-80.0668006002675, 43.2805011996707], [-80.0668393997185, 43.280492200155], [-80.0668525999675, 43.2804892998413], [-80.066869499128, 43.280485900404], [-80.0668857013141, 43.2804830999152], [-80.0669033990725, 43.2804805997999], [-80.0669203000318, 43.2804784998829], [-80.0669368997181, 43.2804769998137], [-80.066955000373, 43.2804757002934], [-80.0669761002668, 43.2804748998968], [-80.066995899741, 43.2804746004225], [-80.0670174996578, 43.2804749997215], [-80.0670384997269, 43.2804760995924], [-80.0670605996669, 43.2804778002103], [-80.0670823003079, 43.2804803003257], [-80.0671051997451, 43.2804835999382], [-80.0671268005614, 43.280487500298], [-80.0671495003491, 43.2804923998045], [-80.0671717999386, 43.2804980997076], [-80.0671922001599, 43.2805040001595], [-80.0672101011652, 43.2805098997122], [-80.0672270003258, 43.2805158999889], [-80.0672419002934, 43.2805218004408], [-80.0672586996292, 43.280528899689], [-80.0672750996661, 43.2805365996844], [-80.0672907002056, 43.2805444004038], [-80.0672969999566, 43.2805477998411], [-80.067301000141, 43.2805499995829], [-80.0673046999519, 43.2805521003992], [-80.067307799915, 43.2805538001178], [-80.0673101003808, 43.2805550996382], [-80.0673125986974, 43.2805565997074], [-80.0673148002378, 43.2805579001271]]}, "properties": {"lhrs": 13175, "offset": 0, "highway": "5", "length": 0.28, "traffic_section": 13175000, "aadt": 10500, "aadtt": 1200}}, {"type": "Feature", "geometry": {"type": "LineString", "coordinates": [[-80.1378699998006, 43.3044930002518], [-80.1410230004111, 43.3055620000863], [-80.1424840003363, 43.3060500001075], [-80.1430969998266, 43.3062609999453], [-80.1482780004293, 43.3078759997776], [-80.1503400001908, 43.3085219998905], [-80.1504760001673, 43.308558999798], [-80.1505980003973, 43.3086050001207], [-80.1507330003276, 43.3086510004434], [-80.1508559997045, 43.3086969998667], [-80.1509779999347, 43.3087430001893], [-80.1511010002109, 43.3087879995666], [-80.1512360001413, 43.3088440003504], [-80.1513590004175, 43.3088889997276], [-80.1514809997483, 43.308943999566], [-80.1515910003243, 43.3089990003037], [-80.1524129995602, 43.309347000164], [-80.1524860002287, 43.3093749996565], [-80.1525600000439, 43.3094030000485], [-80.152621000159, 43.3094300003942], [-80.1526949999742, 43.3094579998868], [-80.1527689997895, 43.3094759998176], [-80.1528419995586, 43.3095040002095], [-80.1529160002732, 43.309530999656], [-80.1529770003882, 43.3095590000478], [-80.1530510002034, 43.3095860003937], [-80.1531239999726, 43.3096139998863], [-80.1589549999732, 43.3115209996944], [-80.1676709999167, 43.3143849995681], [-80.1724099999215, 43.3159499997927], [-80.1724829996907, 43.3159780001846], [-80.1725570004052, 43.3159960001154], [-80.1726310002205, 43.3160239996079], [-80.1727039999896, 43.316042000438], [-80.1727779998048, 43.3160699999306], [-80.1728640001734, 43.3160889999075], [-80.1728759998275, 43.3160980003225], [-80.1729379999887, 43.3161069998382], [-80.1730119998039, 43.3161350002301], [-80.173084999573, 43.3161530001609], [-80.1731590002876, 43.3161720001377], [-80.1744369998676, 43.3165050002057], [-80.1762439995609, 43.3169770003883], [-80.1813559996796, 43.318292999922], [-80.1813809999331, 43.318292999922], [-80.1853749997564, 43.3193389995952], [-80.1853989999639, 43.3193480000102], [-80.1854729997791, 43.3193669999871], [-80.1953530003407, 43.3220389999999], [-80.1961520003145, 43.322261000345], [-80.197221000149, 43.3226009998363], [-80.1973430003791, 43.322637999744], [-80.1984720002825, 43.3230869997653], [-80.1984839999366, 43.3230960001803], [-80.1997709999317, 43.3237450004315], [-80.2036129999399, 43.3260499997078], [-80.2041040000995, 43.3262960002602], [-80.2049620000962, 43.3266890003971], [-80.2058580000466, 43.3270380003035], [-80.2067790002506, 43.3273500003023], [-80.2079830000154, 43.3276560000244], [-80.2091519999648, 43.3278799995623], [-80.2091889998724, 43.3278889999774], [-80.2097430002393, 43.3279649998849], [-80.2107899999585, 43.3280710002765], [-80.2118500002773, 43.3281240000226], [-80.2138479997853, 43.3281729995843], [-80.215252999826, 43.328218999907], [-80.2163500000524, 43.3282989999989], [-80.2180249999537, 43.3285350000903], [-80.2180860000688, 43.3285449996521], [-80.2189169997197, 43.3286750002511]]}, "properties": {"lhrs": 15840, "offset": 0, "highway": "8", "length": 7.16, "traffic_section": 15840000, "aadt": 9800, "aadtt": 880}}, {"type": "Feature", "geometry": {"type": "LineString", "coordinates": [[-79.3627739996203, 43.7663419998834], [-79.3627959997356, 43.7663409998373], [-79.3629099995968, 43.7663349995606], [-79.3654610003248, 43.7662179995611], [-79.365747000024, 43.7662039998148], [-79.3690680002879, 43.7660540000921], [-79.3715689996096, 43.7659269996314], [-79.3717800003467, 43.765921000254], [-79.3719920002306, 43.7659059995623], [-79.3722030000683, 43.7658909997698], [-79.3724020002521, 43.7658759999775], [-79.372614000136, 43.76585199977], [-79.3728260000199, 43.7658369999776], [-79.3730369998576, 43.7658220001852], [-79.3732489997415, 43.7658070003928], [-79.3734479999252, 43.7657830001854], [-79.3736599998091, 43.7657680003929], [-79.373871999693, 43.7657440001855], [-79.3740839995769, 43.7657290003931], [-79.3742829997606, 43.7657050001857], [-79.3744949996445, 43.7656900003932], [-79.3747060003816, 43.7656660001858], [-79.3749180002654, 43.7656419999784], [-79.3751179995959, 43.7656179997709], [-79.3753169997797, 43.7655930004167], [-79.3755289996636, 43.7655690002093], [-79.3757289998934, 43.7655359995867], [-79.3759280000771, 43.7655120002786], [-79.3761280003069, 43.7654789996562], [-79.3763269995913, 43.765455000348], [-79.3765390003745, 43.7654219997256], [-79.376738999705, 43.7653890000024], [-79.3769379998888, 43.7653639997488], [-79.3771380001186, 43.7653310000257], [-79.3773380003484, 43.7652980003025], [-79.3775379996789, 43.76526499968], [-79.3777369998626, 43.7652319999569], [-79.3779370000925, 43.7651980001876], [-79.3781370003223, 43.7651649995651], [-79.3783359996066, 43.765131999842], [-79.3785359998364, 43.7650899997038], [-79.3787360000663, 43.7650569999806], [-79.37893500025, 43.7650240002575], [-79.3791349995805, 43.7649810000731], [-79.3793349998103, 43.76494800035], [-79.3795350000402, 43.7649060002118], [-79.37973500027, 43.7648640000736], [-79.3805599996442, 43.7646960004201], [-79.3824210000291, 43.7642990000988], [-79.3834830004401, 43.7640710003764], [-79.3864590000828, 43.7634390000099]]}, "properties": {"lhrs": 47640, "offset": 0, "highway": "401", "length": 1.94, "traffic_section": 47640000, "aadt": 349200, "aadtt": 27900}}, {"type": "Feature", "geometry": {"type": "LineString", "coordinates": [[-79.6937359996167, 43.5122790000759], [-79.6940440003304, 43.5124370001675], [-79.6982639997837, 43.5146460004127], [-79.7006880000511, 43.5158809998084], [-79.7152400002258, 43.5227799995973], [-79.7169940001729, 43.5235019996176], [-79.7183679996834, 43.5240489996617], [-79.7210449999268, 43.5250239996579], [-79.7216829996706, 43.5252740003949], [-79.7221489995766, 43.5255050002556], [-79.7225639998287, 43.525753000001], [-79.7229169999196, 43.526017999631], [-79.7230489997115, 43.5262169998147], [-79.7231469997343, 43.5262899995839], [-79.7232079998493, 43.5263359999065], [-79.7234850000327, 43.5267079999743], [-79.7238089996856, 43.5271440002954], [-79.7239039995699, 43.5273519999948], [-79.7240099999615, 43.5275959995558], [-79.7241950003989, 43.5282019996226], [-79.7242039999146, 43.5289669998272], [-79.7241740003298, 43.5291629998726]]}, "properties": {"lhrs": 48272, "offset": 0, "highway": "403", "length": 3.19, "traffic_section": 48272000, "aadt": 109400, "aadtt": 10900}}, {"type": "Feature", "geometry": {"type": "LineString", "coordinates": [[-79.1201690002991, 43.1146850003126], [-79.1201729995842, 43.114751999805], [-79.1202620000912, 43.1162959999605], [-79.1205560001592, 43.1207019998974], [-79.1211309996958, 43.1228269998662], [-79.1217040000395, 43.1241780001147], [-79.1223459999679, 43.1253049999258], [-79.1227800001968, 43.1259609996005], [-79.1237499999625, 43.1272190000569], [-79.1274800002018, 43.1310709996269], [-79.1310819999343, 43.1347229998666], [-79.1312299995648, 43.1348779998199]]}, "properties": {"lhrs": 10043, "offset": 0, "highway": "QEW", "length": 2.49, "traffic_section": 10043000, "aadt": 70700, "aadtt": 7800}}, {"type": "Feature", "geometry": {"type": "LineString", "coordinates": [[-79.7241409997073, 43.5293830001254], [-79.7241180004453, 43.5295430003093], [-79.724075000261, 43.5298300000545], [-79.7239720000077, 43.5299999998002], [-79.7236769998936, 43.5305099999366], [-79.7229509996889, 43.5314560003941], [-79.721878999716, 43.5324260001598], [-79.7204219999753, 43.5338219997855], [-79.7195710003013, 43.534615000382], [-79.718738999705, 43.5354009997564], [-79.7173870003098, 43.5367879998664], [-79.7146790004355, 43.5392130001799], [-79.7128240003273, 43.5407479999203], [-79.7119070003078, 43.5414249996641], [-79.7100429997845, 43.5429839996119], [-79.709641000132, 43.543327000141]]}, "properties": {"lhrs": 48270, "offset": 0, "highway": "403", "length": 1.96, "traffic_section": 48270000, "aadt": 182600, "aadtt": 27400}}, {"type": "Feature", "geometry": {"type": "LineString", "coordinates": [[-78.5339969997617, 44.1310100002114], [-78.5315120002786, 44.1324330001829], [-78.5118970004462, 44.1417210004239], [-78.5097539996473, 44.1427369996129], [-78.5074430000943, 44.144154000207], [-78.5000089999154, 44.1496720001627], [-78.4972589999029, 44.1517279996475], [-78.4947670000969, 44.1535730001938], [-78.4946120001437, 44.1536959995708], [-78.4943149999373, 44.1539139997313], [-78.4917850001776, 44.155784999678], [-78.4842319999069, 44.1613629997027], [-78.4828069998431, 44.162519999998], [-78.4814429998945, 44.1637229997167], [-78.4756879998013, 44.1690249996041], [-78.4752830000104, 44.1694480002251], [-78.4749130000349, 44.1698899999236], [-78.4743409997373, 44.1706970002664], [-78.4735959995557, 44.1717429999396], [-78.4734130001098, 44.1722160001683], [-78.4728229998815, 44.1731479999802], [-78.4724020002521, 44.1736250003935], [-78.4712720003025, 44.1754900000635], [-78.4703720001676, 44.1769200003578], [-78.4696950004239, 44.1778320001467], [-78.4662479997453, 44.1817979995781], [-78.4637770000085, 44.1845790001208], [-78.4630010001959, 44.1854560000944]]}, "properties": {"lhrs": 42240, "offset": 0, "highway": "115", "length": 8.43, "traffic_section": 42240000, "aadt": 23700, "aadtt": 2350}}, {"type": "Feature", "geometry": {"type": "LineString", "coordinates": [[-79.2123170004292, 43.8829829999655], [-79.2117139996014, 43.8831250002186], [-79.2112040003643, 43.8832499996878], [-79.2102759998375, 43.8834600003788], [-79.2097550000931, 43.8836619998015], [-79.2095260003246, 43.8837530004007], [-79.2091819997494, 43.8839159998236], [-79.2087299995897, 43.8841679997535], [-79.2082509999836, 43.8844449999369], [-79.2079680004229, 43.8845939996135], [-79.2077399998011, 43.8847020000973], [-79.2075649998249, 43.8847780000048], [-79.2073149999872, 43.8848590001428], [-79.2070830000803, 43.8849309998658], [-79.2066550001281, 43.8850400003957], [-79.205531999602, 43.8853219999104], [-79.1961359997765, 43.8876290001783], [-79.1957879999162, 43.8877539996474], [-79.1955719998479, 43.8878539997623], [-79.1954189999868, 43.8879329998081], [-79.1953060001717, 43.8879889996926], [-79.1951809998033, 43.8880620003611], [-79.1950700000804, 43.8881259997152], [-79.1949720000577, 43.888184999738], [-79.1948610003349, 43.8882690000144], [-79.1946779999897, 43.8884369996679], [-79.1944860001288, 43.8885959998056], [-79.1940590002226, 43.8891300001495], [-79.1938749998313, 43.8894689995947], [-79.1937389998549, 43.8898360003312], [-79.1936530003856, 43.8902220001452], [-79.1936399997861, 43.8910410001421], [-79.1936850000627, 43.89163899984], [-79.1937379998088, 43.8923569996758], [-79.19379999997, 43.8927630004122], [-79.1939650003844, 43.895538999825], [-79.1938990000387, 43.8960689999844], [-79.1938020000622, 43.8964179998908], [-79.1935779996249, 43.8968200004427], [-79.193304999626, 43.8972030001184], [-79.1929710004113, 43.89752200044], [-79.1926279998822, 43.8977680000932], [-79.1919439998157, 43.8981450003915], [-79.1907430001893, 43.8987559997896], [-79.190325999845, 43.8989289996737], [-79.1902740001449, 43.8990099998117], [-79.1897429999395, 43.8992710001566], [-79.1895679999632, 43.899355000433]]}, "properties": {"lhrs": 14400, "offset": 7.9, "highway": "7", "length": 2.95, "traffic_section": 14400079, "aadt": 0, "aadtt": 0}}, {"type": "Feature", "geometry": {"type": "LineString", "coordinates": [[-79.7976767998444, 43.7566051003451], [-79.7987441539195, 43.7567753887732], [-79.7994712998606, 43.7568914004178], [-79.8001778989908, 43.7569773998871], [-79.8011887000984, 43.7569999000254], [-79.8019758002429, 43.7569655000579], [-79.8025443003791, 43.7569060998367], [-79.8048569996508, 43.7564479995756], [-79.8061628997979, 43.7559945002461], [-79.807572999894, 43.7552606003965], [-79.8104426996708, 43.7532537002981], [-79.8136998004054, 43.7511729002092], [-79.8175810998878, 43.749030699807], [-79.8200395001228, 43.7477682000425], [-79.8215518999002, 43.7470503000314], [-79.8238004999931, 43.7458004995934], [-79.825507799945, 43.7445606996167], [-79.8271026999296, 43.7432782996539], [-79.8280403987454, 43.7425719999978], [-79.8295358004368, 43.7418217001114], [-79.8316056009177, 43.7413672996612], [-79.8318151321626, 43.7413532621434]]}, "properties": {"lhrs": 49085, "offset": 0, "highway": "410", "length": 3.36, "traffic_section": 49085000, "aadt": 74500, "aadtt": 4750}}, {"type": "Feature", "geometry": {"type": "LineString", "coordinates": [[-79.6499060000618, 44.4289089998505], [-79.6484199998831, 44.4312230004412], [-79.6480829996307, 44.4316870002549], [-79.6477080003239, 44.4321330001379], [-79.6468349996355, 44.4329599996043], [-79.6458120001237, 44.4337039997398], [-79.6452520003795, 44.4340310004304], [-79.6436500002472, 44.4348399999661], [-79.6434849998328, 44.4349190000119]]}, "properties": {"lhrs": 47100, "offset": 0, "highway": "400A", "length": 0.86, "traffic_section": 47100000, "aadt": 45700, "aadtt": 5050}}, {"type": "Feature", "geometry": {"type": "LineString", "coordinates": [[-79.6364069998831, 43.6212839996569], [-79.6366260000898, 43.6214280000023], [-79.6367139996513, 43.621485999979], [-79.6387289999434, 43.6227780002046], [-79.6423889996526, 43.6255060001019], [-79.6478489996316, 43.6296820002242], [-79.6481540002069, 43.6299109999927], [-79.648276000437, 43.6300029997387], [-79.6495820004089, 43.630917999666], [-79.6510339999192, 43.6319260002847], [-79.6538260000698, 43.6340209997694], [-79.6541800002068, 43.6342949998144], [-79.6556670004317, 43.6354019996027], [-79.6560449998768, 43.6356949996246], [-79.6564349998753, 43.6359869996004], [-79.656837999574, 43.6362890000374], [-79.6572279995725, 43.6365820000593], [-79.6576310001705, 43.6368750000813], [-79.658021000169, 43.6371759995728], [-79.6584229998215, 43.6374689995947], [-79.6588250003735, 43.6377710000317], [-79.6597160000933, 43.6384390002597], [-79.6598990004385, 43.6385760002822], [-79.6604109997678, 43.638960000004], [-79.6606180003204, 43.6391160000035], [-79.6607340002739, 43.639202000372]]}, "properties": {"lhrs": 48250, "offset": 0, "highway": "403", "length": 2.8, "traffic_section": 48250000, "aadt": 236100, "aadtt": 35400}}, {"type": "Feature", "geometry": {"type": "LineString", "coordinates": [[-79.6546739996053, 44.2003360001064], [-79.6552609996953, 44.2015130004247], [-79.6563539997372, 44.2035150001172], [-79.657282000264, 44.2051109999727], [-79.6578700004002, 44.206207000153], [-79.6584199996832, 44.207311999849], [-79.6589210003039, 44.2084249999139], [-79.6595329997481, 44.2101250000687], [-79.6598829997006, 44.2112640004333], [-79.662408000129, 44.2208269998662], [-79.6645120000288, 44.2285319999519], [-79.6667020002971, 44.2369119996891], [-79.6702369996378, 44.2500619999614], [-79.6730879998113, 44.2608720002427], [-79.6731229996267, 44.2609799998272], [-79.6731570002953, 44.2611329996882], [-79.6784879997214, 44.280993000027], [-79.679495000294, 44.2847139998512], [-79.6795290000633, 44.2848489997816], [-79.6795629998325, 44.2850029996887]]}, "properties": {"lhrs": 46860, "offset": 0, "highway": "400", "length": 9.63, "traffic_section": 46860000, "aadt": 103500, "aadtt": 12400}}, {"type": "Feature", "geometry": {"type": "LineString", "coordinates": [[-79.3210580004263, 44.5998450000467], [-79.3211009997113, 44.5998389997701], [-79.3215689997095, 44.5997740003699], [-79.3222260003296, 44.5997199996783], [-79.3228949997044, 44.599694000278], [-79.3262869996453, 44.5996089999554], [-79.3307739997203, 44.5995390003247], [-79.333698999709, 44.5995010003709], [-79.3353609999102, 44.5995160001633], [-79.3401270002608, 44.5994420003481], [-79.3427600002737, 44.5994350000253], [-79.3507510000586, 44.599351999795], [-79.3513550000332, 44.5993790001408], [-79.3516320002166, 44.5994099997718], [-79.3520830003301, 44.5994889998175], [-79.3526579998668, 44.5996589995632], [-79.3597139997013, 44.6019120000388], [-79.3620989999688, 44.6026760001973], [-79.36258699999, 44.6028090000354], [-79.3633750003559, 44.6029999998502], [-79.3639899999385, 44.6031129996653]]}, "properties": {"lhrs": 19420, "offset": 11.9, "highway": "12", "length": 3.49, "traffic_section": 19420119, "aadt": 13600, "aadtt": 1100}}, {"type": "Feature", "geometry": {"type": "LineString", "coordinates": [[-79.9939639996388, 44.1232490002412], [-79.9925079999442, 44.1235960000554], [-79.9892210003488, 44.1243780001446], [-79.9777999997701, 44.1270849999729], [-79.975842000308, 44.1275360000864], [-79.9718129997701, 44.1284900000135], [-79.9617099997167, 44.1308110000277], [-79.9583719995681, 44.1315370002324], [-79.9581720002376, 44.1315800004168], [-79.9472429998645, 44.1338570002005], [-79.9455239997328, 44.1342369997378], [-79.9437560000394, 44.1345539999672], [-79.9423279998373, 44.134694000128], [-79.9403510003983, 44.1347659998511], [-79.9398000001698, 44.1348239998278], [-79.9387090002202, 44.1350120004035], [-79.9376540001319, 44.1352899997337], [-79.936672999859, 44.1356589996632], [-79.9351739999801, 44.1362839997068], [-79.9341300003991, 44.1366250001437], [-79.9330120001037, 44.1369030003732], [-79.9298499999775, 44.1375850003475], [-79.9275279999172, 44.1380759996077], [-79.9198219997854, 44.1397230000165], [-79.915705999732, 44.1405399999211], [-79.9139610001999, 44.1409459997581], [-79.9139220002001, 44.1410269998961], [-79.9135330002478, 44.1411130002648]]}, "properties": {"lhrs": 38630, "offset": 0, "highway": "89", "length": 6.75, "traffic_section": 38630000, "aadt": 12400, "aadtt": 2000}}, {"type": "Feature", "geometry": {"type": "LineString", "coordinates": [[-79.087592999917, 43.1466820000743], [-79.0873539996873, 43.1468509997738], [-79.0872159996186, 43.1469489997965], [-79.0870710001265, 43.1470869998652], [-79.0866410000821, 43.1474969998867], [-79.0854599995792, 43.1486269998362], [-79.0849559997196, 43.1490420000883], [-79.0845039995599, 43.1493530000409], [-79.0839130001848, 43.1496720003625], [-79.0835030001633, 43.149860000039], [-79.0831479999802, 43.1499949999693], [-79.081949000446, 43.1504209998293], [-79.0747379997589, 43.1528240000276], [-79.073564999625, 43.1531849995881], [-79.0704780002595, 43.1539030003233], [-79.061114000111, 43.1560240001075], [-79.0567520004045, 43.1570079996196], [-79.056232999853, 43.1571289998035], [-79.0557599996242, 43.1571889998725], [-79.0552579998568, 43.1572299999646], [-79.0547780002045, 43.1572279998724], [-79.0542350003449, 43.1571600003338], [-79.0538230002313, 43.1570899998037], [-79.0533790004405, 43.1569759999425], [-79.0529129996352, 43.1568179998509], [-79.0524920000058, 43.1566510002435], [-79.0522790000758, 43.1565429997597], [-79.0520969997767, 43.1564299999446]]}, "properties": {"lhrs": 48600, "offset": 0, "highway": "405", "length": 3.21, "traffic_section": 48600000, "aadt": 10100, "aadtt": 2400}}, {"type": "Feature", "geometry": {"type": "LineString", "coordinates": [[-78.6100729997691, 43.9693339998643], [-78.6100309996309, 43.9695069997483], [-78.609971999608, 43.9697880001162], [-78.6099050001157, 43.9701339998842], [-78.6098920004155, 43.9702889998375], [-78.6098809999082, 43.9704799996523], [-78.6098749996315, 43.9706339995595], [-78.6098759996776, 43.9707640001585], [-78.609878999816, 43.9708969999966], [-78.609888000231, 43.9710350000652], [-78.6098949996545, 43.9711750002261], [-78.6099050001157, 43.9712969995569], [-78.6099209999542, 43.9714250000637], [-78.6099420000232, 43.9715579999018], [-78.6099700004152, 43.9717380001086], [-78.6102049995611, 43.9727809996435], [-78.610415000252, 43.973697999663], [-78.6104760003671, 43.9739650002846]]}, "properties": {"lhrs": 27816, "offset": 0, "highway": "35", "length": 0.52, "traffic_section": 27816000, "aadt": 26200, "aadtt": 2900}}, {"type": "Feature", "geometry": {"type": "LineString", "coordinates": [[-78.7371629996726, 44.154475000421], [-78.73242599976, 44.1563879996065], [-78.731654000132, 44.156624999744], [-78.7162660000758, 44.1603430003292], [-78.702026999946, 44.1637479999703], [-78.6951619999263, 44.1653029997337], [-78.6767839995818, 44.1695850002476], [-78.6765939998132, 44.1696260003397], [-78.6618990002386, 44.1730619996116], [-78.6609149998274, 44.1732850000028], [-78.6600939997383, 44.1734660002558], [-78.6590080000191, 44.1737410003469]]}, "properties": {"lhrs": 14930, "offset": 0, "highway": "7A", "length": 6.62, "traffic_section": 14930000, "aadt": 0, "aadtt": 0}}, {"type": "Feature", "geometry": {"type": "LineString", "coordinates": [[-79.138898999789, 44.368157999692], [-79.1352220001951, 44.3689439999657], [-79.1275750000862, 44.3706369997977], [-79.1128629997276, 44.3738070002928], [-79.1122199997532, 44.3738870003848], [-79.1115919995711, 44.3739210001541], [-79.1109780000347, 44.3738840002465], [-79.1104029995987, 44.3738030001084], [-79.1098429998545, 44.373667000132], [-79.1080770002533, 44.3731430002493], [-79.1073809996334, 44.3729419999733]]}, "properties": {"lhrs": 31080, "offset": 0, "highway": "48", "length": 2.63, "traffic_section": 31080000, "aadt": 6950, "aadtt": 830}}, {"type": "Feature", "geometry": {"type": "LineString", "coordinates": [[-79.2681209999842, 43.9098770000236], [-79.2681379998688, 43.9099620003461], [-79.2682349998453, 43.9105450002516], [-79.2683430003292, 43.9111049999958], [-79.2683869996603, 43.9112949997645], [-79.2684889998674, 43.91166499974], [-79.2685320000517, 43.9118999997852], [-79.2685869998901, 43.9121440002455], [-79.2686989996591, 43.9125690000593], [-79.2688989998889, 43.9133910001946], [-79.2691119998189, 43.9142049999608], [-79.2693350002101, 43.9151260001648], [-79.2696149996325, 43.9161929999071], [-79.2698600001389, 43.9172229997417], [-79.2701039996998, 43.9182349996456], [-79.2704729996292, 43.9196989997091], [-79.2705389999748, 43.9199889995927], [-79.27056100009, 43.9200879996615], [-79.2706509997438, 43.9204310001905], [-79.2706840003663, 43.9205850000977], [-79.2707839995819, 43.9210099999116], [-79.2709849998578, 43.9217960001853], [-79.2712450001566, 43.9227090000204], [-79.2713099995568, 43.9230339997193], [-79.2715360000863, 43.923848000385], [-79.2717140002009, 43.924570999552], [-79.2719789998309, 43.9257550001931], [-79.2722570000604, 43.9269020000273], [-79.2723560001292, 43.927354000187], [-79.2724449997369, 43.9277329996782], [-79.2730430003342, 43.9303000002449], [-79.2732970003563, 43.9314199997332], [-79.2736300004241, 43.9328380003735], [-79.2739069997082, 43.9340489995618], [-79.2739519999848, 43.9342030003682], [-79.2740970003762, 43.9347989999739], [-79.2742569996608, 43.9352880000412], [-79.2744660003056, 43.9358309999008], [-79.2746869997052, 43.9363569998757], [-79.2748160002582, 43.9366469997593], [-79.2750369996577, 43.9371810001031], [-79.2751660002107, 43.9374709999867], [-79.2754109998177, 43.9380420002382], [-79.2761590001377, 43.9397370001625], [-79.276345999768, 43.9401720004375], [-79.2766260000898, 43.9408340003888], [-79.2768600000889, 43.9413679998334], [-79.2769410002269, 43.9415589996482], [-79.2770699998806, 43.9418670003618], [-79.2771750002261, 43.942102000407], [-79.2772330002028, 43.9422560003142], [-79.2774769997637, 43.9428540000121], [-79.2775579999017, 43.9430799996424], [-79.2776600001089, 43.9434240002175], [-79.2777499997626, 43.9437770003084], [-79.2778390002696, 43.9441379998689], [-79.2778909999697, 43.9445079998443], [-79.2779209995545, 43.9447520003046], [-79.2779269998312, 43.9449769998887], [-79.2779540001769, 43.9453190003716], [-79.2779710000615, 43.9455989997941], [-79.2779970003613, 43.9464359997216], [-79.2780290000383, 43.947057999627], [-79.2780459999229, 43.9473369999027], [-79.2780560003841, 43.9478330002928], [-79.2780880000611, 43.9484639997138], [-79.2780910001995, 43.948778999851], [-79.2781100001764, 43.9489860004036], [-79.2781150004069, 43.9492380003335], [-79.2781249999687, 43.9493469999641], [-79.2781330003377, 43.9494819998944], [-79.2781439999456, 43.949527000171], [-79.2781860000838, 43.9502300002144], [-79.2782019999223, 43.9505450003515], [-79.2782209998992, 43.9507520000049], [-79.2782520004295, 43.950977999635], [-79.2783129996452, 43.9514380001636], [-79.2783670003368, 43.9517449999319], [-79.2784200000829, 43.9520699996308], [-79.278461000175, 43.9523770002984], [-79.2785370000825, 43.9527650002046], [-79.2786210003588, 43.953305999972], [-79.2787500000125, 43.9540019996926], [-79.2788690001042, 43.9546519999898], [-79.2789120002885, 43.954895000404], [-79.2789549995736, 43.9551210000342], [-79.2790320004265, 43.9554639996639], [-79.2790870002648, 43.9557260000549], [-79.279119999988, 43.9558799999621], [-79.2791759998725, 43.9560970000766], [-79.2792309997108, 43.9563589995682], [-79.2793539999871, 43.9568289996587], [-79.2795019996175, 43.9573440000256], [-79.2796609997553, 43.9578510000237], [-79.2798900004232, 43.9585560001593], [-79.2801309998457, 43.9592709998568], [-79.280305999822, 43.9597149996476], [-79.2804550003979, 43.9601410004069], [-79.2805359996366, 43.9603759995528], [-79.2806739997053, 43.9607559999895], [-79.28070900042, 43.9608560001044], [-79.2807430001893, 43.9609639996889], [-79.2807640002584, 43.9610910001496], [-79.280821000189, 43.9612809999182], [-79.2808749999812, 43.9615780001246], [-79.2809289997735, 43.9618849998929], [-79.2809570001654, 43.9622010000762], [-79.2809689998194, 43.9626330002129], [-79.2809430004191, 43.963101000211], [-79.2808919998658, 43.9635690002092], [-79.2808309997508, 43.9635840000017]]}, "properties": {"lhrs": 31010, "offset": 4, "highway": "48", "length": 6.08, "traffic_section": 31010040, "aadt": 13000, "aadtt": 1050}}, {"type": "Feature", "geometry": {"type": "LineString", "coordinates": [[-79.259661000155, 43.1574389997101], [-79.2597830003851, 43.1574369996179], [-79.263155000303, 43.1573530002409], [-79.2652610002949, 43.1572859998491], [-79.2743209999142, 43.1570089996657], [-79.2754889998175, 43.1570349999653], [-79.2762610003448, 43.1571190002417], [-79.2768470003887, 43.1572629996878], [-79.2775789999708, 43.1574989997791], [-79.2783210000141, 43.1577899997088], [-79.2790480002649, 43.1581969995919], [-79.2798320004464, 43.1587309999358], [-79.2803340002139, 43.1592339997493], [-79.280751999705, 43.1597080000242], [-79.2811740002799, 43.1604439997908], [-79.2814169997946, 43.1609699997657], [-79.2815010000711, 43.1615020000173], [-79.2814209999791, 43.1643639997988], [-79.2813009998412, 43.1660009997464], [-79.2813290002331, 43.1663169999297], [-79.2814149997024, 43.1667599996743], [-79.2816450004164, 43.1673390002947], [-79.2819029997236, 43.1677929996472], [-79.2836819999243, 43.1701430000994], [-79.2842819997145, 43.1711250004185], [-79.2845129995752, 43.1716690003242], [-79.2845660002207, 43.1719570001155], [-79.2846270003358, 43.1728679998583], [-79.284792999897, 43.1757250003085], [-79.2848180001505, 43.1761389996152], [-79.284914000081, 43.1774420003481]]}, "properties": {"lhrs": 48720, "offset": 0, "highway": "406", "length": 3.87, "traffic_section": 48720000, "aadt": 30700, "aadtt": 1850}}, {"type": "Feature", "geometry": {"type": "LineString", "coordinates": [[-79.6956149999323, 44.4767770003583], [-79.6956519998399, 44.4768130002199], [-79.6958239996778, 44.4769769996888], [-79.697517999556, 44.4788329998431], [-79.6978979999927, 44.4793060000719], [-79.6980830004301, 44.4794610000252], [-79.6987450003815, 44.4802070002529], [-79.6993840001714, 44.4808710002965], [-79.7029570003653, 44.4847650000048], [-79.7046530003357, 44.4865759998825], [-79.7076520001397, 44.4896890004471], [-79.7175119997789, 44.5000269996464], [-79.7252480003949, 44.5081170003993], [-79.730415000352, 44.5135039997099], [-79.7321120003685, 44.5153229999565], [-79.7363079996144, 44.5197000003548], [-79.7367490001662, 44.5202359998915], [-79.7372390002796, 44.5208720004425], [-79.7393949998793, 44.5230019997425], [-79.7398510002234, 44.5234479996255]]}, "properties": {"lhrs": 46920, "offset": 0, "highway": "400", "length": 6.27, "traffic_section": 46920000, "aadt": 28700, "aadtt": 3150}}, {"type": "Feature", "geometry": {"type": "LineString", "coordinates": [[-79.4448920003655, 44.6105489999364], [-79.445181000203, 44.6105889999824], [-79.4453190002716, 44.6106090000054], [-79.4467749999662, 44.6108179997509], [-79.4484200002828, 44.6110559999345], [-79.4507929999969, 44.6113950002791], [-79.4533029997337, 44.6117620001162], [-79.4549490000962, 44.6119640004383], [-79.4567850002275, 44.6121239997229], [-79.4630749998113, 44.612560000044], [-79.4640810003378, 44.6126359999515], [-79.4652900003332, 44.6126889996976], [-79.469371999718, 44.6127160000434], [-79.4724820001442, 44.6128390003196], [-79.4748349998353, 44.6129879999963], [-79.4848660001657, 44.6140119995542], [-79.4850479995655, 44.6140310004304]]}, "properties": {"lhrs": 19470, "offset": 0, "highway": "12", "length": 3.22, "traffic_section": 19470000, "aadt": 18500, "aadtt": 920}}, {"type": "Feature", "geometry": {"type": "LineString", "coordinates": [[-79.7418269996163, 44.859727000201], [-79.7423749997064, 44.8607149998974], [-79.7468189995971, 44.8688380003734], [-79.7475229996866, 44.8701960000454], [-79.7477159995937, 44.8706579997669], [-79.7478700004001, 44.8711269998112], [-79.7479739998002, 44.8716060003167], [-79.7480270004457, 44.8720920002457], [-79.7480060003766, 44.8730640001036], [-79.7479189999618, 44.8735489999864], [-79.7473339999641, 44.8760100001614], [-79.7471529997111, 44.8767639998588], [-79.7470110003574, 44.8774910001096], [-79.7469340004038, 44.8780940000381], [-79.7469639999886, 44.8790479999653], [-79.7471030001033, 44.8796709999167], [-79.7472089995956, 44.8800320003766], [-79.7474849997329, 44.8807100001664], [-79.7477039999396, 44.8811269996114], [-79.7479860003536, 44.8815710003014], [-79.7483419996835, 44.8820519999999], [-79.7487749998663, 44.8825430001594], [-79.7492829999104, 44.8830439998807], [-79.7535780001245, 44.8870510003035], [-79.754048000215, 44.8875790003706], [-79.7544659997061, 44.8881240003224], [-79.7548219999353, 44.8886670001819], [-79.7557830001853, 44.8905050004055], [-79.7558430002542, 44.8906319999669], [-79.7559040003693, 44.8907500000125], [-79.7562710002065, 44.8913299997797], [-79.7567639995589, 44.8919830002153], [-79.7570979996729, 44.8923469999142], [-79.7575079996944, 44.8927210000742], [-79.7579939996234, 44.8930950002341], [-79.7669040004192, 44.8992859997492], [-79.7674139996563, 44.8997060002318], [-79.767885999839, 44.9001429996997], [-79.7683190000218, 44.9006070004128], [-79.7686889999973, 44.9010969996269], [-79.769019999973, 44.9015950001092], [-79.7693129999949, 44.9021210000841], [-79.7716309998707, 44.9068630002273], [-79.7720900003532, 44.9079209995546], [-79.7740669997922, 44.9138389999699], [-79.774885999789, 44.9164489998215], [-79.7750320002266, 44.9173330001179], [-79.7750459999729, 44.9178729998391], [-79.7750530002957, 44.9181160002532], [-79.7750500001574, 44.9182419997686], [-79.775047000019, 44.9183860001138], [-79.7750480000651, 44.9184809999982]]}, "properties": {"lhrs": 46977, "offset": 0, "highway": "400", "length": 7.28, "traffic_section": 46977000, "aadt": 11500, "aadtt": 0}}, {"type": "Feature", "geometry": {"type": "LineString", "coordinates": [[-79.4202230003911, 44.0683680000832], [-79.4206219999053, 44.0703469996144], [-79.4209319998119, 44.0718590000928], [-79.421114000111, 44.0728699999506], [-79.4211279998573, 44.0729730002038], [-79.421145999788, 44.0731120003186], [-79.4211619996265, 44.0732559997646], [-79.4211780003644, 44.0733909996949], [-79.421185999834, 44.0734990001787], [-79.4211980003874, 44.0736289998785], [-79.4212039997647, 44.0737429997397], [-79.4212120001337, 44.0738680001082], [-79.4212180004104, 44.0739880002461], [-79.4212249998338, 44.0740989999689], [-79.4212300000644, 44.0742139998762], [-79.4212330002027, 44.0743230004062], [-79.4212330002027, 44.0744409995526], [-79.4212340002489, 44.0745479999903], [-79.4211849997879, 44.0762110002376], [-79.4211829996956, 44.0774580001866], [-79.4212209996494, 44.0780119996541], [-79.4212639998337, 44.0784320001367], [-79.4213029998335, 44.0787539996974], [-79.4213500002023, 44.0790740000651], [-79.421398999764, 44.079347000064], [-79.4214379997638, 44.079568000363], [-79.4214749996714, 44.0797469996244], [-79.4215230000863, 44.0799669998772], [-79.4215670003168, 44.0801520003146], [-79.4216230002012, 44.0803800000371], [-79.4216830002702, 44.0806200003128], [-79.4218719999928, 44.0813659996412], [-79.4219720001077, 44.0817910003544], [-79.4220659999459, 44.0822390003297], [-79.422168000153, 44.0827499996129], [-79.4222339995994, 44.0831269999111], [-79.4223389999448, 44.0837109998628], [-79.4224390000597, 44.0842989999989], [-79.422461000175, 44.0844590001828], [-79.4224739998751, 44.084604999721], [-79.4224790001057, 44.0847320001817], [-79.4224749999213, 44.084867000112], [-79.4224569999905, 44.0850030000884], [-79.4224200000829, 44.0851569999956], [-79.4223840002214, 44.0852879997415], [-79.4223280003369, 44.0854239997179], [-79.4222409999222, 44.0855969996019], [-79.4221720003375, 44.0857110003624], [-79.4220920002456, 44.0858220000853], [-79.421975000246, 44.0859660004306], [-79.4219200004077, 44.0860269996464]]}, "properties": {"lhrs": 48540, "offset": 0, "highway": "404", "length": 1.98, "traffic_section": 48540000, "aadt": 47800, "aadtt": 2400}}, {"type": "Feature", "geometry": {"type": "LineString", "coordinates": [[-79.7442580002065, 43.4065529997212], [-79.7442400002758, 43.4065699996058], [-79.7424759998674, 43.4082250003835], [-79.7412170002643, 43.4093819997795]]}, "properties": {"lhrs": 10129, "offset": 0, "highway": "QEW", "length": 0.4, "traffic_section": 10129000, "aadt": 213600, "aadtt": 32000}}, {"type": "Feature", "geometry": {"type": "LineString", "coordinates": [[-80.2497089996706, 43.5191100003263], [-80.2500100000614, 43.5193299996798], [-80.2502739996453, 43.5195259997251], [-80.2514000003097, 43.5203340001141], [-80.2526359997515, 43.5212799996723], [-80.2533179997259, 43.5219659998311], [-80.2537079997244, 43.5224889996676], [-80.2546940002279, 43.5239499995928], [-80.2558559998545, 43.52506499975], [-80.2572440000105, 43.5259199996083], [-80.2575400001708, 43.5260389997001], [-80.2582769999835, 43.5262870003448], [-80.2591590001877, 43.5265380002286], [-80.2601700000454, 43.5267300000895], [-80.2613220001102, 43.5268359995817], [-80.262515000267, 43.5269809999732], [-80.2634920003555, 43.5270589999729], [-80.2641140002609, 43.5271299996498], [-80.2642350004449, 43.5271529998112], [-80.2644250002136, 43.5271889996727], [-80.2646000001898, 43.527221000249]]}, "properties": {"lhrs": 13600, "offset": 5, "highway": "6", "length": 1.6, "traffic_section": 13600050, "aadt": 0, "aadtt": 0}}, {"type": "Feature", "geometry": {"type": "LineString", "coordinates": [[-78.115371999618, 44.9911530004107], [-78.1147699997356, 44.9912620000413], [-78.1110439996808, 44.9919419999234], [-78.1068709996969, 44.9926819998744], [-78.1058130003696, 44.9927900003583], [-78.1041989996841, 44.9928300004042], [-78.0998790001157, 44.9927120003586], [-78.0953190002716, 44.9925869999901], [-78.0937730000239, 44.9925380004285], [-78.0930120000037, 44.992545999898]]}, "properties": {"lhrs": 42620, "offset": 0, "highway": "118", "length": 1.79, "traffic_section": 42620000, "aadt": 1900, "aadtt": 190}}, {"type": "Feature", "geometry": {"type": "LineString", "coordinates": [[-79.5688679996584, 43.5965500002823], [-79.5639909995849, 43.6010439997808], [-79.5608280003119, 43.6037870003698], [-79.5598660000159, 43.6046210001591], [-79.5592719996031, 43.605127000111], [-79.5575870001399, 43.6066540003819], [-79.5571950000491, 43.6070089996656], [-79.5558649998698, 43.6082169996149], [-79.5550920001956, 43.6089189996122], [-79.5547370000125, 43.6092470003488], [-79.5546670003817, 43.6093139998413]]}, "properties": {"lhrs": 10153, "offset": 0, "highway": "QEW", "length": 1.82, "traffic_section": 10153000, "aadt": 169400, "aadtt": 20300}}, {"type": "Feature", "geometry": {"type": "LineString", "coordinates": [[-79.6844359997216, 43.6299560002693], [-79.6845230001363, 43.6299209995545], [-79.6896989996091, 43.6278920004156], [-79.6912120001337, 43.6272969999566], [-79.6983999997602, 43.6244889999674], [-79.6997380003085, 43.6239640000386], [-79.70020000003, 43.6237799996473], [-79.7002379999837, 43.6237619997166], [-79.7026879996514, 43.6227909999048], [-79.7051629995727, 43.6217919997011], [-79.7073000000949, 43.6209699995659], [-79.7075780003244, 43.6208630000275]]}, "properties": {"lhrs": 47680, "offset": 0, "highway": "401", "length": 2.12, "traffic_section": 47680000, "aadt": 231200, "aadtt": 32400}}, {"type": "Feature", "geometry": {"type": "LineString", "coordinates": [[-78.6315970004012, 44.0954390002098], [-78.6321190001917, 44.096688000251], [-78.6325429999595, 44.0976329997632], [-78.6326240000975, 44.0977970001315], [-78.6332029998185, 44.0992489996416], [-78.6363799997372, 44.1057340001241], [-78.6391790002107, 44.1120219996156], [-78.6443009998912, 44.1236699998706], [-78.646455000298, 44.1286029998286], [-78.6502160001683, 44.1359010000312], [-78.6514300003942, 44.1383749999064], [-78.652675000251, 44.1413440001256], [-78.6560149995925, 44.14856100019], [-78.6603689998294, 44.1579689996697], [-78.6605940003128, 44.1589370002424], [-78.6605570004052, 44.1601870003299]]}, "properties": {"lhrs": 27835, "offset": 2.5, "highway": "35", "length": 7.57, "traffic_section": 27835025, "aadt": 6300, "aadtt": 630}}, {"type": "Feature", "geometry": {"type": "LineString", "coordinates": [[-79.2761899997686, 43.1775950002091], [-79.2765369995829, 43.1775010003709], [-79.276932999858, 43.1774170000945], [-79.2778590002926, 43.1772949998644], [-79.2789439999656, 43.1772040001645], [-79.2796209997093, 43.1771870002799], [-79.2846759998974, 43.1776029996788]]}, "properties": {"lhrs": 10062, "offset": 0, "highway": "QEW", "length": 0.7, "traffic_section": 10062000, "aadt": 76800, "aadtt": 8450}}, {"type": "Feature", "geometry": {"type": "LineString", "coordinates": [[-79.9052569999106, 43.5281160001533], [-79.9060929997921, 43.5277280002471], [-79.9071029996037, 43.5273140000411], [-79.9077630003621, 43.5270779999498], [-79.9084470004287, 43.5268860000889], [-79.9091549998034, 43.5267219997206], [-79.9098630000773, 43.5266019995827], [-79.9130129996502, 43.5262270002759], [-79.9267510000586, 43.5246820000743], [-79.9282899999835, 43.5244540003519], [-79.9290469998191, 43.5242899999836], [-79.9297689998394, 43.5240800001919], [-79.9311139998112, 43.5235710001016], [-79.9317510004083, 43.5232699997107], [-79.9329629996427, 43.5225699998057], [-79.934615000282, 43.5215230000865], [-79.9484499997676, 43.5129169998198], [-79.9494510000636, 43.512260000099], [-79.9503290000832, 43.5115929999171], [-79.9510819997345, 43.5109609995505], [-79.9515970001015, 43.5104880002211], [-79.9522529997761, 43.5097919996011], [-79.9523659995912, 43.5097029999935], [-79.9527949995895, 43.5092200002029], [-79.9543019998374, 43.5071989996342], [-79.9558310002005, 43.5053129998951], [-79.9564269998062, 43.504471999783], [-79.9565160003131, 43.5043379998988], [-79.9565920002206, 43.5042399998761], [-79.9569220001501, 43.5037570000856], [-79.959991999631, 43.5000390003996], [-79.9611390003645, 43.4987529995514], [-79.9618909999696, 43.4981830002453], [-79.9634279998023, 43.497288000341], [-79.965419999933, 43.4965230001364], [-79.966542000413, 43.4962179995611], [-79.968002000292, 43.4960160001383], [-79.9700409998922, 43.4958410001621], [-79.9706110000976, 43.495791999701], [-79.9787899995588, 43.4950759999575], [-79.9803280003369, 43.4948470001889], [-79.9824900002133, 43.4942440002604], [-79.9842850002525, 43.4933870003099], [-79.9877930001468, 43.4914639997638], [-79.988068000238, 43.4912869996953], [-79.9884089997755, 43.4910990000189]]}, "properties": {"lhrs": 47700, "offset": 0, "highway": "401", "length": 8.32, "traffic_section": 47700000, "aadt": 117700, "aadtt": 22400}}, {"type": "Feature", "geometry": {"type": "LineString", "coordinates": [[-79.1062759999374, 43.9188560004042], [-79.1058049998008, 43.918977999735], [-79.1051933690787, 43.919086037091], [-79.1030436998069, 43.9197367001886], [-79.1027194996052, 43.9199168002202], [-79.1019591003322, 43.9204582001859], [-79.1012326001044, 43.921016100013], [-79.1004157998493, 43.9215759001078], [-79.0991164000018, 43.9220733996677], [-79.0980293004118, 43.9222177003866], [-79.0972281996217, 43.9222045001376], [-79.0952564998875, 43.9220782002488], [-79.0943695003521, 43.9220335003458], [-79.0935333997465, 43.9220582002258], [-79.0926591400072, 43.9221898438863], [-79.0912818309917, 43.922523122744], [-79.090702000297, 43.9226799995824], [-79.0893970003712, 43.9229910004344], [-79.0888929996122, 43.9231529998111], [-79.0883919998909, 43.9232349999953], [-79.087714000101, 43.9234130001099], [-79.087086999965, 43.9235370004323], [-79.0854799996023, 43.9239430002693], [-79.0793399997411, 43.9254509996639], [-79.0776940002779, 43.9258829998006], [-79.0766099997517, 43.9262879995916], [-79.0762939995684, 43.9264350000752], [-79.0756460002627, 43.9268209998893], [-79.074931999712, 43.9273310000257], [-79.0739110002924, 43.9284660002058], [-79.0735489997865, 43.9288829996507], [-79.0715660000708, 43.931254000172], [-79.0712309999107, 43.9315900003783], [-79.070859999889, 43.9319079997545], [-79.070119999938, 43.9324260002597], [-79.0695119997789, 43.9327580002815], [-79.0686139997363, 43.9331569997958], [-79.0685359997366, 43.9332729997492], [-79.0680679997383, 43.933481000348], [-79.0675629998326, 43.9336799996323], [-79.0674019996026, 43.9336679999783], [-79.0667720002276, 43.9338819999544], [-79.0655660003706, 43.9341770000685], [-79.0645270001209, 43.9343219995607], [-79.063353999987, 43.9344009996065], [-79.0627560002891, 43.9343999995604], [-79.0615620000862, 43.9343429996298], [-79.0603210004138, 43.9341780001147], [-79.0596890000473, 43.934060000069], [-79.0530149998423, 43.9324329996832], [-79.0523830003751, 43.9323149996376], [-79.0517499999625, 43.9322500002374], [-79.0511019997575, 43.9322569996609], [-79.0504520003595, 43.9323179997759], [-79.0471380004183, 43.9330710003264], [-79.0463340002139, 43.9332919997261], [-79.0451030001033, 43.9335950002092], [-79.0440989996691, 43.9338029999085], [-79.0423279998373, 43.9342400002759], [-79.0403460001678, 43.9346569997208], [-79.0365800000669, 43.935528000317], [-79.0334790000558, 43.9362310003604], [-79.0330009995964, 43.9363850002676], [-79.0314180003404, 43.9367629997127], [-79.0308039999046, 43.9368690001043], [-79.0287549998433, 43.9374190002867], [-79.0266950001741, 43.9379420001232], [-79.0205530002207, 43.9394199999331], [-79.0181649998149, 43.9400449999768], [-79.0174120001636, 43.9401939996534], [-79.0173469998641, 43.9402830001604], [-79.0168949997044, 43.9403830002753], [-79.0162549998683, 43.9405340000441], [-79.0161559997995, 43.9404879997215], [-79.0153529996412, 43.9406809996284], [-79.0117350000701, 43.9415540003169], [-79.005655000278, 43.9430150002421], [-79.0020139996464, 43.9438419997086], [-79.0000059996771, 43.9442660003756], [-78.9924950004439, 43.9460340000691], [-78.9876609996554, 43.9471199997882], [-78.9826960000203, 43.9483649996451], [-78.9822059999069, 43.9484819996446], [-78.972654000082, 43.9508879999812], [-78.9676159997785, 43.9520860003687], [-78.9646250003435, 43.9528159998586], [-78.9623509997988, 43.9533340003639]]}, "properties": {"lhrs": 14390, "offset": 0, "highway": "7", "length": 12.58, "traffic_section": 14390000, "aadt": 23900, "aadtt": 2150}}, {"type": "Feature", "geometry": {"type": "LineString", "coordinates": [[-80.2344219997754, 43.5062560002143], [-80.2344880001211, 43.5063029996837], [-80.2346100003512, 43.506394000283], [-80.2371359999264, 43.5082559998146], [-80.2385060001517, 43.5092659996262], [-80.2390829997806, 43.5097739996704], [-80.2401500004221, 43.5109360001963], [-80.2422209996993, 43.5132990003486], [-80.2423759996526, 43.5135320003016], [-80.2425959999055, 43.5137589999779], [-80.2430769996038, 43.514194000253], [-80.2441020001072, 43.5150470000191], [-80.2473289996336, 43.5173720002177], [-80.2497089996706, 43.5191100003263]]}, "properties": {"lhrs": 13599, "offset": 2.5, "highway": "6", "length": 1.9, "traffic_section": 13599025, "aadt": 38100, "aadtt": 2650}}, {"type": "Feature", "geometry": {"type": "LineString", "coordinates": [[-79.6733969996718, 43.4993779995951], [-79.6732399996262, 43.4997630002623], [-79.673134000134, 43.5000590004226], [-79.6727579998818, 43.5008649998199], [-79.6723760002522, 43.5014440004403], [-79.671756000439, 43.5022390002297], [-79.6714839995869, 43.5025249999289], [-79.6702979997528, 43.5036280004319], [-79.6641870003298, 43.5092200002029], [-79.663795000239, 43.5096209998093], [-79.6637289998934, 43.5096809998783], [-79.6636689998244, 43.5097359997167]]}, "properties": {"lhrs": 10140, "offset": 0, "highway": "QEW", "length": 1.4, "traffic_section": 10140000, "aadt": 137200, "aadtt": 20600}}, {"type": "Feature", "geometry": {"type": "LineString", "coordinates": [[-79.694375000306, 44.1914549997485], [-79.6803969996218, 44.1945230000365], [-79.6675049995561, 44.1974340002789], [-79.6673040001794, 44.197476999564], [-79.6644980002824, 44.1981370003223], [-79.661252999926, 44.1988730000889], [-79.6572909997798, 44.1997360003162], [-79.6550259996501, 44.2002590001528], [-79.6548250002735, 44.200301000291], [-79.6547450001815, 44.2003190002217]]}, "properties": {"lhrs": 38600, "offset": 0, "highway": "89", "length": 3.32, "traffic_section": 38600000, "aadt": 17900, "aadtt": 1050}}, {"type": "Feature", "geometry": {"type": "LineString", "coordinates": [[-78.7936510001934, 44.4035209999942], [-78.7935399995713, 44.4040490000614], [-78.7932889996875, 44.4047009995516], [-78.7916289995786, 44.4081169996998], [-78.7899460002077, 44.4114610001251], [-78.7889080000041, 44.4126649998899], [-78.7844110003674, 44.4173310001256], [-78.7843209998143, 44.4174300001944], [-78.7833619996565, 44.4184899996138], [-78.782201000076, 44.42096100025], [-78.7796249999937, 44.4269609999503], [-78.7795969996018, 44.4270260002498], [-78.7777059996321, 44.4315060000019], [-78.7775939998632, 44.4324850001827], [-78.7776220002551, 44.4340519996002], [-78.7773779997948, 44.4351909999647], [-78.774785999874, 44.4389390001348], [-78.7742569997607, 44.4396129997402], [-78.7701059998919, 44.4453479998104], [-78.769528000217, 44.4473169997798], [-78.7683200002677, 44.4526409997824], [-78.7676839997168, 44.4554919999559], [-78.7673620001561, 44.4563590003676], [-78.7667299997896, 44.4574260001099], [-78.7662419997685, 44.4580379995541], [-78.7637229996167, 44.4614460002328], [-78.7624460000828, 44.4639420002232], [-78.7622360002911, 44.4648380001736], [-78.7609139995814, 44.4727790003506], [-78.7600039998846, 44.4804489997216], [-78.7603699996757, 44.4836980002626]]}, "properties": {"lhrs": 27890, "offset": 6.6, "highway": "35", "length": 9.45, "traffic_section": 27890066, "aadt": 9650, "aadtt": 290}}, {"type": "Feature", "geometry": {"type": "LineString", "coordinates": [[-79.9521470002838, 43.337274000195], [-79.9522129997301, 43.3373219997106], [-79.9529929997271, 43.3378879997314], [-79.9540899999535, 43.3386810003279], [-79.9574409998023, 43.3410889998575], [-79.9589029997736, 43.3421829999455], [-79.9589259999349, 43.3422820000143], [-79.9591820000492, 43.3424739998753], [-79.9601559999994, 43.3431939998033], [-79.9602669997222, 43.3432040002644], [-79.9613759996026, 43.3440329998231], [-79.9656640003933, 43.3472149999723], [-79.9677240000625, 43.3487460004276], [-79.9709280003269, 43.3511250004185], [-79.9720619995616, 43.3519550000233], [-79.9746949995745, 43.3539050000158], [-79.9749260003346, 43.3540779998998], [-79.9789610002499, 43.3570320003266], [-79.9834589999329, 43.3603230001064], [-79.9877999995703, 43.3634949997944], [-79.9901039996998, 43.3651990001338], [-79.9921769999685, 43.3667210001741], [-79.9924580003364, 43.3669210004039], [-79.9955429996097, 43.3692000002798], [-80.0000070004227, 43.3724809995985], [-80.0002619995915, 43.3726720003126], [-80.0007010000511, 43.3730089996657], [-80.0029700003652, 43.3746849996131], [-80.0051530003107, 43.3763160001833], [-80.0051750004259, 43.3764330001829], [-80.0054070003328, 43.3766060000669], [-80.0056919999858, 43.3768189999969]]}, "properties": {"lhrs": 13570, "offset": 3.9, "highway": "6", "length": 6.18, "traffic_section": 13570039, "aadt": 40100, "aadtt": 5200}}, {"type": "Feature", "geometry": {"type": "LineString", "coordinates": [[-80.1774549996485, 43.5906990002587], [-80.1725079999442, 43.5960479996156], [-80.1715150000172, 43.5971300000495], [-80.1694140002559, 43.5994019996027], [-80.1670629997576, 43.6014349998254], [-80.1647130002048, 43.6035039999097], [-80.1625260000748, 43.6054669996024], [-80.1614600003787, 43.6064059997371], [-80.1610739996653, 43.606697999713], [-80.1603870003597, 43.6070370000576], [-80.1597739999701, 43.6072790004256], [-80.1562999998451, 43.6083890003521], [-80.1555939996633, 43.6086560000744], [-80.1547510003583, 43.6088869999352], [-80.1537399996013, 43.609228000372], [-80.1531029999035, 43.609564999725], [-80.1523019998374, 43.6101450003915], [-80.1520350001151, 43.6104229997217], [-80.1517610000701, 43.6107660002507], [-80.1514049998408, 43.611315000387], [-80.1507239999126, 43.6122040000146], [-80.1489899999885, 43.6138840001465], [-80.1475829998555, 43.6152690001643], [-80.1465360001363, 43.6165580002516], [-80.1448250003734, 43.6183280000372], [-80.1441360000763, 43.6188540000122]]}, "properties": {"lhrs": 14540, "offset": 0, "highway": "7", "length": 4.2, "traffic_section": 14540000, "aadt": 9250, "aadtt": 560}}, {"type": "Feature", "geometry": {"type": "LineString", "coordinates": [[-80.2642350004449, 43.5271529998112], [-80.2644250002136, 43.5271889996727], [-80.2648000004197, 43.5272580001566], [-80.2656029996787, 43.5274900000635], [-80.2662800003217, 43.5277529996013], [-80.2671289999034, 43.5281809995535], [-80.2682579998068, 43.5289269997813], [-80.2689450000117, 43.5294719997331], [-80.2723820002291, 43.5318339998392], [-80.2734120000637, 43.5325790000209], [-80.2737549996934, 43.5328699999506], [-80.2742209995994, 43.5331969997418], [-80.2743439998757, 43.533288000341], [-80.2761240001225, 43.5345599996443], [-80.2806520002895, 43.5378120003236], [-80.2809349998503, 43.5380169998847]]}, "properties": {"lhrs": 13605, "offset": 0, "highway": "6", "length": 1.82, "traffic_section": 13605000, "aadt": 36900, "aadtt": 2200}}, {"type": "Feature", "geometry": {"type": "LineString", "coordinates": [[-78.7635939999631, 43.8788930002119], [-78.7638950003539, 43.878854000212], [-78.7665329996981, 43.8785279995676], [-78.7885580000516, 43.8756780003395], [-78.7892240001874, 43.8756150001322], [-78.7897579996319, 43.8755829995558], [-78.7902699998606, 43.8755540000171], [-78.7906239999975, 43.8755459996482], [-78.7909950000192, 43.8755390002247], [-78.7914720004325, 43.8755430004092], [-78.7919029996237, 43.8755499998327], [-78.7924349998753, 43.8755709999017], [-78.792817999551, 43.8755950001092], [-78.7933319998718, 43.875633000063], [-78.7938870002848, 43.8756889999474], [-78.7944100001214, 43.8757570003853], [-78.7946870003048, 43.8757970004313], [-78.7951029997037, 43.8758589996932], [-78.7955109996329, 43.8759290002232], [-78.7958609995854, 43.8760030000385], [-78.7964279996524, 43.8761210000841], [-78.7969050000656, 43.8762370000376], [-78.7973560001792, 43.8763550000833], [-78.7976910003393, 43.8764469998292], [-78.7981289998534, 43.876575000336], [-78.7986369998976, 43.8767399998512], [-78.7990920001956, 43.8768989999889], [-78.7996719999628, 43.8771170001495], [-78.8002050002605, 43.8773350003101], [-78.8007520003046, 43.8775779998249], [-78.8012289998185, 43.8778099997318], [-78.801711999609, 43.8780560002842], [-78.8022189996071, 43.8783359997067], [-78.8028410004118, 43.8787200003278], [-78.8039120003385, 43.8794350000253], [-78.8080309996309, 43.8822759997377], [-78.8081699997456, 43.8823499995529], [-78.810461000175, 43.8835740002399], [-78.8125670001669, 43.8845229999366], [-78.8166040001744, 43.8857980002775], [-78.820641000182, 43.8867130002048], [-78.8210120002036, 43.8867740003199], [-78.823194000103, 43.8870220000653], [-78.8261129998151, 43.8872040003644], [-78.828584999598, 43.8871889996727]]}, "properties": {"lhrs": 47580, "offset": 0, "highway": "401", "length": 5.63, "traffic_section": 47580000, "aadt": 114500, "aadtt": 17200}}, {"type": "Feature", "geometry": {"type": "LineString", "coordinates": [[-79.6469939997732, 44.6852139996265], [-79.6474239998177, 44.6889730003037], [-79.6481439997458, 44.695995000369], [-79.6482189996071, 44.6965540000671], [-79.6483320003215, 44.6971040002494], [-79.6484840001365, 44.6976460000629], [-79.6487109998127, 44.6981800004067], [-79.6490019997425, 44.6986969999666], [-79.6493440002254, 44.6991959995958], [-79.6497370003622, 44.6996780002396], [-79.6501929998071, 44.7001329996383], [-79.650688000151, 44.7005619996366], [-79.651234000149, 44.7009650002346], [-79.6518190001467, 44.7013320000718], [-79.6537140003009, 44.7023530003907], [-79.6543499999525, 44.7026669995824], [-79.6587650003045, 44.7049689996197], [-79.6598629996777, 44.705558999848], [-79.6602110004373, 44.7058060004466], [-79.6603099996068, 44.7058790002158], [-79.660371999768, 44.7059150000772]]}, "properties": {"lhrs": 46950, "offset": 0, "highway": "400", "length": 2.73, "traffic_section": 46950000, "aadt": 14400, "aadtt": 2450}}, {"type": "Feature", "geometry": {"type": "LineString", "coordinates": [[-79.5523679995835, 43.7094579999867], [-79.5524560000444, 43.7094230001714], [-79.5524689997445, 43.7094139997564], [-79.5525560001593, 43.7093789999409], [-79.5526439997208, 43.7093440001256], [-79.5527439998357, 43.7093100003563], [-79.5528320002965, 43.7092660001259], [-79.5529199998581, 43.7092310003105], [-79.5530080003189, 43.70918700008], [-79.5530959998804, 43.7091520002647], [-79.5531959999954, 43.7091080000342], [-79.5532839995569, 43.7090639998038], [-79.5533720000178, 43.7090199995734], [-79.5534590004325, 43.708984999758], [-79.5535480000401, 43.708933000058], [-79.5536349995555, 43.7088980002426], [-79.5537110003624, 43.7088540000121], [-79.5537860002237, 43.7088190001967], [-79.553849000431, 43.7087739999202], [-79.5539250003384, 43.7087299996898], [-79.5540000001998, 43.7086860003587], [-79.5540760001073, 43.7086420001282], [-79.5541509999686, 43.7086070003129], [-79.5542269998761, 43.7085539996674], [-79.5542900000834, 43.7085100003363], [-79.5543659999909, 43.7084660001059], [-79.5544290001982, 43.7084219998754], [-79.5545040000595, 43.70838700006], [-79.5545670002668, 43.7083330002678], [-79.5546430001743, 43.7082890000374], [-79.5547060003816, 43.7082360002912], [-79.554782000289, 43.7081920000608], [-79.554844999597, 43.7081479998304], [-79.5549079998043, 43.7080940000381], [-79.5549710000116, 43.7080499998077], [-79.5550469999191, 43.7079970000615], [-79.5551100001264, 43.7079529998311], [-79.5551609997803, 43.7079089996007], [-79.5552239999875, 43.7078549998084], [-79.5552749996415, 43.707819999993], [-79.5553260001947, 43.7077759997626], [-79.5553759998025, 43.7077219999704], [-79.5554400000559, 43.7076779997399], [-79.5554899996637, 43.7076340004089], [-79.555541000217, 43.7075890001323], [-79.5555919998708, 43.7075360003861], [-79.5556430004241, 43.7074910001096], [-79.5556930000319, 43.7074469998792], [-79.5557439996858, 43.707394000133], [-79.5557829996857, 43.7073489998565], [-79.5558330001928, 43.7073049996261], [-79.5558839998467, 43.7072509998338], [-79.5559229998465, 43.7071980000877], [-79.5559740003998, 43.7071440002955], [-79.5560240000075, 43.707100000065], [-79.5560630000074, 43.7070470003189], [-79.5564829995907, 43.706593000067], [-79.556585999844, 43.7064770001135], [-79.5566880000511, 43.706351999745], [-79.5567769996588, 43.7062450002066], [-79.557031999727, 43.7059599996543], [-79.5572879998413, 43.7056750000013], [-79.557771999678, 43.7051589995882], [-79.5585359998365, 43.7043409996375], [-79.559006999973, 43.7038240000776], [-79.559582000409, 43.7031650002646], [-79.5605900001284, 43.7020079999693], [-79.561508000194, 43.7009659995813], [-79.5615589998479, 43.700911999789], [-79.5616100004012, 43.7008499996278], [-79.5617499996627, 43.700698999859], [-79.5631909995649, 43.6990959996807], [-79.5644669999521, 43.6976440001705], [-79.5657669996473, 43.6961840002914], [-79.5664939998981, 43.6953739998103], [-79.5670169997347, 43.6947859996742], [-79.5677819999393, 43.6938949999544], [-79.5683439997757, 43.6932629995878], [-79.5684199996832, 43.6931739999802], [-79.5684969996368, 43.6930850003725], [-79.5685730004436, 43.6929959998656], [-79.5686500003972, 43.6929070002579], [-79.5687139997513, 43.692817999751], [-79.5687909997048, 43.6927199997282], [-79.5688669996123, 43.6926389995902], [-79.5689439995659, 43.6925409995675], [-79.5690079998193, 43.6924519999599], [-79.5690849997729, 43.6923539999372], [-79.5691490000263, 43.6922650003295], [-79.5692259999799, 43.6921759998226], [-79.5692639999337, 43.6921310004454], [-79.5692900002333, 43.6920779997999], [-79.5693670001868, 43.6919880001461], [-79.5693670001868, 43.6919700002154], [-79.569379999887, 43.6919609998004], [-79.5694310004403, 43.6918900001235], [-79.5694440001404, 43.6918629997777], [-79.5694949997944, 43.6918009996165], [-79.569521000094, 43.6917560002393], [-79.5695600000939, 43.6917029995938], [-79.5696109997478, 43.6916220003551], [-79.5696240003473, 43.6916040004243], [-79.5696879997014, 43.6915149999174], [-79.5697519999548, 43.6914169998947], [-79.5698170002543, 43.691318999872], [-79.5698390003695, 43.691287000195]]}, "properties": {"lhrs": 47663, "offset": 0, "highway": "401", "length": 2.48, "traffic_section": 47663000, "aadt": 402800, "aadtt": 40300}}, {"type": "Feature", "geometry": {"type": "LineString", "coordinates": [[-80.1234779998098, 43.1835410001171], [-80.1233589997181, 43.1835709997019], [-80.1135590001477, 43.1861039995999], [-80.1118979999927, 43.18654800029], [-80.1100569996308, 43.1872549996186], [-80.1043839997218, 43.1901160002533], [-80.0993189999718, 43.192615000382], [-80.0977739997703, 43.1932229996417], [-80.0961460002377, 43.1936670003319], [-80.0943369995529, 43.1939800003768], [-80.0923309996759, 43.1941609997304], [-80.0906209999591, 43.1941609997304], [-80.0874640000635, 43.1939309999158], [-80.0828110004273, 43.1935690003092], [-80.0781899995688, 43.1933059998721], [-80.0738819996545, 43.1934540004019], [-80.0708569995509, 43.193831999847], [-80.0690150000422, 43.1941769995689], [-80.0658250004234, 43.1949829998656], [-80.0622409997224, 43.1960850003226], [-80.054659999959, 43.1983739997604], [-80.0482670001219, 43.2003019996376], [-80.0475739996403, 43.2005120003286], [-80.0454469995793, 43.2011520001647], [-80.0448899999735, 43.201317999726], [-80.044865999766, 43.201327000141]]}, "properties": {"lhrs": 48332, "offset": 0, "highway": "403", "length": 6.85, "traffic_section": 48332000, "aadt": 56400, "aadtt": 9000}}, {"type": "Feature", "geometry": {"type": "LineString", "coordinates": [[-79.8932409997723, 43.2926059997671], [-79.8931419997035, 43.2927609997204], [-79.8930770003033, 43.2929670002269], [-79.8930239996578, 43.2931470004337], [-79.8930210004188, 43.2933180002256], [-79.893004999681, 43.2935249998789], [-79.8930510000036, 43.2937240000626], [-79.8930970003263, 43.2939220002002], [-79.8932759995877, 43.2942390004296], [-79.8936260004396, 43.2946389999899], [-79.8939900001383, 43.2949299999196], [-79.8943800001368, 43.2952130003797], [-79.8944899998136, 43.2952680002181], [-79.8947570004351, 43.2954870004248], [-79.8948670001119, 43.2955600001939], [-79.8951220001802, 43.2957699999856], [-79.8952309998107, 43.2958609996854], [-79.8954489999713, 43.2960700003303], [-79.895557999602, 43.2961700004452], [-79.8957640001085, 43.2963790001908], [-79.8960790002456, 43.2966789996362], [-79.896579999967, 43.2969450002116], [-79.8966640002434, 43.2970359999115], [-79.8967620002661, 43.2971180000957], [-79.8968459996431, 43.2972000002798], [-79.8969429996197, 43.2972819995647], [-79.8970409996424, 43.2973639997488], [-79.897137999619, 43.297445999933], [-79.8972349995955, 43.2975189997021], [-79.8973319995721, 43.2975920003706], [-79.8975440003553, 43.2977499995629]]}, "properties": {"lhrs": 13545, "offset": 0, "highway": "6", "length": 0.71, "traffic_section": 13545000, "aadt": 51400, "aadtt": 4650}}, {"type": "Feature", "geometry": {"type": "LineString", "coordinates": [[-80.5129110000426, 43.13478700012], [-80.5129099999965, 43.13478700012], [-80.5070509996039, 43.1356809999782], [-80.5048349999353, 43.1359770001385], [-80.4999969998616, 43.1367040003894], [-80.4662739996454, 43.1417560004391], [-80.4555990001937, 43.1433540003869], [-80.449859999939, 43.1442630000375], [-80.4462990002986, 43.1450290002882], [-80.4430810002879, 43.1459410000771], [-80.4410330002727, 43.1466329996133], [-80.4292589996031, 43.1512130003797], [-80.4258430003541, 43.1522040002145], [-80.4229710001115, 43.1528739996354], [-80.407914000031, 43.1556520000398], [-80.4054869996253, 43.1561070003378], [-80.3769920003805, 43.1617549999933]]}, "properties": {"lhrs": 48370, "offset": 0, "highway": "403", "length": 11.49, "traffic_section": 48370000, "aadt": 24000, "aadtt": 4950}}, {"type": "Feature", "geometry": {"type": "LineString", "coordinates": [[-79.5487320000817, 43.6136910002395], [-79.5487320000817, 43.6137019998475], [-79.5487310000356, 43.6137359996167], [-79.5487299999895, 43.6137809998933], [-79.5487289999434, 43.6138080002391], [-79.5487289999434, 43.6138260001698], [-79.5487399995513, 43.6138620000313], [-79.5487390004045, 43.6139159998236], [-79.5487380003584, 43.6139519996851], [-79.5487500000124, 43.6139889995927], [-79.5487489999663, 43.6139980000078], [-79.5487479999202, 43.6140430002843], [-79.5487599995743, 43.6140879996615], [-79.5487710000816, 43.614132999938], [-79.5487700000355, 43.6141780002146], [-79.5487809996434, 43.6142140000761], [-79.5487930001968, 43.6142590003527], [-79.5488039998047, 43.6143039997299], [-79.548815000312, 43.6143500000525], [-79.548826999966, 43.6143950003291], [-79.548837999574, 43.6144399997063], [-79.5488490000812, 43.6144849999828], [-79.5488609997353, 43.6145300002594], [-79.5488720002426, 43.6145749996366], [-79.5488950004039, 43.6146300003743], [-79.548907000058, 43.6146749997515], [-79.5489179996659, 43.6147200000281], [-79.5489290001732, 43.6147559998895], [-79.5489409998273, 43.6147739998203], [-79.5489530003806, 43.6148109997279], [-79.5489769996888, 43.6148560000045], [-79.5489999998501, 43.6149099997967], [-79.5490120004035, 43.6149459996582], [-79.5490349996655, 43.6149919999809], [-79.5490589998729, 43.6150370002574], [-79.5490830000804, 43.6150819996346], [-79.5491060002417, 43.6151279999573], [-79.5491300004491, 43.6151730002338], [-79.5491539997573, 43.615217999611], [-79.5491769999186, 43.6152639999337], [-79.549201000126, 43.6153090002102], [-79.5492369999875, 43.6153539995874], [-79.549261000195, 43.6153999999101], [-79.5492850004024, 43.6154450001866], [-79.5493210002639, 43.61549099961], [-79.5493570001254, 43.6155270003708], [-79.5493810003329, 43.615571999748], [-79.5494410004018, 43.6156450004165], [-79.5494530000558, 43.6156630003472], [-79.5494889999174, 43.6157000002548], [-79.5495249997789, 43.6157449996321], [-79.5495370003322, 43.6157629995628], [-79.5495609996404, 43.6157909999548], [-79.5495980004473, 43.6158269998163], [-79.5496340003089, 43.6158730001389], [-79.5496700001704, 43.6159180004154], [-79.5497060000318, 43.6159550003231], [-79.5497549995935, 43.6159910001846], [-79.5497910003543, 43.6160369996079], [-79.5498270002158, 43.6160730003687], [-79.5498759997776, 43.6161100002764], [-79.5499240001924, 43.6161549996536], [-79.5499729997541, 43.6162009999762], [-79.5500220002151, 43.6162379998838], [-79.5500699997307, 43.6162919996761], [-79.5501190001917, 43.6163289995837], [-79.5501669997072, 43.6163749999064], [-79.5502150001221, 43.6164289996986], [-79.5502639996838, 43.6164750000213], [-79.5503120000987, 43.6165200002978], [-79.5503609996604, 43.6165659997212], [-79.5504090000753, 43.6166120000438], [-79.5504579996369, 43.6166570003204], [-79.5504940003978, 43.6167029997437], [-79.5505419999133, 43.6167579995821], [-79.5505779997748, 43.6168029998586], [-79.5506260001897, 43.616857999697], [-79.5506870003048, 43.6169130004347], [-79.5507600000739, 43.6169759997426], [-79.5508200001428, 43.617039999996], [-79.5508810002579, 43.6171040002495], [-79.550954000027, 43.6171679996036], [-79.551014000096, 43.617241000272], [-79.5510740001649, 43.6172950000642], [-79.55113500028, 43.6173679998334], [-79.551195000349, 43.6174320000868], [-79.5512550004179, 43.6174960003402], [-79.5513159996336, 43.6175690001093], [-79.5513640000485, 43.6176229999016], [-79.551388000256, 43.6176419998785], [-79.5514369998177, 43.6176959996707], [-79.5514969998866, 43.6177690003391], [-79.5515450003015, 43.6178240001775], [-79.551581000163, 43.6178779999698], [-79.5516289996785, 43.6179420002232], [-79.5516770000934, 43.6180059995773], [-79.551724999609, 43.6180600002688], [-79.5517610003698, 43.6181150001072], [-79.5518089998854, 43.6181780003145], [-79.5518449997469, 43.6182419996686], [-79.5518930001618, 43.6182960003602], [-79.5519290000233, 43.6183599997142], [-79.5519639998387, 43.6184229999216], [-79.5520120002536, 43.618487000175], [-79.5520480001151, 43.6185409999673], [-79.5520839999766, 43.6186050002206], [-79.5521199998381, 43.6186680004279], [-79.5521549996534, 43.618731999782], [-79.5521910004143, 43.6187949999893], [-79.5522270002758, 43.6188499998277], [-79.5522500004371, 43.6189039996199], [-79.5522860002986, 43.6189679998733], [-79.5523220001601, 43.6190219996656], [-79.5523450003215, 43.6190760003572], [-79.5523810001829, 43.6191310001956], [-79.5524050003904, 43.6191940004028], [-79.5524400002058, 43.6192579997569], [-79.5524640004132, 43.6193120004485], [-79.5524630003671, 43.6193209999642], [-79.5524869996752, 43.6193749997565], [-79.5525230004361, 43.6194299995948], [-79.5525459996981, 43.6194929998022], [-79.5525689998594, 43.6195560000094], [-79.5525930000668, 43.6196109998478], [-79.5526520000897, 43.6197200003778], [-79.5528280001121, 43.6201270002609], [-79.553475000271, 43.6215850000478], [-79.5537690003391, 43.622255000368], [-79.5539919998309, 43.6227620003661], [-79.5541210003838, 43.6230700001804], [-79.5542500000374, 43.6233680004329], [-79.5550370003572, 43.6252059997572], [-79.5551189996421, 43.6253960004251], [-79.555167000057, 43.62547799971], [-79.5552140004257, 43.6255690003092], [-79.5552490002411, 43.6256589999629], [-79.5552959997106, 43.6257499996628], [-79.5553440001254, 43.6258400002159], [-79.5553789999408, 43.6259309999157], [-79.5554260003096, 43.6260219996157], [-79.555461000125, 43.6261120001687], [-79.5554959999404, 43.6262019998225], [-79.5555309997558, 43.6262930004217], [-79.5555790001707, 43.6263840001216], [-79.5556139999861, 43.6264739997753], [-79.5556489998015, 43.6265640003284], [-79.5556839996169, 43.6266550000283], [-79.5557190003316, 43.6267459997281], [-79.555754000147, 43.6268360002812], [-79.5557760002622, 43.626925999935], [-79.5558110000775, 43.6270260000499], [-79.5558459998929, 43.6271159997037], [-79.5558809997083, 43.6272070003029], [-79.5559039998697, 43.6272969999566], [-79.5559389996851, 43.6273879996565], [-79.5559619998464, 43.6274689997945], [-79.5559969996618, 43.6275590003476], [-79.556018999777, 43.6276500000475], [-79.5560539995924, 43.6277399997013], [-79.5560769997537, 43.6278300002543], [-79.556099999915, 43.6279209999542], [-79.5561220000303, 43.628010999608], [-79.5561450001916, 43.6281010001611]]}, "properties": {"lhrs": 50210, "offset": 0, "highway": "427", "length": 1.73, "traffic_section": 50210000, "aadt": 407800, "aadtt": 32600}}, {"type": "Feature", "geometry": {"type": "LineString", "coordinates": [[-79.3926420001281, 43.9777680002931], [-79.3926440002204, 43.9777909995551], [-79.3926549998283, 43.9778369998777], [-79.3926889995976, 43.977971999808], [-79.3927559999894, 43.9782789995762], [-79.3928119998739, 43.9785139996214], [-79.3928780002195, 43.9788299998047], [-79.392934000104, 43.9790469999191], [-79.3930009995964, 43.9793450001717], [-79.3930700000804, 43.9795889997326], [-79.3931360004261, 43.9799049999158], [-79.3931920003105, 43.9801129996153], [-79.3934729997791, 43.9812689998645], [-79.3935079995945, 43.9813689999794], [-79.3935749999862, 43.9816490003012], [-79.3936190002166, 43.9818479995856], [-79.3936869997552, 43.9821370003224], [-79.3937629996627, 43.9825519996751], [-79.3939110001925, 43.9830670000421], [-79.3939779996849, 43.9833650002946], [-79.3940440000305, 43.9836720000628], [-79.3942139997763, 43.9843139999912], [-79.3942820002141, 43.9845760003822], [-79.3943260004446, 43.9847929995973], [-79.394382000329, 43.9850279996425], [-79.3944269997062, 43.9851899999186], [-79.3944360001213, 43.9853160003332], [-79.3944889998674, 43.9856589999629], [-79.3945550002131, 43.9859930000769], [-79.394585999844, 43.9862189997071], [-79.3946290000283, 43.9864810000981], [-79.3947009997513, 43.9870759996577], [-79.3947850000277, 43.9876350002551], [-79.3948670002118, 43.9882940000681], [-79.3949420000732, 43.9887719996281], [-79.3951210002339, 43.9899900000385], [-79.3951699997956, 43.9904590000829], [-79.3952530000259, 43.991108000334], [-79.395305999772, 43.9914509999637], [-79.3953900000485, 43.9920370000076], [-79.3954100000714, 43.9922180002606], [-79.3955140003708, 43.9929669997273], [-79.3955559996097, 43.9932819998645], [-79.3955769996788, 43.9934260002098], [-79.3956179997708, 43.9937509999088], [-79.3956820000242, 43.9941660001608], [-79.3957480003699, 43.9944909998598], [-79.3958489996316, 43.994907000158], [-79.3959519998849, 43.9952420003181], [-79.3960659997461, 43.9956389997401], [-79.3962049998608, 43.9960459996232], [-79.3963690002291, 43.996427000106], [-79.3965339997442, 43.9967709997819], [-79.3966879996514, 43.9970979995731], [-79.396854000112, 43.9973969998717], [-79.3969609996504, 43.9975869996404], [-79.3972009999261, 43.9979690001693], [-79.3974640003633, 43.9983689997296], [-79.3977289999933, 43.9987330003278], [-79.3980430000843, 43.9991240003724], [-79.3983329999679, 43.9994520002097], [-79.3985999996902, 43.9997440001855], [-79.3989149998274, 44.0000639996539], [-79.3990250004034, 44.0001819996996], [-79.3995110003324, 44.0006299996748], [-79.3998519998698, 44.0009589995582], [-79.4002169996148, 44.0013060002718], [-79.4007639996588, 44.0018270000161], [-79.4011409999571, 44.0021660003607], [-79.4017140003009, 44.0026959996207], [-79.4019569998156, 44.0029250002886], [-79.4022610003449, 44.0032259997801], [-79.4025280000671, 44.0034910003095], [-79.4027700004351, 44.0037640003084], [-79.4030239995579, 44.0040469998692], [-79.4033740004098, 44.0044929997522], [-79.4037950000392, 44.0050930004417], [-79.4040340002688, 44.0054659996562], [-79.4042369997377, 44.0058009998164], [-79.4044869995753, 44.006272999999], [-79.4048170004042, 44.0069889997426], [-79.405048000265, 44.0076670004318], [-79.4052080004488, 44.0082009998763], [-79.405364999595, 44.0088510001736], [-79.4054530000558, 44.0093030003333], [-79.4056219997555, 44.0099889995927], [-79.4058420000082, 44.0110999995654], [-79.4060190000768, 44.0119130001848], [-79.4064700001903, 44.0137199998782], [-79.4064809997982, 44.0137830000854], [-79.4064920003055, 44.013828000362], [-79.4065300002593, 44.0140230003613]]}, "properties": {"lhrs": 48525, "offset": 0, "highway": "404", "length": 4.26, "traffic_section": 48525000, "aadt": 91500, "aadtt": 3750}}, {"type": "Feature", "geometry": {"type": "LineString", "coordinates": [[-78.2506382947215, 44.4504475119432], [-78.2503704838107, 44.4511538790483], [-78.2500512190884, 44.4519432328939], [-78.2499262501963, 44.4522183148234], [-78.2498202417107, 44.4524143751233], [-78.2487545495828, 44.4542943601966], [-78.2482819999144, 44.4550809998883], [-78.2459379997389, 44.4589409998273], [-78.245341000087, 44.4598810000082], [-78.2450049998808, 44.4603409996375], [-78.2445949998593, 44.4607719997281], [-78.2427920003505, 44.4622230000914], [-78.2416299998246, 44.463140000111], [-78.2406480004049, 44.463981000223], [-78.240317999576, 44.4643239998527], [-78.2399570000155, 44.4647650004045], [-78.2396720003625, 44.4652260000799], [-78.2388999998351, 44.466665999936], [-78.2376800002318, 44.4690759995578], [-78.2375190000018, 44.4695499998327], [-78.2374749997714, 44.4699539995774], [-78.2374759998175, 44.4704669998522], [-78.2375689996096, 44.4708919996661], [-78.237865999816, 44.4717820002392], [-78.2380140003458, 44.472388000306], [-78.2380350004149, 44.4727400003508], [-78.2379560003691, 44.4733410001871], [-78.2378780003694, 44.473654000232], [-78.2376950000242, 44.4740729997692], [-78.2355879999862, 44.4774340000791], [-78.235079999942, 44.4783219996606], [-78.234349000406, 44.4802309995611], [-78.2338550001081, 44.4816229999015], [-78.2335850002475, 44.4825440001056], [-78.2334739996253, 44.4832979998029], [-78.2334589998329, 44.4838910001696], [-78.2334529995562, 44.4840169996849], [-78.2335569998556, 44.4847310002355], [-78.2336509996939, 44.4851380001186], [-78.233894000108, 44.4858549999084], [-78.2343739997602, 44.4868750001812], [-78.2348219997355, 44.4877770004083], [-78.2349609998502, 44.4880240001075], [-78.2358759997775, 44.4899950001692]]}, "properties": {"lhrs": 26265, "offset": 0, "highway": "28", "length": 4.76, "traffic_section": 26267000, "aadt": 7800, "aadtt": 560}}, {"type": "Feature", "geometry": {"type": "LineString", "coordinates": [[-79.8781400003607, 43.7734009998563], [-79.8778579999467, 43.7731910000646], [-79.8778349997854, 43.7730829995808], [-79.8764630003671, 43.7720699996308], [-79.8695869998401, 43.7670409997424], [-79.8643310002754, 43.7631080000342], [-79.8622480004448, 43.761575000386], [-79.8558050001006, 43.7567560002892], [-79.8515800004167, 43.7536350002551], [-79.8481129997151, 43.7510879997114], [-79.846975000296, 43.7502030002683], [-79.8467919999508, 43.7500660002458], [-79.8444289997985, 43.7482769995839], [-79.8399969995618, 43.7449190003117], [-79.8363230001064, 43.7422529996762], [-79.8340450002765, 43.7405910003744], [-79.8339339996543, 43.7405799998672], [-79.8336160002781, 43.7403429997297], [-79.8332729997491, 43.7400970000766], [-79.8332620001411, 43.7400149998924], [-79.832845999843, 43.7397140004009], [-79.830384999668, 43.7378610003849], [-79.8303610003599, 43.7378429995549], [-79.829858999693, 43.7374779998099], [-79.8287970001814, 43.736667000182]]}, "properties": {"lhrs": 16450, "offset": 0, "highway": "10", "length": 5.7, "traffic_section": 16455000, "aadt": 40700, "aadtt": 5300}}, {"type": "Feature", "geometry": {"type": "LineString", "coordinates": [[-80.4053299995798, 43.3849140000811], [-80.4060450001766, 43.3837199998782], [-80.4139579999617, 43.3697319996321], [-80.4143839998217, 43.3689959998655], [-80.4150550001881, 43.3672429999645], [-80.4152599997491, 43.3664789998061], [-80.4154159997486, 43.3657149996476], [-80.41556100014, 43.3647429997897], [-80.4156030002782, 43.3641490002762], [-80.4164519998599, 43.3554910003095], [-80.4165200002977, 43.3547440000356], [-80.4166449997669, 43.3533670003868], [-80.4168470000889, 43.3516029999785], [-80.4168850000427, 43.3514049998409], [-80.416898999789, 43.3512970002564], [-80.4169549996735, 43.3506039997748], [-80.417324999649, 43.3495770000786], [-80.4178149997624, 43.3485640001285], [-80.4185019999673, 43.3476389997401], [-80.4192080001491, 43.3468639999737], [-80.4201129996152, 43.3460910002995], [-80.4215100001864, 43.3451789996112], [-80.4240460002227, 43.3437199997782], [-80.4261859999839, 43.3425059995523], [-80.4295630001323, 43.3405959996057], [-80.43212200033, 43.3391529996113], [-80.435405999787, 43.3372720001028], [-80.4381420000532, 43.3357350002701], [-80.4402389996301, 43.334540000021], [-80.4430440003803, 43.3329529996813], [-80.4446879997514, 43.3320009998463], [-80.4448099999815, 43.3319320002616]]}, "properties": {"lhrs": 47745, "offset": 0, "highway": "401", "length": 7.09, "traffic_section": 47745000, "aadt": 57300, "aadtt": 16000}}, {"type": "Feature", "geometry": {"type": "LineString", "coordinates": [[-79.4436970001164, 44.5741090003302], [-79.4435149998174, 44.5729000003348], [-79.4434349997254, 44.5725929996673], [-79.4434090003251, 44.5721689998995], [-79.4430370002573, 44.569580000117], [-79.4427270003508, 44.5670549996885], [-79.4426850002126, 44.5667310000357], [-79.4426349997054, 44.5657760000624], [-79.4427070003277, 44.5649580001117], [-79.4428359999814, 44.5643740001601], [-79.4430000003497, 44.5639080002541], [-79.4434139996563, 44.5630140003959], [-79.4475689997095, 44.5549770002884], [-79.4498709997468, 44.5503180003754], [-79.4502680000681, 44.5495669999171], [-79.4504539996523, 44.5492359999415], [-79.4515230003861, 44.5473690001793], [-79.4585889997825, 44.5353210003639], [-79.4588130002197, 44.5349369997428], [-79.4608960000503, 44.5313640004483], [-79.4611340002339, 44.5308989996892], [-79.4659080000541, 44.5206730002588], [-79.4661620000762, 44.5201270002609], [-79.4700929996922, 44.5117349999703], [-79.4706490001512, 44.510698999859], [-79.4710020002421, 44.5102079996995], [-79.4713910001944, 44.5097360004161], [-79.4718309998008, 44.5092830002103], [-79.472308000214, 44.5088479999353], [-79.4728340001889, 44.5084410000522], [-79.4733980001176, 44.5080619996616], [-79.4746229999514, 44.5073940003329], [-79.4747579998818, 44.5073320001717]]}, "properties": {"lhrs": 16960, "offset": 5.6, "highway": "11", "length": 7.95, "traffic_section": 16960056, "aadt": 45900, "aadtt": 5050}}, {"type": "Feature", "geometry": {"type": "LineString", "coordinates": [[-79.5858949997544, 44.0015950001092], [-79.5859070003078, 44.00161300004], [-79.5859420001232, 44.0017219996706], [-79.5859410000771, 44.0017399996013], [-79.5860570000305, 44.0021099995769], [-79.586162000376, 44.0024180002906], [-79.5863130001448, 44.0028880003809], [-79.5865120003285, 44.0034660000559], [-79.5866850002125, 44.004044999777], [-79.5867790000508, 44.004297999753], [-79.5872100001413, 44.0055819996097], [-79.5874310004403, 44.006242000368], [-79.5877689998395, 44.0072449998569], [-79.5890499995578, 44.0110790003956], [-79.5891549999033, 44.0113860001638], [-79.5892489997415, 44.0116299997247], [-79.5894940002479, 44.0123630002523], [-79.5898660003156, 44.0134930002018], [-79.5901889999224, 44.0145949997595], [-79.5904399998061, 44.0155889997326], [-79.5906600000589, 44.0163299997297], [-79.5907620002661, 44.0167720003276], [-79.5910029996887, 44.0176569997708], [-79.5912900003332, 44.0186960000204], [-79.5914739998252, 44.0193830002253], [-79.5918300000544, 44.0206660000359], [-79.5919320002616, 44.0211079997345], [-79.5920470001689, 44.0215060001018], [-79.5921159997536, 44.0217770000086], [-79.5924259996601, 44.022905999912], [-79.592585999844, 44.023493000002], [-79.5928729995892, 44.0245769996289], [-79.5930339998192, 44.0251550002031], [-79.5931600002338, 44.0256159998785], [-79.5931719998878, 44.0256430002243], [-79.5934700001404, 44.0267809996434], [-79.5936300003242, 44.0273859996642], [-79.5937670003468, 44.0279010000312], [-79.594054000092, 44.0289669997273], [-79.5941120000687, 44.0291839998418], [-79.5941580003914, 44.0293460001179], [-79.5941809996533, 44.029428000302], [-79.5941940002529, 44.0294719996331], [-79.594215000322, 44.0295450003016], [-79.594215000322, 44.0295539998173], [-79.594226999976, 44.0295810001631]]}, "properties": {"lhrs": 46836, "offset": 0, "highway": "400", "length": 3.18, "traffic_section": 46836000, "aadt": 116100, "aadtt": 10400}}, {"type": "Feature", "geometry": {"type": "LineString", "coordinates": [[-79.2230089997655, 42.9935170001095], [-79.22301299995, 42.993581000363], [-79.2228969999965, 42.9946239998977], [-79.2223109999526, 42.9953799996873], [-79.2218450000467, 42.9962280001222], [-79.2213270004407, 42.9984530002059], [-79.2208279999122, 43.0000209996695], [-79.2200310000306, 43.0029810003729], [-79.2199429995698, 43.0039249998389], [-79.2199730000539, 43.010508000344], [-79.2200019995926, 43.0107960001354], [-79.2201059998919, 43.0114460004326], [-79.2203630000524, 43.0123059996222], [-79.2205460003976, 43.012758999828], [-79.2208009995664, 43.0132669998722], [-79.221058999773, 43.0136850002626], [-79.222486999975, 43.0156789995862], [-79.2233480001101, 43.0168810001581], [-79.2238950001541, 43.017924999739], [-79.2244489996216, 43.0191230001264], [-79.2246760001972, 43.0197739995705], [-79.2247469998741, 43.0202889999375], [-79.2249710003114, 43.0231470004338], [-79.2251899996187, 43.0245179998059]]}, "properties": {"lhrs": 48642, "offset": 0, "highway": "406", "length": 3.56, "traffic_section": 48642000, "aadt": 14300, "aadtt": 1850}}, {"type": "Feature", "geometry": {"type": "LineString", "coordinates": [[-80.2890590003725, 43.5437200002779], [-80.2892320002566, 43.5438439997009], [-80.2974939999481, 43.5498380000237], [-80.2979389997849, 43.5501209995845], [-80.2979120003385, 43.5501439997458]]}, "properties": {"lhrs": 13605, "offset": 2.7, "highway": "6", "length": 1.01, "traffic_section": 13605027, "aadt": 19500, "aadtt": 1350}}, {"type": "Feature", "geometry": {"type": "LineString", "coordinates": [[-78.9363759998525, 43.8663120000988], [-78.9364709997368, 43.8663170003293], [-78.9416549995785, 43.8666050001207], [-78.9540720002226, 43.8673110003025], [-78.9554030004481, 43.8673349996106], [-78.9573219999103, 43.8672609997953], [-78.9596080001091, 43.8670140000961], [-78.963041000142, 43.8663279999373], [-78.9827899998586, 43.8619329996083], [-79.0000030004381, 43.8580850002226], [-79.008431999737, 43.8564409999522], [-79.0119249998388, 43.8557810000931], [-79.0123149998373, 43.8556860002088], [-79.0126320000667, 43.8556090002552]]}, "properties": {"lhrs": 47598, "offset": 0, "highway": "401", "length": 6.32, "traffic_section": 47598000, "aadt": 174200, "aadtt": 10500}}, {"type": "Feature", "geometry": {"type": "LineString", "coordinates": [[-79.3374510000635, 44.7569970004113], [-79.3375880000861, 44.7567030003432], [-79.3384219998754, 44.7549240001425], [-79.3392819999643, 44.7531360004261], [-79.3401559997995, 44.7517349996705], [-79.3404600003287, 44.7512630003872], [-79.3412400003257, 44.7500680001381], [-79.3416529995862, 44.7493090002102], [-79.3421279999072, 44.7486129995903], [-79.3425240001824, 44.7479889995927], [-79.344334000014, 44.7452160003182], [-79.3446100001514, 44.7448410001121], [-79.345082000334, 44.7442630004372], [-79.3458499997776, 44.743463999564], [-79.3467170001894, 44.7427200003278], [-79.3472460003026, 44.7423139995915], [-79.3478130003696, 44.741943999616], [-79.3484940002978, 44.7415219999404], [-79.3486749996515, 44.7413890001023], [-79.3536499997476, 44.7383460000679], [-79.3539710001615, 44.7381530001609], [-79.357429000448, 44.7360149995926], [-79.3612620000412, 44.7335769995789], [-79.3618530003157, 44.7331889996727], [-79.3693770001484, 44.7283719996681], [-79.3698529996162, 44.7280639998538], [-79.3710750002111, 44.7272710001566], [-79.3720670000919, 44.7265829999056], [-79.3729840001115, 44.7258399998162], [-79.3738640002234, 44.7250700002804], [-79.3743080000141, 44.7245630002823], [-79.3746450002665, 44.7242530003757], [-79.3757429996397, 44.7229270003808], [-79.3767480001201, 44.721725999855], [-79.3770759999574, 44.7212979999028], [-79.3813979996179, 44.7152739999951], [-79.3822920003755, 44.7140169995849], [-79.3825669995674, 44.7136430003243], [-79.3832240001874, 44.7127250002586], [-79.3835400003707, 44.7122800004217], [-79.3840250002535, 44.7116110001476], [-79.384354000137, 44.71114800038], [-79.3847610000201, 44.7105869996903], [-79.3850780002495, 44.7100870000151], [-79.3853520002945, 44.7097580001317], [-79.3854579997868, 44.709588000386], [-79.3859560002692, 44.7089289996737], [-79.3862840001065, 44.7084740002749], [-79.3866639996438, 44.7079670002769], [-79.3869779997349, 44.7075839997019], [-79.3874990003785, 44.7069969996119], [-79.3878640001234, 44.7065970000515], [-79.3884090000752, 44.7060649997999], [-79.3890299999345, 44.7055060001019], [-79.390269000414, 44.704534000244], [-79.3908740004347, 44.7041010000611], [-79.3911179999957, 44.7039429999695], [-79.3916219998554, 44.7035350000403], [-79.3919169999695, 44.7033689995797], [-79.3923550003829, 44.7030510002036], [-79.3926779999896, 44.7027760001123], [-79.3932429999645, 44.7024240000676], [-79.3939660000308, 44.7018309997009], [-79.3942440002603, 44.7015819999094]]}, "properties": {"lhrs": 17010, "offset": 0, "highway": "11", "length": 7.76, "traffic_section": 17010000, "aadt": 25900, "aadtt": 3350}}, {"type": "Feature", "geometry": {"type": "LineString", "coordinates": [[-79.7324109997678, 43.7014910004094], [-79.7296659999859, 43.6994469996794], [-79.7269050003654, 43.6974080000792], [-79.7268440002504, 43.6973629998026], [-79.7266599998591, 43.6972350001952], [-79.7266110002974, 43.6971980002875], [-79.724106999938, 43.6953329997182], [-79.7234720003325, 43.6948580002965], [-79.7187569996358, 43.691338999895], [-79.7186340002589, 43.691247000149], [-79.7185609995904, 43.6911930003567], [-79.7169730001038, 43.6900220003151], [-79.7124940003978, 43.6866460002128], [-79.7114899999635, 43.6858759997776]]}, "properties": {"lhrs": 49065, "offset": 0, "highway": "410", "length": 2.42, "traffic_section": 49065000, "aadt": 198800, "aadtt": 17900}}, {"type": "Feature", "geometry": {"type": "LineString", "coordinates": [[-79.1849500001424, 43.1058260000699], [-79.1849520002346, 43.1058660001158], [-79.1849740003498, 43.1063710000217], [-79.1852800000719, 43.1122290003681], [-79.1853549999333, 43.113850999624], [-79.1854360000713, 43.1147590001278]]}, "properties": {"lhrs": 32740, "offset": 3.3, "highway": "58", "length": 0.99, "traffic_section": 32740033, "aadt": 9500, "aadtt": 950}}, {"type": "Feature", "geometry": {"type": "LineString", "coordinates": [[-79.5061050002456, 43.7115639999787], [-79.5061200000379, 43.7115660000709], [-79.5062040003143, 43.7115829999555], [-79.5064760002672, 43.7116320004166], [-79.5075880002859, 43.7118169999546], [-79.5091090002801, 43.7120800003918], [-79.5101709997918, 43.7122740003449], [-79.5102829995607, 43.7122930003218], [-79.5103819996295, 43.7123130003447], [-79.5104930002517, 43.7123320003216], [-79.5105910002744, 43.7123510002985], [-79.5107030000434, 43.7123710003215], [-79.5108020001122, 43.7123900002983], [-79.5109129998351, 43.7124100003213], [-79.5110119999038, 43.7124290002982], [-79.5110610003649, 43.7124480002751], [-79.5111229996267, 43.7124569997908], [-79.5112209996494, 43.7124769998138], [-79.5113320002716, 43.7125050002056], [-79.5114310003403, 43.7125250002287], [-79.5115420000632, 43.7125529997212], [-79.511641000132, 43.7125719996981], [-79.5117400002008, 43.7126010001361], [-79.5118509999237, 43.7126289996287], [-79.5119489999464, 43.7126570000206], [-79.5120480000152, 43.7126859995593], [-79.512158999738, 43.7127139999512], [-79.5122579998068, 43.7127420003431], [-79.5123559998295, 43.7127709998818], [-79.5124549998983, 43.7127990002737], [-79.5125659996211, 43.7128269997663], [-79.5126639996438, 43.7128560002043], [-79.5127629997126, 43.7128930001119], [-79.5128609997353, 43.7129209996045], [-79.5129599998041, 43.7129500000425], [-79.5130579998268, 43.7129869999501], [-79.5131569998956, 43.7130150003421], [-79.5132549999183, 43.7130520002497], [-79.5133539999871, 43.7130900002034], [-79.5134520000097, 43.713127000111], [-79.5135510000786, 43.7131549996036], [-79.5136370004471, 43.7131840000416], [-79.5137110002624, 43.7132120004336], [-79.5137840000315, 43.71323899988], [-79.5138579998468, 43.7132670002719], [-79.513931999662, 43.7132949997645], [-79.5140060003766, 43.7133230001564], [-79.5140800001918, 43.713350999649], [-79.5141529999609, 43.7133790000409], [-79.5142269997762, 43.7134070004328], [-79.5143009995914, 43.7134349999254], [-79.514375000306, 43.7134630003173], [-79.5144480000751, 43.7135000002249], [-79.5145219998903, 43.7135279997175], [-79.5145959997056, 43.7135649996251], [-79.5146690003741, 43.713593000017], [-79.5147430001892, 43.7136299999246], [-79.5148170000045, 43.7136580003165], [-79.5148780001195, 43.7136950002241], [-79.5149519999348, 43.7137320001318], [-79.5150249997039, 43.7137599996244], [-79.5150869998651, 43.7137970004313], [-79.5151599996342, 43.7138340003389], [-79.5152209997493, 43.7138700002004], [-79.5152949995646, 43.713907000108], [-79.5153559996796, 43.7139440000157], [-79.515429000348, 43.7139809999233], [-79.5154909996099, 43.7140179998309], [-79.5155640002783, 43.7140640001535], [-79.5156250003934, 43.7141010000611], [-79.5156859996092, 43.7141379999688], [-79.5157469997242, 43.7141739998303], [-79.5158210004388, 43.7142200001529], [-79.5158819996545, 43.7142570000606], [-79.5159429997696, 43.7143030003832], [-79.5160039998847, 43.7143400002909], [-79.5160649999997, 43.714384999668], [-79.5161260001148, 43.7144219995757], [-79.5161870002298, 43.7144679998983], [-79.5162480003449, 43.714514000221], [-79.5163089995606, 43.7145510001286], [-79.5163699996757, 43.7145969995519], [-79.5164190001367, 43.7146419998285], [-79.5164790002057, 43.7146969996668], [-79.5165400003207, 43.7147429999895], [-79.5166010004358, 43.7147979998279], [-79.5166619996515, 43.7148440001505], [-79.5167229997666, 43.7148979999428], [-79.5167839998816, 43.7149440002655], [-79.5168320002965, 43.7149990001038], [-79.5168930004116, 43.7150539999422], [-79.5169529995812, 43.7151079997345], [-79.5170020000422, 43.7151540000571], [-79.5170630001573, 43.7152089998955], [-79.5171109996729, 43.7152629996878], [-79.5171719997879, 43.7153180004254], [-79.5172200002028, 43.7153730002638], [-79.5176320003165, 43.7157929998471], [-79.5178850002925, 43.7160930001918], [-79.5180299997846, 43.7162660000759], [-79.5181869998302, 43.7164389999599], [-79.5182580004064, 43.7165169999597], [-79.5183199996682, 43.7165850003975], [-79.51843899976, 43.7167160001433]]}, "properties": {"lhrs": 46800, "offset": 0, "highway": "400", "length": 1.2, "traffic_section": 46800000, "aadt": 66000, "aadtt": 2650}}, {"type": "Feature", "geometry": {"type": "LineString", "coordinates": [[-78.9526779997898, 44.3169160000734], [-78.940027000046, 44.3196930004317], [-78.9381069996383, 44.3200899998537], [-78.9345310002055, 44.3208719999429], [-78.9222840002064, 44.323557999702], [-78.9162950001141, 44.3248259997202], [-78.9054140001559, 44.3271570001954], [-78.9004590000828, 44.3282450000068], [-78.8933899996487, 44.3298429999546], [-78.8816280004318, 44.3325699998057], [-78.8799329996082, 44.3329609998503], [-78.8790349995655, 44.3331529997112]]}, "properties": {"lhrs": 14310, "offset": 8.7, "highway": "7", "length": 6.14, "traffic_section": 14310087, "aadt": 6850, "aadtt": 410}}, {"type": "Feature", "geometry": {"type": "LineString", "coordinates": [[-79.0404949998443, 43.8492700002104], [-79.0405830003052, 43.8492540003719], [-79.0407580002815, 43.8492120002336], [-79.0413590001177, 43.8490960002803], [-79.0467329997281, 43.8479909996849], [-79.0492489997415, 43.8475029996637], [-79.0500240004072, 43.847381000333], [-79.0508630004271, 43.8472149998724], [-79.0521779999147, 43.8469579997119], [-79.0526920002356, 43.8468409997124], [-79.0530670004417, 43.8467659998511], [-79.0542219997454, 43.8464709997369], [-79.0551530004106, 43.8461530003607], [-79.0560349997155, 43.8457990002237], [-79.0612760003871, 43.8433939999332], [-79.0617299997397, 43.8432040001645], [-79.0629049999657, 43.8426390001898], [-79.0630559997346, 43.8425869995904], [-79.0637009998013, 43.842247000099], [-79.0688160000583, 43.8398759995778], [-79.0702689996146, 43.8391799998571], [-79.0703489997065, 43.8391439999957], [-79.070444999637, 43.8391019998574], [-79.070534000144, 43.839057999627], [-79.070911999589, 43.8388790003656]]}, "properties": {"lhrs": 47604, "offset": 0, "highway": "401", "length": 2.73, "traffic_section": 47604000, "aadt": 202400, "aadtt": 22300}}, {"type": "Feature", "geometry": {"type": "LineString", "coordinates": [[-79.6607199996283, 43.5856729996093], [-79.660562000436, 43.585820000093], [-79.6605239995829, 43.5858559999545], [-79.6604360000213, 43.5859089997006], [-79.6603729998141, 43.5859709998618], [-79.6600300001843, 43.5863450000218], [-79.6569680001731, 43.589254000172], [-79.6568530002657, 43.5893690000793], [-79.6477929997471, 43.5978889999774], [-79.6447309997358, 43.600751999805], [-79.6446549998283, 43.6008230003812]]}, "properties": {"lhrs": 48260, "offset": 0, "highway": "403", "length": 2.12, "traffic_section": 48260000, "aadt": 193500, "aadtt": 19400}}, {"type": "Feature", "geometry": {"type": "LineString", "coordinates": [[-79.8293450002715, 44.1624290002982], [-79.829056000434, 44.1624799999521], [-79.8289570003652, 44.1624339996295], [-79.8283419998834, 44.1625359998366], [-79.8260929995922, 44.1630439998808], [-79.8214339996793, 44.1640139996464], [-79.8197500002623, 44.1644370002674], [-79.8196599997092, 44.1645269999212], [-79.8191830001953, 44.1646120002437], [-79.8186940001279, 44.1646969996668], [-79.8186069997132, 44.1646419998285], [-79.8122499997377, 44.1660700000305], [-79.8096749997014, 44.1666109997978], [-79.8090470004187, 44.1667479998204], [-79.8081040000995, 44.1669540003269], [-79.8070239997577, 44.1672040001645], [-79.8013580001715, 44.1684409996525], [-79.7990580002265, 44.1689479996505], [-79.7968590004425, 44.1694650001097], [-79.7960790004455, 44.1696729998092], [-79.7951750001261, 44.1698350000852], [-79.7822100002912, 44.1725959997057], [-79.781782000339, 44.1727090004201], [-79.7780879999612, 44.1734979999328], [-79.767408000279, 44.1757510004084], [-79.7668689997045, 44.1758349997855], [-79.7661659996611, 44.1759529998311], [-79.7624209996294, 44.1767499997128], [-79.7548569997507, 44.1783430003293], [-79.7473410002869, 44.1799800002768], [-79.7295300000094, 44.1838349999853], [-79.7275939997633, 44.1842900002833], [-79.7129109998427, 44.1874480002251], [-79.7087820000892, 44.1883630001524]]}, "properties": {"lhrs": 38610, "offset": 0.6, "highway": "89", "length": 10.07, "traffic_section": 38610006, "aadt": 17100, "aadtt": 1150}}, {"type": "Feature", "geometry": {"type": "LineString", "coordinates": [[-80.4844909997598, 43.4279309999157], [-80.4843860003136, 43.4279519999849], [-80.4839039996698, 43.4280489999614], [-80.4826169996747, 43.4283040000296], [-80.4815279998173, 43.4285149998674], [-80.4814040003943, 43.4285420002132], [-80.4813420002331, 43.4285499996828], [-80.4812060002567, 43.4285770000285], [-80.4809090000502, 43.4286390001898], [-80.4802280001221, 43.4287879998663], [-80.4787310003354, 43.4290880002111], [-80.4780989999688, 43.4292020000723], [-80.4743000001449, 43.4299500003922], [-80.4738049998008, 43.4300470003688], [-80.4735200001479, 43.4300990000689], [-80.472407000083, 43.4303099999066], [-80.4711450003414, 43.4304940002979], [-80.470797999628, 43.4305369995829], [-80.4706869999051, 43.4305459999979], [-80.4701060000918, 43.4305969996519]]}, "properties": {"lhrs": 14603, "offset": 0, "highway": "7", "length": 1.2, "traffic_section": 14603000, "aadt": 99500, "aadtt": 5000}}, {"type": "Feature", "geometry": {"type": "LineString", "coordinates": [[-79.5926960004201, 43.6969769999886], [-79.5918720001926, 43.6970669996423], [-79.5911110001725, 43.6971810004029], [-79.5902000004297, 43.6973340002639], [-79.5894390004095, 43.6974890002172], [-79.5887530002507, 43.6976500004472], [-79.5886150001821, 43.6976840002165], [-79.5884780001596, 43.6977089995708], [-79.588341000137, 43.6977440002854], [-79.5882040001145, 43.6977780000547], [-79.588078999746, 43.697811999824], [-79.5879409996774, 43.6978469996393], [-79.5878039996548, 43.697881000308], [-79.5875420001631, 43.6979499998926], [-79.5874050001406, 43.6979839996619], [-79.587267000072, 43.6980190003766], [-79.5871419997035, 43.6980530001459], [-79.5869919999808, 43.6980960003302], [-79.5868420002581, 43.6981389996152], [-79.5867680004428, 43.6981560003991], [-79.5866929996821, 43.6981740003299], [-79.5866430000743, 43.6981819997995], [-79.5866179998208, 43.6981910002145], [-79.5865429999594, 43.6982080000992], [-79.5864930003517, 43.6982159995688], [-79.5863809996833, 43.6982419998685], [-79.5862309999607, 43.6982759996377], [-79.5859949998693, 43.6983090002602], [-79.5857330003776, 43.6983599999141], [-79.585657999617, 43.6983769997988], [-79.5855710001015, 43.6983939996834], [-79.5854839996868, 43.6984020000523], [-79.5854089998255, 43.698418999937], [-79.58532200031, 43.6984270003059], [-79.5852349998953, 43.6984440001905], [-79.5850729996192, 43.698469000444], [-79.5848859999889, 43.6984929997522], [-79.584674000105, 43.6985180000058], [-79.5844630002672, 43.6985420002132], [-79.584401000106, 43.6985499996828], [-79.5843260002447, 43.6985489996367], [-79.5842510003833, 43.6985570000056], [-79.5842019999223, 43.6985660004206], [-79.584127000061, 43.6985739998902], [-79.5840649998998, 43.6985729998441], [-79.5840029997386, 43.698581000213], [-79.5839279998772, 43.6985800001669], [-79.5838659997161, 43.6985889996827], [-79.583318999672, 43.6986180001207], [-79.583195000249, 43.6986250004435], [-79.5831449997419, 43.6986250004435], [-79.5830829995807, 43.6986240003973], [-79.583034000019, 43.6986230003512], [-79.5829719998579, 43.6986230003512], [-79.5829590001577, 43.6986220003051], [-79.5829220002501, 43.6986220003051], [-79.5828600000889, 43.698621000259], [-79.5827480003199, 43.6986200002129], [-79.5826369996977, 43.6986180001207], [-79.5825750004359, 43.6986089997056], [-79.582314000091, 43.6986050004205], [-79.5822150000222, 43.6985949999593], [-79.5821040002994, 43.6985939999132], [-79.5820050002305, 43.6985840003514], [-79.5818929995622, 43.6985820002591], [-79.5817809997933, 43.698571999798], [-79.581706999978, 43.6985709997519], [-79.5816449998168, 43.6985610001901], [-79.5815710000016, 43.698560000144], [-79.5815089998404, 43.6985499996828], [-79.5814469996793, 43.6985499996828], [-79.581372999864, 43.6985489996367], [-79.5813109997029, 43.6985479995906], [-79.5812359998414, 43.6985380000287], [-79.5811739996803, 43.6985369999826], [-79.5810130003496, 43.6985349998904], [-79.580815000212, 43.6985240002824], [-79.5805669995673, 43.6985210001441], [-79.5802809998682, 43.6985169999596], [-79.5801819997994, 43.6985159999135], [-79.580095000284, 43.6985240002824], [-79.5799459997081, 43.6985129997752], [-79.5798590001926, 43.6985119997291], [-79.5797600001239, 43.6985109996829], [-79.5796860003086, 43.6985099996368], [-79.5795860001937, 43.6985089995907], [-79.5794870001249, 43.6985070003978], [-79.5793999997102, 43.6985060003517], [-79.5793130001948, 43.6985139998213], [-79.57922599978, 43.6985129997752], [-79.5791390002646, 43.6985210001441], [-79.5790400001958, 43.6985289996137], [-79.5789780000346, 43.6985279995676], [-79.5789030001733, 43.6985359999365], [-79.5788410000121, 43.6985349998904], [-79.5787670001969, 43.6985430002593], [-79.5787039999896, 43.698551999775], [-79.5786300001743, 43.6985509997289], [-79.5785680000131, 43.6985499996828], [-79.5784930001518, 43.6985489996367], [-79.5784309999906, 43.6985479995906], [-79.5783570001754, 43.6985559999595], [-79.5782950000142, 43.6985559999595], [-79.5782200001528, 43.6985549999134], [-79.5774499997176, 43.698581000213], [-79.5774000001099, 43.6985899997288], [-79.5773509996489, 43.6985980000977], [-79.5771140004107, 43.6986309998209], [-79.5770399996962, 43.6986299997747], [-79.5769649998348, 43.6986469996593], [-79.5769019996275, 43.6986550000283], [-79.5768279998123, 43.6986630003972], [-79.5767529999509, 43.6986709998668], [-79.5766780000896, 43.6986790002357], [-79.5766159999284, 43.6986879997514], [-79.576541000067, 43.698704999636], [-79.5764670002518, 43.698713000005], [-79.5762300001144, 43.6987459997281], [-79.576155000253, 43.6987540000971], [-79.5760679998383, 43.6987619995667], [-79.5759810003229, 43.6987699999356], [-79.5759059995622, 43.6987869998202], [-79.5758190000467, 43.6988039997049], [-79.575731999632, 43.6988120000738], [-79.5756569997707, 43.6988289999584], [-79.5755700002553, 43.6988459998431], [-79.5750149998423, 43.6989439998658], [-79.5742860003986, 43.6990730004187]]}, "properties": {"lhrs": 48986, "offset": 0, "highway": "409", "length": 1.52, "traffic_section": 48986000, "aadt": 83500, "aadtt": 19200}}, {"type": "Feature", "geometry": {"type": "LineString", "coordinates": [[-79.7680850000227, 43.2586670003818], [-79.7681039999995, 43.2586969999666], [-79.7693259996951, 43.2604479997754], [-79.7694330001328, 43.2606019996826], [-79.7695540003168, 43.2607660000509], [-79.7696260000398, 43.2608559997047], [-79.7696739995554, 43.2609199999581], [-79.7697939996933, 43.2610739998652], [-79.7699139998312, 43.2612289998185], [-79.7700459996232, 43.26137400021], [-79.7701659997611, 43.2615290001633], [-79.770286999945, 43.2616830000704], [-79.770418999737, 43.2618380000237], [-79.7705519995751, 43.2619830004152], [-79.7706600000589, 43.2621190003916], [-79.7707679996435, 43.262245999953], [-79.7708889998274, 43.2623739995605], [-79.7710089999653, 43.2625010000212], [-79.771117999596, 43.2626289996287], [-79.7712379997338, 43.2627560000894], [-79.7713589999179, 43.2628829996507], [-79.7714800001019, 43.2630100001115], [-79.7716000002398, 43.2631290002033], [-79.7717210004238, 43.2632559997646], [-79.7718419997085, 43.2633749998564], [-79.7719750004459, 43.2635200002479], [-79.7720110003074, 43.2635570001555], [-79.7721549997534, 43.2637110000626], [-79.7740259997001, 43.2656490004011], [-79.7751969997417, 43.266885999889], [-79.7756679998782, 43.2673780000947], [-79.7790829999804, 43.2709710003115], [-79.7831870003797, 43.2752469996494], [-79.7847450002815, 43.2768659996662], [-79.7849859997041, 43.2771300001494], [-79.7851429997496, 43.2772850001027], [-79.7852880001411, 43.2774480004249], [-79.7854329996332, 43.2776119998939], [-79.7855769999785, 43.2777760002622], [-79.7856970001164, 43.2779389996851], [-79.7858289999084, 43.2781110004224], [-79.7859490000463, 43.2782840003064], [-79.7860559995847, 43.2784649996601], [-79.7861640000685, 43.2786370003973], [-79.7862589999528, 43.2788179997509], [-79.7864729999289, 43.2791990002337], [-79.7882599995993, 43.2829369999426], [-79.7887580000816, 43.2839499998926], [-79.7892799998721, 43.2849730003038], [-79.7893860002637, 43.2851810000032], [-79.7897920001007, 43.285878999816], [-79.7900650000996, 43.2863679998833], [-79.7903990002137, 43.2869390001348], [-79.7908399998661, 43.2877180000857], [-79.7915569996558, 43.2889540004268], [-79.7921009995615, 43.28989099957]]}, "properties": {"lhrs": 10105, "offset": 0, "highway": "QEW", "length": 4, "traffic_section": 10105000, "aadt": 147300, "aadtt": 22100}}, {"type": "Feature", "geometry": {"type": "LineString", "coordinates": [[-78.6153320003715, 43.9123760001523], [-78.6124099996218, 43.9150609998653], [-78.6043090001602, 43.9226429996747], [-78.6040499999075, 43.9228799998122], [-78.601592999917, 43.9251249999189], [-78.6008089997355, 43.9260359996617], [-78.600024999554, 43.9272439996109], [-78.5995950004089, 43.9280269997463], [-78.5993570002253, 43.9286879996515], [-78.5990959998804, 43.9296010003859], [-78.5989690003191, 43.9302830003602], [-78.5989100002962, 43.9314249999638], [-78.5990139996963, 43.93256100019], [-78.5993699999255, 43.933928000277], [-78.5996670001319, 43.9346009998363], [-78.5997510004083, 43.9347979999278]]}, "properties": {"lhrs": 27810, "offset": 0, "highway": "35", "length": 2.92, "traffic_section": 27810000, "aadt": 24300, "aadtt": 3150}}, {"type": "Feature", "geometry": {"type": "LineString", "coordinates": [[-80.002356565603, 43.6607087160345], [-80.0023289995836, 43.6607339995745], [-79.9999990000538, 43.6628839997968], [-79.9960830002302, 43.666388000406], [-79.9931489998264, 43.6690089998655], [-79.9893229996567, 43.6723069999681], [-79.9889080003039, 43.672628000382], [-79.9884439995909, 43.6729119999889], [-79.9879320002615, 43.6731500001724], [-79.9873949997794, 43.6733260001948], [-79.9868469996892, 43.6734559998945], [-79.9862999996452, 43.673531999802], [-79.9857419999933, 43.6735630003322], [-79.9852079996494, 43.6735489996867], [-79.9846760002972, 43.6734899996638], [-79.9841569997457, 43.6733779998948], [-79.9836750000012, 43.6732379997339], [-79.9820250003534, 43.67254800029], [-79.9817640000086, 43.6725460001978], [-79.9809510002884, 43.6722059998071], [-79.9808490000813, 43.6721629996228]]}, "properties": {"lhrs": 14510, "offset": 3.5, "highway": "7", "length": 2.43, "traffic_section": 14510035, "aadt": 15000, "aadtt": 0}}, {"type": "Feature", "geometry": {"type": "LineString", "coordinates": [[-79.1447170000894, 43.7977080002241], [-79.1451599998341, 43.7974170002944], [-79.1462610002449, 43.7968460000429], [-79.1473819997795, 43.7963970000216], [-79.1482690002142, 43.7961219999304], [-79.1492579999567, 43.7958780003695], [-79.1505009997213, 43.7956840004163], [-79.1519689999693, 43.7956230003012], [-79.1533960001253, 43.7956640003933], [-79.1548939999581, 43.7958879999313], [-79.1561070001379, 43.7961729995843], [-79.1593589999178, 43.7973150000872], [-79.1658830004001, 43.7995230002863]]}, "properties": {"lhrs": 47614, "offset": 0, "highway": "401", "length": 1.85, "traffic_section": 47614000, "aadt": 259300, "aadtt": 25900}}, {"type": "Feature", "geometry": {"type": "LineString", "coordinates": [[-79.7000949996844, 43.4463739996604], [-79.7000500003072, 43.4464240001675], [-79.6994959999404, 43.4468950003041], [-79.6957659997011, 43.4502559997147], [-79.6947189999818, 43.4512159999185], [-79.6946060001667, 43.4513139999412], [-79.6945300002592, 43.4513940000331], [-79.6933069996183, 43.4525060000519], [-79.6877479995705, 43.4575390001248], [-79.6837729997241, 43.4612840001565], [-79.6837220000702, 43.4613349998104], [-79.6836589998629, 43.4613990000639]]}, "properties": {"lhrs": 10133, "offset": 0, "highway": "QEW", "length": 2.13, "traffic_section": 10133000, "aadt": 212300, "aadtt": 19100}}, {"type": "Feature", "geometry": {"type": "MultiLineString", "coordinates": [[[-78.8924450001366, 44.105834000239], [-78.8899819998693, 44.1051470000341], [-78.888418999737, 44.1048479997355], [-78.8868330003427, 44.1048089997356], [-78.8851760003721, 44.1050310000807], [-78.8797330002777, 44.1063069995684], [-78.8796809996783, 44.1063159999835], [-78.8796320001167, 44.1063230003062], [-78.8625730003437, 44.1102459995533], [-78.8581220001302, 44.1113419997335], [-78.8312979997029, 44.1177140004008], [-78.8301950000991, 44.1181160000534], [-78.8292970000564, 44.1187569999357], [-78.8287760003121, 44.1193320003716], [-78.8284679995984, 44.1199019996776], [-78.8283410000371, 44.1206289999284], [-78.8287110000126, 44.1292970003564], [-78.8285899998286, 44.1298800002618], [-78.8282809999681, 44.1304589999829], [-78.828198999784, 44.1305570000056]], [[-78.9167850002275, 44.1058849998929], [-78.913407000033, 44.1066399996363], [-78.9113529997411, 44.1067910003045], [-78.9073070002178, 44.1063570000755], [-78.9058680004078, 44.1064299998447], [-78.9043329997681, 44.10673500042], [-78.901698999709, 44.1073520000948], [-78.900381000083, 44.1075169996099], [-78.8984859999289, 44.1074009996565], [-78.8973070004177, 44.1071909998648], [-78.8935210002939, 44.1061339996844]]]}, "properties": {"lhrs": 14935, "offset": 7.7, "highway": "7A", "length": 8.6, "traffic_section": 14935077, "aadt": 12800, "aadtt": 1400}}, {"type": "Feature", "geometry": {"type": "LineString", "coordinates": [[-79.3100130000998, 44.0936369998477], [-79.3100409995924, 44.0937679995936], [-79.3101399996612, 44.0938240003774], [-79.3103029999834, 44.0946640004433], [-79.3103139995914, 44.0947180002356], [-79.3104250002136, 44.0952329997032], [-79.3104909996599, 44.09552200044], [-79.3105919998209, 44.0959369997927], [-79.3106590002126, 44.0961990001838], [-79.310795000189, 44.0967060001818], [-79.3109750003959, 44.0973829999256], [-79.3111450001416, 44.0979980004075], [-79.3111680003029, 44.0980890001073], [-79.3112709996569, 44.0984230002213], [-79.3113620002561, 44.0987310000357], [-79.3117839999316, 44.1001499998227], [-79.3120559998844, 44.1011180003954], [-79.3124449998368, 44.1023929998371], [-79.312536000436, 44.1027009996515], [-79.3131510000186, 44.1047980001276], [-79.313448000225, 44.1057839997318], [-79.3139829997156, 44.1076110003474], [-79.3141660000608, 44.1082160003682], [-79.3142110003374, 44.1083880002061], [-79.3143480003599, 44.108822000435], [-79.3145190001517, 44.1094010001561], [-79.3147920001506, 44.1103509998988], [-79.3149870001499, 44.1109749998964], [-79.3151569998956, 44.1115710004014], [-79.3155439997557, 44.1128999996353], [-79.315808000239, 44.1137510002085], [-79.3159549998233, 44.1142750000913], [-79.3161040003993, 44.1147630001124], [-79.316355000283, 44.1155949998094], [-79.3164569995908, 44.1159659998311], [-79.316639999936, 44.1165539999671], [-79.316731999682, 44.1168520002197], [-79.3170269997962, 44.1179010000312], [-79.3173009998412, 44.1188050003506], [-79.3174159997486, 44.1191760003722], [-79.3175060003017, 44.119510999633], [-79.3176319998169, 44.1199180004155], [-79.3177350000702, 44.1202699995609], [-79.3178019995626, 44.1205319999519], [-79.317905999862, 44.120857999697], [-79.3181789998609, 44.1217710004314], [-79.3183270003907, 44.1222869999451], [-79.3184539999521, 44.1226850003126], [-79.3187160003431, 44.1235800002169], [-79.3188290001582, 44.1239870001], [-79.3189090002501, 44.1242580000068], [-79.3189769997887, 44.1244839996369], [-79.3190579999267, 44.124737999659], [-79.3191600001339, 44.1250810001881], [-79.3194110000176, 44.1259309998159], [-79.3197159996936, 44.1270880001111], [-79.3198299995548, 44.1274949999943], [-79.3199089996006, 44.127765999901], [-79.3198329996931, 44.1278189996472], [-79.3198189999468, 44.1278819998545], [-79.3199780000846, 44.1284239996679], [-79.3199850004074, 44.1284459997831]]}, "properties": {"lhrs": 31030, "offset": 6.2, "highway": "48", "length": 3.96, "traffic_section": 31030062, "aadt": 10300, "aadtt": 820}}, {"type": "Feature", "geometry": {"type": "LineString", "coordinates": [[-79.932902000427, 43.1551589997881], [-79.9366109996978, 43.1559710003614], [-79.937836000431, 43.1562269995764], [-79.9404119996141, 43.1568199999431], [-79.9471049997958, 43.1584569998907], [-79.9511550004029, 43.1594509998638], [-79.9514159998485, 43.1595289998635], [-79.9516689998244, 43.1596029996787], [-79.952008000169, 43.1597039998398], [-79.9522769999835, 43.1598090001852], [-79.9525190003516, 43.159898999839], [-79.9527799997971, 43.160008000369], [-79.9530489996116, 43.1601329998381], [-79.9533449997719, 43.1602770001834], [-79.9535910003244, 43.160414000206], [-79.9538669995624, 43.1605730003437], [-79.9541170002993, 43.1607290003432], [-79.9543549995835, 43.1608889996277], [-79.9545769999286, 43.1610489998116], [-79.9548150001121, 43.1612239997878], [-79.9550369995578, 43.1613999998102], [-79.9552589999029, 43.1615979999478], [-79.9554460004325, 43.1617820003391], [-79.9556560002242, 43.1620039997848], [-79.955847000039, 43.1622219999454], [-79.9560349997154, 43.1624559999445], [-79.9562289996686, 43.1627170002894], [-79.9564479998753, 43.1630409999423], [-79.9582910003294, 43.1660219998155], [-79.9596130001398, 43.1681590003376]]}, "properties": {"lhrs": 13485, "offset": 0, "highway": "6", "length": 2.79, "traffic_section": 13485000, "aadt": 10200, "aadtt": 890}}, {"type": "Feature", "geometry": {"type": "LineString", "coordinates": [[-79.9212419996185, 43.1415180002556], [-79.9245720002975, 43.1422689998145], [-79.9248800001119, 43.1423429996298], [-79.9251799995573, 43.1424289999984], [-79.9255110004323, 43.142537999629], [-79.9258390002696, 43.1426789998361], [-79.9261350004299, 43.1428270003658], [-79.9264040002444, 43.1429909998348], [-79.9267469998741, 43.1432629997877], [-79.9269769996887, 43.1434969997867], [-79.9272030002182, 43.143792999947], [-79.9273780001945, 43.1441169995999], [-79.9274950001941, 43.1444329997832], [-79.9275540002169, 43.1447330001279], [-79.9275649998248, 43.145110999573], [-79.9275180003554, 43.1455160002632], [-79.927344999572, 43.1463869999602]]}, "properties": {"lhrs": 13465, "offset": 0, "highway": "6", "length": 0.86, "traffic_section": 13465000, "aadt": 23300, "aadtt": 3500}}, {"type": "Feature", "geometry": {"type": "LineString", "coordinates": [[-80.2189169997197, 43.3286750002511], [-80.2189850001576, 43.328685999859], [-80.2198579999467, 43.3288629999275], [-80.2211740003798, 43.3291869995804], [-80.2232629995877, 43.3298139997163], [-80.2248720000428, 43.3303560004291], [-80.2272530001258, 43.3312629999875], [-80.2305300001593, 43.3325730001439], [-80.2330100003112, 43.3335439999557], [-80.2366180003204, 43.3349819997196], [-80.2373299998795, 43.3352660002258], [-80.2375880000861, 43.3353670003868], [-80.238681000128, 43.3357809996934], [-80.2392349995955, 43.3359920004305]]}, "properties": {"lhrs": 15840, "offset": 7, "highway": "8", "length": 1.84, "traffic_section": 15840070, "aadt": 12400, "aadtt": 870}}, {"type": "Feature", "geometry": {"type": "LineString", "coordinates": [[-79.6307139999511, 44.0995120000788], [-79.630724999559, 44.0995839998018], [-79.6315590002476, 44.1029619999964], [-79.6344040001445, 44.1145199996983], [-79.6367729996742, 44.123975000446], [-79.6367840001814, 44.1240290002382], [-79.6368430002042, 44.1242090004451], [-79.6413009998412, 44.1423859996142], [-79.6418439997008, 44.1448410004119], [-79.6419969995619, 44.145805999947], [-79.6420999998151, 44.1467710003814], [-79.6422430001143, 44.1487259997052], [-79.6431620002261, 44.1610089995658], [-79.6440560000843, 44.1738400004157], [-79.6440659996461, 44.173965999931], [-79.6440760001073, 44.1740559995848], [-79.644245999853, 44.1769930001269], [-79.6443599997142, 44.1780389998], [-79.644611999644, 44.1796080002091], [-79.6448499998276, 44.1806650003895], [-79.645127000011, 44.1817120001087], [-79.6456410003318, 44.1832669998722], [-79.6462450003065, 44.1847689998895], [-79.6467100001663, 44.1857639999087], [-79.6472259996801, 44.1867519996052], [-79.6483080001141, 44.1886730000589], [-79.6513829998256, 44.1942829997607], [-79.6523179997758, 44.1961119995692], [-79.6526210002589, 44.1965390003746], [-79.6546739996053, 44.2003360001064]]}, "properties": {"lhrs": 46850, "offset": 0, "highway": "400", "length": 11.43, "traffic_section": 46850000, "aadt": 98300, "aadtt": 11800}}, {"type": "Feature", "geometry": {"type": "LineString", "coordinates": [[-80.4708439999506, 43.4621250002686], [-80.4707890001122, 43.4627999999201], [-80.4708209997893, 43.4633760004021], [-80.4708799998121, 43.4637179999858], [-80.4710969999265, 43.4643409999372], [-80.4712909998797, 43.4647740001201], [-80.4715829998555, 43.465351999795], [-80.4716260000398, 43.4654299997947]]}, "properties": {"lhrs": 38450, "offset": 0, "highway": "85", "length": 0.38, "traffic_section": 38450000, "aadt": 128000, "aadtt": 11500}}, {"type": "Feature", "geometry": {"type": "LineString", "coordinates": [[-80.1390540004417, 44.0910510002035], [-80.1389920002806, 44.091014000296], [-80.1389219997504, 44.0907160000434], [-80.1389599997042, 44.0906630002973], [-80.1388530001658, 44.0902569995609], [-80.1386519998898, 44.0894989996792], [-80.1376549997784, 44.0850169998347], [-80.1366359995517, 44.0812369999876], [-80.1353299995798, 44.0748699995509], [-80.1328850001426, 44.0644530003058], [-80.1325940002129, 44.0629739995505], [-80.131654000032, 44.0581049998459], [-80.1304399998061, 44.0540170001844], [-80.1262150001221, 44.0365549998135], [-80.1260980001226, 44.0360499999076], [-80.1240710001765, 44.0274499999176]]}, "properties": {"lhrs": 16510, "offset": 3.1, "highway": "10", "length": 7.17, "traffic_section": 16510031, "aadt": 15400, "aadtt": 1400}}, {"type": "Feature", "geometry": {"type": "LineString", "coordinates": [[-79.2808689007791, 43.963829399807], [-79.280244999707, 43.9639729001293], [-79.2798563999528, 43.9640480996401], [-79.2787399995513, 43.9642923995746], [-79.2774602004279, 43.9645791996704], [-79.2761936995795, 43.9648391999692], [-79.2748387000459, 43.9651429001248], [-79.2745799992675, 43.9651999998801], [-79.2737099987175, 43.96537790017], [-79.2724180002904, 43.9656555002012], [-79.2712134996033, 43.9659254002371], [-79.2705985000207, 43.9660692000336], [-79.2699339999541, 43.9662031999178], [-79.2690647188617, 43.9663999796754]]}, "properties": {"lhrs": 83600, "offset": 0, "highway": "7237", "length": 0.99, "traffic_section": 83600000, "aadt": 0, "aadtt": 0}}, {"type": "Feature", "geometry": {"type": "LineString", "coordinates": [[-79.1113340002639, 43.0963769995989], [-79.1110560000344, 43.0962960003601], [-79.1109580000116, 43.0962760003372], [-79.1108850002425, 43.0962649998299], [-79.1108230000813, 43.0962560003142], [-79.1090229998115, 43.0960550000383], [-79.1020839999766, 43.0959400001309], [-79.098035000315, 43.0961520000149]]}, "properties": {"lhrs": 49803, "offset": 0, "highway": "420", "length": 1.09, "traffic_section": 49803000, "aadt": 51100, "aadtt": 1550}}, {"type": "Feature", "geometry": {"type": "LineString", "coordinates": [[-80.2809349998503, 43.5380169998847], [-80.2811920000108, 43.5382020003221], [-80.2813019996875, 43.5382750000912], [-80.2819279997773, 43.5387110004124], [-80.2826279996824, 43.5391619996266], [-80.2860019996925, 43.5415370003324], [-80.2882259997301, 43.543125999865], [-80.2886680003279, 43.5434349997255], [-80.2888149999123, 43.5435440002554], [-80.2890590003725, 43.5437200002779]]}, "properties": {"lhrs": 13605, "offset": 1.8, "highway": "6", "length": 0.91, "traffic_section": 13605018, "aadt": 28600, "aadtt": 2600}}, {"type": "Feature", "geometry": {"type": "LineString", "coordinates": [[-78.0266560003741, 44.0040180003305], [-78.0289130001348, 44.0035369997328], [-78.0343710000216, 44.0023909999447], [-78.0364479995755, 44.0019949996695], [-78.0492920001257, 44.0000410003919], [-78.0584040003443, 43.9986469999591], [-78.0599230002462, 43.9984340000291], [-78.0628019999123, 43.9979680001231], [-78.0642589996531, 43.9977710000316], [-78.0649859999039, 43.9977000003548], [-78.0657239997627, 43.9976560001244], [-78.0671950001491, 43.9976580002166], [-78.0679289998234, 43.9976940000781], [-78.0693800001868, 43.9978580004464], [-78.070789000412, 43.998118999892], [-78.0714789998559, 43.9982899996838], [-78.072817999551, 43.9987019997975], [-78.0740899997537, 43.9992119999339], [-78.0757580002315, 44.0000560001843], [-78.0759039997697, 44.0001320000918], [-78.0789639996888, 44.0015600002938], [-78.0801009999611, 44.0020399999461], [-78.0806770004432, 44.0022440003604], [-78.0818689996545, 44.0026070000131], [-78.0824850001826, 44.0027579997819], [-78.0837199995783, 44.0030050003805], [-78.0843770001983, 44.0030939999881], [-78.0863510003983, 44.0032889999874], [-78.0883879999062, 44.0034490001713], [-78.0980250000537, 44.0043060001219], [-78.1045440003053, 44.0049130002348], [-78.1065569996058, 44.0050720003726], [-78.1092590001027, 44.0051769998187], [-78.1106329996132, 44.0051300003493], [-78.1119589996081, 44.0050559996347], [-78.1133239996029, 44.0049370004423], [-78.1147669995973, 44.0047580002815], [-78.1154969999865, 44.004641000282], [-78.1176620000013, 44.0042280001222], [-78.1197839998317, 44.0036870003548], [-78.120414000106, 44.0035500003323], [-78.1207939996434, 44.0034239999177], [-78.1285989998439, 44.0009019996276], [-78.1310840002264, 44.0000639996539], [-78.1316549995785, 43.9998620002312], [-78.1329279998273, 43.9993269998412], [-78.1341670003068, 43.9987189996821], [-78.141899999885, 43.9945730000439], [-78.1425239998826, 43.9942919996761], [-78.1431849997879, 43.994037999654], [-78.1438689998544, 43.9938210004388], [-78.1445509998288, 43.9936400001859], [-78.1452460004025, 43.9934420000483], [-78.1466949997743, 43.9931360003262], [-78.1474369998177, 43.9930190003267], [-78.1481630000224, 43.9929560001194], [-78.1489130004346, 43.992921000304], [-78.1563489998065, 43.9928370000276], [-78.1578360000314, 43.9927840002815], [-78.1585749999363, 43.9927119996591], [-78.1593159999334, 43.9926040000746], [-78.1600329997231, 43.9924690001443], [-78.160739999951, 43.9922889999374], [-78.1614240000176, 43.992081000238], [-78.1620839998766, 43.9918359997317], [-78.1627200004276, 43.9915629997327], [-78.1633339999641, 43.9912549999183], [-78.1644759995677, 43.9905810003129], [-78.1672770001334, 43.9888319996971], [-78.1678549998083, 43.988495000344], [-78.1690570003802, 43.9878680002081], [-78.1705720000977, 43.9872119996342], [-78.1724749997214, 43.986511999729]]}, "properties": {"lhrs": 47520, "offset": 0, "highway": "401", "length": 12.49, "traffic_section": 47520000, "aadt": 43900, "aadtt": 9650}}, {"type": "Feature", "geometry": {"type": "LineString", "coordinates": [[-78.1991040001495, 44.3168650004195], [-78.1909639997887, 44.3161249995691], [-78.1903510002984, 44.3161000002149], [-78.1897230001163, 44.316121000284], [-78.1891060004415, 44.3161780002146], [-78.1885120000288, 44.3162710000067], [-78.1879290001232, 44.3163920001907], [-78.1820440003303, 44.3177859997242], [-78.1657180001855, 44.3216940000781], [-78.164397999568, 44.3220130003997], [-78.1631280003569, 44.3223499997528], [-78.1620199996232, 44.3227009997514], [-78.160628000182, 44.3232150000722], [-78.1598340004387, 44.323547000094], [-78.1572560002642, 44.3247430003892], [-78.1562060004065, 44.3251939996035], [-78.1550710002264, 44.3255709999018], [-78.1505139996214, 44.3267169996898], [-78.1487100000664, 44.3271659997111]]}, "properties": {"lhrs": 14220, "offset": 1.4, "highway": "7", "length": 4.26, "traffic_section": 14220014, "aadt": 11700, "aadtt": 1400}}, {"type": "Feature", "geometry": {"type": "LineString", "coordinates": [[-79.9328279997124, 43.1551629999725], [-79.9327879996664, 43.1552999999951], [-79.9326480004049, 43.1555489997866], [-79.9324100002213, 43.1557789996012], [-79.9319850004074, 43.1560749997615], [-79.931668000178, 43.1562970001065], [-79.9300720003225, 43.1573849999178], [-79.9297089997705, 43.157630999571], [-79.9293229999565, 43.1579309999158], [-79.9290499999575, 43.1581720002377], [-79.9288630003272, 43.1583939996834], [-79.928679999982, 43.1586519998899], [-79.9285549996135, 43.1588659998661], [-79.9283720001677, 43.1592569999107]]}, "properties": {"lhrs": 85000, "offset": 0, "highway": "7274", "length": 0.59, "traffic_section": 85000000, "aadt": 2800, "aadtt": 0}}, {"type": "Feature", "geometry": {"type": "LineString", "coordinates": [[-78.9625839997518, 43.9532799996723], [-78.9623509997988, 43.9533340003639], [-78.962241000122, 43.9536379999938], [-78.9622030001683, 43.9536640002934], [-78.9618580004463, 43.9546299998747], [-78.9612910003793, 43.9559169998697], [-78.9610199995733, 43.9565510003284], [-78.9608160000583, 43.9570429996348], [-78.9604650000597, 43.9578289999085], [-78.9601020004069, 43.958604999721], [-78.9599660004305, 43.9589179997659], [-78.9598179999007, 43.9592489997416], [-78.9592640004332, 43.9605080002441], [-78.9584800002518, 43.9622949999144], [-78.9578809996084, 43.9637610000702], [-78.957814000116, 43.9642730002988], [-78.9578279998623, 43.9649390004346], [-78.9580019997924, 43.9656899999936], [-78.9603849999677, 43.9710980002726], [-78.9629050001656, 43.9768599997892], [-78.9631479996804, 43.977595000409], [-78.9632519999798, 43.9780909998998], [-78.9632990003486, 43.9789770002884], [-78.9632869997952, 43.9795499997327], [-78.9630980000726, 43.9807169995899], [-78.9593129999949, 43.9890190002267]]}, "properties": {"lhrs": 14370, "offset": 10.1, "highway": "7", "length": 4.15, "traffic_section": 14370101, "aadt": 13100, "aadtt": 920}}, {"type": "Feature", "geometry": {"type": "LineString", "coordinates": [[-79.1883499995528, 44.3372980002026], [-79.1883070002678, 44.3373069997183], [-79.1882939996683, 44.3373340000641], [-79.1861830003451, 44.3378499995779], [-79.1850310002804, 44.3382180003605], [-79.1839489998465, 44.3387050003356], [-79.1834510002634, 44.3389950002191], [-79.1829899996887, 44.3393019999873], [-79.182141000107, 44.3399819998694], [-79.181777999555, 44.3403539999372], [-79.181452999856, 44.3407359995668], [-79.1811769997187, 44.3411459995883], [-79.1809380003884, 44.3415650000248], [-79.1807370001124, 44.3419940000231], [-79.180571999698, 44.3424329995833], [-79.1803819999293, 44.3433299995799], [-79.1801320000917, 44.3457210001241], [-79.1796559997246, 44.3501520003146], [-79.1793209995644, 44.3528650004195], [-79.1791050003954, 44.3537620004161], [-79.1789660002806, 44.3542009999762], [-79.178575000236, 44.3550769999037], [-79.1780969997767, 44.3559159999235], [-79.1775079995945, 44.3567260004046], [-79.176468000198, 44.3578609996854], [-79.1760679997383, 44.3582149998224], [-79.1752190001567, 44.3588949997045], [-79.1742840002064, 44.3595100001864], [-79.1727529997511, 44.3603229999066], [-79.1720030002382, 44.3606349999054], [-79.1710880003109, 44.3609799996273], [-79.1705180001056, 44.3611690002492], [-79.1693280000871, 44.3614830003402], [-79.1545179997059, 44.3647469997743], [-79.1543289999833, 44.3647889999125], [-79.1432699999105, 44.3672389995802], [-79.1392339999491, 44.3680870000151]]}, "properties": {"lhrs": 31070, "offset": 2.6, "highway": "48", "length": 5.88, "traffic_section": 31070026, "aadt": 5300, "aadtt": 790}}, {"type": "Feature", "geometry": {"type": "LineString", "coordinates": [[-78.0936400001858, 44.9925399996213], [-78.0930120000037, 44.992545999898], [-78.0903640001984, 44.9924780003595], [-78.0888959999504, 44.992404999691], [-78.0884160002982, 44.9923570001754], [-78.0879250001386, 44.992281000268], [-78.0874610003249, 44.9921790000608], [-78.0852120000337, 44.9915099997867], [-78.0847840000815, 44.9914269995564], [-78.0840019999923, 44.9913529997412], [-78.0836210004088, 44.9913519996951], [-78.0828560002042, 44.9914230002713], [-78.0820730000689, 44.9916000003398], [-78.0817119996091, 44.9917170003393], [-78.0811149999573, 44.9919900003383], [-78.0808799999121, 44.9921280004069], [-78.080404999591, 44.992484999783], [-78.0785300003592, 44.9941649999149], [-78.0781479998303, 44.9944440001905], [-78.0773639996488, 44.9949100000965], [-78.076959999904, 44.9951149996576], [-78.076544999652, 44.9952939998183], [-78.0756170000245, 44.9955760002323], [-78.0751160003031, 44.9956979995631], [-78.0745910003743, 44.9957930003467], [-78.0740549999383, 44.9958599998392], [-78.0735449998019, 44.9959009999313], [-78.0730630000573, 44.9959070002079], [-78.072239999876, 44.9958769997238], [-78.0715450002016, 44.9958050000008], [-78.0691779998648, 44.9954560000944], [-78.068622000305, 44.9954150000023], [-78.0680639997537, 44.9954180001407], [-78.0675149996175, 44.9954760001174], [-78.0669889996426, 44.9955889999325], [-78.0664740001749, 44.995737999609], [-78.0623830003751, 44.9970909999498], [-78.060914000081, 44.997538999925], [-78.0604850000826, 44.9977349999703], [-78.0533890002022, 45.0000450003765], [-78.0524170003442, 45.0004429998446], [-78.0515160001632, 45.0009240004423], [-78.0511369997727, 45.0011570003953], [-78.0485310001055, 45.0029719995582], [-78.0480519996001, 45.0031569999956], [-78.0468319999968, 45.0039270004308], [-78.0463769996987, 45.0041489998765], [-78.0454330002327, 45.0044850000828], [-78.0449460002576, 45.0045890003821], [-78.0428230003811, 45.0049029995738], [-78.0416239999476, 45.005034000219], [-78.0360279999921, 45.0057710000317], [-78.0354549996485, 45.0058100000315], [-78.0348969999965, 45.0057960002852], [-78.0343550001831, 45.0057279998473], [-78.0338399998161, 45.0056240004473], [-78.0333400001409, 45.0054759999175], [-78.0328809996583, 45.0052840000566], [-78.0324480003749, 45.0050570003803], [-78.0320560002842, 45.0047949999893], [-78.0317040002393, 45.0044880002211], [-78.0296410004318, 45.0021660001609], [-78.0277470003238, 45.0000279995925], [-78.0268110003274, 44.9990050000807], [-78.0225309999056, 44.9941849999378], [-78.0219599996542, 44.9936929997322], [-78.0216899997936, 44.9935240000326], [-78.0211599996342, 44.9932130000799], [-78.0207390000048, 44.9930220002652], [-78.0198030000084, 44.9927280001971], [-78.0189609998502, 44.9925710001516], [-78.0157209997243, 44.992170999692], [-78.0097959998854, 44.9914580000867], [-78.0091509998187, 44.9914230002713], [-78.0085160002132, 44.9914240003174], [-78.0072440000105, 44.9914899997638]]}, "properties": {"lhrs": 42610, "offset": 0, "highway": "118", "length": 8.08, "traffic_section": 42610000, "aadt": 1750, "aadtt": 140}}, {"type": "Feature", "geometry": {"type": "LineString", "coordinates": [[-79.5830770002033, 43.5834879995716], [-79.5795500003322, 43.5867050004355], [-79.5690590003725, 43.59637400026]]}, "properties": {"lhrs": 10151, "offset": 0, "highway": "QEW", "length": 1.82, "traffic_section": 10151000, "aadt": 188800, "aadtt": 22700}}, {"type": "Feature", "geometry": {"type": "LineString", "coordinates": [[-79.7359730003536, 44.8050460002727], [-79.736171999638, 44.8052109997878], [-79.7364689998444, 44.805465999856], [-79.737001000096, 44.806011999854], [-79.7376179997709, 44.8067390001048], [-79.7382059999069, 44.8075830003552], [-79.7387050004354, 44.8084889998675], [-79.7391019998574, 44.8094290000483], [-79.739371999718, 44.8103860001139], [-79.7395410003169, 44.811350999649], [-79.7395800003167, 44.8118470000391], [-79.7395719999478, 44.812818999897], [-79.739462000271, 44.8137899997088], [-79.7370000000499, 44.8263479996605], [-79.7368650001196, 44.8273190003716], [-79.7368290002581, 44.8278040002544], [-79.7368710003963, 44.8287859996742], [-79.7369359997965, 44.8292729996493], [-79.7370400000959, 44.8297510001086], [-79.7389029996737, 44.8365240003824], [-79.7390189996271, 44.8370290002882], [-79.7390839999266, 44.837534000194], [-79.7390979996729, 44.8380469995694], [-79.7390609997653, 44.8385599998442], [-79.7388750001811, 44.8395660003707], [-79.7387119998589, 44.8400589997231], [-79.7384989999289, 44.8405429995598], [-79.7382490000912, 44.8410169998347], [-79.7363669996373, 44.8437600004237], [-79.7361290003531, 44.8442260003297], [-79.7357530001008, 44.8452030004182], [-79.7356410003318, 44.8456969998168], [-79.7355560000093, 44.8467040003894], [-79.7355699997556, 44.8472169997648], [-79.735634000009, 44.8477219996706], [-79.7357499999625, 44.8482269995764], [-79.7359039998697, 44.8487240000126], [-79.7361080002839, 44.8492130000799], [-79.7389669999271, 44.8544840003364], [-79.7397079999242, 44.8558870002849], [-79.7417689996396, 44.8596229999016]]}, "properties": {"lhrs": 46972, "offset": 0, "highway": "400", "length": 6.3, "traffic_section": 46972000, "aadt": 14300, "aadtt": 3850}}, {"type": "Feature", "geometry": {"type": "LineString", "coordinates": [[-78.6250800002418, 44.0737190004316], [-78.6249769999885, 44.0766250004435], [-78.6249670004267, 44.0787399999511], [-78.6252790004255, 44.0803040001296], [-78.6281169999995, 44.0870970004263], [-78.6315970004012, 44.0954390002098]]}, "properties": {"lhrs": 27835, "offset": 0, "highway": "35", "length": 2.49, "traffic_section": 27835000, "aadt": 7150, "aadtt": 1450}}, {"type": "Feature", "geometry": {"type": "LineString", "coordinates": [[-78.8116710002164, 44.7274440000406], [-78.812395000329, 44.7276739998553], [-78.8139839998616, 44.728388000406], [-78.8148530003656, 44.7287829997357], [-78.8153849997179, 44.7290719995732], [-78.8166539997822, 44.7296009996865], [-78.8169010003808, 44.7297490002163], [-78.8173569998256, 44.7300370000076], [-78.8182060003066, 44.7306290003282], [-78.8197820001392, 44.7317220003701], [-78.8205840002514, 44.7322139996764], [-78.8211779997648, 44.732541000367], [-78.8221470003837, 44.7329729996043], [-78.8252080003489, 44.7341930001069], [-78.8257910002544, 44.7344739995755], [-78.8263089998604, 44.7347990001738], [-78.8267880003659, 44.7351680001032], [-78.8271900000184, 44.7355630003323], [-78.8275529996712, 44.7359930003767], [-78.8276479995555, 44.73614800033], [-78.8278390002696, 44.7364400003058], [-78.8280740003148, 44.7369119995891], [-78.8281819998994, 44.7373999996104], [-78.8284149998523, 44.739258999903], [-78.8285210002439, 44.7401529997612], [-78.8285699998056, 44.7408650002196], [-78.8285079996444, 44.7428619996816], [-78.828432999783, 44.7431850001877], [-78.8284709997368, 44.7438520003696], [-78.8284430002442, 44.7442560001144], [-78.8285469996443, 44.7448430002043], [-78.8288039998047, 44.7457390001548], [-78.8290870002648, 44.7462759997376], [-78.8294810004478, 44.7472289996187], [-78.8296140002859, 44.7477169996399], [-78.8296340003088, 44.74821300003], [-78.8295879999862, 44.7487610001201], [-78.8294330000329, 44.7491900001185], [-78.829201000126, 44.7496630003472], [-78.8289080001041, 44.7500619998614], [-78.8280110001076, 44.7510810000882], [-78.8274769997637, 44.7518270003159], [-78.8263899999985, 44.7538669999621], [-78.8258789998159, 44.7547039998897], [-78.8248970003962, 44.7559550000233], [-78.8245270004207, 44.7563710003214], [-78.824196000445, 44.7567960001354], [-78.823102000357, 44.7583150000373], [-78.8208809995584, 44.7616029996788], [-78.8206519997899, 44.7619860002538], [-78.8205830002053, 44.7621469995844], [-78.8195939995634, 44.7635769998787], [-78.8185200003977, 44.7652669995724], [-78.8182250002835, 44.7657029998935], [-78.8161730000838, 44.7688589997431], [-78.8149260001347, 44.7707620002661], [-78.8139500000924, 44.7721650002146], [-78.8138320000467, 44.7723360000065]]}, "properties": {"lhrs": 27940, "offset": 0, "highway": "35", "length": 5.94, "traffic_section": 27940000, "aadt": 3150, "aadtt": 280}}, {"type": "Feature", "geometry": {"type": "LineString", "coordinates": [[-79.6002030003681, 43.6970139998962], [-79.6000349998154, 43.696991999781], [-79.5988619996815, 43.6968610000352], [-79.5975830000554, 43.696747000174], [-79.5969299996197, 43.6967310003354], [-79.5962659995762, 43.696727000151], [-79.5954460004326, 43.6967460001279], [-79.5947719999278, 43.6967850001277], [-79.5940269997462, 43.6968379998738], [-79.5929620000962, 43.6969479995506], [-79.5926960004201, 43.6969769999886]]}, "properties": {"lhrs": 48990, "offset": 0, "highway": "409", "length": 0.61, "traffic_section": 48990000, "aadt": 94600, "aadtt": 10400}}, {"type": "Feature", "geometry": {"type": "LineString", "coordinates": [[-79.4578819995546, 43.7280569997308], [-79.4580059998769, 43.7280320003766], [-79.4583680003828, 43.7279559995698], [-79.4626760002972, 43.727014000196], [-79.4661339996843, 43.7262780004294], [-79.4691419999033, 43.7256429999246], [-79.4693670003868, 43.7256009997864], [-79.4695919999708, 43.7255500001325], [-79.4698039998547, 43.7255079999943], [-79.470029000338, 43.7254570003403], [-79.470252999876, 43.7254150002021], [-79.4704649997599, 43.7253629996028], [-79.4706900002433, 43.7253119999489], [-79.4709030001733, 43.725261000295], [-79.4711269997112, 43.7252099997418], [-79.4713399996413, 43.7251590000878], [-79.4715389998249, 43.7251169999496], [-79.4715640000785, 43.7251080004339], [-79.4717770000085, 43.7250569998807], [-79.4725519997749, 43.7248599997892], [-79.4731389998649, 43.7247150002971], [-79.4732889995876, 43.7246809996285], [-79.4755250001785, 43.7241339995845], [-79.4781610003299, 43.7234939997484], [-79.4812089996955, 43.722750999659], [-79.4812929999719, 43.7227299995899], [-79.4813089998104, 43.7227260003047], [-79.4813839996718, 43.7227090004201], [-79.481901000131, 43.7225819999594]]}, "properties": {"lhrs": 47654, "offset": 0, "highway": "401", "length": 2.03, "traffic_section": 47654000, "aadt": 396800, "aadtt": 31700}}, {"type": "Feature", "geometry": {"type": "LineString", "coordinates": [[-79.3380010002459, 43.7676590003626], [-79.3386109995979, 43.7676229996018], [-79.338772999874, 43.7676069997633], [-79.3389469998041, 43.7675919999709], [-79.340615000282, 43.767481000248], [-79.3436269997862, 43.7672989999489], [-79.3465630002822, 43.7671439999957], [-79.3467619995666, 43.7671290002032], [-79.3487789999509, 43.7669960003652], [-79.3507320000817, 43.7668889999275], [-79.3533690002791, 43.7667740000201], [-79.3569639996888, 43.7666010001361], [-79.358991999681, 43.7665040001596], [-79.3596520004394, 43.7664769998137], [-79.3601239997228, 43.7664569997908], [-79.3606089996056, 43.7664369997678], [-79.3624869998751, 43.7663559996298], [-79.3625760003821, 43.7663490002063]]}, "properties": {"lhrs": 47635, "offset": 0, "highway": "401", "length": 1.98, "traffic_section": 47635000, "aadt": 351700, "aadtt": 28100}}, {"type": "Feature", "geometry": {"type": "LineString", "coordinates": [[-80.2436449997169, 43.1653850001177], [-80.2435800003167, 43.165398999864], [-80.2432349996955, 43.1654599999791], [-80.2394620001712, 43.1662090003451], [-80.2374140001559, 43.1666099999516], [-80.2352710002564, 43.1668829999505], [-80.2330419999882, 43.1670220000653], [-80.2320449998768, 43.167050999604], [-80.2222489995916, 43.1673899999486], [-80.2219559995697, 43.1673970002714], [-80.2148769995738, 43.1675649999249], [-80.2133890002021, 43.1675989996941], [-80.2133340003638, 43.1676039999247]]}, "properties": {"lhrs": 48342, "offset": 0, "highway": "403", "length": 2.49, "traffic_section": 48342000, "aadt": 51900, "aadtt": 8400}}, {"type": "Feature", "geometry": {"type": "LineString", "coordinates": [[-80.4701060000918, 43.4305969996519], [-80.4697600003237, 43.4306219999054], [-80.4693890003021, 43.4306569997208], [-80.4662729995992, 43.4308939998583], [-80.4648390000198, 43.4310139999961], [-80.4636269998861, 43.4311069997882], [-80.4628229996816, 43.4311930001569], [-80.4624270003058, 43.431254000272], [-80.461671999663, 43.4314310003405], [-80.4609040002194, 43.4316970000166], [-80.4605320001517, 43.4318580002466], [-80.4598369995778, 43.4322240000376], [-80.4592149996724, 43.4326259996902], [-80.4588790003655, 43.4329120002886], [-80.4585549998134, 43.4332080004489], [-80.4582680000681, 43.4335219996406], [-80.4579050004154, 43.4340149998924], [-80.4578430002542, 43.4341319998919], [-80.4577169998396, 43.4343390004446], [-80.4576040000246, 43.4345359996368], [-80.4573890000023, 43.4350760002573], [-80.4572730000489, 43.4355250002786], [-80.4571210002339, 43.4361009998613], [-80.4570620002111, 43.4363089995607]]}, "properties": {"lhrs": 14600, "offset": 0, "highway": "7", "length": 1.38, "traffic_section": 14600000, "aadt": 101900, "aadtt": 9150}}, {"type": "Feature", "geometry": {"type": "LineString", "coordinates": [[-79.4226550001281, 44.6423569999756], [-79.4226689998744, 44.6423379999987], [-79.4228249998738, 44.6421599998841], [-79.4229949996195, 44.6419649998848], [-79.4241790002606, 44.6406120004435], [-79.424751999705, 44.6399179999158], [-79.4257010003009, 44.6388599996893], [-79.4258600004386, 44.6386010003359], [-79.4266510000436, 44.6377659996012], [-79.4270040001344, 44.6373300001794], [-79.4340179998308, 44.6292069997033], [-79.4355159996636, 44.6274270003559]]}, "properties": {"lhrs": 16993, "offset": 0, "highway": "11", "length": 1.95, "traffic_section": 16993000, "aadt": 33700, "aadtt": 4400}}, {"type": "Feature", "geometry": {"type": "LineString", "coordinates": [[-78.261831999747, 44.2986749997515], [-78.259765999801, 44.2991880000262], [-78.2587899997586, 44.299408000279], [-78.2506959997206, 44.3014639997638], [-78.2477770000085, 44.3022310000607], [-78.2477489996166, 44.3022390004295], [-78.2473069999181, 44.3023730003138], [-78.246121000084, 44.3028030003582], [-78.2445840002514, 44.3034949998944], [-78.2440829996307, 44.3037530001009], [-78.2438250003235, 44.303917999616], [-78.2423099997067, 44.3046740003049], [-78.2402720001526, 44.3056149996326], [-78.2386740002049, 44.30627799963], [-78.237065999796, 44.3068879998813], [-78.2324629997676, 44.3085229997367], [-78.2309080000041, 44.3090699997807], [-78.2291370001724, 44.3096660002857], [-78.2182400003757, 44.3131459997881], [-78.2157970001314, 44.3139059997621], [-78.2074589996331, 44.3165290002132], [-78.206899999935, 44.3166870003048], [-78.2057089998704, 44.3169459996582], [-78.204458999783, 44.3171130001649], [-78.2038299995548, 44.3171609996804], [-78.2025639996289, 44.317165999911], [-78.2013009998412, 44.3170809995885], [-78.1991040001495, 44.3168650004195]]}, "properties": {"lhrs": 14225, "offset": 0, "highway": "7", "length": 5.46, "traffic_section": 14225000, "aadt": 20900, "aadtt": 2300}}, {"type": "Feature", "geometry": {"type": "LineString", "coordinates": [[-79.4769969997117, 43.1891709998419], [-79.478821000189, 43.1892299998647], [-79.4810840002264, 43.1892740000951], [-79.4843489997065, 43.1893879999563], [-79.48554800014, 43.1894269999561], [-79.4868550001581, 43.1894579995871], [-79.4881919997609, 43.1894649999099], [-79.4956310001705, 43.1894090000254], [-79.5000000001998, 43.1893879999563], [-79.5068650002195, 43.1893900000485], [-79.51572200037, 43.1893500000025], [-79.5187570000355, 43.1894110001176], [-79.5202980000526, 43.1895480001401], [-79.5233060002716, 43.1900119999539]]}, "properties": {"lhrs": 10074, "offset": 0, "highway": "QEW", "length": 3.77, "traffic_section": 10074000, "aadt": 104700, "aadtt": 10500}}, {"type": "Feature", "geometry": {"type": "LineString", "coordinates": [[-80.1170449999267, 43.6020450000768], [-80.1169300000195, 43.6020609999152], [-80.1158719997929, 43.602341000237], [-80.1145360002362, 43.6031050003955], [-80.1071529997111, 43.6096570003703], [-80.1065879997363, 43.6101749999763], [-80.0962650003295, 43.6192779997799], [-80.0954990000787, 43.6199559995698], [-80.0878970002463, 43.6268469998892], [-80.0872439998107, 43.6274000002099], [-80.0863679998832, 43.6279420000233], [-80.0859430000693, 43.6281370000226], [-80.0847980003274, 43.6284249998139]]}, "properties": {"lhrs": 14535, "offset": 0, "highway": "7", "length": 3.95, "traffic_section": 14535000, "aadt": 9200, "aadtt": 920}}, {"type": "Feature", "geometry": {"type": "LineString", "coordinates": [[-79.6985749997364, 44.3990089996657], [-79.6973869998101, 44.4004630001673], [-79.6960749995615, 44.4018880002311], [-79.6951649998648, 44.4027060001818], [-79.6945510003284, 44.4032209996495], [-79.6867120003585, 44.408947000204], [-79.6853600000639, 44.4098860003387], [-79.6848000003197, 44.4102120000838], [-79.6836060001167, 44.4108200002429], [-79.6829840002114, 44.4110920001957], [-79.6816800003317, 44.4115630003322], [-79.6792790002256, 44.4122190000069], [-79.6731499999725, 44.4138499996778], [-79.6730360001113, 44.4138850003925]]}, "properties": {"lhrs": 46900, "offset": 0, "highway": "400", "length": 2.69, "traffic_section": 46900000, "aadt": 100100, "aadtt": 10000}}, {"type": "Feature", "geometry": {"type": "LineString", "coordinates": [[-78.3876169997247, 43.9537240003624], [-78.3940349998153, 43.9523039996299], [-78.3942990002986, 43.9522380001836], [-78.395155000203, 43.952050999654], [-78.3955450002015, 43.9519700004153], [-78.3961870001299, 43.9518219998854], [-78.4425650002745, 43.9415170004093], [-78.4493720003175, 43.9399770004383]]}, "properties": {"lhrs": 47555, "offset": 0, "highway": "401", "length": 5.19, "traffic_section": 47555000, "aadt": 51900, "aadtt": 11400}}, {"type": "Feature", "geometry": {"type": "LineString", "coordinates": [[-79.8649340002039, 44.4651619998265], [-79.8637309995859, 44.4649970003114], [-79.8627429998895, 44.4647440003354], [-79.8622309996609, 44.4645500003822], [-79.8615460004475, 44.4642099999916], [-79.8612229999414, 44.4640089997156], [-79.8607149998973, 44.4636080001092], [-79.8555989995941, 44.4578400003158], [-79.8549949996195, 44.4572039997648], [-79.8549340004038, 44.4571309999957], [-79.8543179998758, 44.4564679999983], [-79.8509239998427, 44.4526429998746], [-79.8474299996947, 44.4487999998202], [-79.8463179996759, 44.4478429997547], [-79.8458960000004, 44.4475600001939], [-79.8450020001421, 44.4470289999884], [-79.8440179997309, 44.4465779998748], [-79.8435060004015, 44.446375000406], [-79.8429819996196, 44.4461980003375], [-79.8424939995984, 44.4460669996923], [-79.8413190002716, 44.4457850001777], [-79.8401789998609, 44.4456120002936], [-79.8395889996326, 44.4455520002247], [-79.8384209997293, 44.4455039998098], [-79.8351039996498, 44.4454700000405], [-79.8343380002984, 44.4454439997409], [-79.8331840001414, 44.445323999603], [-79.8320449997769, 44.4451149998574], [-79.8314949995945, 44.4449830000655], [-79.8234099999715, 44.4426759997976], [-79.8212219997954, 44.4421040003993], [-79.8191460002876, 44.4416419997785], [-79.8098089995856, 44.4397709998318], [-79.8086199996133, 44.4395519996251], [-79.8077180002854, 44.4394260001098], [-79.8066260002897, 44.4393419998335], [-79.8057090002701, 44.4393330003178], [-79.8045899999285, 44.4393569996259], [-79.8012450003565, 44.4394840000866], [-79.8008300001044, 44.4395149997175], [-79.8002619999913, 44.4396089995557], [-79.7999469998541, 44.4396860004086], [-79.7995800000169, 44.439771999878], [-79.7989869996503, 44.4399099999466], [-79.7986330004126, 44.4400320001767], [-79.7976690000243, 44.4404369999676], [-79.7942560000143, 44.4420570000306], [-79.7937490000163, 44.4422590003526], [-79.7932300003642, 44.4424330002828], [-79.7926739999051, 44.4425619999364], [-79.7921069998382, 44.4426470002589], [-79.7915280001171, 44.4426939997283], [-79.7788849998428, 44.4433429999795], [-79.7682909996299, 44.4439770004383], [-79.7630820004339, 44.4442529996762], [-79.7588680003579, 44.4444420002981], [-79.7547809998432, 44.4445859997442], [-79.7496630003472, 44.4447290000434], [-79.7452479999952, 44.4449050000658], [-79.7439539996773, 44.4449179997659], [-79.7431500003722, 44.4448819999044], [-79.7423100003062, 44.4448009997664], [-79.7414330003327, 44.4446560002742], [-79.7398199996932, 44.4442870003448], [-79.7393959999254, 44.4441209998843], [-79.738571999698, 44.4438770003234], [-79.738185999884, 44.4437289997936], [-79.737801000116, 44.4435179999558], [-79.7374550003479, 44.44322599998], [-79.736859999889, 44.4428590001428]]}, "properties": {"lhrs": 25620, "offset": 0, "highway": "26", "length": 11.53, "traffic_section": 25620000, "aadt": 8500, "aadtt": 510}}, {"type": "Feature", "geometry": {"type": "LineString", "coordinates": [[-78.7801550001531, 44.3752629999875], [-78.780347000014, 44.3756859997092], [-78.7828159996586, 44.3811000002648], [-78.785918999762, 44.3880289996387], [-78.7871730000339, 44.390745999928], [-78.7876559998245, 44.3915740003399], [-78.7882310002604, 44.3923049998759], [-78.7889550003729, 44.3930940002879], [-78.7891009999112, 44.3932140004258], [-78.7891759997725, 44.3932239999876], [-78.7906300002742, 44.3956290002782], [-78.7915250001786, 44.3975279997174], [-78.791571999648, 44.3976279998324], [-78.7922820000143, 44.3991180001956], [-78.7927720001277, 44.4000999996154], [-78.7931480003799, 44.4007819995896], [-78.7933489997565, 44.401118999842], [-78.7936639998936, 44.402080000092], [-78.7937270001009, 44.4024320001367], [-78.7937530004006, 44.4030629995578], [-78.79367799964, 44.4033940004328], [-78.7936510001934, 44.4035209999942]]}, "properties": {"lhrs": 27890, "offset": 3.2, "highway": "35", "length": 3.34, "traffic_section": 27890032, "aadt": 11600, "aadtt": 460}}, {"type": "Feature", "geometry": {"type": "LineString", "coordinates": [[-80.1000060001767, 43.9338710003464], [-80.0996669998322, 43.9335920000708], [-80.0996429996247, 43.9335459997482], [-80.0991730004336, 43.9332640002335], [-80.0986050003204, 43.9329170004193], [-80.0978759999774, 43.9325600001439], [-80.093455000248, 43.9307779998049], [-80.0933930000868, 43.9307779998049], [-80.0930460002726, 43.9306399997362], [-80.0925390002746, 43.9304200003828], [-80.092514000021, 43.9303839996219], [-80.09161299984, 43.9298270000161], [-80.091045999773, 43.9294180000407], [-80.0902849997529, 43.9287000002049], [-80.0895609996404, 43.9279560000694], [-80.0894990003785, 43.9279380001386], [-80.0892299996647, 43.9276569997708], [-80.0888740003348, 43.9273029996337], [-80.0888740003348, 43.9272669997723], [-80.0862370001374, 43.9245890003821], [-80.0854390002096, 43.9238179999008], [-80.0838139999161, 43.922543999606], [-80.083629000378, 43.9224259995603], [-80.0835549996635, 43.9224069995834], [-80.0829250002885, 43.922015000392]]}, "properties": {"lhrs": 16490, "offset": 0, "highway": "10", "length": 1.94, "traffic_section": 16490000, "aadt": 22200, "aadtt": 1350}}, {"type": "Feature", "geometry": {"type": "LineString", "coordinates": [[-78.9935070003477, 44.1033239996029], [-78.9942959998605, 44.1049200003578], [-78.9943769999985, 44.1050920001957], [-78.9973009999412, 44.1110050003805], [-78.9995379996789, 44.1150859997192], [-79.0000059996771, 44.1160219997155], [-79.001168000203, 44.1186349997055], [-79.0038810003079, 44.1248949997045], [-79.0043880003059, 44.1261639997688], [-79.0048209995894, 44.1274230002713], [-79.005139999911, 44.1283289997835], [-79.007945999808, 44.135210999688], [-79.0097690002392, 44.1397630000624]]}, "properties": {"lhrs": 14350, "offset": 0, "highway": "7", "length": 4.26, "traffic_section": 14350000, "aadt": 7800, "aadtt": 1350}}, {"type": "Feature", "geometry": {"type": "LineString", "coordinates": [[-79.5694440001404, 43.6918629997777], [-79.5694949997944, 43.6918009996165], [-79.569521000094, 43.6917560002393], [-79.5695600000939, 43.6917029995938], [-79.5696109997478, 43.6916220003551], [-79.5696240003473, 43.6916040004243], [-79.5696879997014, 43.6915149999174], [-79.5697519999548, 43.6914169998947], [-79.5698170002543, 43.691318999872], [-79.5698809996084, 43.6912290002182], [-79.5699459999079, 43.6911310001956], [-79.5700100001613, 43.6910330001729], [-79.5700619998614, 43.6909350001502], [-79.5701260001148, 43.6908449995971], [-79.5701779998148, 43.6907650004045], [-79.5701900003682, 43.6907469995744], [-79.5702420000682, 43.6906489995517], [-79.5703070003677, 43.690558999898], [-79.5703329997681, 43.6905060001518], [-79.5703590000678, 43.6904520003596], [-79.5703719997679, 43.6904340004288], [-79.5704109997678, 43.6903540003369], [-79.5704230003212, 43.6903360004062], [-79.5704750000212, 43.6902550002681], [-79.5705269997212, 43.6901659997611], [-79.5705790003205, 43.6900679997385], [-79.5705920000207, 43.6900410002919], [-79.5706310000206, 43.6899689996696], [-79.5706829997206, 43.689870999647], [-79.57073500032, 43.6897640001086], [-79.57078700002, 43.6896650000398], [-79.57083899972, 43.6895670000171], [-79.5721839996918, 43.6872599997492], [-79.5729330000578, 43.6860270004458], [-79.5737079998243, 43.684714000151], [-79.5743810002829, 43.6835420000633], [-79.5744069996833, 43.6834979998329], [-79.5751240003723, 43.6820389999999], [-79.5752669997722, 43.6817710002315], [-79.5760980003224, 43.6801960004451], [-79.5765020000672, 43.6793999997102], [-79.5767099997666, 43.6789879995965], [-79.5773709996719, 43.6777720001777], [-79.5776049996709, 43.6773430001793], [-79.5777089999704, 43.6771280001571], [-79.5779429999694, 43.6766899997438], [-79.5779559996696, 43.676671999813], [-79.5779690002691, 43.6766359999515], [-79.5779939996233, 43.67660000009], [-79.578019999923, 43.6765650002746], [-79.5780470002688, 43.6764840001366], [-79.5780729996692, 43.6764300003443], [-79.5780989999689, 43.6763769996988], [-79.5781250002685, 43.6763229999066], [-79.5781640002684, 43.6762690001143], [-79.5781889996226, 43.6762249998839], [-79.5782159999684, 43.6761619996766], [-79.5782420002681, 43.6761079998843], [-79.5782800002218, 43.6760550001382], [-79.5783059996222, 43.6760099998617], [-79.578344999622, 43.6759570001155], [-79.5783709999217, 43.6759030003233], [-79.5784089998754, 43.6758489996317], [-79.5784469998292, 43.6758050003005], [-79.5784740001749, 43.675750999609], [-79.5785120001287, 43.6757060002318], [-79.5785500000824, 43.6756440000706], [-79.5785890000823, 43.675598999794], [-79.578627000036, 43.6755549995636], [-79.5786530003356, 43.6755100001864], [-79.578678999736, 43.6754649999099], [-79.5787039999896, 43.6754300000945], [-79.5787300002892, 43.6753849998179], [-79.578768000243, 43.6753409995875], [-79.5787939996433, 43.6752960002103], [-79.578819999943, 43.6752600003488], [-79.5788579998967, 43.6752150000722], [-79.5788840001964, 43.6751800002569], [-79.5789220001501, 43.6751349999803], [-79.5789479995505, 43.6751000001649], [-79.5789860004036, 43.6750549998884], [-79.5790119998039, 43.6750190000269], [-79.5790499997577, 43.6749749997965], [-79.5790879997114, 43.674938999935], [-79.5791259996651, 43.6749040001196], [-79.5791639996189, 43.6748680002581], [-79.5792019995726, 43.6748240000276], [-79.5792409995724, 43.6747880001661], [-79.5792790004255, 43.6747530003507], [-79.5793680000331, 43.6746639998437], [-79.5794320002865, 43.674564999775], [-79.5794829999405, 43.6745120000288], [-79.5795460001477, 43.6744499998676], [-79.5795969998017, 43.6743960000754], [-79.579649000401, 43.6743250003985], [-79.579711999709, 43.674271999753], [-79.5797630002622, 43.6742179999608], [-79.5798259995702, 43.6741559997996], [-79.5798770001234, 43.6741030000534], [-79.5799400003307, 43.6740399998462], [-79.5799909999846, 43.6739870001], [-79.580055000238, 43.6739249999388], [-79.5801180004453, 43.6738720001927], [-79.5801809997533, 43.6738180004004], [-79.5802450000067, 43.673764999755], [-79.5802959996606, 43.6737029995938], [-79.5803589998679, 43.6736489998016], [-79.5804220000752, 43.6735960000554], [-79.5804979999827, 43.6735430003093], [-79.58056100019, 43.6734899996638], [-79.5806250004434, 43.6734369999177], [-79.5806879997514, 43.6733739997103], [-79.5807509999587, 43.6733300003793], [-79.5808269998661, 43.6732769997338], [-79.5808900000734, 43.6732239999877], [-79.5809530002807, 43.6731710002415], [-79.5810290001882, 43.6731179995961], [-79.5810920003955, 43.6730730002188], [-79.5811680003029, 43.6730199995734], [-79.5812309996109, 43.6729669998272], [-79.5813060003716, 43.6729229995968], [-79.5813820002791, 43.6728699998507], [-79.581444999587, 43.6728259996202], [-79.5815210003938, 43.6727640003584], [-79.5816089999553, 43.672720000128], [-79.5816849998628, 43.6726670003818], [-79.5817599997242, 43.6726129996902], [-79.5818359996317, 43.6725599999441], [-79.5819120004384, 43.672507000198], [-79.5819999999999, 43.6724539995525], [-79.5820749998613, 43.6724009998064], [-79.5821630003222, 43.6723569995759], [-79.5821640003683, 43.6723480000602], [-79.5822390002297, 43.6723039998298], [-79.5823269997912, 43.6722599995994], [-79.5824029996986, 43.6722069998532], [-79.5824659999059, 43.6721629996228], [-79.5824910001595, 43.6721540001071], [-79.5825660000208, 43.6721099998766], [-79.5826539995824, 43.6720659996462], [-79.5827420000433, 43.6720129999001], [-79.5828179999507, 43.6719689996697], [-79.5828430002043, 43.6719610002], [-79.5829050003654, 43.6719250003385], [-79.582992999927, 43.6718810001081], [-79.5830810003878, 43.6718369998777], [-79.5831689999494, 43.6717939996934]]}, "properties": {"lhrs": 47667, "offset": 0, "highway": "401", "length": 2.52, "traffic_section": 47667000, "aadt": 276600, "aadtt": 27700}}, {"type": "Feature", "geometry": {"type": "LineString", "coordinates": [[-79.660562000436, 43.6394029997487], [-79.6608619998814, 43.6392990003486], [-79.6611719997879, 43.6391830003952], [-79.6614000004096, 43.6390980000727], [-79.6615120001786, 43.6390539998422], [-79.6618250002235, 43.6389139996814], [-79.6619380000386, 43.6388700003503], [-79.6661770003682, 43.637217999711], [-79.6664029999984, 43.6371130002648], [-79.6670659999959, 43.6368319998969], [-79.6688430001043, 43.6360699998307], [-79.6694940004477, 43.6357979998779], [-79.6757199997782, 43.6333939996334], [-79.6774959998405, 43.6326939997284], [-79.6826480000052, 43.6306649996901], [-79.6842350003449, 43.6300439998308], [-79.68434800016, 43.6299910000847], [-79.6844359997216, 43.6299560002693], [-79.6845230001363, 43.6299209995545], [-79.6845729997441, 43.6299019995777]]}, "properties": {"lhrs": 47675, "offset": 0, "highway": "401", "length": 2.21, "traffic_section": 47675000, "aadt": 221800, "aadtt": 26600}}, {"type": "Feature", "geometry": {"type": "LineString", "coordinates": [[-78.2256120003935, 44.3714139996564], [-78.2267079996744, 44.3736619999014], [-78.2276980003624, 44.3758279999623], [-78.2313050003254, 44.3831989999339], [-78.2335430001093, 44.3879169998697], [-78.2368709997968, 44.3950820002342], [-78.2416380001935, 44.4053170000795], [-78.2440730000689, 44.4104439999907], [-78.2441190003915, 44.4105260001748], [-78.2448869998352, 44.4120840000766], [-78.2473079999642, 44.4172289999184], [-78.2491860002337, 44.4213880001561], [-78.2512229997416, 44.425894000208], [-78.2541529999609, 44.4320049996311], [-78.2554149997025, 44.4345649998749], [-78.25838609804, 44.4407351719906], [-78.2585843796654, 44.4411526094054], [-78.2587649095729, 44.4416598270394], [-78.2588369632552, 44.4419960727606], [-78.2588714657455, 44.4423353599889], [-78.2588634788664, 44.4426753801647], [-78.2587486768099, 44.4433499562355], [-78.2584814117877, 44.4440022686898], [-78.2580731609476, 44.4446159759466], [-78.2578192589516, 44.4449034514332], [-78.2573770892812, 44.4453030516945], [-78.2570491164236, 44.4455486970148], [-78.2568783009928, 44.445666840952], [-78.256508666142, 44.4458802185973], [-78.2561142810492, 44.4460811927928], [-78.2555847656244, 44.4463078768071], [-78.2544386093543, 44.4467652845902], [-78.2540495824222, 44.4469205381524], [-78.253654545321, 44.4470938006384], [-78.2533579866817, 44.4472400223092], [-78.2529742936287, 44.4474564657434], [-78.2526140081299, 44.4476926546923], [-78.252125266168, 44.4480831403247], [-78.2519714254409, 44.4482189856178], [-78.2516926499958, 44.4485062425691], [-78.2514443121053, 44.4488074893742], [-78.251227773343, 44.4491210721798], [-78.2510156358629, 44.4495212093364], [-78.2507321227892, 44.4502000338045], [-78.2506382947215, 44.4504475119432]]}, "properties": {"lhrs": 26261, "offset": 6.5, "highway": "28", "length": 9.49, "traffic_section": 26261065, "aadt": 6600, "aadtt": 590}}, {"type": "Feature", "geometry": {"type": "LineString", "coordinates": [[-79.0628290000583, 44.2642559998146], [-79.0629840000116, 44.2647839998817], [-79.0680689997845, 44.2763219995607], [-79.0688859996891, 44.2781369996229], [-79.0726349999053, 44.2868969997967], [-79.0732549997184, 44.2882310001606]]}, "properties": {"lhrs": 14330, "offset": 0, "highway": "7", "length": 2.79, "traffic_section": 14330000, "aadt": 9300, "aadtt": 1950}}, {"type": "Feature", "geometry": {"type": "LineString", "coordinates": [[-79.0643190004215, 44.2536899999936], [-79.064234000099, 44.253795000339], [-79.0635920001706, 44.2546660000359], [-79.0633509998488, 44.2551390002647], [-79.0631969999416, 44.2556410000322], [-79.0631169998496, 44.2561619997765], [-79.0627649998049, 44.2611610000802], [-79.062604999621, 44.2629859997042], [-79.0626190002666, 44.2636889997476], [-79.0627590004275, 44.264015000392], [-79.0628290000583, 44.2642559998146]]}, "properties": {"lhrs": 14330, "offset": 2.8, "highway": "7", "length": 1.2, "traffic_section": 14330028, "aadt": 6550, "aadtt": 1300}}, {"type": "Feature", "geometry": {"type": "LineString", "coordinates": [[-80.0372059999569, 43.4732699998107], [-80.0388290001582, 43.4730319996272], [-80.03953500034, 43.4729569997658], [-80.0409580003114, 43.4728520003196], [-80.0519940002229, 43.4723850003675], [-80.0578210000391, 43.4721720004375], [-80.059491999756, 43.4720599997692], [-80.0609410000271, 43.4719100000465], [-80.0625149997674, 43.4716620003011], [-80.0638169995548, 43.4713929995873], [-80.0671440000955, 43.4704839999367], [-80.0748179996509, 43.468330999576], [-80.0824160001982, 43.4661859995842], [-80.1009379999887, 43.4610209997194], [-80.1130390004495, 43.4576489998016], [-80.1168750001811, 43.4565529996213], [-80.118091999646, 43.4561390003147], [-80.1192150001721, 43.4557019999474], [-80.1202670001219, 43.4553190002717], [-80.1214950000941, 43.4546479999053], [-80.123307000018, 43.4538649997699], [-80.1245499997826, 43.4533349996106]]}, "properties": {"lhrs": 47715, "offset": 0, "highway": "401", "length": 7.48, "traffic_section": 47715000, "aadt": 117500, "aadtt": 22000}}, {"type": "Feature", "geometry": {"type": "LineString", "coordinates": [[-80.3383489999064, 43.1679939999232], [-80.3322999997452, 43.1687879996665], [-80.3250190003266, 43.1697170002394], [-80.3098529997161, 43.1716440000706], [-80.3067899996588, 43.1715979997479], [-80.3004030000984, 43.1706500000974], [-80.300268000168, 43.1706310001206], [-80.3001029997536, 43.1706029997287]]}, "properties": {"lhrs": 48360, "offset": 0, "highway": "403", "length": 3.16, "traffic_section": 48360000, "aadt": 39800, "aadtt": 9500}}, {"type": "Feature", "geometry": {"type": "LineString", "coordinates": [[-79.8221569997457, 43.3416780000397], [-79.8220799997921, 43.3417109997629], [-79.8219680000232, 43.3417640004083], [-79.8186560001743, 43.3433050004254], [-79.8162659996761, 43.344405999937], [-79.8159290003231, 43.3445920004206], [-79.8144729997291, 43.3452609997954], [-79.8139869998002, 43.3454810000481], [-79.8112979999028, 43.3467320001817], [-79.8104949997444, 43.3471380000187], [-79.8089319996121, 43.3480190001767], [-79.8080660001457, 43.3485409999672], [-79.8065929996671, 43.3495499997327], [-79.8058959999004, 43.350088000261], [-79.8055740003398, 43.3503669996374], [-79.8038669998621, 43.3519259995853], [-79.8036939999781, 43.352084999723], [-79.8035959999554, 43.35217400023]]}, "properties": {"lhrs": 10121, "offset": 0, "highway": "QEW", "length": 1.92, "traffic_section": 10121000, "aadt": 169400, "aadtt": 42400}}, {"type": "Feature", "geometry": {"type": "LineString", "coordinates": [[-78.6957540002469, 44.2469870002499], [-78.6959840000615, 44.2475520002247], [-78.6970139998961, 44.2500490002612], [-78.7020799996922, 44.2624490001213], [-78.7023979999677, 44.2632930003717], [-78.7025299997596, 44.2637449996321], [-78.7026709999666, 44.2646299999745], [-78.7026920000357, 44.2650630001574], [-78.702634000059, 44.2659079995546], [-78.7024509997138, 44.2667329998281], [-78.7003299999295, 44.2729470004038], [-78.7000949998843, 44.2738160000084], [-78.7000159998384, 44.2742549995687], [-78.699969000369, 44.275128000257], [-78.7000020000922, 44.2755600003937], [-78.7001370000225, 44.2762829995608], [-78.7004380004133, 44.2772350002951], [-78.7009539999271, 44.2784509997139], [-78.7065079997444, 44.290950999689], [-78.7077549996935, 44.293685999909], [-78.7096869997552, 44.2981540000072], [-78.7116500003472, 44.302821000289], [-78.7154979997329, 44.3118830000005], [-78.7208079999892, 44.3240259997001], [-78.7227559998894, 44.3284579999368], [-78.7231110000725, 44.3293200001179]]}, "properties": {"lhrs": 27860, "offset": 1.4, "highway": "35", "length": 9.53, "traffic_section": 27860014, "aadt": 9100, "aadtt": 680}}, {"type": "Feature", "geometry": {"type": "LineString", "coordinates": [[-80.2818259995702, 43.1863619998065], [-80.282115000307, 43.1963710000217], [-80.2820560002842, 43.1972439998108], [-80.2819879998463, 43.1977570000855], [-80.2809289995736, 43.2009919999809], [-80.2799629999924, 43.2046240001975], [-80.2799260000848, 43.2046509996439], [-80.2798110001775, 43.2050190004266], [-80.2797720001776, 43.2051720002876]]}, "properties": {"lhrs": 24810, "offset": 2.2, "highway": "24", "length": 2.11, "traffic_section": 24810022, "aadt": 15300, "aadtt": 870}}, {"type": "Feature", "geometry": {"type": "LineString", "coordinates": [[-78.6751259995652, 43.8988969999966], [-78.6752760001872, 43.8988640002734], [-78.6794209997793, 43.8979490003462], [-78.6799109998927, 43.8978239999777], [-78.6833229998565, 43.8968669999121], [-78.6851889995726, 43.8962650000298], [-78.6891749999263, 43.8947409998973]]}, "properties": {"lhrs": 47575, "offset": 0, "highway": "401", "length": 1.22, "traffic_section": 47575000, "aadt": 89500, "aadtt": 12500}}, {"type": "Feature", "geometry": {"type": "LineString", "coordinates": [[-79.6934180002405, 44.7671540002569], [-79.6916650003395, 44.7697900004082], [-79.6914019999023, 44.770245999853], [-79.6910410003418, 44.7711150003571], [-79.6908349998353, 44.7718150002621], [-79.6907220000202, 44.7729119995892], [-79.6907480003199, 44.7734700001404], [-79.6908109996279, 44.7740200003228], [-79.6909380000886, 44.774570999652], [-79.6911150001571, 44.7751130003647], [-79.6913310002254, 44.7756370002474], [-79.6916089995556, 44.7761539998073], [-79.6919390003845, 44.7766530003357], [-79.6923080003139, 44.7771340000342], [-79.6938710004463, 44.7789789996811], [-79.6998479999852, 44.7858350001851], [-79.7052429996647, 44.7921619996766], [-79.7075489998864, 44.7947630000125], [-79.7079450001616, 44.7951629995728], [-79.708365999791, 44.7955369997328], [-79.708801000066, 44.7958750000313], [-79.7099219996006, 44.7966350000053], [-79.7111480003799, 44.7972339997493], [-79.711698999709, 44.7974560000944], [-79.7124520002596, 44.7977080000242], [-79.7127959999354, 44.7978130003697]]}, "properties": {"lhrs": 46963, "offset": 0, "highway": "400", "length": 4.02, "traffic_section": 46963000, "aadt": 17600, "aadtt": 3500}}, {"type": "Feature", "geometry": {"type": "LineString", "coordinates": [[-79.2797910003544, 44.3160760000075], [-79.2797340004237, 44.3160879996615], [-79.2793550000332, 44.3161810003529], [-79.2791779999647, 44.3162229995918], [-79.2790650001496, 44.3162489998915], [-79.2788619997814, 44.3163000004447], [-79.2787740002199, 44.3163160002832], [-79.2777139999012, 44.3165619999364], [-79.2765900002283, 44.3168240003274], [-79.2761349999303, 44.3169340000042], [-79.2753400001408, 44.3171199995884], [-79.2751880003259, 44.3171540002569], [-79.2750239999576, 44.3171960003951], [-79.2749360003961, 44.3172130002797], [-79.2733449998718, 44.3175850003475], [-79.2722849995531, 44.3178299999546], [-79.2717289999933, 44.3179570004153], [-79.2716029995787, 44.3179910001846], [-79.2714640003633, 44.3180160004381], [-79.2708580002964, 44.318158999838], [-79.2703779997449, 44.3182690004141], [-79.2702019997225, 44.3183030001834], [-79.2699230003461, 44.3183790000908], [-79.2697339997243, 44.3184220002751], [-79.2694690000943, 44.318481000298], [-79.2684839996368, 44.3186999996054], [-79.2681810000531, 44.3187760004121], [-79.2679409997773, 44.3188359995818], [-79.2656179996709, 44.3193679998334], [-79.2655170004092, 44.319393000087], [-79.2638750002311, 44.3197820000393], [-79.2628899997736, 44.3200190001768], [-79.2625619999363, 44.3200859996692], [-79.2621699998456, 44.3201879998763], [-79.260705999782, 44.3205260001748], [-79.2590770002034, 44.3208980002426], [-79.2580129997001, 44.3211409997574]]}, "properties": {"lhrs": 31060, "offset": 6, "highway": "48", "length": 1.83, "traffic_section": 31060060, "aadt": 12400, "aadtt": 1350}}, {"type": "Feature", "geometry": {"type": "LineString", "coordinates": [[-79.5462339999991, 43.8281690001992], [-79.5462430004141, 43.8282120003836], [-79.546242000368, 43.8282480002451], [-79.5462410003219, 43.8282660001758], [-79.5462899998835, 43.8288330002428], [-79.5464789996061, 43.8307630002124], [-79.54647799956, 43.8308260004196], [-79.5466339995594, 43.8325740000901], [-79.5467139996513, 43.8333859997641], [-79.5468129997201, 43.8344130003597], [-79.5468939998582, 43.835207000103], [-79.546962000296, 43.8359819998694], [-79.5470069996733, 43.837192999957], [-79.5471639997187, 43.8385090003901], [-79.5472490000413, 43.8393650002946], [-79.5473249999487, 43.8401840002915], [-79.5474100002713, 43.8410360000114], [-79.5474710003863, 43.8416699995709], [-79.5475589999479, 43.8423799999371], [-79.5476329997631, 43.8428760003272], [-79.5477269996013, 43.8434420003481], [-79.5478170001544, 43.8439349997005], [-79.5479489999464, 43.8445510002285], [-79.5481989997839, 43.8455149997175], [-79.5483670003368, 43.84623899983], [-79.5484739998752, 43.8466859997591], [-79.5484919998059, 43.8467619996666], [-79.5529399998811, 43.8655180003555]]}, "properties": {"lhrs": 46824, "offset": 0, "highway": "400", "length": 4.19, "traffic_section": 46824000, "aadt": 169500, "aadtt": 11000}}, {"type": "Feature", "geometry": {"type": "LineString", "coordinates": [[-80.0321020002071, 43.3971410000572], [-80.0325880001361, 43.3976490001014], [-80.0327090003201, 43.3977850000777], [-80.0328430002043, 43.3979119996391], [-80.0329770000885, 43.3980390000998], [-80.0331229996267, 43.3981669997073], [-80.0332570004102, 43.3982940001681], [-80.0334029999485, 43.3984120002137], [-80.033549000386, 43.3985389997751], [-80.0336949999242, 43.3986579998668], [-80.033842000408, 43.3987759999125], [-80.0339999996003, 43.3988939999582], [-80.0346720000127, 43.3993680002331], [-80.0354410004018, 43.3999059998621], [-80.0374319995871, 43.4013000002948], [-80.0395449999018, 43.4027770000585], [-80.042879999912, 43.4050830002803], [-80.0467159996437, 43.4077619997166], [-80.0479869998002, 43.4086189996672], [-80.0482809998682, 43.4088199999431], [-80.0484889995676, 43.4089390000349], [-80.0486970001664, 43.4090489997116], [-80.0489049998658, 43.4091580002416], [-80.0491260001647, 43.4092499999875], [-80.0493469995644, 43.4093510001486], [-80.0495800004167, 43.4094340003789], [-80.0498009998162, 43.4095169997098], [-80.0500470003687, 43.4095910004244], [-80.0502810003678, 43.4096650002396], [-80.050527000021, 43.4097299996398], [-80.0526560001742, 43.410197999638], [-80.053332999918, 43.4103480002601], [-80.0535910001245, 43.4104129996602], [-80.0538369997777, 43.4104779999598], [-80.0540830003301, 43.410551999775], [-80.0543289999833, 43.4106259995903], [-80.0545749996365, 43.4107180002356], [-80.0548079995895, 43.4108099999816], [-80.0550410004418, 43.4109019997276], [-80.0552619998414, 43.4110029998886], [-80.0554830001403, 43.4111129995653], [-80.0557030003931, 43.4112319996571], [-80.0558619996315, 43.411331999772], [-80.0560340003688, 43.4114230003712], [-80.056179999907, 43.4115330000479], [-80.0563390000448, 43.4116419996786], [-80.056484999583, 43.4117510002085], [-80.0566320000667, 43.4118609998853], [-80.0567419997435, 43.4119599999541], [-80.0567659999509, 43.411978999931], [-80.0568999998351, 43.4121060003916], [-80.0570220000652, 43.4122240004373], [-80.0571430002492, 43.4123509999987], [-80.0572160000183, 43.4124330001829], [-80.0587109997128, 43.4139760002922], [-80.0617020000472, 43.4170800004417], [-80.0618240002773, 43.417197999588], [-80.0619580001616, 43.417307000118], [-80.0620800003917, 43.4174159997486], [-80.0622140002758, 43.4175250002786], [-80.0623480001601, 43.4176250003935], [-80.0624830000904, 43.4177249996091], [-80.0626169999745, 43.4178350001852], [-80.0627509998587, 43.4179350003001], [-80.0628980003424, 43.4180259999999], [-80.0630449999268, 43.4181260001149], [-80.0632040000645, 43.4182270002759], [-80.0633630002023, 43.4183270003908], [-80.0635339999941, 43.4184269996064], [-80.063705999832, 43.4185190002517], [-80.0638769996238, 43.4186099999516], [-80.064049000361, 43.4187019996976], [-80.0642200001528, 43.4187930002968], [-80.0644039996448, 43.4188759996277], [-80.0645760003821, 43.4189579998119], [-80.0647599998741, 43.4190410000422], [-80.0659750001461, 43.419545999948], [-80.0664169998446, 43.419738999855], [-80.0671040000495, 43.4200319998769], [-80.0676190004165, 43.4202530001759], [-80.0678769997237, 43.4203629998526], [-80.068011999654, 43.420427000106], [-80.0681590001377, 43.4204910003595], [-80.068294000068, 43.4205640001285], [-80.0684289999983, 43.4206379999438], [-80.0685639999286, 43.4207109997129], [-80.0686979998128, 43.4207840003814], [-80.0688329997431, 43.4208570001505], [-80.0689679996734, 43.4209390003347], [-80.0691029996037, 43.4210120001037], [-80.0692249998338, 43.4210940002879], [-80.0697509998088, 43.4214139997563], [-80.0710359997116, 43.4221899995689], [-80.0712319997569, 43.4222990000988], [-80.0714410004018, 43.4224000002599], [-80.0716490001012, 43.4225099999366], [-80.0718579998468, 43.4226100000515], [-80.0720660004455, 43.4227110002125], [-80.0722869998451, 43.4228120003736], [-80.0724959995907, 43.4229040001196], [-80.0727169998896, 43.4229959998656], [-80.0729370001424, 43.4230869995654], [-80.0731580004413, 43.4231790002107], [-80.0739439998157, 43.4234920002556], [-80.0754180003404, 43.4240889999075], [-80.0776889998475, 43.4250080000193], [-80.0778239997777, 43.4250629998576], [-80.0804029999984, 43.4261010000612], [-80.08107799965, 43.4263770001984], [-80.0812379998338, 43.4264409995525], [-80.0814190000867, 43.4265150002671]]}, "properties": {"lhrs": 13580, "offset": 0, "highway": "6", "length": 5.24, "traffic_section": 13580000, "aadt": 29700, "aadtt": 4150}}, {"type": "Feature", "geometry": {"type": "LineString", "coordinates": [[-79.7564060001367, 43.3952649998799], [-79.7563629999524, 43.3953029998336], [-79.752032999923, 43.3993429999795], [-79.7442899998836, 43.4065250002286], [-79.7442580002065, 43.4065529997212], [-79.7442400002758, 43.4065699996058], [-79.7440620001611, 43.4067370001125]]}, "properties": {"lhrs": 10128, "offset": 0, "highway": "QEW", "length": 1.62, "traffic_section": 10128000, "aadt": 202500, "aadtt": 18200}}, {"type": "Feature", "geometry": {"type": "LineString", "coordinates": [[-80.1735927999677, 44.4873333999165], [-80.1738294008061, 44.4876131996894], [-80.1741192999657, 44.4880784999229], [-80.1744129996601, 44.4886487996025], [-80.1747252991332, 44.4893039997798], [-80.1748245995756, 44.4893572998995], [-80.1751936004043, 44.4901315001687], [-80.1755196999741, 44.4907638000094], [-80.1760095004381, 44.4916320001167], [-80.1761056001933, 44.4917659001762], [-80.176642800325, 44.4922878999666]]}, "properties": {"lhrs": 25656, "offset": 0, "highway": "26", "length": 0.61, "traffic_section": 25656000, "aadt": 10500, "aadtt": 0}}, {"type": "Feature", "geometry": {"type": "LineString", "coordinates": [[-79.1190770003033, 43.0966099995519], [-79.1188519998199, 43.0966499995978], [-79.1185759996826, 43.0966990000588], [-79.1185009998213, 43.0967159999435], [-79.1180070004227, 43.0967980001276], [-79.1157089996706, 43.0972009998263], [-79.1152910001795, 43.0972209998493], [-79.114699999905, 43.097247000149], [-79.113382000279, 43.0969730001039], [-79.1110560000344, 43.0962960003601], [-79.1109580000116, 43.0962760003372], [-79.1108850002425, 43.0962649998299]]}, "properties": {"lhrs": 49806, "offset": 0, "highway": "420", "length": 0.69, "traffic_section": 49806000, "aadt": 18300, "aadtt": 730}}, {"type": "Feature", "geometry": {"type": "LineString", "coordinates": [[-79.4488040000045, 43.7300140000461], [-79.4488919995661, 43.7299980002076], [-79.4489040001195, 43.7299980002076], [-79.4490909997498, 43.7299640004383], [-79.4491040003493, 43.7299550000233], [-79.4492659997261, 43.7299220003001], [-79.4515259996251, 43.7294300000945], [-79.4566830000204, 43.7283109997529], [-79.4574819999943, 43.7281420000533], [-79.4577689997395, 43.7280830000305], [-79.4578439996009, 43.7280660001458], [-79.4578819995546, 43.7280569997308], [-79.4580059998769, 43.7280320003766], [-79.4583680003828, 43.7279559995698]]}, "properties": {"lhrs": 47652, "offset": 0, "highway": "401", "length": 0.8, "traffic_section": 47652000, "aadt": 403600, "aadtt": 32300}}, {"type": "Feature", "geometry": {"type": "LineString", "coordinates": [[-78.3951219995806, 44.2235739997403], [-78.3948559999045, 44.2236479995556], [-78.3936100000014, 44.2240789996462], [-78.3923100003062, 44.2245899998287], [-78.3916830001703, 44.2248989996891], [-78.3910919998958, 44.2252369999876], [-78.3905510001286, 44.225594000263], [-78.3898779996699, 44.2260830003303], [-78.3875369996328, 44.2277760001623], [-78.3870050002805, 44.2281870002299], [-78.3863440003753, 44.228694000228], [-78.3835219997405, 44.230781000243], [-78.38236100016, 44.2315640003783], [-78.3615970004012, 44.2467510001586], [-78.3594229999715, 44.2483300001294]]}, "properties": {"lhrs": 14245, "offset": 0, "highway": "7", "length": 3.98, "traffic_section": 14245000, "aadt": 25400, "aadtt": 1800}}, {"type": "Feature", "geometry": {"type": "LineString", "coordinates": [[-79.3751839999416, 43.86525199978], [-79.376402000352, 43.8702439997608], [-79.3768250000737, 43.8720250000538], [-79.3768880002809, 43.8723089996607], [-79.3769450002115, 43.8725079998443], [-79.3770689996345, 43.8729959998655], [-79.3772269997262, 43.8735829999555], [-79.3773049997259, 43.8739259995852], [-79.3773829997256, 43.8742609997454], [-79.3774280000022, 43.8744500003673], [-79.3775949996095, 43.8751549996036], [-79.3778759999774, 43.8762749999913], [-79.3780879998613, 43.8771699998956], [-79.3782120001836, 43.8776670003318], [-79.3786719998129, 43.8795279998174], [-79.3789740002499, 43.8807749997665], [-79.3791080001341, 43.8813439999257], [-79.3791640000185, 43.8815610000402], [-79.379421000179, 43.8826540000821], [-79.379554000017, 43.8832679996186]]}, "properties": {"lhrs": 48503, "offset": 0, "highway": "404", "length": 2.03, "traffic_section": 48503000, "aadt": 153400, "aadtt": 9200}}, {"type": "Feature", "geometry": {"type": "LineString", "coordinates": [[-79.2670720001726, 43.1797420002931], [-79.267097999573, 43.179741000247], [-79.26766499964, 43.1797099997167], [-79.2682980000526, 43.1796410001321], [-79.2690280004418, 43.1795129996253], [-79.2695840000015, 43.1793880001561], [-79.2707879997664, 43.1790810003879], [-79.2713539997872, 43.1789260004346], [-79.2739079997543, 43.1782170001145], [-79.2761899997686, 43.1775950002091], [-79.2763229996067, 43.1775580003015]]}, "properties": {"lhrs": 10060, "offset": 0, "highway": "QEW", "length": 0.79, "traffic_section": 10060000, "aadt": 102200, "aadtt": 12300}}, {"type": "Feature", "geometry": {"type": "LineString", "coordinates": [[-79.233467000002, 43.1188269997663], [-79.2324370001674, 43.1208460002427], [-79.2323590001677, 43.1209980000577], [-79.2317940001929, 43.1218539999622], [-79.2315889997325, 43.1221209996844], [-79.2302330001528, 43.1235410004169], [-79.2289619999963, 43.1245740003899], [-79.224431999737, 43.1277369996628], [-79.2228060002967, 43.1295670004168], [-79.2222550000682, 43.1303230002064], [-79.2218559996546, 43.1309559997197], [-79.22141299991, 43.1318230001314], [-79.2210510003033, 43.1328259996202], [-79.2209249998888, 43.1333820000793], [-79.2208000004197, 43.1342810001681], [-79.2207829996357, 43.1344519999599], [-79.2207810004428, 43.1345219995907], [-79.2207790003505, 43.1345780003745]]}, "properties": {"lhrs": 48680, "offset": 0, "highway": "406", "length": 2.08, "traffic_section": 48680000, "aadt": 69100, "aadtt": 2750}}, {"type": "Feature", "geometry": {"type": "LineString", "coordinates": [[-79.215242000418, 43.1148790002657], [-79.2155870001399, 43.1148489997815], [-79.2164969998366, 43.1148360000814], [-79.2175139999711, 43.1149150001272], [-79.2182109997378, 43.1150429997347], [-79.2188820001042, 43.1152239999877], [-79.2194300001943, 43.1154040001945], [-79.2205590000978, 43.1158809997084], [-79.2217189996321, 43.11657400019], [-79.222769000389, 43.1172390002797], [-79.2260430002842, 43.119208000249], [-79.2265739995904, 43.1195760001323], [-79.2271510001185, 43.1200260001998], [-79.2273539995874, 43.1202180000607], [-79.2274739997252, 43.1203279997375], [-79.2277360001163, 43.1206110001975], [-79.2285429995597, 43.1216050001707], [-79.2287189995821, 43.1219140000312], [-79.2288100001813, 43.1221589996382], [-79.2288260000199, 43.1222249999838], [-79.2288429999045, 43.1222939995685], [-79.2288850000427, 43.1225380000287], [-79.2288870001349, 43.1225689996597]]}, "properties": {"lhrs": 32755, "offset": 0, "highway": "58", "length": 1.49, "traffic_section": 32755000, "aadt": 29200, "aadtt": 1150}}, {"type": "Feature", "geometry": {"type": "LineString", "coordinates": [[-79.5945379999287, 44.0294700004402], [-79.5944029999984, 44.0295030001634], [-79.5943910003443, 44.0295020001172], [-79.5943150004369, 44.0295210000941], [-79.594215000322, 44.0295450003016], [-79.5940649996999, 44.0295790000708], [-79.5928860001887, 44.0298259997701], [-79.5923980001675, 44.0298920001157], [-79.592261000145, 44.029844999747], [-79.5913460002177, 44.0300229998616], [-79.5895039998097, 44.0303699996758], [-79.5887760004121, 44.0305140000211], [-79.5883879996065, 44.0305899999286], [-79.5872209997493, 44.0308159995588]]}, "properties": {"lhrs": 16100, "offset": 8.9, "highway": "9", "length": 0.61, "traffic_section": 16100089, "aadt": 38000, "aadtt": 3400}}, {"type": "Feature", "geometry": {"type": "LineString", "coordinates": [[-79.3041030000534, 43.7704650002596], [-79.3041779999147, 43.770448000375], [-79.3078799997621, 43.7695939996634], [-79.3080300003842, 43.7695510003784], [-79.3081800001069, 43.7695080001941], [-79.3083309998757, 43.7694740004249], [-79.3084930001518, 43.7694320002867], [-79.3086429998745, 43.769397999618], [-79.3087060000818, 43.7693809997334], [-79.3088060001968, 43.7693550003331], [-79.3089559999194, 43.7693219997106], [-79.3091190002417, 43.7692879999413], [-79.3092689999643, 43.769244999757], [-79.3094310002404, 43.7692109999877], [-79.3094439999406, 43.7692120000338], [-79.3095809999631, 43.7691780002646], [-79.3097440002853, 43.7691439995959], [-79.3098940000081, 43.7691099998267], [-79.3100560002841, 43.7690770001036], [-79.3102189997071, 43.7690430003342], [-79.3103690003291, 43.7690089996656], [-79.3105309997059, 43.7689850003575], [-79.3106929999819, 43.7689509996889], [-79.3108429997046, 43.7689169999197], [-79.3110060000269, 43.7688929997122], [-79.3111680003029, 43.7688589999429], [-79.3113299996797, 43.7688339996894], [-79.3114800003017, 43.7688009999662], [-79.3116049997709, 43.7687840000816], [-79.3116429997246, 43.7687759997127], [-79.3118050000007, 43.7687510003584], [-79.3119670002768, 43.7687179997359], [-79.3121040002993, 43.7687019998974], [-79.3122289997685, 43.7686860000589], [-79.312365999791, 43.7686609998054], [-79.3125039998596, 43.7686449999669], [-79.3126409998822, 43.7686290001283], [-79.3127650002045, 43.7686120002436], [-79.3129030002732, 43.768596999552], [-79.3130400002958, 43.7685809997134], [-79.3131770003183, 43.7685649998749], [-79.3133140003408, 43.7685490000364], [-79.3134510003633, 43.7685330001979], [-79.3135759998325, 43.7685160003132], [-79.313712999855, 43.7685089999904], [-79.3138499998776, 43.768494000198], [-79.3139869999001, 43.7684770003133], [-79.3141239999226, 43.7684699999905], [-79.3141490001762, 43.7684710000367], [-79.3142609999451, 43.7684629996677], [-79.3143979999677, 43.7684469998292], [-79.3145339999441, 43.7684409995525], [-79.3146709999666, 43.768434000129], [-79.3148079999892, 43.7684269998063], [-79.3149450000117, 43.7684200003828], [-79.3150700003802, 43.7684029995988], [-79.3152060003566, 43.768404999691], [-79.3153430003791, 43.7683980002675], [-79.3154800004016, 43.7683909999448], [-79.3156170004242, 43.768383999622], [-79.3157540004467, 43.7683770001984], [-79.3158909995699, 43.7683790002907], [-79.3160270004457, 43.7683719999679], [-79.3161639995689, 43.7683750001062], [-79.3163009995914, 43.7683679997834], [-79.3164369995678, 43.7683699998756], [-79.3165739995904, 43.7683719999679], [-79.3167109996129, 43.7683649996451], [-79.3168479996355, 43.7683669997373], [-79.3169839996119, 43.7683689998295], [-79.3194819996945, 43.7683600003138], [-79.3195809997633, 43.7683620004061], [-79.3196549995785, 43.7683629995528], [-79.3197419999933, 43.7683580002216], [-79.319779999947, 43.7683560001294], [-79.3198670003617, 43.7683570001755], [-79.3200249995541, 43.7683550000833]]}, "properties": {"lhrs": 47631, "offset": 0, "highway": "401", "length": 1.31, "traffic_section": 47631000, "aadt": 341500, "aadtt": 27300}}, {"type": "Feature", "geometry": {"type": "LineString", "coordinates": [[-79.9176199998631, 43.3122360002913], [-79.9176969998167, 43.3122930002218], [-79.9193889996026, 43.3135149999173], [-79.9195370001324, 43.3135349999404], [-79.9214110002175, 43.3149119995892], [-79.9239070002079, 43.3167360000664], [-79.9251249997189, 43.3176299999246], [-79.9262569997607, 43.3184510000137], [-79.9278519995701, 43.3196369998477], [-79.9278630000774, 43.3197179999858], [-79.928021000169, 43.3198370000775], [-79.9282649997299, 43.3200099999616], [-79.928375000306, 43.3200289999385], [-79.9310539997422, 43.322008000369], [-79.9311630002722, 43.3220899996538], [-79.9312729999489, 43.3221630003222], [-79.9313829996257, 43.3222449996071], [-79.9314799996023, 43.3223180002756], [-79.9315900001784, 43.3223999995604], [-79.9316989998089, 43.3224819997445], [-79.9317719995781, 43.3225280000672], [-79.9317969998316, 43.322555000413], [-79.9319060003616, 43.3226369996978], [-79.9320160000383, 43.3227100003663], [-79.9321130000149, 43.3227919996511], [-79.9347090001202, 43.3245810003129], [-79.9393380004483, 43.3278839997469], [-79.9437840004313, 43.3311130002648], [-79.943905999762, 43.3312039999647], [-79.9444289995986, 43.3315960000554], [-79.9481199998381, 43.3343399997912], [-79.9521470002838, 43.337274000195]]}, "properties": {"lhrs": 13570, "offset": 0, "highway": "6", "length": 3.95, "traffic_section": 13570000, "aadt": 37400, "aadtt": 5250}}, {"type": "Feature", "geometry": {"type": "LineString", "coordinates": [[-79.36670900032, 44.9036159997786], [-79.3666349996055, 44.9031109998728], [-79.3658670001619, 44.9011640000186], [-79.3647380002585, 44.8985560002592], [-79.3638099997316, 44.8973270002409], [-79.3630590001727, 44.8965779998749], [-79.3617320001317, 44.8955599996943], [-79.351485999779, 44.8889400001809], [-79.3503080003139, 44.8880590000229], [-79.3476999996552, 44.8858060004466], [-79.3458339999391, 44.8842129998301], [-79.3441709996919, 44.8830280000422], [-79.3368860000888, 44.8787990001738], [-79.3320779996, 44.8760460000229], [-79.3307240001125, 44.8751619997266], [-79.329474000025, 44.8741719999379], [-79.3277420001931, 44.872318999922], [-79.326941000127, 44.8711190003416], [-79.3245410000671, 44.8665819997595], [-79.3220199998231, 44.8622959999605], [-79.3210900001034, 44.8611849999878], [-79.3193170001794, 44.8599430002693], [-79.3165949996595, 44.8582199999531], [-79.3154020004019, 44.8570229996118], [-79.314705999782, 44.855707000078], [-79.3145299997597, 44.8547950002891], [-79.3145689997595, 44.853904999716], [-79.315981000123, 44.8488749997815], [-79.3161079996844, 44.8484269998062], [-79.317014000096, 44.8451370000725], [-79.3171399996112, 44.8447340003739], [-79.3176830003702, 44.8430130001499], [-79.3197019999473, 44.8362640000836], [-79.3237270003008, 44.8196239998477], [-79.323881000208, 44.8186629995978], [-79.3239139999311, 44.8157649999549], [-79.3241320000917, 44.8147869998202], [-79.3244440000905, 44.8140710000766], [-79.3254159999484, 44.8123839996219], [-79.3266460000128, 44.8100709999768], [-79.3278519998698, 44.8055510001786], [-79.3287439996358, 44.8026840001665], [-79.3306039999746, 44.7982550000682], [-79.3310430004341, 44.7939850001077], [-79.3344419997984, 44.7817469996244], [-79.3345690002591, 44.7812900001334], [-79.3348109997278, 44.7803570002754], [-79.3348260004195, 44.7802669997223], [-79.3348689997046, 44.7800969999766], [-79.335014000096, 44.7790090001653], [-79.3350000003497, 44.777740000101], [-79.334962000396, 44.7768749997814], [-79.3349350000502, 44.7764360002213]]}, "properties": {"lhrs": 17025, "offset": 0, "highway": "11", "length": 15.87, "traffic_section": 17025000, "aadt": 25100, "aadtt": 2250}}, {"type": "Feature", "geometry": {"type": "LineString", "coordinates": [[-78.9606509996439, 43.9365800002669], [-78.9606430001743, 43.936602000382], [-78.9588910003194, 43.9408110002275], [-78.9585950001591, 43.9425609999902], [-78.9587219997205, 43.9435899997787], [-78.9588740004347, 43.9442230001914], [-78.9591030002032, 43.9448209998893], [-78.9621300003991, 43.951421000279], [-78.962384999568, 43.9527129996053], [-78.9623509997988, 43.9529729999041], [-78.9623119997989, 43.9530089997656], [-78.9623089996606, 43.9530390002497]]}, "properties": {"lhrs": 19310, "offset": 6.6, "highway": "12", "length": 1.9, "traffic_section": 19310066, "aadt": 20700, "aadtt": 830}}, {"type": "Feature", "geometry": {"type": "LineString", "coordinates": [[-78.7049240004422, 44.3342069997533], [-78.7039529997311, 44.3343019996376], [-78.7021290001532, 44.3344280000522], [-78.7009069995584, 44.3345559996597], [-78.6995069997482, 44.3347620001662], [-78.698419999983, 44.3349649996351], [-78.6947630004121, 44.3357920000009], [-78.6941439997457, 44.3358960003002], [-78.6935150004169, 44.335945999908], [-78.6928749996815, 44.3359429997697], [-78.6923380000986, 44.335904999816], [-78.6915780001246, 44.3357719999779], [-78.6909449997119, 44.3355879995865], [-78.6903910002444, 44.3353339995645], [-78.6898880004308, 44.335044999727], [-78.6894489999713, 44.3347119996591], [-78.6890749998113, 44.3343259998451], [-78.6887659999509, 44.3339149997774], [-78.6885200002977, 44.3334689998945], [-78.6874539997023, 44.3309170000196], [-78.6857910003544, 44.3269410001271], [-78.6850199998731, 44.3251779997649], [-78.6828139997662, 44.3203890001522], [-78.6806590002126, 44.3155560003093], [-78.6802049999607, 44.3146639996439], [-78.6798960001003, 44.3142349996456], [-78.6795490002861, 44.3138230004312], [-78.6791380002185, 44.3134359996717], [-78.6786749995516, 44.313084999673], [-78.6781739998302, 44.3127589999279], [-78.6776330000629, 44.3124690000443], [-78.6770540003418, 44.3122139999762], [-78.6764359997215, 44.3119949997695], [-78.6757909996549, 44.3118199997932], [-78.6751060004415, 44.3116890000473], [-78.6739949995695, 44.311584999748], [-78.673694000078, 44.3115699999556], [-78.6729790003805, 44.3115819996096], [-78.6722869999451, 44.3116490000014], [-78.6715930003166, 44.3117609997704], [-78.6688859995892, 44.3123629996527], [-78.6614310002404, 44.3141100001764], [-78.6492949999643, 44.3169040004194], [-78.6484099996217, 44.3170750002112], [-78.6476159998784, 44.317165999911], [-78.6468630002273, 44.3171960003951], [-78.6444870003747, 44.3170210004189], [-78.6426749995516, 44.3168850004425], [-78.6418480000851, 44.3167909997049]]}, "properties": {"lhrs": 14280, "offset": 7.6, "highway": "7", "length": 6.94, "traffic_section": 14280076, "aadt": 9250, "aadtt": 740}}, {"type": "Feature", "geometry": {"type": "LineString", "coordinates": [[-79.823049000411, 44.6411619997265], [-79.823344999672, 44.6414890004171], [-79.8240339999691, 44.6423339998143], [-79.824255000268, 44.6426510000437], [-79.8244120003135, 44.6429860002038], [-79.8244829999904, 44.643221000249], [-79.8247319997819, 44.6446280003819], [-79.8249259997351, 44.6462590000529], [-79.8250199995733, 44.6466110000976], [-79.8255980001475, 44.6501010000612], [-79.8256760001473, 44.6503540000371], [-79.8258439998007, 44.6507609999202], [-79.8260500003072, 44.6511499998726], [-79.8262820002141, 44.6515389998251], [-79.8265649997749, 44.6519109998928], [-79.8272449996569, 44.6526020002821], [-79.8276290002781, 44.6529209997044], [-79.8280519999998, 44.6532230001414], [-79.828499999975, 44.6534980002326], [-79.8289869999501, 44.6537459999779], [-79.8294869996253, 44.6539670002769], [-79.8331290003031, 44.6553639999487], [-79.8346809999282, 44.6559829997157], [-79.8351809996034, 44.6562130004297], [-79.8356549998783, 44.6564699996908], [-79.8365269996213, 44.6570280002421], [-79.8365879997364, 44.657099999965], [-79.8369239999426, 44.6573380001486], [-79.8372960000103, 44.657665999986], [-79.8376419997784, 44.6580109997079], [-79.838912999935, 44.6594379998639], [-79.839491999656, 44.6601280002071], [-79.8401320003915, 44.6609080002041], [-79.8404539999521, 44.6611909997649], [-79.8419309997158, 44.6630599996194], [-79.8422780004294, 44.663388000356], [-79.8425729996442, 44.6637689999395], [-79.842894000058, 44.6640959997306], [-79.8434980000326, 44.6648130004197], [-79.8441009999612, 44.6655759996327], [-79.8447439999356, 44.6662389996302], [-79.8465670003667, 44.6684459997831], [-79.8469009995814, 44.6687819999893], [-79.8476580003164, 44.6694199997332], [-79.8482450004064, 44.6697410001471], [-79.8490560000344, 44.6701629998227], [-79.8495690003091, 44.6703660001908], [-79.8533409997873, 44.6716560003242], [-79.8554839996868, 44.6723699999756], [-79.8572409997723, 44.6728650003196], [-79.8648709999966, 44.6749310002655], [-79.8731559998495, 44.6771100000265], [-79.8743110000526, 44.6774369998178], [-79.8748620002811, 44.6776400001859], [-79.8753739996104, 44.6778879999313], [-79.8758479998853, 44.6781720004375], [-79.8762460002526, 44.6785089997905], [-79.8766409995824, 44.6789359996967], [-79.8768740004347, 44.6792800002718], [-79.8770680003879, 44.6796959996707], [-79.8771990001337, 44.6801210003839], [-79.8772410002719, 44.6805529996213], [-79.8772200002028, 44.6809669998272], [-79.8770660002957, 44.681784999778], [-79.8758200003926, 44.6874799998022], [-79.8756790001857, 44.6882619998914], [-79.875682000324, 44.6887299998896], [-79.8757390002546, 44.6890369996578], [-79.8758710000466, 44.6894069996334], [-79.8760910002994, 44.6897609997704], [-79.8763749999063, 44.6900790000458], [-79.8767110001126, 44.6903609995605], [-79.8821200004376, 44.6938620000313], [-79.8824320004364, 44.6940630003073], [-79.8831670001569, 44.694547000144], [-79.883715000247, 44.6949400002808], [-79.884302000337, 44.6952789997261], [-79.8853989996641, 44.6959819997695], [-79.8861330002377, 44.6965299998596], [-79.8866289997286, 44.6969939996734], [-79.88682599982, 44.6972570001105], [-79.8870819999343, 44.6977179997859], [-79.8884540002519, 44.700584999798], [-79.8887329996282, 44.701172999934], [-79.8890259996501, 44.7016799999321], [-79.8940379996539, 44.7109110002425], [-79.8949520004344, 44.7126399999361], [-79.8958020000622, 44.714421000229], [-79.897147000034, 44.7173870003099], [-79.8973300003792, 44.7177219995707], [-79.897765999801, 44.7187160004431]]}, "properties": {"lhrs": 39119, "offset": 0, "highway": "93", "length": 11.38, "traffic_section": 39119000, "aadt": 9950, "aadtt": 700}}, {"type": "Feature", "geometry": {"type": "LineString", "coordinates": [[-79.5348779997199, 43.7726850001127], [-79.5349070001579, 43.7730000002499], [-79.5349359996966, 43.7733249999488], [-79.5351380000187, 43.7742280002221], [-79.5357149996475, 43.7765670001669], [-79.535759999924, 43.7767660003507], [-79.5359519997849, 43.7775420001632], [-79.5361760002222, 43.7785449996521], [-79.5363120001986, 43.7790779999498], [-79.5364539995524, 43.7798899996238], [-79.5366769999436, 43.7809370002424], [-79.5369410004268, 43.7823360000065], [-79.5369520000347, 43.782381000283], [-79.5370089999653, 43.7826069999132], [-79.5370089999653, 43.7826160003282], [-79.5370880000112, 43.7829230000964], [-79.5370880000112, 43.7829319996121], [-79.5370880000112, 43.7829410000272], [-79.5371110001725, 43.7830139997963], [-79.5371449999417, 43.7831489997266], [-79.5371779996649, 43.7833289999335], [-79.5371870000799, 43.7833790004406]]}, "properties": {"lhrs": 46817, "offset": 0, "highway": "400", "length": 1.2, "traffic_section": 46817000, "aadt": 182700, "aadtt": 11000}}, {"type": "Feature", "geometry": {"type": "LineString", "coordinates": [[-79.3872650003794, 44.6062359997916], [-79.3874520000098, 44.606230999561], [-79.3875900000784, 44.6058570003004], [-79.3876520002396, 44.6057089997706], [-79.3879100004461, 44.605267000072], [-79.3892199997032, 44.6034669998023], [-79.3899229997466, 44.6026299998746], [-79.3905439996059, 44.6020360003612], [-79.3908409998123, 44.6017879997165], [-79.3925379998288, 44.6005789997211], [-79.392844999597, 44.600394000183], [-79.3932819999643, 44.6000759999075], [-79.3942709997068, 44.5994240004173], [-79.3958400001159, 44.5982749995916], [-79.398252999876, 44.5966439999207], [-79.399214000126, 44.5960810000382], [-79.3999160001233, 44.5957310000857], [-79.4008469998891, 44.5953389999949], [-79.4014699998406, 44.5951039999497], [-79.4028939998582, 44.5946650003895], [-79.403945999808, 44.594428000252], [-79.4048439998507, 44.5942870000451], [-79.4071839998417, 44.5939780001846], [-79.4075179999557, 44.593951999885]]}, "properties": {"lhrs": 19435, "offset": 0, "highway": "12", "length": 2.21, "traffic_section": 19435000, "aadt": 21700, "aadtt": 1300}}, {"type": "Feature", "geometry": {"type": "LineString", "coordinates": [[-80.20233500036, 43.5677300004392], [-80.2018309996009, 43.5681009995615], [-80.1862840003063, 43.5795349998404], [-80.1856820004239, 43.580097999723], [-80.1852910003793, 43.5806259997901], [-80.1843589996681, 43.5826899996438], [-80.1838539997622, 43.5834070003328], [-80.1778269997162, 43.5902969997068], [-80.1774549996485, 43.5906990002587]]}, "properties": {"lhrs": 14540, "offset": 4.1, "highway": "7", "length": 3.28, "traffic_section": 14540041, "aadt": 8050, "aadtt": 600}}, {"type": "Feature", "geometry": {"type": "LineString", "coordinates": [[-79.6846600001588, 44.3354569998407], [-79.6846770000435, 44.3355050002556], [-79.6847000002048, 44.3356230003013], [-79.6858839999466, 44.3404350000753], [-79.6863550000831, 44.3423850000677], [-79.6871079997343, 44.3451750001262], [-79.6875919995711, 44.3471080002341], [-79.6879839996618, 44.3486429999745], [-79.6887530000509, 44.3518830001004], [-79.6891290003031, 44.3529859997042], [-79.6896069998631, 44.3540720003226], [-79.6900779999997, 44.3549060001119], [-79.6905510002284, 44.3556490002012], [-79.6914039999946, 44.3567840003814], [-79.6921379996689, 44.3576119998939], [-79.6930589998729, 44.358514000121], [-79.6944019997525, 44.3596460001628], [-79.6970379999037, 44.3618809998083], [-79.6973699999255, 44.3621729997841]]}, "properties": {"lhrs": 46875, "offset": 0, "highway": "400", "length": 3.21, "traffic_section": 46875000, "aadt": 115700, "aadtt": 6950}}, {"type": "Feature", "geometry": {"type": "LineString", "coordinates": [[-79.9708609999352, 43.9464640001136], [-79.9704069996832, 43.9464919996062], [-79.9698960004001, 43.9465230001364], [-79.9697960002852, 43.9465040001595], [-79.9693470002639, 43.9465270003209], [-79.9682989995991, 43.9465899996288], [-79.9678630001773, 43.9466309997209], [-79.9673259996951, 43.9466800001819], [-79.9669510003883, 43.9467309998358], [-79.9665390002746, 43.9467990002737], [-79.9660130002997, 43.9469110000427], [-79.9655000000249, 43.9470599997193], [-79.9650609995654, 43.9471999998801], [-79.964345999868, 43.9474990001788], [-79.9636920002856, 43.9478530003158], [-79.9634649997099, 43.9479959997157], [-79.9626089998055, 43.948474000175], [-79.9622569997607, 43.9486690001743], [-79.961854000062, 43.9489080004039], [-79.9612500000874, 43.949244999757], [-79.9606969997667, 43.9495100002864], [-79.959919999908, 43.9497820002392], [-79.9588049997509, 43.9500689999844], [-79.9581560003991, 43.9501530002608], [-79.9570580001266, 43.9502419998685], [-79.9562580001066, 43.9503339996144], [-79.9552830001103, 43.9505230002363], [-79.9531810003029, 43.9509900001884], [-79.9511039998497, 43.9514390002097], [-79.95102599985, 43.9514560000944], [-79.9499030002232, 43.9516979995631], [-79.946801000166, 43.9523809995835], [-79.9435979999477, 43.9530629995579], [-79.9414459996331, 43.9535290003631], [-79.9393940003328, 43.9539780003844], [-79.9357790000008, 43.9547550002431], [-79.9342020001222, 43.9551090003801], [-79.9335760000323, 43.9552470004488], [-79.9309359996966, 43.9558260001698], [-79.9296220002551, 43.9561109998228], [-79.9291219996805, 43.9562229995918], [-79.9259429996696, 43.95692200035], [-79.9228649998199, 43.9576050003705], [-79.9204869998751, 43.9581229999765], [-79.9187859996741, 43.9584939999982], [-79.9180720000227, 43.9586489999514], [-79.9172970002563, 43.9588130003198], [-79.9143680000831, 43.9594599995794], [-79.9135920002706, 43.9596239999477], [-79.9108269995663, 43.9602279999223], [-79.9094750001711, 43.9605209999443], [-79.9064209996294, 43.9611940004028], [-79.9038309998008, 43.9617550001931], [-79.9029800001269, 43.9619439999157], [-79.9029050002655, 43.9619619998465], [-79.9019910003843, 43.9621599999841], [-79.8996630000474, 43.9626690000744], [-79.8989500004422, 43.9628149996126], [-79.8974729997791, 43.9631339999342], [-79.8957090002701, 43.9635130003248], [-79.8953709999716, 43.9635910003245], [-79.8936810002779, 43.9639620003461], [-79.8935190000018, 43.9639960001153], [-79.892142000353, 43.9642890001373], [-79.8903270002908, 43.9646850004125], [-79.8889499997426, 43.9649869999501], [-79.8865470004437, 43.9655040004093], [-79.8858960001003, 43.9656419995787], [-79.8840189998769, 43.9660549997385], [-79.8833179999257, 43.9662020002222], [-79.881315000187, 43.9666320002666], [-79.8804390002596, 43.9668309995511], [-79.8792120003335, 43.9670980001726], [-79.8783110001525, 43.9672780003794], [-79.8779990001537, 43.9673380004484], [-79.8773859997641, 43.9674490001712], [-79.8767360003661, 43.9675510003784], [-79.8758980003923, 43.9676690004241], [-79.8751599996343, 43.9677869995704], [-79.8745969997517, 43.9678990002387], [-79.8742089998455, 43.967994000123], [-79.8739959999155, 43.9680459998231], [-79.8734950001941, 43.9681940003529], [-79.8729310002654, 43.9683419999833], [-79.872604999621, 43.968428000352], [-79.8725679997134, 43.9684369998677], [-79.8724050002905, 43.968480000052], [-79.8722670002218, 43.9685240002825], [-79.8721290001532, 43.9685679996135], [-79.8715779999247, 43.9687150000972], [-79.8710390002496, 43.9688629997277], [-79.8700870004147, 43.9690880002111], [-79.8696490000013, 43.9691820000493], [-79.8681219997305, 43.9695000003248], [-79.8677590000777, 43.9695780003245], [-79.8651060000418, 43.9701190000918], [-79.864692999882, 43.9702139999762], [-79.8646030002282, 43.9703119999988], [-79.8641520001147, 43.9704239997678]]}, "properties": {"lhrs": 16140, "offset": 0, "highway": "9", "length": 9.01, "traffic_section": 16140000, "aadt": 16500, "aadtt": 2500}}, {"type": "Feature", "geometry": {"type": "LineString", "coordinates": [[-78.7751369998726, 44.3460380003535], [-78.774907000058, 44.3459790003306], [-78.774075000361, 44.3457559999395], [-78.7700619996615, 44.3447149995976], [-78.7695169997097, 44.3445419997136], [-78.7684910000596, 44.3441260003147], [-78.7675069996483, 44.3436289998785], [-78.7665889995826, 44.34302599995], [-78.7657850002775, 44.3423890002522], [-78.76526499968, 44.3418749999313], [-78.7650840003263, 44.3416910004394], [-78.7646049998208, 44.3410879996115], [-78.7641670003068, 44.3404040004443], [-78.7617110003623, 44.3350439996809], [-78.7605980002974, 44.3326639996439], [-78.7604109997678, 44.3323090003601], [-78.7600419998384, 44.3314460001329], [-78.7594769998636, 44.3304900001134], [-78.7590699999805, 44.3299690003691], [-78.7587450002815, 44.3296199995634], [-78.7580669995923, 44.3289769995889], [-78.7575069998482, 44.3285250003286], [-78.7568839998966, 44.3280980004224], [-78.756208000199, 44.3277159998935], [-78.7554949996945, 44.3273599996643], [-78.7547660002507, 44.3270570000805], [-78.7540109996079, 44.3267900003583], [-78.7532420001182, 44.3265770004283], [-78.7516860003086, 44.3262669996224], [-78.7458199995933, 44.3251890002722], [-78.7444209998292, 44.3250439998807], [-78.7437199998781, 44.3250120002037], [-78.7430300004341, 44.3250160003881], [-78.7423509996988, 44.3250569995809], [-78.7410410004418, 44.3252110003874], [-78.7396890001472, 44.3254879996715]]}, "properties": {"lhrs": 14300, "offset": 1.4, "highway": "7", "length": 4.07, "traffic_section": 14300014, "aadt": 7700, "aadtt": 620}}, {"type": "Feature", "geometry": {"type": "LineString", "coordinates": [[-78.1724749997214, 43.986511999729], [-78.1731460000878, 43.9863029999835], [-78.1781760000224, 43.9846270000361], [-78.1786440000205, 43.9844950002441], [-78.1804060003366, 43.9838809998083], [-78.1809120002886, 43.9837219996706], [-78.183915000277, 43.9827249995591], [-78.186367000037, 43.9820200003228], [-78.1875020002171, 43.9817420000933], [-78.1889129996352, 43.9814350003251], [-78.1903219998604, 43.9811630003722], [-78.19274800022, 43.9807460000279], [-78.1959189998619, 43.980228000422]]}, "properties": {"lhrs": 47530, "offset": 0, "highway": "401", "length": 2.01, "traffic_section": 47530000, "aadt": 44700, "aadtt": 15600}}, {"type": "Feature", "geometry": {"type": "LineString", "coordinates": [[-79.4374292092905, 44.1417390057506], [-79.4378085999869, 44.1432612000444], [-79.4379749997464, 44.1439067999589], [-79.4382191998562, 44.1448551998077], [-79.4384002001091, 44.1454974002848], [-79.4386896999696, 44.1466213999577], [-79.4390545000651, 44.1480372997816], [-79.4391919002859, 44.1485688000101], [-79.439402901023, 44.1493468997397], [-79.4396580000167, 44.1502251003082], [-79.4399272003799, 44.1510906995762], [-79.4402528997515, 44.1520690000843], [-79.4405016000687, 44.1527904002568], [-79.4408608000858, 44.1538324995702], [-79.4411760996972, 44.1547468996498], [-79.4423737007857, 44.1582211003236], [-79.443336399855, 44.1608823003779], [-79.4442702999344, 44.1635539001924], [-79.4449368999179, 44.1655353998389], [-79.4450457997239, 44.1658869996853], [-79.4452138002766, 44.1664251000384], [-79.4458521003941, 44.168309300234], [-79.4468310996755, 44.1711478996559], [-79.4471795995588, 44.17215840039], [-79.4473837006972, 44.1727502001617], [-79.4475339000694, 44.1731931999063], [-79.4476755001242, 44.1736482002043], [-79.4478100000314, 44.1741393001886], [-79.4479347000263, 44.1746681995778], [-79.448036899883, 44.1751867001062], [-79.4481127010403, 44.1756551003027], [-79.44818050003, 44.1761918004113], [-79.4482231000161, 44.1766586996393], [-79.4482514997069, 44.1771459999879], [-79.4482631998868, 44.1775864996173], [-79.448261100869, 44.1780492997354], [-79.4482417996193, 44.1785603997427], [-79.4481980997625, 44.1791406000587], [-79.4481269004361, 44.1797503997612], [-79.4480281000168, 44.1803681000078], [-79.4479105999941, 44.1809469999042], [-79.4477790993259, 44.181485700105], [-79.4476235004242, 44.1820312999046], [-79.4474360996962, 44.1826009997364], [-79.4472420997431, 44.1831206001356], [-79.4470847003986, 44.1835029999635], [-79.4468885996291, 44.1839408996528], [-79.4466615001281, 44.1844047996419], [-79.4464029998985, 44.1848874999582], [-79.4460906986268, 44.185418900362], [-79.4457582003806, 44.1859455001847], [-79.4452535997738, 44.1866354996287], [-79.4448517997707, 44.187184999788], [-79.4444611000997, 44.1876785000627], [-79.4440624998844, 44.1881509004438], [-79.4437693011123, 44.1884800001519], [-79.4436237997985, 44.1886381000683], [-79.4432607012204, 44.1889713996105], [-79.4426825000973, 44.1894583995855], [-79.4421606001316, 44.1898937002341], [-79.4419564998925, 44.1900508999291], [-79.4417381004329, 44.1902078999747], [-79.4414195003097, 44.1904024997756], [-79.4411112999465, 44.1905609998903], [-79.4408182000998, 44.1906873996038], [-79.4405486004375, 44.1907842997557], [-79.4402168000652, 44.1908802996861], [-79.4397364002147, 44.1909911995842], [-79.4378434001528, 44.1913717998687]]}, "properties": {"lhrs": 48545, "offset": 0, "highway": "404", "length": 5.95, "traffic_section": 48545000, "aadt": 32400, "aadtt": 0}}, {"type": "Feature", "geometry": {"type": "LineString", "coordinates": [[-80.2778040002544, 43.5655990001937], [-80.2780239996078, 43.5660949996845], [-80.2789009995814, 43.5686279995826], [-80.2792569998106, 43.5696600004088], [-80.279542000363, 43.5702830003602], [-80.2800850002225, 43.570880000012], [-80.2803669997372, 43.5711430004492], [-80.2844700000904, 43.5749420002732], [-80.2863080003139, 43.5766190002667], [-80.2896780001395, 43.5796830003702], [-80.2913839996718, 43.5810359998116], [-80.2942349998453, 43.5829710000117], [-80.2981709996918, 43.5853180003255], [-80.2983420003829, 43.5855540004168], [-80.2991909999647, 43.5860269997463], [-80.2997200000779, 43.5863359996068], [-80.2999180002155, 43.5863650000448], [-80.3024399996062, 43.5878930003617], [-80.3038600003387, 43.5887320003816], [-80.3047960003351, 43.589365999941], [-80.3053400002408, 43.5898909998698], [-80.3061319998918, 43.5910039999347], [-80.3063679999832, 43.5920949998844], [-80.3065399998211, 43.5933019997875], [-80.3065700003052, 43.5935090003401]]}, "properties": {"lhrs": 13615, "offset": 2.3, "highway": "6", "length": 3.99, "traffic_section": 13615023, "aadt": 18400, "aadtt": 2000}}, {"type": "Feature", "geometry": {"type": "LineString", "coordinates": [[-79.7760300003842, 44.7417559999395], [-79.7818859997391, 44.7407650001047], [-79.7824190000368, 44.7406720003126], [-79.7826099998516, 44.7406320002667]]}, "properties": {"lhrs": 19532, "offset": 0, "highway": "12", "length": 0.54, "traffic_section": 19532000, "aadt": 10400, "aadtt": 580}}, {"type": "Feature", "geometry": {"type": "LineString", "coordinates": [[-78.7307740000201, 44.9018569996009], [-78.7303399997911, 44.9025770004283], [-78.7299950000692, 44.9032990004486], [-78.7298359999314, 44.90380000017], [-78.7297559998395, 44.9042310002605], [-78.7288539996123, 44.9094340000791], [-78.7286199996133, 44.9102309999607], [-78.7282870004447, 44.9109800003268], [-78.727866999962, 44.9116739999552], [-78.7276259996401, 44.9120019997925], [-78.7273729996642, 44.912311999699], [-78.7268180001506, 44.9128949996046], [-78.7262009995764, 44.9134320000868], [-78.7255090000403, 44.9139499996928], [-78.7238200003927, 44.9153290003332], [-78.7220260003996, 44.9168240000276], [-78.7219729997541, 44.916868000258], [-78.7211220000802, 44.9175619998865], [-78.7202409999222, 44.9183720003676], [-78.719762000316, 44.9189479999503], [-78.7193199997182, 44.9195689998095], [-78.7188830002502, 44.920352999991], [-78.718618999767, 44.9209420001732], [-78.7175849997479, 44.9237399997013]]}, "properties": {"lhrs": 27960, "offset": 0, "highway": "35", "length": 2.72, "traffic_section": 27960000, "aadt": 5900, "aadtt": 410}}, {"type": "Feature", "geometry": {"type": "LineString", "coordinates": [[-79.7882609996454, 43.6004900003133], [-79.7883480000601, 43.6004730004287], [-79.788894000058, 43.600397999668], [-79.7899920003305, 43.6002730001988], [-79.7910810001879, 43.6001239996229], [-79.7924110003673, 43.5999129997851], [-79.7931949996495, 43.5997409999472], [-79.7934689996945, 43.5996720003626], [-79.7946399997361, 43.5993509999487], [-79.7958370000774, 43.598968000273], [-79.7967229995667, 43.5986530001359], [-79.7975720000478, 43.5983020001373], [-79.7982469996992, 43.5979940003229], [-79.798972999904, 43.597631999817], [-79.799185999834, 43.5975169999097], [-79.7999249997389, 43.5971199995884], [-79.8008520002196, 43.5965799998672], [-79.8014420004479, 43.5962079997994], [-79.8016049998708, 43.5961020003071], [-79.8022089998454, 43.595657999617], [-79.8027509996589, 43.5951779999648], [-79.8043640002983, 43.5937899998087], [-79.8077309999856, 43.5907819995896], [-79.8082109996379, 43.5903460001678], [-79.8083119997989, 43.590247000099], [-79.8083489997065, 43.5902209997993], [-79.8084499998675, 43.5901320001917], [-79.8102540003218, 43.5885120001287], [-79.8104389998599, 43.5883410003369], [-79.8106339998592, 43.5881620001762]]}, "properties": {"lhrs": 47688, "offset": 0, "highway": "401", "length": 2.35, "traffic_section": 47688000, "aadt": 138800, "aadtt": 19400}}, {"type": "Feature", "geometry": {"type": "LineString", "coordinates": [[-78.9601269997612, 44.0964190004366], [-78.9595360003861, 44.096911999789], [-78.9557359996166, 44.0977000001549], [-78.9523130000449, 44.0984220001752], [-78.9509799997272, 44.0986859997591], [-78.9496450002165, 44.0989769996888], [-78.9482990001987, 44.0992590001028], [-78.9475190002017, 44.0994069997333], [-78.9469029996737, 44.0995310000557], [-78.9458440003003, 44.0997619999164]]}, "properties": {"lhrs": 14946, "offset": 4.3, "highway": "7A", "length": 1.21, "traffic_section": 14946043, "aadt": 15100, "aadtt": 890}}, {"type": "Feature", "geometry": {"type": "LineString", "coordinates": [[-78.6418480000851, 44.3167909997049], [-78.6414139998562, 44.3167410000971], [-78.640804999651, 44.3166030000285], [-78.6402219997455, 44.316437999614], [-78.6396529995863, 44.3162370002374], [-78.6391109997728, 44.3160099996618], [-78.6385700000055, 44.3157369996629], [-78.638068000238, 44.3154299998946], [-78.637592999917, 44.3150779998498], [-78.6371449999418, 44.3147000004047], [-78.6338000003697, 44.311190999565], [-78.6333530004406, 44.3107770002584], [-78.6328790001657, 44.3103890003521], [-78.632355000283, 44.3100269998462], [-78.6317920004005, 44.3096820001243], [-78.6252429996647, 44.3063680001831], [-78.6240250001536, 44.3057850002776], [-78.6227929999969, 44.3052370001874], [-78.6208330004426, 44.3044220003751], [-78.6133339999641, 44.3013750001562], [-78.6064269998062, 44.2986019999823], [-78.5908829997506, 44.2927560001893], [-78.5902150004219, 44.2925440003054], [-78.5895199998481, 44.2923850001676], [-78.5887969997817, 44.2922890002372], [-78.5880700004302, 44.2922730003987], [-78.5873539997873, 44.2923209999143], [-78.5866469995593, 44.2924329996832], [-78.5858879996314, 44.2926149999823], [-78.5762609999451, 44.2949240003424]]}, "properties": {"lhrs": 14280, "offset": 1.4, "highway": "7", "length": 6.15, "traffic_section": 14280014, "aadt": 8600, "aadtt": 860}}, {"type": "Feature", "geometry": {"type": "LineString", "coordinates": [[-78.6605570004052, 44.1601870003299], [-78.6592929996722, 44.1605219995907], [-78.6363629998525, 44.1659909999847], [-78.6305190001517, 44.1673099996568], [-78.6288489995816, 44.1674919999559], [-78.6274059995872, 44.1676059998171], [-78.625295000264, 44.1675350001402], [-78.622257999607, 44.1671660002108], [-78.6211309997958, 44.1671779998648], [-78.6202980000526, 44.1673679996335], [-78.6197400004007, 44.1675629996328], [-78.6190609996654, 44.1679719996081], [-78.6139769999386, 44.1712060003567], [-78.6130100003113, 44.1715999996403], [-78.6050920002955, 44.1734779999098], [-78.6025889999824, 44.1734979999328], [-78.5999610002, 44.1735230001864], [-78.5989250000886, 44.1737810003929], [-78.597307000118, 44.1745119999289], [-78.595272999849, 44.175595000409], [-78.593874000085, 44.1761770002684], [-78.5903409999372, 44.176913000035], [-78.5836129999399, 44.1784000002598], [-78.5834230001713, 44.1784499998677], [-78.5753500002023, 44.1803680001831], [-78.5706900002433, 44.1814299996948], [-78.5705900001284, 44.1814460004326], [-78.5702230002912, 44.1815279997175], [-78.5680519999997, 44.1820129996003], [-78.5671679997034, 44.1822020002222], [-78.5663709998218, 44.1824099999216], [-78.565967000077, 44.1825089999904], [-78.5657649997549, 44.1825589995982], [-78.5619809997233, 44.1836030000784], [-78.5616790001857, 44.1836420000783], [-78.56076100012, 44.1837489996167], [-78.5593109998027, 44.1837169999396], [-78.5578689998544, 44.1834979997329], [-78.5552250002335, 44.1828460002428], [-78.5533490000563, 44.182383999622], [-78.5486429997746, 44.1812019999724], [-78.5477239996628, 44.1810560004341], [-78.5468630004271, 44.1809930002268], [-78.5462130001298, 44.1809700000655], [-78.5457749997164, 44.1809789995812], [-78.5450840002264, 44.1810629998576], [-78.5425969997517, 44.1816029995788], [-78.542406999983, 44.1816439996709], [-78.5416750004009, 44.1818090000854], [-78.5102039997148, 44.1893909998948], [-78.5000089999154, 44.1919870000001], [-78.4955579997019, 44.1930860003187], [-78.4923599997142, 44.1938440002005], [-78.4889590002576, 44.1946519996901], [-78.4819160001232, 44.1963689997296], [-78.4719589996081, 44.1989039997198], [-78.4686970002663, 44.1996780003395], [-78.4489640003883, 44.2042719999529], [-78.448435000275, 44.2043410004369], [-78.4479719996081, 44.2043489999065], [-78.4471480002799, 44.2042940000681], [-78.4466869997052, 44.2042479997455]]}, "properties": {"lhrs": 14900, "offset": 0, "highway": "7A", "length": 18.13, "traffic_section": 14900000, "aadt": 5050, "aadtt": 400}}, {"type": "Feature", "geometry": {"type": "LineString", "coordinates": [[-79.3434410002019, 43.795154000257], [-79.3434519998099, 43.795216999565], [-79.3435839996019, 43.7958400004158], [-79.3443370001524, 43.7992009998263], [-79.3443909999447, 43.7994810001481], [-79.3444019995526, 43.7995170000096], [-79.3445989996441, 43.8005010004209], [-79.3448169998047, 43.8016209999093], [-79.3451279997573, 43.8029399995814], [-79.3453619997564, 43.8039239999927], [-79.345781000193, 43.8058479996855], [-79.3460700000305, 43.8071129995653], [-79.3461130002148, 43.8073479996106], [-79.3463219999603, 43.8083229996068], [-79.3463329995682, 43.8083770002984], [-79.3463440000755, 43.8084310000906], [-79.3463549996835, 43.808485999929], [-79.3463660001907, 43.8085399997213], [-79.3463769997987, 43.8085940004128], [-79.3463880003059, 43.8086480002051], [-79.3464109995679, 43.8087030000435], [-79.3464220000752, 43.8087569998357], [-79.3464329996831, 43.808810999628], [-79.3464569998906, 43.8088650003195], [-79.3464680003979, 43.8089190001118], [-79.3464909996599, 43.8089650004345], [-79.3465020001672, 43.8090190002267], [-79.3465260003746, 43.809073000019], [-79.3465489996366, 43.8091279998574], [-79.3465719997979, 43.8091819996496], [-79.3465960000054, 43.8092269999262], [-79.3466190001667, 43.8092819997645], [-79.3466430003741, 43.8093359995568], [-79.3466659996361, 43.8093910002944], [-79.3466899998436, 43.8094359996717], [-79.3467130000049, 43.8094900003633], [-79.3467360001662, 43.8095450002016], [-79.3467720000277, 43.8095899995789], [-79.3467960002352, 43.8096450003166], [-79.3468190003965, 43.8096899996938], [-79.3468429997046, 43.8097349999703], [-79.3468659998659, 43.8097899998087], [-79.3469019997275, 43.8098350000852], [-79.3469259999349, 43.8098810004079], [-79.3469490000962, 43.8099350002001], [-79.3469849999577, 43.8099799995774], [-79.3470090001652, 43.8100259999], [-79.3470450000267, 43.8100799996923], [-79.3470809998882, 43.8101260000149], [-79.3471040000495, 43.8101710002915], [-79.347139999911, 43.8102169997148], [-79.3471759997726, 43.8102619999914], [-79.3472129996802, 43.810308000314], [-79.347249000441, 43.8103529996912], [-79.3472850003025, 43.8103990000139], [-79.347321000164, 43.8104440002904], [-79.3473570000255, 43.8104899997137], [-79.347392999887, 43.8105349999903], [-79.3474289997485, 43.810581000313], [-79.3474770001634, 43.8106269997363], [-79.347514000071, 43.8106629995978], [-79.3475619995866, 43.8107089999204], [-79.3475980003474, 43.8107550002431], [-79.3476340002089, 43.8107910001046], [-79.3476829997706, 43.8108370004273], [-79.3477189996321, 43.8108819998045], [-79.3477550003929, 43.8109189997121], [-79.3478039999546, 43.8109650000348], [-79.3478399998161, 43.8110009998963], [-79.3478759996776, 43.8110379998039], [-79.3479250001386, 43.8110830000804], [-79.3479610000001, 43.8111199999881], [-79.3480099995618, 43.8111569998957], [-79.3480460003226, 43.8111929997572], [-79.3480949998843, 43.8112390000799], [-79.3481430002992, 43.8112759999875], [-79.3481790001607, 43.811311999849], [-79.3482279997224, 43.8113489997566], [-79.3482770001834, 43.8113859996642], [-79.348325999745, 43.811422000425], [-79.3483740001599, 43.8114590003327], [-79.348435000275, 43.811504999756], [-79.3484839998367, 43.8115330001479], [-79.3485330002977, 43.8115780004244], [-79.3485940004127, 43.811615000332], [-79.3486429999745, 43.8116520002397], [-79.3487040000895, 43.8116890001473], [-79.3487650002045, 43.8117260000549], [-79.3488139997663, 43.8117629999625], [-79.3488489995816, 43.8117840000317], [-79.3488749998813, 43.811798999824], [-79.3489359999963, 43.8118359997317], [-79.3489970001114, 43.8118729996393], [-79.3490580002265, 43.8119100004462], [-79.3491200003876, 43.8119379999388], [-79.3491809996034, 43.8119749998464], [-79.3492419997185, 43.812011999754], [-79.3493029998335, 43.8120400001459], [-79.3493639999486, 43.8120770000535], [-79.3494260001098, 43.8121040003994], [-79.3494870002248, 43.8121410003069], [-79.3495480003399, 43.8121689997996], [-79.3496220001551, 43.8121970001915], [-79.3496830002702, 43.8122340000991], [-79.3497450004314, 43.8122619995917], [-79.3498190002466, 43.8122899999836], [-79.3498800003617, 43.8123180003755], [-79.3499409995774, 43.8123459998681], [-79.350015000292, 43.81237400026], [-79.3500769995538, 43.8124019997525], [-79.3501500002223, 43.8124300001444], [-79.3502120003835, 43.812457999637], [-79.3502860001987, 43.8124769996139], [-79.3503470003138, 43.8125050000058], [-79.3504329997831, 43.8125510003285], [-79.3505190001517, 43.8125880002361], [-79.350604999621, 43.8126260001898], [-79.3506909999896, 43.8126719996131], [-79.3507890000123, 43.8127090004201], [-79.350875000381, 43.8127559998895], [-79.3509609998502, 43.8127929997972], [-79.3510470002189, 43.8128299997048], [-79.3511329996882, 43.8128669996124], [-79.3512319997569, 43.8129049995661], [-79.3513180001256, 43.8129420003731], [-79.3514039995949, 43.8129790002807], [-79.3515019996175, 43.8130170002344], [-79.3515879999862, 43.8130540001421], [-79.3516249998938, 43.8130639997039], [-79.3516740003548, 43.8130910000497], [-79.3517730004236, 43.8131199995884], [-79.3518339996393, 43.8131479999803], [-79.3518589998929, 43.8131570003953], [-79.3518830001003, 43.8131750003261], [-79.3519569999156, 43.8132120002337], [-79.3520370000075, 43.8132249999339]]}, "properties": {"lhrs": 48469, "offset": 0, "highway": "404", "length": 2.23, "traffic_section": 48469000, "aadt": 233900, "aadtt": 9100}}, {"type": "Feature", "geometry": {"type": "LineString", "coordinates": [[-79.7741700000454, 44.9673839996719], [-79.772949000396, 44.9693060001718], [-79.7722919997759, 44.9704150000522], [-79.7720910003993, 44.970898999889], [-79.7719409997773, 44.9713930001869], [-79.771855000308, 44.9718780000697], [-79.7718320001467, 44.9723549995836], [-79.7718599996392, 44.9728229995818], [-79.7719379996389, 44.9733010000411], [-79.7720799998921, 44.9737890000624], [-79.7722850003524, 44.9742770000835], [-79.772554000167, 44.9747660001509], [-79.7728739996354, 44.9752370002874], [-79.7732570002104, 44.9756830001704], [-79.773691999586, 44.9761100000765], [-79.7741659998609, 44.9764939997983], [-79.7756020004319, 44.9775439996559], [-79.7760640001534, 44.9778730004386], [-79.7772370002873, 44.9787769998587], [-79.7775850001476, 44.979104999696], [-79.7779069997083, 44.9794769997638], [-79.7782029998685, 44.9798859997392], [-79.7784480003749, 44.980310999553], [-79.7786539999821, 44.9807550002431], [-79.7804110000675, 44.9858050002006], [-79.7808840002963, 44.9870999996653], [-79.7817180000856, 44.9893839997718], [-79.7827999996202, 44.9924079998294], [-79.7834669998022, 44.9942730003987], [-79.7835960003551, 44.994733000028], [-79.7837300002393, 44.9956350002551], [-79.7837359996166, 44.9965259999749], [-79.7836029997786, 44.9974429999945], [-79.7833550000332, 44.9983499995529], [-79.7829569996658, 44.9991820001492], [-79.7824309996909, 45.000031999777], [-79.7818309999007, 45.00080000012], [-79.7803360002062, 45.002521000344], [-79.7799050001156, 45.0030660002957], [-79.7795780003244, 45.0035480000402], [-79.779301000141, 45.0040400002459], [-79.7788609996354, 45.0050439997808], [-79.7785709997518, 45.00614800033], [-79.7784729997291, 45.0071550000033], [-79.7783900003982, 45.0092969998567], [-79.7781439998457, 45.0182720000528], [-79.7783670002368, 45.0208130003198], [-79.7783650001446, 45.0215589996482], [-79.7782439999606, 45.0220089997156], [-79.778177999615, 45.0222229996917], [-79.7779699999155, 45.0228109998278], [-79.7778450004463, 45.0231209997344], [-79.7776450002165, 45.0235630003323], [-79.7774219998254, 45.0239959996157], [-79.777184999688, 45.0244140000062], [-79.7769270003807, 45.0248229999815], [-79.7766490001512, 45.0252200003029], [-79.776354000037, 45.0256080002091], [-79.7762000001298, 45.0257990000239], [-79.7760420000382, 45.0259889997926], [-79.7757049997859, 45.0263710003214], [-79.7753499996028, 45.0267459996282], [-79.7747610003199, 45.0273499996029], [-79.7743930004366, 45.0277310000856], [-79.7742079999991, 45.0279159996238], [-79.7738430002542, 45.0282869996454], [-79.7729420000732, 45.029193000057], [-79.7724390002596, 45.0297359999165], [-79.7719969996618, 45.0303149996376], [-79.7717510000086, 45.0307160001433], [-79.7715620002861, 45.0311369997728], [-79.7715349999402, 45.031210999588], [-79.7715137615508, 45.0312676883532]]}, "properties": {"lhrs": 46984, "offset": 0, "highway": "400", "length": 7.58, "traffic_section": 46984000, "aadt": 10800, "aadtt": 3150}}, {"type": "Feature", "geometry": {"type": "LineString", "coordinates": [[-78.4428940001579, 44.3270830003802], [-78.4423080001141, 44.3272190003566], [-78.4418159999084, 44.3261270003608], [-78.4410109996579, 44.3244710004364], [-78.4399160004231, 44.3219609998004], [-78.4379850004074, 44.3173359996567], [-78.4368379996739, 44.3148969995969], [-78.4336110001475, 44.3083699998757], [-78.432642000428, 44.3061599995843], [-78.4325990002436, 44.3059970001615], [-78.4324030001982, 44.3055969997018], [-78.4322579998068, 44.3051970001415], [-78.4318810004078, 44.30436100026], [-78.4311099999265, 44.3024890002672], [-78.4293450003714, 44.2983979995681], [-78.4284159997985, 44.2964139998063], [-78.4254689996945, 44.2904239996679], [-78.4249859999039, 44.289441000202], [-78.4227049999358, 44.2845549997135], [-78.4211740003798, 44.281773000024], [-78.421086999965, 44.281621000209], [-78.4210589995731, 44.281570999702], [-78.4210310000806, 44.281520000048], [-78.4210019996426, 44.2814700004402], [-78.4209730001039, 44.2814199999331], [-78.4209439996658, 44.2813700003253], [-78.4209150001271, 44.2813199998182], [-78.420884999643, 44.2812710002565], [-78.4208550000582, 44.2812209997494], [-78.4208240004272, 44.2811720001877], [-78.420792999897, 44.2811219996806], [-78.4207770000585, 44.2810980003725], [-78.4207600001739, 44.2810730001189], [-78.4207440003353, 44.2810489999115], [-78.4207109997128, 44.2810000003497], [-78.4206769999436, 44.2809519999349], [-78.4206430001743, 44.2809040004193], [-78.4206080003589, 44.2808560000045], [-78.4205729996442, 44.2808079995896], [-78.4205369997827, 44.280760000074], [-78.4205019999673, 44.2807119996591], [-78.4204660001058, 44.2806650001897], [-78.4204300002443, 44.2806169997748], [-78.4203940003828, 44.2805700003053], [-78.4196450000167, 44.2795869999401], [-78.4193610004098, 44.2792139998263], [-78.4190870003648, 44.2788530002658], [-78.4188850000427, 44.2785879997364], [-78.4188330003426, 44.2785200001979], [-78.4187809997433, 44.2784529998062], [-78.4187290000433, 44.2783850002676], [-78.4186760002971, 44.2783179998759], [-78.4186219996055, 44.2782500003373], [-78.4185679998133, 44.2781839999917], [-78.4185119999288, 44.278117999646], [-78.4184549999982, 44.2780520001997], [-78.4183970000215, 44.2779869999002], [-78.4183359999064, 44.2779229996468], [-78.4180850000227, 44.2776810001781], [-78.4178069997932, 44.2774549996486], [-78.4175050002555, 44.277245999903], [-78.4171360003261, 44.2769790001807], [-78.4170370002573, 44.2769180000657], [-78.4168170000045, 44.2767870003199], [-78.4125890001822, 44.2743329995683], [-78.4121269995613, 44.274024999754], [-78.4116900000934, 44.27369099964], [-78.4109080000042, 44.2729529997812], [-78.4102660000758, 44.2721820001992], [-78.4097640003083, 44.2713339997643], [-78.4094249999637, 44.2705070002979], [-78.4086949995746, 44.2680050000308], [-78.4084210004288, 44.2671080000342]]}, "properties": {"lhrs": 14260, "offset": 0, "highway": "7", "length": 7.36, "traffic_section": 14260000, "aadt": 14100, "aadtt": 1150}}, {"type": "Feature", "geometry": {"type": "LineString", "coordinates": [[-79.4075179999557, 44.593951999885], [-79.4077770002083, 44.593931999862], [-79.4203869998601, 44.5925950002591], [-79.4208309996509, 44.5925109999827], [-79.421589000432, 44.5924220003751], [-79.4224339998292, 44.5923709998218], [-79.4237749996165, 44.5922270003758]]}, "properties": {"lhrs": 19435, "offset": 2.2, "highway": "12", "length": 1.31, "traffic_section": 19435022, "aadt": 24300, "aadtt": 1750}}, {"type": "Feature", "geometry": {"type": "LineString", "coordinates": [[-79.3394579999867, 43.7760260003997], [-79.3395309997558, 43.7764320002367], [-79.3396899998936, 43.777661000255], [-79.3400579997768, 43.7796460000629], [-79.3402600000989, 43.7805569998058], [-79.3404699998906, 43.7815089996407], [-79.3407710002814, 43.7829070002579], [-79.3414690000943, 43.7861070003378], [-79.341952999931, 43.7882609998453], [-79.3422389996301, 43.7896350002551], [-79.3430920002955, 43.7934109999177], [-79.3434030002482, 43.7949519999349]]}, "properties": {"lhrs": 48459, "offset": 0, "highway": "404", "length": 2.13, "traffic_section": 48459000, "aadt": 239800, "aadtt": 9600}}, {"type": "Feature", "geometry": {"type": "LineString", "coordinates": [[-79.7248560003042, 43.4242520002297], [-79.7241300000994, 43.4249130001349], [-79.7196739996553, 43.4289140002809], [-79.7165250001286, 43.4317349999703], [-79.7104539998522, 43.4372040003644], [-79.7089040003193, 43.4386090004051], [-79.703978999831, 43.4430019997425], [-79.7036889999474, 43.4432510004333], [-79.7003990002137, 43.4460999996153]]}, "properties": {"lhrs": 10131, "offset": 0, "highway": "QEW", "length": 3.13, "traffic_section": 10131000, "aadt": 234100, "aadtt": 23400}}, {"type": "Feature", "geometry": {"type": "LineString", "coordinates": [[-80.0672297162783, 43.280646316974], [-80.0673626999286, 43.2807396998773], [-80.0674454996101, 43.2808354003335], [-80.067507599596, 43.2809108003932], [-80.067580900638, 43.2809885998441], [-80.0677074001763, 43.2810993000927], [-80.067798600425, 43.2811655999126], [-80.0679563001431, 43.2812604999722], [-80.0681538002576, 43.2813482998842], [-80.0684338500421, 43.2814493000452], [-80.0702776769731, 43.2820755546432], [-80.0749589998579, 43.2836789999859], [-80.0782820002141, 43.2848130001199], [-80.0786859999589, 43.2849510001886], [-80.0790790000958, 43.2850900003033], [-80.0794829998405, 43.2852280003719], [-80.0796310003703, 43.2852739997953], [-80.0798879996315, 43.2853570000255], [-80.0802930003217, 43.2854869997253], [-80.0806980001126, 43.2856160002782], [-80.0811029999035, 43.2857449999319], [-80.0814220002251, 43.285837999724], [-80.0815200002478, 43.2858650000697], [-80.0819250000387, 43.2859860002538], [-80.082342000383, 43.2861060003917], [-80.0826609998053, 43.2861990001838], [-80.0838149999622, 43.2865140003209], [-80.0857300001393, 43.2870340000192], [-80.0883699995758, 43.2877479996705], [-80.0885410002669, 43.287803999555], [-80.0887009995515, 43.2878590002927], [-80.0888720002426, 43.2879140001311], [-80.0890440000805, 43.2879790004306], [-80.0892030002182, 43.2880429997847], [-80.0893750000562, 43.2881070000381], [-80.0895340001939, 43.2881720003376], [-80.0896940003778, 43.2882359996917], [-80.0898529996162, 43.2883090003601], [-80.0900119997539, 43.2883739997603], [-80.0913710003713, 43.2890240000576], [-80.0915299996097, 43.2891060002418], [-80.0916889997475, 43.2891790000109], [-80.0918600004387, 43.2892620002412], [-80.0920320002766, 43.2893350000103], [-80.0921910004143, 43.2894000003098], [-80.0923620002061, 43.2894730000789], [-80.0925340000441, 43.2895370003324], [-80.0927180004354, 43.2896019997325], [-80.0928890002272, 43.289665999986], [-80.0930610000651, 43.2897310002855], [-80.0963980001675, 43.290791999751], [-80.1025820002591, 43.2927589996282], [-80.1035760002322, 43.2930729997192], [-80.1057109997628, 43.293747000224], [-80.1057970001314, 43.2937840001315], [-80.1087270003508, 43.2948600002888], [-80.1111549999033, 43.2957710000317], [-80.1126149997824, 43.2962499996378], [-80.1126400000359, 43.2962590000529], [-80.114444999637, 43.2967510002585], [-80.1145059997521, 43.2967690001893], [-80.1146290000283, 43.2968060000969], [-80.1148250000737, 43.2968529995663], [-80.1150099996117, 43.296898999889], [-80.115194000003, 43.2969450002116], [-80.1153780003943, 43.2969919996811], [-80.1155749995865, 43.2970299996348], [-80.1157589999779, 43.2970759999575], [-80.1159430003692, 43.2971129998651], [-80.1161399995613, 43.2971600002339], [-80.1163239999526, 43.2971970001415], [-80.1165460002977, 43.2972439996109], [-80.1167669996972, 43.2972909999797], [-80.1169879999962, 43.2973380003485], [-80.1172090002951, 43.2973839997718], [-80.1174309997408, 43.2974219997255], [-80.1176520000398, 43.2974690000943], [-80.1177629997626, 43.2974880000712], [-80.1178730003386, 43.2975060000019], [-80.1180949997844, 43.2975439999557], [-80.1183160000833, 43.2975819999094], [-80.1185500000824, 43.2976199998632], [-80.1191770002184, 43.2977149997475], [-80.1211830000954, 43.2979820003691], [-80.1256860000088, 43.2986020001822], [-80.1258700004001, 43.2986299996748], [-80.1260430002842, 43.2986590001128], [-80.1262150001221, 43.2986960000204], [-80.1263989996141, 43.2987249995591], [-80.1265710003514, 43.2987620003661], [-80.1267430001893, 43.2988079997894], [-80.1269150000272, 43.2988459997432], [-80.1270869998651, 43.2988920000658], [-80.1271239997727, 43.2989009995815], [-80.127258999703, 43.2989380003884], [-80.1274310004403, 43.2989839998118], [-80.1276400001858, 43.2990490001113], [-80.1278479998852, 43.2991229999266], [-80.1280569996308, 43.29918700018], [-80.1282529996761, 43.2992609999952], [-80.128462000321, 43.2993440002255], [-80.1286580003664, 43.2994260004097], [-80.1288540004118, 43.2995089997406], [-80.1290499995578, 43.2995909999248], [-80.1292459996031, 43.2996829996708], [-80.1294419996485, 43.29977400027], [-80.1295760004321, 43.2998379996241], [-80.1297230000164, 43.2999110002925], [-80.1298579999467, 43.2999840000616], [-80.129992999877, 43.3000579998769], [-80.1301269997612, 43.300140000061], [-80.1302489999913, 43.300211999784], [-80.1303839999216, 43.3002950000143], [-80.1305060001518, 43.3003770001985], [-80.130640000036, 43.3004590003826], [-80.1307620002661, 43.3005500000825], [-80.1338139998162, 43.3026800002818], [-80.1343270000909, 43.3030349995656], [-80.1344739996753, 43.3031260001648], [-80.1346200001129, 43.303208000349], [-80.1347669996973, 43.3032899996338], [-80.1349140001809, 43.3033729998641], [-80.1350730003187, 43.3034459996332], [-80.135219999903, 43.3035190003017], [-80.1353790000408, 43.3035920000708], [-80.1355390002246, 43.3036649998399], [-80.1356980003624, 43.3037300001395], [-80.1358700002003, 43.3037940003929], [-80.1371210003339, 43.3042449996071], [-80.1375860001937, 43.3043990004136]]}, "properties": {"lhrs": 15822, "offset": 0, "highway": "8", "length": 6.35, "traffic_section": 15822000, "aadt": 11100, "aadtt": 810}}, {"type": "Feature", "geometry": {"type": "LineString", "coordinates": [[-78.4462639999836, 44.2042020003221], [-78.4457129997551, 44.2047749997665], [-78.445205999757, 44.2052229997417], [-78.4446870001049, 44.2056339998093], [-78.444131999692, 44.2060180004304], [-78.4435540000171, 44.2063650002446], [-78.4423510002984, 44.2069779997349], [-78.441751999655, 44.2072339998493], [-78.439411999664, 44.2080820002842], [-78.4381940001529, 44.2084599997293], [-78.428308000214, 44.2118749998314], [-78.412537999629, 44.2172709995571], [-78.4042889996376, 44.2200999996153], [-78.4010470003188, 44.2212329997032], [-78.3971579999417, 44.2225399997213], [-78.3952639998337, 44.2231990004336], [-78.3949970001114, 44.2232819997645]]}, "properties": {"lhrs": 42250, "offset": 0, "highway": "115", "length": 4.64, "traffic_section": 42250000, "aadt": 25800, "aadtt": 2050}}, {"type": "Feature", "geometry": {"type": "LineString", "coordinates": [[-78.2743400000909, 44.9728590003426], [-78.2710470002189, 44.9736540001321], [-78.2692649998798, 44.9740529996463], [-78.2671789999109, 44.9744439996909], [-78.2656410000321, 44.9747759997127], [-78.264141000107, 44.9751269997113], [-78.262611999744, 44.9755320004015], [-78.2588180001505, 44.9766380001436], [-78.2574520001097, 44.9770999998652], [-78.2543659998909, 44.9782499998377], [-78.2533869997102, 44.9785510002286], [-78.2528370004272, 44.9786640000436], [-78.2522369997377, 44.978738999905], [-78.2516139997862, 44.9787690003891], [-78.2509679996734, 44.9787450001817], [-78.2462440003603, 44.9780909996999], [-78.2456609995555, 44.9780680004379], [-78.2452040000645, 44.9780749998614], [-78.2447719999278, 44.9781089996307], [-78.2439780001845, 44.9782519999299], [-78.2435039999097, 44.9783659997911], [-78.2430010000961, 44.9785340003439], [-78.2392069996033, 44.9801619998764], [-78.238271999653, 44.9805980001976], [-78.2377770002084, 44.9808839998967], [-78.2371219996805, 44.9813000001949], [-78.236254000122, 44.9819630001924], [-78.2355229996866, 44.9826470002589], [-78.2352800001718, 44.9829479997504], [-78.233257999557, 44.9856979997629]]}, "properties": {"lhrs": 42640, "offset": 0, "highway": "118", "length": 3.75, "traffic_section": 42640000, "aadt": 2200, "aadtt": 240}}, {"type": "Feature", "geometry": {"type": "LineString", "coordinates": [[-79.5193909995949, 43.7164650002596], [-79.5201989999838, 43.7163749997065], [-79.5204109998677, 43.7163510003984], [-79.5204479997753, 43.7163510003984], [-79.5230860000188, 43.7160879999613], [-79.5247050000357, 43.7159020003771], [-79.5248420000582, 43.7158859996392], [-79.5249909997348, 43.715861000285], [-79.5251279997573, 43.7158440004003], [-79.5252780003794, 43.7158190001468], [-79.5254150004019, 43.7157939998932], [-79.5255650001246, 43.7157689996397], [-79.5257020001471, 43.7157440002854], [-79.5258390001697, 43.7157190000319], [-79.5259879998463, 43.7156929997322], [-79.5261259999149, 43.715668000378], [-79.5262749995915, 43.7156430001244], [-79.526411999614, 43.7156179998709], [-79.5265499996827, 43.7155840001016], [-79.5265620002361, 43.7155840001016], [-79.5266869997052, 43.7155579998019], [-79.5268370003272, 43.7155330004477], [-79.5282469996993, 43.7152089998955], [-79.5290829995807, 43.7150220002651], [-79.5296450003165, 43.7148939997583], [-79.5299320000617, 43.7148349997355], [-79.5301939995534, 43.7147749996665], [-79.5322039996149, 43.714323999553], [-79.5360740000151, 43.7134010001561], [-79.5361740001299, 43.7133749998564], [-79.5362740002449, 43.7133499996028], [-79.5367689996896, 43.7132339996494]]}, "properties": {"lhrs": 47660, "offset": 0, "highway": "401", "length": 1.45, "traffic_section": 47660000, "aadt": 421300, "aadtt": 42100}}, {"type": "Feature", "geometry": {"type": "LineString", "coordinates": [[-80.3916281851925, 43.4105587536836], [-80.3916283003058, 43.4105588004483], [-80.3916486312793, 43.4105669168298], [-80.3917071996275, 43.4105903001023], [-80.3917578530425, 43.4106105276538], [-80.3919481001247, 43.4106864996822], [-80.394224199687, 43.4115720000478], [-80.3960575998783, 43.4122764003356], [-80.3968704997737, 43.4125931001915], [-80.3977330998027, 43.4129216000518], [-80.3988167001306, 43.413305999972], [-80.3995716989747, 43.4135430999341], [-80.4004294993219, 43.4137864996473], [-80.4009683002468, 43.4139212001033], [-80.4026557000005, 43.4143301002539], [-80.4044691999936, 43.4147773996573], [-80.4047782016526, 43.4148515379682], [-80.4048143004396, 43.4148602002381]]}, "properties": {"lhrs": 15866, "offset": 0, "highway": "8", "length": 1.17, "traffic_section": 15866000, "aadt": 88500, "aadtt": 6800}}, {"type": "Feature", "geometry": {"type": "LineString", "coordinates": [[-78.7778619996315, 44.521121000234], [-78.779495000294, 44.5218549999084], [-78.7827520003045, 44.5232329996033], [-78.7832590003026, 44.5234770000636], [-78.7837410000471, 44.5237019996476], [-78.7842090000453, 44.5239809999233], [-78.7846250003434, 44.5242859995993], [-78.7849429997196, 44.5245360003362], [-78.7853070003178, 44.5248850002426], [-78.7856330000629, 44.5252510000337], [-78.7857300000395, 44.5253809997334]]}, "properties": {"lhrs": 27920, "offset": 0, "highway": "35", "length": 0.79, "traffic_section": 27920000, "aadt": 7700, "aadtt": 770}}, {"type": "Feature", "geometry": {"type": "LineString", "coordinates": [[-79.7751720003874, 43.9898319999469], [-79.7730739998652, 43.990298999899], [-79.7710069998731, 43.990754000197], [-79.7687520002046, 43.991261000195], [-79.7672979997029, 43.9916140002859], [-79.7665710003513, 43.9917949996396], [-79.7658810000081, 43.991968000423], [-79.7652919998259, 43.9921240004223], [-79.7643769998986, 43.9923390004446], [-79.7634240000176, 43.9925619999364], [-79.762972999904, 43.9926660002358], [-79.7621469995843, 43.9928370000276], [-79.7617459999779, 43.9929230003962], [-79.7605060003516, 43.9931970004413], [-79.760379999937, 43.9932229998416], [-79.7600669998921, 43.9932910002795], [-79.7597539998472, 43.9933690002792], [-79.759102000357, 43.9934969998867], [-79.75885199962, 43.9935480004399], [-79.7585140002209, 43.9936170000246], [-79.7562720002526, 43.9940779997], [-79.7540419999383, 43.9945489998365], [-79.7530269998961, 43.9947629998126], [-79.7526769999436, 43.9948320002966], [-79.7522760003371, 43.9949169997198], [-79.7494070002328, 43.995534000294], [-79.747615000332, 43.995920000108], [-79.7475520001246, 43.9959369999926], [-79.7458990003386, 43.9962879999912], [-79.7442329999529, 43.996648000405], [-79.7423660001907, 43.9970510001036], [-79.7412499999875, 43.9972900003333], [-79.740485999829, 43.9974620001712], [-79.7391330003876, 43.9977530001009], [-79.7380299998845, 43.9979930003767], [-79.7374039997947, 43.9981300003993], [-79.7349980003574, 43.9986530002358], [-79.7333570002253, 43.9990040002345], [-79.7322660002757, 43.9992439996109], [-79.7316020002321, 43.9993799995873], [-79.7309509998887, 43.999526000025], [-79.7299109995929, 43.9997490004161], [-79.7286950001741, 44.0000229995618], [-79.7277299997397, 44.0002290000684], [-79.7255619995865, 44.0007089997206], [-79.7243969998216, 44.0009570003653], [-79.721878999716, 44.0014869996254], [-79.7190470004187, 44.0020939997383], [-79.7167780001046, 44.0025819997595], [-79.7167030002432, 44.0025989996442], [-79.716326999991, 44.0026759995978], [-79.7148989997889, 44.0029840003114], [-79.7148239999276, 44.003001000196], [-79.7148110002274, 44.003001000196], [-79.714798999674, 44.003001000196], [-79.7142339996993, 44.0031299998496], [-79.7102240000376, 44.003994000123], [-79.7069409997273, 44.0047039995899], [-79.7057630002622, 44.0049429998197], [-79.7047979998278, 44.0051569997958], [-79.7039959997156, 44.0053279995876], [-79.7036330000628, 44.0054050004405], [-79.7032060001568, 44.0055079997944], [-79.7021029996537, 44.005737999609], [-79.6997970003313, 44.0062709999067], [-79.698681000128, 44.0065280000672], [-79.6984549995985, 44.0065789997211], [-79.6962860002987, 44.0070679997884], [-79.6956089996556, 44.0072219996956], [-79.6952209997493, 44.0072989996491], [-79.6927890000123, 44.0078469997393], [-79.6921619998764, 44.0079930001769], [-79.6917479996704, 44.0080870000151], [-79.6901689996996, 44.0084380000138], [-79.6899810000231, 44.008481000198], [-79.6893790001407, 44.0086269997363], [-79.6886889997975, 44.0087730001738], [-79.6870349999652, 44.0091499995728], [-79.6860820000842, 44.0093729999641], [-79.6859789998309, 44.0094709999867], [-79.6853529997411, 44.0095980004474], [-79.6849269998811, 44.0096930003318], [-79.6847279996974, 44.0096629998476], [-79.6844389998599, 44.0097229999166], [-79.6829480003499, 44.0100299996848], [-79.6820450000766, 44.0102360001913], [-79.6812429999644, 44.0104249999139], [-79.6792370000874, 44.0108780001196], [-79.6791719997879, 44.0109950001192], [-79.6787079999742, 44.0110980003725], [-79.6786099999515, 44.0111180003955]]}, "properties": {"lhrs": 16120, "offset": 0, "highway": "9", "length": 8.11, "traffic_section": 16120000, "aadt": 15900, "aadtt": 1150}}, {"type": "Feature", "geometry": {"type": "LineString", "coordinates": [[-79.8636910004393, 43.9705209997444], [-79.8635769996787, 43.9705449999518], [-79.863415000302, 43.9705069999981], [-79.8628900003732, 43.9706189997671], [-79.8600479997154, 43.9712389995802], [-79.8542389998299, 43.9725309998058], [-79.852962000296, 43.9727980004274], [-79.8505080004438, 43.9733309998258], [-79.8485429997596, 43.9737349995706], [-79.8461009995614, 43.9742679998683], [-79.8452499998875, 43.9744670000521], [-79.8428210002889, 43.9749820004191], [-79.8400660000458, 43.9755939998632], [-79.8380499997077, 43.9760409997924], [-79.8342059996071, 43.9769019999274], [-79.8336049997709, 43.977030999581], [-79.8327279997973, 43.977221000249], [-79.8318020002621, 43.9774180003405], [-79.8301240002224, 43.9777609999702], [-79.827932999908, 43.978234000199], [-79.826818999797, 43.9784650000598], [-79.8221850001376, 43.9795070004478], [-79.8191539997572, 43.9801959998456], [-79.8170750001111, 43.9806429997747], [-79.8156859999089, 43.9809169998197], [-79.8149229997966, 43.9810529997961], [-79.8142090001452, 43.9812160001184], [-79.8126559995747, 43.9815239999327], [-79.8109910001345, 43.9818580000467], [-79.8101520001147, 43.9820380002536], [-79.8094510001635, 43.9821839997918], [-79.8088369997277, 43.9823310002755], [-79.8083980001675, 43.9824519995602], [-79.8081349997304, 43.9825129996752], [-79.8074329997331, 43.9827030003432], [-79.8062540002219, 43.9830419997885], [-79.8048500002273, 43.9834509997639], [-79.8039839998617, 43.9837029996937], [-79.8038960003001, 43.9837289999934], [-79.8030429996347, 43.9839900003383], [-79.8027800000969, 43.984058999923], [-79.8025789998209, 43.984110999623], [-79.802265999776, 43.9841889996227], [-79.8019149997774, 43.984292999922], [-79.8013889998024, 43.9844140001061], [-79.8008130002198, 43.9845160003132], [-79.7999370002923, 43.9846510002435], [-79.7990869997652, 43.9847860001738], [-79.7984619997215, 43.9848690004041], [-79.7983109999527, 43.9848949998044], [-79.7976229997016, 43.9850050003805], [-79.7967980003274, 43.9851309998958], [-79.7964969999366, 43.9851909999647], [-79.7964470003288, 43.9852439997108], [-79.7960960003301, 43.9853219997105]]}, "properties": {"lhrs": 16130, "offset": 0, "highway": "9", "length": 5.67, "traffic_section": 16130000, "aadt": 14100, "aadtt": 850}}, {"type": "Feature", "geometry": {"type": "LineString", "coordinates": [[-79.5434940004477, 43.8093320002716], [-79.5438060004465, 43.8107180003355], [-79.5440489999613, 43.8117460000779], [-79.5442460000528, 43.8125819999594], [-79.5443929996372, 43.813185999934], [-79.5445309997058, 43.8137829995858], [-79.5446030003282, 43.8140700002304], [-79.5446640004432, 43.8144529999061], [-79.5447869998201, 43.815100000065], [-79.5448720001427, 43.8155880000862], [-79.5449530002807, 43.8160990002687], [-79.54503899975, 43.8167570000356], [-79.5451260001647, 43.8175509997789], [-79.5452109995879, 43.8183689997296], [-79.5453460004176, 43.8197650002546], [-79.5454479997254, 43.8209370003423], [-79.5455800004166, 43.8218639999237], [-79.5456609996554, 43.8224419995986], [-79.545818999747, 43.824145999938], [-79.5460349998153, 43.8265249999288], [-79.5462059996072, 43.8279550002231]]}, "properties": {"lhrs": 46822, "offset": 0, "highway": "400", "length": 2.08, "traffic_section": 46822000, "aadt": 207300, "aadtt": 12400}}, {"type": "Feature", "geometry": {"type": "LineString", "coordinates": [[-79.088615000282, 43.8306769998437], [-79.0937909997548, 43.8282820000143], [-79.0997229999165, 43.8255350001402], [-79.1030260002497, 43.8240469998692], [-79.1050029996886, 43.8230899998037], [-79.1059900002383, 43.8225789996212], [-79.1066409996823, 43.8222089996457], [-79.107072999819, 43.8219359996467], [-79.1086139998362, 43.8208790003656], [-79.1124450002365, 43.8181579998918], [-79.1138890002771, 43.817197999688], [-79.114728000297, 43.816650999644], [-79.1147880003659, 43.8166119996441]]}, "properties": {"lhrs": 47610, "offset": 0, "highway": "401", "length": 2.63, "traffic_section": 47610000, "aadt": 247300, "aadtt": 29700}}, {"type": "Feature", "geometry": {"type": "LineString", "coordinates": [[-80.5141200000379, 43.4192129998801], [-80.5139339995544, 43.419283999557], [-80.5124470002289, 43.4198539997623], [-80.5110349998653, 43.4203969996219], [-80.5068710002964, 43.422027000146], [-80.5059160003231, 43.422401000306], [-80.5052839999566, 43.4226409996824], [-80.5045779997748, 43.4228729995893], [-80.5038110003773, 43.4230759999575], [-80.5029690002192, 43.4232709999567], [-80.5028209996893, 43.4233059997721], [-80.5024489996216, 43.4233950002791], [-80.5005799997671, 43.4238279995626], [-80.5000359998614, 43.4239689997695], [-80.4999979999078, 43.4239780001846], [-80.4992680004178, 43.4242179995611], [-80.4982019998224, 43.4245919997211], [-80.4962570000604, 43.4252759997876], [-80.4956370002473, 43.4254990001788], [-80.4949809996734, 43.4257029996937], [-80.4943120002985, 43.425907000108], [-80.4936430000244, 43.4260749997615], [-80.4930000000499, 43.4262349999453], [-80.4917249997089, 43.4265079999443], [-80.4892000001798, 43.4270099997117], [-80.4884079996294, 43.4271499998726], [-80.4870960002801, 43.4274239999177], [-80.4849060000118, 43.4278550000083], [-80.4846220004049, 43.4279079997544], [-80.4845600002438, 43.4279170001695], [-80.4844909997598, 43.4279309999157]]}, "properties": {"lhrs": 14605, "offset": 0, "highway": "7", "length": 2.6, "traffic_section": 14605000, "aadt": 64000, "aadtt": 3200}}, {"type": "Feature", "geometry": {"type": "LineString", "coordinates": [[-78.8294010003559, 43.8871580000417], [-78.8330620001112, 43.886777999605], [-78.8364030003981, 43.8861110003224], [-78.836687000005, 43.8860540003919], [-78.8369420000732, 43.8859960004152], [-78.8462510003834, 43.8838670002619]]}, "properties": {"lhrs": 47584, "offset": 0, "highway": "401", "length": 1.41, "traffic_section": 47584000, "aadt": 130200, "aadtt": 15600}}, {"type": "Feature", "geometry": {"type": "LineString", "coordinates": [[-79.9509760002422, 43.2322719999529], [-79.9509600004037, 43.2322909999298], [-79.9509370002423, 43.2323150001372], [-79.950884999643, 43.2323710000217], [-79.950295000314, 43.2329960000654], [-79.9501950001991, 43.2331029996038], [-79.9500950000842, 43.2332100000415], [-79.9499939999231, 43.2333270000411], [-79.9498939998082, 43.2334429999945], [-79.9498050002006, 43.2335589999479], [-79.9497169997397, 43.2336749999014], [-79.9496290001782, 43.2337909998548], [-79.9495530002707, 43.2339079998544], [-79.9494770003632, 43.2340330002228], [-79.9494009995565, 43.2341500002224], [-79.9493129999949, 43.2342929996223], [-79.9492360000413, 43.2344270004058], [-79.9491719997879, 43.2345709998518], [-79.9491080004339, 43.234714000151], [-79.9490440001804, 43.2348579995971], [-79.948979999927, 43.2350100003113], [-79.948928000227, 43.2351539997574], [-79.9488890002272, 43.2352980001027], [-79.9488369996278, 43.2354499999176], [-79.9488100001813, 43.2355940002629], [-79.9487829998356, 43.2357199997782], [-79.9487560003891, 43.2358369997777], [-79.9487419997434, 43.2359620001462], [-79.948726999951, 43.2360879996615], [-79.9487130002047, 43.2362049996611], [-79.9487110001126, 43.2363310000757], [-79.9486970003662, 43.2364480000752], [-79.9486940002279, 43.2365739995905], [-79.9486920001357, 43.236700000005], [-79.9486900000434, 43.2368170000046], [-79.9487500001124, 43.2383790000908], [-79.9487560003891, 43.2387360003662], [-79.9487540002968, 43.2388530003657], [-79.9487399996513, 43.2389700003653], [-79.9487249998588, 43.2390870003648], [-79.9487110001126, 43.2392129998801], [-79.9486960003201, 43.2393299998797], [-79.9486819996745, 43.2394469998792], [-79.9486679999282, 43.2395639998787], [-79.9486409995824, 43.2396799998322], [-79.9486019995826, 43.2398149997625], [-79.9485629995827, 43.2399410001771], [-79.9485230004361, 43.2400659996462], [-79.9484719998828, 43.2401920000608], [-79.948421000229, 43.2403269999911], [-79.9483569999756, 43.2404429999446], [-79.9482929997221, 43.2405690003591], [-79.9482300004141, 43.2406939998283], [-79.9481539996074, 43.2408099997817], [-79.9480769996538, 43.2409360001963], [-79.9479770004382, 43.2410609996655], [-79.9478760002772, 43.2411950004489], [-79.9477750001161, 43.2413199999181], [-79.947662000301, 43.2414450002866], [-79.9475369999325, 43.2415699997557], [-79.9474240001175, 43.2416859997091], [-79.9469610003499, 43.2421139996614], [-79.946700000005, 43.2422559999145], [-79.9458290003081, 43.2427429998896], [-79.9452709997568, 43.2429810000731], [-79.9434619999713, 43.2435949996096], [-79.9430279997424, 43.2437440001855], [-79.9394850000327, 43.2449180003655], [-79.9373299995798, 43.2456089998555], [-79.9362290000682, 43.24587799967], [-79.9350549998883, 43.2460739997153], [-79.9320800002918, 43.2464790004056], [-79.9276839999166, 43.2470770001035], [-79.9254989998789, 43.2473710001716], [-79.9232020000722, 43.2476830001703], [-79.921609000355, 43.2479109998928], [-79.9214730003786, 43.2479279997774], [-79.9213370004022, 43.2479540000771], [-79.9212010004258, 43.2479699999156], [-79.9210650004493, 43.2479960002153], [-79.9209289995736, 43.2480219996156], [-79.9207929995972, 43.2480479999153], [-79.9206569996208, 43.2480730001689], [-79.9205340002439, 43.2480989995692], [-79.9203980002675, 43.2481340002839], [-79.920262000291, 43.2481599996843], [-79.9200640001534, 43.2482120002836], [-79.9198779996699, 43.2482730003987], [-79.9196800004316, 43.2483339996144], [-79.9194939999481, 43.2484040001445], [-79.9193080003639, 43.2484749998214], [-79.9191209998343, 43.2485539998672], [-79.9189479999502, 43.2486329999131], [-79.9187740000201, 43.24872200042], [-79.9186000000899, 43.2488099999816], [-79.9184379998138, 43.2489080000042], [-79.9182880000911, 43.2489959995658], [-79.9181390004145, 43.2490939995884], [-79.918002000392, 43.2491919996111], [-79.9178640003233, 43.2492889995877], [-79.9177270003008, 43.2493960000255], [-79.9176019999323, 43.2495029995638], [-79.9174769995639, 43.2496100000015], [-79.9173639997488, 43.249725999955], [-79.9172509999337, 43.2498330003927], [-79.9171380001186, 43.2499579998619], [-79.9170499996577, 43.2500559998845], [-79.916635000305, 43.2505559995598], [-79.9159670000769, 43.2514240000176], [-79.9153620000562, 43.2521650000148], [-79.9152359996417, 43.2523169998298], [-79.915097999573, 43.252460000129], [-79.9149479998503, 43.2526030004282], [-79.9147980001276, 43.2527360002662], [-79.9146349998053, 43.2528700001504], [-79.9144599998291, 43.2529939995734], [-79.9142859998989, 43.2531189999419], [-79.9141109999227, 43.2532339998493], [-79.9139240002923, 43.2533489997566], [-79.9137379998088, 43.2534560001943], [-79.9135389996251, 43.2535619996866], [-79.9133400003407, 43.2536589996632], [-79.913141000157, 43.253747000124], [-79.9129300003192, 43.2538349996855], [-79.9127189995821, 43.2539139997314], [-79.9125089997905, 43.2539840002615], [-79.9122860002986, 43.2540539998922], [-79.9120629999075, 43.2541150000073], [-79.9119510001385, 43.254141000307], [-79.9118400004156, 43.2541669997073], [-79.9116170000245, 43.2542190003066], [-79.9097619999163, 43.2546510004434], [-79.908562000336, 43.2549459996582], [-79.9083020000372, 43.2550069997733], [-79.9080540002918, 43.255084999773], [-79.9078059996471, 43.2551639998188], [-79.9075709996019, 43.2552520002797], [-79.9073229998566, 43.2553480002101], [-79.9071730001338, 43.2554100003713]]}, "properties": {"lhrs": 48315, "offset": 0, "highway": "403", "length": 4.85, "traffic_section": 48315000, "aadt": 99300, "aadtt": 9950}}, {"type": "Feature", "geometry": {"type": "LineString", "coordinates": [[-80.3065700003052, 43.5935090003401], [-80.3072520002796, 43.5982339996994], [-80.3074280003019, 43.6001059996922], [-80.3073419999333, 43.6021850002376], [-80.3066539996823, 43.6081330002378], [-80.3065009998213, 43.6102479997455]]}, "properties": {"lhrs": 13620, "offset": 1.1, "highway": "6", "length": 1.87, "traffic_section": 13620011, "aadt": 13200, "aadtt": 920}}, {"type": "Feature", "geometry": {"type": "LineString", "coordinates": [[-79.3703780004443, 44.6041099997767], [-79.3708149999123, 44.6041689997995], [-79.3708790001657, 44.6041430003992], [-79.3716939999781, 44.6042800004217], [-79.3719189995621, 44.6043380003985], [-79.3746820001741, 44.6051330001878], [-79.3763060004216, 44.6056240003474], [-79.3763570000755, 44.6056069995634], [-79.376595000259, 44.6056729999091], [-79.3766310001205, 44.6057190002317], [-79.3768809999581, 44.6057950001392], [-79.377081000188, 44.6058520000698], [-79.3771319998419, 44.605834000139], [-79.3773700000255, 44.6059009996315], [-79.377405999887, 44.605945999908], [-79.3791819999493, 44.6064299997448], [-79.3797209996244, 44.6065279997674], [-79.3802499997377, 44.6065540000671], [-79.38133500031, 44.6065150000672], [-79.3853100001563, 44.6063280004369], [-79.3859279998773, 44.6063010000911], [-79.3859900000384, 44.6063289995837], [-79.3871509996189, 44.6062729996992], [-79.3872020001721, 44.6062379998838], [-79.3872650003794, 44.6062359997916], [-79.3874520000098, 44.606230999561], [-79.3875340001939, 44.6060090001153]]}, "properties": {"lhrs": 19433, "offset": 0, "highway": "12", "length": 1.44, "traffic_section": 19433000, "aadt": 37100, "aadtt": 2200}}, {"type": "Feature", "geometry": {"type": "LineString", "coordinates": [[-80.4401099999765, 44.556138999915], [-80.4400259997001, 44.5560809999383], [-80.4376770001934, 44.5541699999456], [-80.435354000087, 44.5522319996072], [-80.4333310003254, 44.5505559996597], [-80.4329180001656, 44.5502570002604], [-80.4324680000981, 44.5499850003076], [-80.4319539997772, 44.5497569996858], [-80.4313889998024, 44.5495649998249], [-80.4307609996204, 44.5494269997563], [-80.4283710000216, 44.5491990000339], [-80.4273899997487, 44.549058999873], [-80.4267869998201, 44.5489300002194], [-80.4261849999377, 44.5487560002892], [-80.425619999963, 44.5485550000133], [-80.4242919998758, 44.5479629996927], [-80.4240409999921, 44.5478540000621], [-80.4148299997047, 44.5436119995941], [-80.4103570002753, 44.5415360000864], [-80.408014000146, 44.5404979998829], [-80.4072069998032, 44.5400859997691], [-80.4056239996478, 44.5393469998642], [-80.40450900039, 44.5388539996124], [-80.404155000253, 44.5387310002355], [-80.4034649999098, 44.5384750001212], [-80.4024360001213, 44.5381549997535], [-80.3980930003916, 44.5369889999424], [-80.3949049999657, 44.5361619995767], [-80.394289000337, 44.5360230003612], [-80.3930829995807, 44.535828000362], [-80.3919389998849, 44.5357409999472], [-80.3913719998179, 44.5357199998782], [-80.3906919999358, 44.5357250001087], [-80.3885389995751, 44.5358220000852], [-80.3789309998657, 44.5362920001757], [-80.3713140002409, 44.5366959999205], [-80.3697560003391, 44.5367800001969], [-80.367982000369, 44.5368719999429], [-80.3664669997522, 44.5369570002654], [-80.3647739999201, 44.5371229998266], [-80.3633629996027, 44.5372690002642], [-80.3575779999247, 44.5379120002387], [-80.3569739999501, 44.5379350004], [-80.3565710002514, 44.5379239998927], [-80.3556780004394, 44.5378380004234], [-80.3547489998664, 44.5376709999168], [-80.353731999732, 44.5374579999868], [-80.3485210004438, 44.5362580004065], [-80.3459479996005, 44.5356490002013], [-80.3452950000642, 44.5354829997407], [-80.3429370001424, 44.5347849999279], [-80.3423599996142, 44.5345930000669], [-80.3412190000568, 44.5341809999533], [-80.3390400002957, 44.5332229998416], [-80.3379260001847, 44.532668000328], [-80.3359879998463, 44.5315489999864], [-80.3309280003269, 44.5283419995837], [-80.3301519996151, 44.5278959997006], [-80.3289639996888, 44.527268000418], [-80.3253460001177, 44.525598999894]]}, "properties": {"lhrs": 25670, "offset": 0, "highway": "26", "length": 10.24, "traffic_section": 25670000, "aadt": 9650, "aadtt": 580}}, {"type": "Feature", "geometry": {"type": "LineString", "coordinates": [[-79.7004040004442, 43.6693559996797], [-79.7001759998225, 43.6691770004183], [-79.700150999569, 43.6691589995882], [-79.7000169996847, 43.6690410004419], [-79.6999870001, 43.6690180002805], [-79.6998219996855, 43.6688939999582], [-79.6998100000314, 43.6688760000274], [-79.6987960000353, 43.668152999961], [-79.6981990003835, 43.6676599997093], [-79.6957950001391, 43.6658590002927], [-79.6947689995896, 43.665082000434], [-79.6946840001664, 43.6650180001806], [-79.6943669999371, 43.664779999997], [-79.6936829998705, 43.6642590002527], [-79.691034000019, 43.6623110003524], [-79.6904360003211, 43.6618630003772], [-79.6900820001841, 43.6616250001937], [-79.6900010000461, 43.6615640000786]]}, "properties": {"lhrs": 49062, "offset": 0, "highway": "410", "length": 1.21, "traffic_section": 49062000, "aadt": 175700, "aadtt": 14100}}, {"type": "Feature", "geometry": {"type": "LineString", "coordinates": [[-79.7719029998236, 43.3809829995658], [-79.7718520001696, 43.3810269997962], [-79.7674870003248, 43.3850500000575], [-79.7610320003265, 43.3910040003344], [-79.7564640001135, 43.395214000226], [-79.7564060001367, 43.3952649998799]]}, "properties": {"lhrs": 10126, "offset": 0, "highway": "QEW", "length": 2.02, "traffic_section": 10126000, "aadt": 197000, "aadtt": 29600}}, {"type": "Feature", "geometry": {"type": "LineString", "coordinates": [[-78.9827099997667, 44.0780590000229], [-78.9828029995588, 44.0784009996065], [-78.9828809995585, 44.0786809999283], [-78.9836200003627, 44.0804319997371], [-78.9881020002071, 44.0908289998585], [-78.9934070002328, 44.1031210001341], [-78.9935070003477, 44.1033239996029]]}, "properties": {"lhrs": 14350, "offset": 4.2, "highway": "7", "length": 2.94, "traffic_section": 14350042, "aadt": 8600, "aadtt": 1100}}, {"type": "Feature", "geometry": {"type": "LineString", "coordinates": [[-79.530552999921, 43.7545039998598], [-79.5305669996672, 43.7545649999748], [-79.5311250002185, 43.7569429999196], [-79.5312369999875, 43.7574489998715], [-79.5313170000795, 43.757747000124], [-79.5313719999178, 43.7580180000307], [-79.531839999916, 43.7599720002077], [-79.5322639996838, 43.7616939995785], [-79.5329160000733, 43.7645019995677], [-79.5332880001411, 43.7660550001382], [-79.5337489998165, 43.7680060001768], [-79.5348320002965, 43.7725130002748], [-79.5348779997199, 43.7726850001127], [-79.5348870001349, 43.7727880003659]]}, "properties": {"lhrs": 46815, "offset": 0, "highway": "400", "length": 2.06, "traffic_section": 46815000, "aadt": 249800, "aadtt": 20000}}, {"type": "Feature", "geometry": {"type": "LineString", "coordinates": [[-79.6903099999066, 43.6617780000547], [-79.6900820001841, 43.6616250001937], [-79.6900010000461, 43.6615640000786], [-79.6899719996081, 43.6615430000095], [-79.6899230000463, 43.6615060001019], [-79.6894729999789, 43.6611319999419], [-79.6850419997884, 43.6578390000698], [-79.6772920003255, 43.652158999838], [-79.6772550004179, 43.6521310003454], [-79.6772029998186, 43.6520999998152]]}, "properties": {"lhrs": 49055, "offset": 0, "highway": "410", "length": 1.51, "traffic_section": 49055000, "aadt": 223400, "aadtt": 17900}}, {"type": "Feature", "geometry": {"type": "LineString", "coordinates": [[-79.2024020000522, 43.115975000446], [-79.2049099996967, 43.1159599997542], [-79.2055979999477, 43.1159890001923], [-79.2079579999617, 43.1159540003769], [-79.2087840002814, 43.115885999939], [-79.2115609997403, 43.1154790000559], [-79.2138599996392, 43.1150649998499], [-79.2147730003736, 43.1149259997351], [-79.215242000418, 43.1148790002657], [-79.2155870001399, 43.1148489997815], [-79.2156779998398, 43.1148469996893]]}, "properties": {"lhrs": 32753, "offset": 0, "highway": "58", "length": 1.09, "traffic_section": 32753000, "aadt": 27900, "aadtt": 1500}}, {"type": "Feature", "geometry": {"type": "LineString", "coordinates": [[-80.3385389996751, 42.9298139996164], [-80.3391109999727, 42.9313660001408], [-80.3424019997524, 42.9399399998312], [-80.3431170003492, 42.9418349999853], [-80.347005999827, 42.9519610002001], [-80.3474949998943, 42.953278999826], [-80.347662000401, 42.9536580002166], [-80.3486160003281, 42.9562120001837], [-80.3515400002707, 42.9637840004313], [-80.3522679996684, 42.9657239999627], [-80.3542019998224, 42.9707060003817], [-80.3558969997467, 42.9751900003183], [-80.3561359999764, 42.9757589995782], [-80.3567929996971, 42.9774829999406], [-80.3587730001738, 42.9828520002197], [-80.3607210000741, 42.9877529996013], [-80.3613549996335, 42.9893500004022], [-80.362645999813, 42.9925899996288], [-80.3653579998718, 42.999620000063], [-80.3655250003785, 43.0000710001765], [-80.3660270001459, 43.0013889998025], [-80.3686289996286, 43.0081240001226], [-80.3700329996232, 43.011532999948], [-80.3707290002431, 43.0131659997112]]}, "properties": {"lhrs": 24750, "offset": 0, "highway": "24", "length": 9.62, "traffic_section": 24750000, "aadt": 6950, "aadtt": 740}}, {"type": "Feature", "geometry": {"type": "LineString", "coordinates": [[-80.238681000128, 43.3357809996934], [-80.239835000285, 43.3362190001068], [-80.244071999623, 43.3377780000547], [-80.2461100000764, 43.3385479995906], [-80.2479149996774, 43.3392169998647], [-80.2483079998143, 43.3393729998641], [-80.2493639999486, 43.3397849999778], [-80.2507760003121, 43.3402889998375], [-80.2513529999409, 43.3405090000903], [-80.2519759998925, 43.3407399999511]]}, "properties": {"lhrs": 15843, "offset": 0, "highway": "8", "length": 1.21, "traffic_section": 15843000, "aadt": 12800, "aadtt": 900}}, {"type": "Feature", "geometry": {"type": "LineString", "coordinates": [[-79.862929000373, 43.5419529997312], [-79.8630089995656, 43.5419119996391], [-79.8636589998629, 43.5415770003783], [-79.865006999973, 43.5409779997349], [-79.8667270001509, 43.5403290003831], [-79.8673750003559, 43.5401280001072], [-79.8686689997744, 43.5397709998318], [-79.8702469996993, 43.539427000156], [-79.8720839998767, 43.5391479998803], [-79.8765259996751, 43.5385340003439], [-79.8795539999171, 43.5381139998613], [-79.8826200001129, 43.5376580004164], [-79.8841359998764, 43.5373390000948], [-79.8853180004253, 43.5369999997503], [-79.8879349997005, 43.5360170002844], [-79.890755000243, 43.534747000174], [-79.8928760000273, 43.5338229998316], [-79.8962089999454, 43.5322700001604], [-79.8963839999216, 43.5321910001146], [-79.8995169996098, 43.53073500042], [-79.9048160002582, 43.5283170004293]]}, "properties": {"lhrs": 47695, "offset": 0, "highway": "401", "length": 3.76, "traffic_section": 47695000, "aadt": 140600, "aadtt": 28100}}, {"type": "Feature", "geometry": {"type": "LineString", "coordinates": [[-79.6752060003566, 43.4998089996856], [-79.6753139999411, 43.4999309999158], [-79.6753610003099, 43.5000580003764], [-79.6756750004009, 43.5003860002138], [-79.6775749998863, 43.5017399997013], [-79.6781860001837, 43.502070999677], [-79.6787690000892, 43.5025639999287], [-79.6802789995761, 43.5036889996477], [-79.6827890002121, 43.5054560001943], [-79.6862909998297, 43.5076570000705], [-79.6872320000567, 43.5082169998147], [-79.6875599998941, 43.5084909998598], [-79.688328000237, 43.5089949997195], [-79.6895980003474, 43.5097480002701], [-79.6925040003593, 43.5115549999633], [-79.6931630001723, 43.5119589997081], [-79.6932549999183, 43.5120189997771]]}, "properties": {"lhrs": 48273, "offset": 0, "highway": "403", "length": 2, "traffic_section": 48273000, "aadt": 97100, "aadtt": 14600}}, {"type": "Feature", "geometry": {"type": "LineString", "coordinates": [[-78.6439020003769, 43.9016330002628], [-78.6439889998924, 43.901635000355], [-78.6490090002651, 43.9012790001258], [-78.6523679995835, 43.9010419999884], [-78.6667390004045, 43.9000310001306], [-78.6711899997186, 43.8995549997635], [-78.6730320001267, 43.8992589996032], [-78.6732830000104, 43.8992110000876], [-78.6737970003313, 43.8991309999957], [-78.6749749997964, 43.898921000204], [-78.6750620002111, 43.8989069995584]]}, "properties": {"lhrs": 47573, "offset": 0, "highway": "401", "length": 2.52, "traffic_section": 47573000, "aadt": 85800, "aadtt": 13700}}, {"type": "Feature", "geometry": {"type": "LineString", "coordinates": [[-80.0640598003195, 43.2810701000051], [-80.0654820007937, 43.280779799748], [-80.0656365996493, 43.2807692003384], [-80.0667362996405, 43.2805794002192], [-80.0667600003737, 43.2805754000348], [-80.0667889999124, 43.280571499675], [-80.0668188996724, 43.2805686002607], [-80.0668473991881, 43.2805668996427], [-80.0668741998844, 43.2805661999702], [-80.0669028999489, 43.2805663996197], [-80.0669366002439, 43.2805678996889], [-80.0669707987633, 43.2805708000025], [-80.0669988009539, 43.2805743001639], [-80.0670266997224, 43.2805788003714], [-80.0670520992749, 43.2805837997026], [-80.0670788999712, 43.2805899996288], [-80.0671035000264, 43.2805965997533], [-80.0671291001278, 43.2806045002975], [-80.0671533998095, 43.2806128999654], [-80.0671768001691, 43.2806220002052], [-80.0671993003074, 43.2806315995687], [-80.0672179999107, 43.2806402996102], [-80.0672297162783, 43.280646316974]]}, "properties": {"lhrs": 15815, "offset": 0, "highway": "8", "length": 0.27, "traffic_section": 15815000, "aadt": 22600, "aadtt": 0}}, {"type": "Feature", "geometry": {"type": "LineString", "coordinates": [[-79.4850479995655, 44.6140310004304], [-79.4880840001764, 44.6143430004292], [-79.4900570003302, 44.6145669999671], [-79.4925579996519, 44.6148339996894], [-79.4941939995534, 44.6149280004269], [-79.4963730002137, 44.6149929998271], [-79.4969259996352, 44.6150450004265], [-79.4980439999306, 44.6151859997341], [-79.4986209995594, 44.6152920001257], [-79.4991850003874, 44.61542600001], [-79.4999980001076, 44.6156620001013], [-79.5007970000814, 44.6159509999388], [-79.5033299999795, 44.6169659999809], [-79.5045169998596, 44.6173679996335], [-79.5045240001824, 44.6175669998173], [-79.5046089996056, 44.6177120002087], [-79.5048190002966, 44.6178579997469], [-79.5054050003404, 44.6181269995614], [-79.5059789998309, 44.6183509999987], [-79.5064799995523, 44.6184829997907], [-79.5078210002389, 44.6187529996513], [-79.5080730001688, 44.6187559997896], [-79.5082769996838, 44.6186959997207], [-79.5083539996373, 44.6186429999745], [-79.5087899999585, 44.6188379999738], [-79.5093869996103, 44.6191510000187], [-79.509747000024, 44.6193720003176], [-79.5105880001361, 44.6199859998541], [-79.5111900000185, 44.6205790002207], [-79.5113369996028, 44.6207520001048], [-79.5114090002251, 44.6208969995969], [-79.5115830001553, 44.6210260001499], [-79.5130260001498, 44.6227460003277], [-79.5132899997337, 44.6230279998423]]}, "properties": {"lhrs": 19470, "offset": 3.2, "highway": "12", "length": 2.61, "traffic_section": 19470032, "aadt": 15100, "aadtt": 910}}, {"type": "Feature", "geometry": {"type": "LineString", "coordinates": [[-79.2350459999729, 43.0672910000796], [-79.2350429998345, 43.0678309998008], [-79.2350490001112, 43.0686770001435], [-79.235016000388, 43.0704520001597], [-79.23498699995, 43.0732260003797], [-79.23498699995, 43.0737730004237], [-79.2350340003188, 43.0748840003964], [-79.2351049999957, 43.0757790003007], [-79.2352470002488, 43.0768730003887], [-79.2356780003394, 43.0790880000113], [-79.2365659999209, 43.0832529996263], [-79.2367169996897, 43.0839569997158], [-79.2371709999417, 43.0861340002839], [-79.2372550002181, 43.0868009995665], [-79.2372740001949, 43.086955000373], [-79.2372980004023, 43.0873929998871], [-79.2373130001948, 43.087797999678], [-79.2372829997106, 43.0890570001804], [-79.2371829995957, 43.0921230003762], [-79.2370770001035, 43.0954079998793], [-79.2370679996884, 43.0957179997859]]}, "properties": {"lhrs": 48660, "offset": 0, "highway": "406", "length": 3.17, "traffic_section": 48660000, "aadt": 32200, "aadtt": 2600}}, {"type": "Feature", "geometry": {"type": "LineString", "coordinates": [[-80.3923600004136, 43.7150950000343], [-80.3953370001024, 43.7172420001183], [-80.4042859999989, 43.7236459995633], [-80.4186630001973, 43.7339489998465], [-80.4222009996764, 43.7365959996058], [-80.4233040001794, 43.7373189996721], [-80.4254449999867, 43.7388639998737], [-80.4283119999987, 43.7410370002574], [-80.4293199997182, 43.7418190003466], [-80.4299370002923, 43.7422959998606], [-80.4331079999342, 43.7445729996443], [-80.4346900000434, 43.7456620004011], [-80.4361459997381, 43.7465750002361], [-80.4408550001581, 43.7491330003877], [-80.4423709999216, 43.7500149996926], [-80.4469499997426, 43.7527540000971], [-80.4499610001, 43.7545540003668], [-80.4515450003015, 43.7556489996017], [-80.4577040001395, 43.7600449999768], [-80.4589029996737, 43.7606900000435], [-80.4601159998535, 43.7611909997649], [-80.461082000334, 43.7614839997868], [-80.4626640004432, 43.7618529997162], [-80.4643089998604, 43.762315000337], [-80.465591999671, 43.7628279997124], [-80.4711709997418, 43.7650640003034], [-80.4719200001079, 43.7654960004401], [-80.4727370000125, 43.7660499999076], [-80.4735590001477, 43.766701000251], [-80.4747779997049, 43.7679490002462], [-80.4761980004373, 43.7703860002138], [-80.4780460002227, 43.7725710002515], [-80.4788989999888, 43.773518999902], [-80.4795470001939, 43.7743410000372], [-80.4803959997755, 43.7755019996176], [-80.4811470002338, 43.7767780000048], [-80.4819559997695, 43.7782810000681], [-80.4829060004116, 43.7801330000379], [-80.4838269997162, 43.7818680000083], [-80.4845630003821, 43.7831289997036], [-80.4878259997701, 43.7881229997766], [-80.4891590000878, 43.7900099995619], [-80.4900610003149, 43.7911029996038], [-80.4916540000321, 43.7924260003597], [-80.5000060002766, 43.7984589997831], [-80.5046529996362, 43.8017840002315], [-80.5160479999152, 43.810035000315], [-80.5168879999812, 43.810704999736], [-80.5179739997003, 43.8117809998933], [-80.5185890001821, 43.812567000167], [-80.5190439995809, 43.8132710002565], [-80.5202579998068, 43.815283999557], [-80.5208490000812, 43.8160970001764], [-80.5287439999356, 43.8257009997014], [-80.5291139999111, 43.8260889996077], [-80.5300400003457, 43.8269309997659], [-80.530571999698, 43.827337999649], [-80.5307519999048, 43.8274959997407]]}, "properties": {"lhrs": 13630, "offset": 2, "highway": "6", "length": 17.02, "traffic_section": 13630020, "aadt": 8200, "aadtt": 740}}, {"type": "Feature", "geometry": {"type": "LineString", "coordinates": [[-79.2647659999509, 43.7793489998565], [-79.2736880004009, 43.7775390000249], [-79.283921000154, 43.7751589999879], [-79.2840210002689, 43.7751359998266]]}, "properties": {"lhrs": 47628, "offset": 0, "highway": "401", "length": 1.62, "traffic_section": 47628000, "aadt": 353100, "aadtt": 28200}}, {"type": "Feature", "geometry": {"type": "LineString", "coordinates": [[-79.5912029999185, 43.6687489995667], [-79.5913040000795, 43.6687159998436], [-79.5955309998557, 43.6672640003334], [-79.5961189999918, 43.6670549996886], [-79.6017970001314, 43.6650089997656], [-79.6053130003946, 43.6637100001165], [-79.6076290001782, 43.6627839996819], [-79.607891999716, 43.6626699998207], [-79.6094200000329, 43.662014000146], [-79.6110739998651, 43.6612679999183], [-79.6110869995653, 43.6612590004026], [-79.6129180003654, 43.6603899998986], [-79.6153530002407, 43.6591229999266], [-79.6188070003428, 43.6572200003028], [-79.6218959998005, 43.6555289996637], [-79.6233399998411, 43.654771999828], [-79.6237790003006, 43.6545430000594], [-79.6242680003678, 43.6542970004063], [-79.6267020001971, 43.6530660002957], [-79.6289589999578, 43.6520029998386], [-79.6319779997849, 43.6506440001206], [-79.6345070003977, 43.6495940002629], [-79.6373340003638, 43.648460000129]]}, "properties": {"lhrs": 47672, "offset": 0, "highway": "401", "length": 4.36, "traffic_section": 47672000, "aadt": 412800, "aadtt": 37200}}, {"type": "Feature", "geometry": {"type": "LineString", "coordinates": [[-78.5738870001849, 44.1010299999346], [-78.568439999906, 44.1065130000749], [-78.5633819995796, 44.110088000361], [-78.561054000142, 44.1117030001934], [-78.5582379997838, 44.1136419996786], [-78.5564429997446, 44.1150259996502], [-78.5480579997768, 44.1210680003879], [-78.5369199996582, 44.1289489995967], [-78.53410900043, 44.1309310001656]]}, "properties": {"lhrs": 42235, "offset": 3.5, "highway": "115", "length": 4.61, "traffic_section": 42235035, "aadt": 24500, "aadtt": 2450}}, {"type": "Feature", "geometry": {"type": "MultiLineString", "coordinates": [[[-78.0913190001717, 44.7629050003656], [-78.0914869998251, 44.7635759998326], [-78.0917530004006, 44.7643210000142], [-78.0919240001924, 44.764694000128], [-78.0923809996834, 44.7654079997794], [-78.0935840003013, 44.7671219996806], [-78.0944440003902, 44.7683679995836], [-78.0960000001998, 44.7706040001745], [-78.096732999828, 44.7718560003542], [-78.0974830002402, 44.7735320003016], [-78.1002769995838, 44.7800660003457], [-78.1006780000896, 44.7809050003655], [-78.1014230002712, 44.7821839999917], [-78.103092999942, 44.7849180001656], [-78.1051979998878, 44.7883290000833], [-78.1056140001859, 44.7891049998959], [-78.1059139996313, 44.7899320002617], [-78.1060870004147, 44.7907819998894], [-78.1061169999995, 44.7911970001415], [-78.106112999815, 44.7920340000691], [-78.1059650001846, 44.795487000125], [-78.1059810000231, 44.7959289998236], [-78.1060470003687, 44.7963719995682], [-78.1061390001148, 44.7968150002121], [-78.1064130001598, 44.7976589995632], [-78.1080849999228, 44.8016449999168], [-78.1086279997823, 44.8029279997274], [-78.1089039999196, 44.8037180001856], [-78.1090549996885, 44.8045049996061], [-78.1091030001033, 44.8053069997183], [-78.109008000219, 44.8061869998302], [-78.1089090001502, 44.8066529997362], [-78.1063760002522, 44.8148160002582], [-78.1061260004146, 44.8157730003238], [-78.1060519997, 44.8162489997916], [-78.1060280003919, 44.8167250001587], [-78.106041000092, 44.8172110000876], [-78.1061060003915, 44.8176899996938], [-78.1061960000453, 44.8181700002453], [-78.1063370002523, 44.8186410003819], [-78.106516000413, 44.8191050001956], [-78.1067450001815, 44.8195700000555], [-78.1146040001744, 44.8339379998389], [-78.114844999597, 44.8344209996295], [-78.1152530004256, 44.8353680001331], [-78.1154080003789, 44.8358220003851], [-78.1155119997789, 44.8362749996915], [-78.1156459996631, 44.8371240001725], [-78.1156810003778, 44.8382049996611], [-78.1156750001011, 44.8383219996606], [-78.1148899998736, 44.8479619999464], [-78.1137460001777, 44.8619850000078], [-78.1136710003164, 44.8624689998445], [-78.1135589996481, 44.8629440001655], [-78.1134219996255, 44.8634079999792], [-78.1132630003871, 44.86380000007], [-78.1131770000185, 44.8640049996311], [-78.1110120000038, 44.868307000168], [-78.1104789997061, 44.8693469995644], [-78.1101750000761, 44.8698530004157], [-78.109859999939, 44.8703400003907], [-78.108472999829, 44.8722399998762], [-78.1078550001082, 44.8731969999416], [-78.1062810003679, 44.8760730003687], [-78.1060640002534, 44.8766079998593], [-78.1057369995629, 44.8770769999037], [-78.1050320003265, 44.8779859995543]], [[-78.1050540004417, 44.8779590001078], [-78.1050320003265, 44.8779859995543]], [[-78.1050320003265, 44.8779859995543], [-78.1049849999578, 44.8780339999692]], [[-78.1050320003265, 44.8779859995543], [-78.1046190001667, 44.8784080001292], [-78.104278999776, 44.8788669997123], [-78.1039889998924, 44.8793549997335], [-78.1026080000591, 44.8811469996344], [-78.1012630000873, 44.8829500000425], [-78.0991590001877, 44.8857770000086], [-78.0926220000052, 44.8946209995595], [-78.0912919998259, 44.8963880001062], [-78.0907380003584, 44.8970580004265], [-78.0904339998292, 44.8973199999181], [-78.0898719999928, 44.8979090001003], [-78.0887949997893, 44.8989169998197], [-78.085144999642, 44.9022260004296], [-78.0843340000141, 44.9029889996427], [-78.0834760000174, 44.9039210003539], [-78.0830310001805, 44.9044499995679], [-78.0826240002973, 44.904997999658], [-78.0819519998848, 44.9060070003229], [-78.0811230003262, 44.9076149998325], [-78.0770600000189, 44.9165400004207], [-78.0769890003421, 44.9169339997044], [-78.0767740003198, 44.9171899998187], [-78.0766599995593, 44.9174300000945]]]}, "properties": {"lhrs": 26320, "offset": 0, "highway": "28", "length": 18.32, "traffic_section": 26320000, "aadt": 3350, "aadtt": 170}}, {"type": "Feature", "geometry": {"type": "LineString", "coordinates": [[-79.6795629998325, 44.2850029996887], [-79.6795859999939, 44.2850930002418], [-79.6804300002443, 44.2882629998376], [-79.6808699998506, 44.2898880001312], [-79.6809269997812, 44.2901319996921], [-79.6824790003056, 44.2958580002465], [-79.6836329995633, 44.3003190000219], [-79.6837870003697, 44.301292999972], [-79.6838650003695, 44.3022839998068], [-79.6838679996085, 44.3032739995954], [-79.6834849999328, 44.30976100017], [-79.683395000279, 44.3109839999117], [-79.6831610002799, 44.3158159997087], [-79.6826049998208, 44.3255150000173], [-79.6826340002589, 44.3264879999213], [-79.6827500002123, 44.3274710002865], [-79.6829529996812, 44.3284810000981], [-79.6834930003017, 44.3306929995823], [-79.6845840002514, 44.3351799996573], [-79.6846420002281, 44.3354060001868], [-79.6846600001588, 44.3354569998407]]}, "properties": {"lhrs": 46870, "offset": 0, "highway": "400", "length": 5.65, "traffic_section": 46870000, "aadt": 109300, "aadtt": 13100}}, {"type": "Feature", "geometry": {"type": "LineString", "coordinates": [[-79.6314479996254, 43.7546769997438], [-79.6314709997868, 43.7547670002968], [-79.6314699997406, 43.7548030001584], [-79.6314689996946, 43.7548299996048], [-79.6315139999711, 43.7550380002036], [-79.6315699998556, 43.755317999626], [-79.631582000409, 43.7553359995568], [-79.631604999671, 43.7554260001099], [-79.631705999832, 43.7558869997853], [-79.6316930001318, 43.7559039996699], [-79.6318700002003, 43.7568609997354], [-79.6320969998766, 43.7578179998009], [-79.6322859995992, 43.7587840002814], [-79.6324760002672, 43.7596950000243], [-79.6325639998287, 43.760218999907], [-79.6326520002896, 43.7607150002971], [-79.6327619999663, 43.7613560001793], [-79.6328260002197, 43.7618070002929], [-79.6329200000579, 43.7625820000593], [-79.6329670004267, 43.7632579997569], [-79.633032999873, 43.7641500004222], [-79.6330689997345, 43.7647900002583], [-79.6330760000573, 43.7650240002575], [-79.6331089997805, 43.7657349997705], [-79.6331430004491, 43.7664199998832], [-79.6331279997573, 43.7671039999497], [-79.6331140000111, 43.7676889999474], [-79.6331069996883, 43.7680129996003], [-79.6330149999422, 43.7682370000376], [-79.6329349998503, 43.7684530001059], [-79.6327949996895, 43.7686219998055], [-79.6326920003355, 43.7687559996897], [-79.631968000223, 43.769457999687], [-79.6318409997623, 43.7695919995712], [-79.6317629997626, 43.7697260003547], [-79.6316980003624, 43.7698509998239], [-79.6316580003164, 43.7699679998234], [-79.6316560002242, 43.7700760003072], [-79.6316780003394, 43.7701839998917], [-79.6316879999013, 43.7702159995688]]}, "properties": {"lhrs": 50365, "offset": 0, "highway": "427", "length": 1.77, "traffic_section": 50365000, "aadt": 89900, "aadtt": 9900}}, {"type": "Feature", "geometry": {"type": "LineString", "coordinates": [[-79.6732720002026, 43.4728589997431], [-79.6729560000193, 43.4737379998089], [-79.6725389996751, 43.475298999849], [-79.6723550001831, 43.4769179998658], [-79.6723809995834, 43.4779899998387], [-79.6725690001592, 43.4807110003125], [-79.6734050000407, 43.4944879998214], [-79.6734139995564, 43.4946239997978], [-79.6734240000176, 43.4947320002817], [-79.6734429999944, 43.4949929997272], [-79.6736129997401, 43.4979749996465], [-79.6734929996022, 43.498920000058], [-79.6733969996718, 43.4993779995951], [-79.6732629997876, 43.4997060003317]]}, "properties": {"lhrs": 10137, "offset": 0, "highway": "QEW", "length": 2.99, "traffic_section": 10137000, "aadt": 222300, "aadtt": 33300}}, {"type": "Feature", "geometry": {"type": "LineString", "coordinates": [[-80.4169470002038, 43.4860320001767], [-80.4168939995584, 43.4861769996688], [-80.4168749995815, 43.4863450002217], [-80.4166980004123, 43.4868029997587], [-80.4163569999755, 43.4874590003326], [-80.4160819998844, 43.4878539996624], [-80.4156939999781, 43.4883110000526], [-80.415592999817, 43.4884629998676], [-80.4139179999157, 43.4903640002984], [-80.4131080003339, 43.4910169998348], [-80.4124600001289, 43.4914550002481], [-80.4116030001783, 43.4918729997392], [-80.4102380001836, 43.4923530002908], [-80.4090710003264, 43.49276100022], [-80.4087360001662, 43.4928760001274], [-80.4001970002913, 43.4958570000006], [-80.3909880000961, 43.4990679996885], [-80.3898709998467, 43.4994310002405], [-80.3898580001465, 43.4994310002405], [-80.3880090003151, 43.5000700000305], [-80.3808219998354, 43.5025609997904], [-80.3773079996644, 43.5038299998546], [-80.3702050003605, 43.5064110001676], [-80.3627989996741, 43.509070999627], [-80.3526870001049, 43.5125360002363]]}, "properties": {"lhrs": 14570, "offset": 4.2, "highway": "7", "length": 6.08, "traffic_section": 14570042, "aadt": 22700, "aadtt": 890}}, {"type": "Feature", "geometry": {"type": "LineString", "coordinates": [[-79.3059190001617, 44.9956429997247], [-79.3060750001611, 44.995371999818], [-79.3063710003213, 44.9947819995897], [-79.3081099995768, 44.9917289999934], [-79.3122400002758, 44.9845889998825], [-79.3257089999703, 44.9611299999496], [-79.3408710003963, 44.9387660001508]]}, "properties": {"lhrs": 17035, "offset": 0, "highway": "11", "length": 6.9, "traffic_section": 17035000, "aadt": 26400, "aadtt": 2100}}, {"type": "Feature", "geometry": {"type": "LineString", "coordinates": [[-79.7780105584405, 43.738299346138], [-79.7780737996661, 43.7383492998803], [-79.7787346997466, 43.7388649999199], [-79.7814541003264, 43.7409423996721], [-79.7827811003675, 43.7420640997784], [-79.7838394989936, 43.7429621996458], [-79.7863117002248, 43.7455365998343], [-79.7881987998347, 43.7479560998942], [-79.7884916092004, 43.7483527332921], [-79.7884937999489, 43.7483557001555], [-79.7920318003273, 43.752941300101], [-79.7922191003312, 43.7531840999663], [-79.792965999881, 43.7540230001614], [-79.7941212995583, 43.7549888000931], [-79.7949764999654, 43.7555264004231], [-79.7964282998261, 43.7562255999315], [-79.7976767998444, 43.7566051003451]]}, "properties": {"lhrs": 49080, "offset": 0, "highway": "410", "length": 2.61, "traffic_section": 49080000, "aadt": 79100, "aadtt": 0}}, {"type": "Feature", "geometry": {"type": "LineString", "coordinates": [[-79.5237890000623, 43.1900859997691], [-79.5248260002197, 43.190245999953], [-79.5291530001109, 43.1910829998806], [-79.5323589995681, 43.1917649998549], [-79.546354000137, 43.195190999565], [-79.5528350004349, 43.1967349997205]]}, "properties": {"lhrs": 10080, "offset": 0, "highway": "QEW", "length": 2.47, "traffic_section": 10080000, "aadt": 103800, "aadtt": 10300}}, {"type": "Feature", "geometry": {"type": "LineString", "coordinates": [[-80.4448099999815, 43.3319320002616], [-80.4462370001374, 43.3311270000111], [-80.4490609999651, 43.3295560004091], [-80.4501200002378, 43.3289409999273], [-80.4520419998384, 43.327834000139], [-80.4556370001474, 43.3257799998472], [-80.4564309998907, 43.3253240004024], [-80.4576949997244, 43.3246099998516], [-80.4613770004482, 43.3225209997444], [-80.465479999902, 43.3201989996841], [-80.4662609999452, 43.319751999755], [-80.4673149999872, 43.3190640004033], [-80.4679850003075, 43.3185710001516], [-80.4686310004203, 43.3180700004302], [-80.4692520002795, 43.3175240004323], [-80.4698489999313, 43.3169679999733], [-80.4715910002245, 43.315121000234], [-80.4736950001241, 43.3128800003118], [-80.4737940001929, 43.312771999828], [-80.4738570004002, 43.3127099996668], [-80.4753000003947, 43.3111939999032], [-80.4776889999474, 43.308648000305], [-80.4841969996917, 43.3017169999396], [-80.4850300003342, 43.3008290003581], [-80.4856320002166, 43.3001820001992], [-80.4857599998241, 43.3000450001767], [-80.4865199997981, 43.2992359997417], [-80.4865629999824, 43.2991979997879], [-80.4867660003506, 43.2990219997656], [-80.4868719998429, 43.2989180003654], [-80.4872690001642, 43.2985689995597], [-80.4877770002084, 43.2982209996994], [-80.4883099996068, 43.2978539998622], [-80.4887310001355, 43.2976130004397], [-80.489455000248, 43.2972400003258], [-80.490671999713, 43.2967530003507], [-80.4919979997079, 43.2962769999836], [-80.4943340004137, 43.2954680004479], [-80.494408000229, 43.2954410001021], [-80.4951619999263, 43.295166000011], [-80.4974749995715, 43.2943110001526], [-80.4989340003038, 43.2937409999473], [-80.4999989999538, 43.2931970000416], [-80.5000109996079, 43.2931879996265], [-80.5004069998831, 43.2929739996504], [-80.5008040002044, 43.2927589996282], [-80.5011879999262, 43.2925269997213], [-80.5015589999479, 43.2923030001834], [-80.5039379999387, 43.2907739998203], [-80.5067639998587, 43.288967000127], [-80.5093159997336, 43.2873389996951], [-80.5133299995797, 43.2847720000278], [-80.5172450002565, 43.2822669996224], [-80.5185080000441, 43.2814620002712], [-80.5218900004231, 43.2792879998414], [-80.522558999798, 43.2788500003273], [-80.522720000028, 43.2787419998435], [-80.5227939998432, 43.278697999613], [-80.5233149995875, 43.2783669996374], [-80.5252099997417, 43.2771500001724], [-80.5284800003517, 43.2750470003189], [-80.5288510003733, 43.2748239999277], [-80.5292220003949, 43.2746089999055], [-80.5295939995634, 43.2744040003444], [-80.5299770001384, 43.2741979998379], [-80.5303609998602, 43.2740019997925], [-80.5307570001354, 43.273804999701], [-80.5311530004106, 43.2736180000707], [-80.5315610003399, 43.2734389999099], [-80.5319690002691, 43.2732609997953], [-80.5323889998524, 43.2730999995654], [-80.5328830001503, 43.2729040004193], [-80.5337450003315, 43.272648000305], [-80.5342159995687, 43.272497999683], [-80.5346020002821, 43.2723940002829], [-80.5350429999345, 43.2722600003988], [-80.5354909999097, 43.2721380001686], [-80.5359939997232, 43.2720020001922], [-80.5374779998098, 43.2715629997327], [-80.5389969997117, 43.2711549998034], [-80.5404910002594, 43.2707469998742], [-80.5437880003159, 43.2698509999237], [-80.5473560002791, 43.2688830002503], [-80.547972999954, 43.2687329996283], [-80.5485779999747, 43.2685730003437], [-80.5491710003413, 43.2684039997449], [-80.5497639998087, 43.2682269996763], [-80.5504920001057, 43.2680040001845], [-80.550911999689, 43.2678530004157], [-80.5513199996183, 43.2677009997014], [-80.5517280004468, 43.2675499999326], [-80.5521360003761, 43.2673800001869], [-80.5525309997058, 43.267210999588], [-80.552926999981, 43.2670320003266], [-80.5533099996567, 43.266854000212], [-80.5536940002779, 43.2666659996362], [-80.5540650002995, 43.2664690004441], [-80.5544360003211, 43.2662730003987], [-80.5547949997894, 43.2660669998922], [-80.5552029997186, 43.2658170000545], [-80.555611999694, 43.2655660001708], [-80.555995000269, 43.2653059998721], [-80.556391999691, 43.2650469996194], [-80.5567760003122, 43.2647779998049], [-80.5572709997568, 43.2644469998292], [-80.5582190003066, 43.2637399996013], [-80.5590219995656, 43.263147000134], [-80.5597590002776, 43.2625899996289], [-80.5605659997211, 43.262002000392], [-80.5613590003176, 43.2614069999332], [-80.5622239997377, 43.2607510002585], [-80.5639649999847, 43.2594420001482], [-80.5642830002602, 43.2591340003339], [-80.5646170003743, 43.2588469996894], [-80.564951999635, 43.2585510004284], [-80.565262000441, 43.2582550002681], [-80.5655850000477, 43.2579410001771], [-80.5658329997931, 43.2576900002933], [-80.5660570002303, 43.2574390004096], [-80.5662799997222, 43.2571879996265], [-80.56649099956, 43.256927000181], [-80.5667030003431, 43.2566669998822], [-80.5668269997662, 43.2564960000904], [-80.5670639999036, 43.2561640000686], [-80.5672880003409, 43.2558320000468], [-80.5675000002248, 43.2554899995639], [-80.5676990004085, 43.2551490000264], [-80.5683239995529, 43.2539539997773], [-80.5686490001512, 43.2532800001719], [-80.5691620004259, 43.252147000084], [-80.5691869997802, 43.2520930002918], [-80.570075000261, 43.2501420002532], [-80.5700999996153, 43.2500519997001], [-80.5712260002796, 43.2476699995709], [-80.5719640001385, 43.246088000361], [-80.5720759999074, 43.245845999993], [-80.572152999861, 43.2456819996246], [-80.5728139997663, 43.2442819998145], [-80.5728390000198, 43.2442280000222], [-80.5729760000423, 43.2439400002309], [-80.5732639998337, 43.2433110000027], [-80.5736379999937, 43.2426550003281], [-80.573874000085, 43.2423309997758], [-80.5740979996229, 43.2420169996848], [-80.5743470003138, 43.2417120000089], [-80.5744959999903, 43.2415230002863], [-80.5747560002891, 43.2412539995725], [-80.5750290002881, 43.240984999758], [-80.5753580001715, 43.2407359999665], [-80.5755940002629, 43.240538999875], [-80.5757900003082, 43.2403849999678], [-80.5760030002382, 43.2402289999684], [-80.5762350001451, 43.240083999577], [-80.5764249999138, 43.2399590001078], [-80.5766349997054, 43.239828000362], [-80.5768869996353, 43.2396890002472], [-80.577105999842, 43.2395629998326], [-80.57734800021, 43.2394429996947], [-80.5775699996557, 43.2393340000641], [-80.5778999995853, 43.2391410001571], [-80.578208000299, 43.2390159997886], [-80.5785289998135, 43.2388999998351], [-80.5788500002273, 43.2387930002968], [-80.5791709997418, 43.2386859998591], [-80.5794920001556, 43.2385970002514], [-80.5798250002235, 43.2384990002287], [-80.5805159997136, 43.2383220001602], [-80.5828759997275, 43.2378409995625], [-80.5852460002027, 43.2373060000719], [-80.5889370004422, 43.2364829998906], [-80.5913809998332, 43.2359410000772], [-80.5939590000078, 43.2353719999179], [-80.594478999706, 43.2352119997341], [-80.595207000003, 43.2350339996194], [-80.5962559998145, 43.2347229996668], [-80.5966390003895, 43.2345620003361], [-80.5972440004102, 43.2343210000142], [-80.5974780004094, 43.2342139995765], [-80.5977100003162, 43.2340849999228], [-80.5979519997849, 43.2339619996466], [-80.5981649997149, 43.2338410003619], [-80.5984039999446, 43.2337089996706], [-80.5986030001283, 43.2336050002706], [-80.5988010002659, 43.2334710003864], [-80.5989990004035, 43.2333280000872], [-80.5991969996418, 43.2331839997419], [-80.5995070004476, 43.2329240003424], [-80.599754000147, 43.2327090003201], [-80.5999900002383, 43.2324849998829], [-80.6002129997301, 43.2322509998838], [-80.6004360001212, 43.2320270003458], [-80.6006469999591, 43.2317930003467], [-80.6008579997968, 43.2315509999787], [-80.6010070003727, 43.2313620002562], [-80.6012059996571, 43.2310569996809], [-80.6012930000719, 43.2309130002348], [-80.6013679999332, 43.2307879998664], [-80.6014799997022, 43.230581000213], [-80.6016050000707, 43.2303470002139], [-80.6017169998397, 43.2301039997998], [-80.6018169999546, 43.2298529999161], [-80.6019560000693, 43.2294029998486], [-80.6020560001842, 43.2291059996422], [-80.6021069998382, 43.2289339998043]]}, "properties": {"lhrs": 47750, "offset": 0, "highway": "401", "length": 17.76, "traffic_section": 47750000, "aadt": 52200, "aadtt": 17600}}, {"type": "Feature", "geometry": {"type": "LineString", "coordinates": [[-78.7752279995725, 44.8198579998469], [-78.7747069998281, 44.819920000008], [-78.7733239999026, 44.8200190000768], [-78.7723590003676, 44.8201259996153], [-78.7687419999433, 44.8204520002596], [-78.7681309996459, 44.8205480001901], [-78.7675560001093, 44.8206989999589], [-78.7670290000882, 44.8209220003501], [-78.7665749998364, 44.8212110001876], [-78.7662320002066, 44.8215640002784], [-78.7659339999541, 44.8220799997922], [-78.7657670003467, 44.8227969995819], [-78.765385999864, 44.8264360001214], [-78.7653609996104, 44.8267500002124], [-78.7653890000023, 44.8273360002563], [-78.7654429997946, 44.8275890002323], [-78.7656430000244, 44.8279709998618], [-78.766175000276, 44.8286200001129], [-78.7670239998577, 44.8295550000632], [-78.7673109996029, 44.8299749996466], [-78.7674859995792, 44.8303750001062], [-78.7675679997633, 44.8308620000813], [-78.7675590002476, 44.8317440002854], [-78.7676259997401, 44.8326370000975], [-78.7677950003389, 44.8387349998204], [-78.7678419998084, 44.8401399998611], [-78.7678759995777, 44.8415629998326], [-78.7679339995544, 44.8429950002191], [-78.7679229999464, 44.8436069996633], [-78.7678829999005, 44.8439940004228], [-78.7677920002006, 44.8443879997065], [-78.7676629996477, 44.8447809998433], [-78.7674960000404, 44.8451649995651], [-78.767279999972, 44.8455300002094], [-78.7667610003199, 44.8461950002991], [-78.7664700003902, 44.8465050002056], [-78.7661689999993, 44.8467780002046], [-78.7654789996561, 44.847268000318], [-78.7649480003499, 44.847582000409], [-78.7618220000852, 44.8492130000799], [-78.7612899998336, 44.8495539996174], [-78.7608599997891, 44.8498869996853], [-78.7603620002061, 44.850318999822], [-78.759977999585, 44.8507520000048], [-78.7596950000242, 44.8511969998417], [-78.7594650002096, 44.8515889999325], [-78.7588899997737, 44.8530360001114], [-78.7586209999591, 44.8537600002239], [-78.7585929995672, 44.8541639999687], [-78.7586539996823, 44.8545519998749], [-78.7588040003043, 44.8549239999427], [-78.7590190003266, 44.8552620002412], [-78.7606720001127, 44.8573369997028], [-78.7608300002043, 44.8575119996791], [-78.7609979998578, 44.8577580002316], [-78.76126499958, 44.8580510002535], [-78.7615229997866, 44.8589120003885], [-78.7616049999708, 44.8593990003636], [-78.7616340004088, 44.8599669995774], [-78.7616019998324, 44.8604520003596], [-78.7615079999942, 44.8609279998274], [-78.7613380002485, 44.8613929996872], [-78.7611309996959, 44.8618209996395], [-78.7585999998901, 44.865714000201], [-78.7580549999383, 44.866404999691], [-78.7579100004461, 44.8665560003592], [-78.7575180003554, 44.8668630001274], [-78.7570120004034, 44.8671770002184], [-78.7548369999276, 44.8684210000292], [-78.7543679998832, 44.8687720000278], [-78.7539610000001, 44.8691420000034], [-78.7536279999322, 44.8695499999326], [-78.7533719998179, 44.8699500003922], [-78.7532030001183, 44.8703970003214], [-78.7530850000726, 44.8708270003658], [-78.7530300002343, 44.8712579995571], [-78.7529930003267, 44.8725349999903], [-78.7529130002347, 44.8729569996659], [-78.7527709999816, 44.8733679997334], [-78.752552999821, 44.8737690002392], [-78.7522470000989, 44.8741499998227], [-78.7518770001234, 44.8745300002594], [-78.7515169997097, 44.8750000003498], [-78.7494689996946, 44.877191999811], [-78.7490449999268, 44.877678999786], [-78.7483720003675, 44.8783759995528], [-78.7480410003918, 44.8787570000356], [-78.7467740004197, 44.8800640000536], [-78.7463810002829, 44.8804079997295], [-78.745937999639, 44.8807229998666], [-78.7449410004267, 44.8812980003025], [-78.7371029996037, 44.8854900002634], [-78.7365979996979, 44.8857860004236], [-78.7355600003936, 44.8864230001214], [-78.7349860000039, 44.8868439997509], [-78.7340799995923, 44.8876720001628], [-78.7335500003322, 44.8882829995608], [-78.7333219997105, 44.8885930003667], [-78.7328070002428, 44.8894559996947], [-78.732475000221, 44.8901609998304], [-78.7318920003155, 44.8914720000328], [-78.7309690000193, 44.8936950000243], [-78.7308509999737, 44.8941159996537], [-78.7307960001353, 44.8945289998135], [-78.730804999651, 44.8949529995813], [-78.7309029996737, 44.8953689998795], [-78.7310510002035, 44.8957860002238], [-78.7317580004313, 44.8974559998945], [-78.7318809998083, 44.8978639998238], [-78.7320139996463, 44.8986760003971], [-78.7319979998078, 44.8990899997038], [-78.7319440000156, 44.8994940003479], [-78.7318520002696, 44.8998889996777], [-78.7317100000164, 44.9002819998145], [-78.7315299998096, 44.9006739999052], [-78.7307740000201, 44.9018559995548]]}, "properties": {"lhrs": 27950, "offset": 0, "highway": "35", "length": 10.97, "traffic_section": 27950000, "aadt": 4300, "aadtt": 270}}, {"type": "Feature", "geometry": {"type": "LineString", "coordinates": [[-79.199128000157, 43.0800850001227], [-79.1993349998103, 43.0860039996849], [-79.198744999582, 43.087715000347], [-79.1984929996522, 43.0883229996068], [-79.1970569999805, 43.0916229998016], [-79.1968379997738, 43.0919889995927], [-79.1965580003514, 43.0923180003755], [-79.1961670003068, 43.0926450001667], [-79.1869220002501, 43.0990990001188], [-79.1863289998834, 43.0996029999785], [-79.1859110003923, 43.1000200003228], [-79.185605999817, 43.1003840000216], [-79.1852309996109, 43.1010170004343], [-79.1850730004186, 43.1013480004099], [-79.1849649999348, 43.1016970003164], [-79.1848770003732, 43.1021640002684], [-79.1848690000043, 43.1041180004454], [-79.1849500001424, 43.1058260000699]]}, "properties": {"lhrs": 32740, "offset": 0, "highway": "58", "length": 3.28, "traffic_section": 32740000, "aadt": 5350, "aadtt": 560}}, {"type": "Feature", "geometry": {"type": "LineString", "coordinates": [[-79.9135330002478, 44.1411130002648], [-79.913030999581, 44.1412260000799], [-79.912918999812, 44.1411700001954], [-79.9076339998092, 44.1423440003754], [-79.898657999567, 44.1442839999067], [-79.8971890001722, 44.1446299996748], [-79.8947769995589, 44.145228000272], [-79.8920760000074, 44.1459130003847], [-79.8893900002483, 44.1465710001516]]}, "properties": {"lhrs": 38620, "offset": 5.3, "highway": "89", "length": 2.03, "traffic_section": 38620053, "aadt": 13500, "aadtt": 1600}}, {"type": "Feature", "geometry": {"type": "LineString", "coordinates": [[-80.1918940000081, 44.0807930001969], [-80.1906819998744, 44.0810379998039], [-80.1886660004355, 44.0814289998485], [-80.1886279995825, 44.0814829996408], [-80.1880899999535, 44.0815869999401]]}, "properties": {"lhrs": 16530, "offset": 0, "highway": "10", "length": 0.32, "traffic_section": 16530000, "aadt": 22100, "aadtt": 2200}}, {"type": "Feature", "geometry": {"type": "LineString", "coordinates": [[-79.5832920002256, 43.6717320004315], [-79.5833449999718, 43.6717060001319], [-79.5834330004326, 43.6716619999014], [-79.583519999948, 43.671617999671], [-79.5836080004088, 43.6715740003399], [-79.5836959999704, 43.6715389996252], [-79.5837840004313, 43.6714950002941], [-79.5838839996468, 43.6714510000636], [-79.5839720001077, 43.6714160002483], [-79.5840599996692, 43.6713720000178], [-79.5841470000839, 43.6713279997874], [-79.584248000245, 43.6712940000181], [-79.5843349997604, 43.6712590002027], [-79.5843850002675, 43.671241000272], [-79.5844349998753, 43.6712240003874], [-79.5845230003362, 43.6711800001569], [-79.5846229995517, 43.6711450003415], [-79.5847110000126, 43.6711099996268], [-79.5848110001275, 43.6710759998576], [-79.5848989996891, 43.6710410000422], [-79.5852109996878, 43.670918999812], [-79.5855370003322, 43.6708049999508], [-79.5858500003771, 43.6706829997207], [-79.5861750000761, 43.6705699999056], [-79.5864880001211, 43.6704570000905], [-79.58681299982, 43.6703349998604], [-79.5870760002572, 43.6702389999299], [-79.587125999865, 43.6702220000453], [-79.5873260000948, 43.6701520004145], [-79.5874509995639, 43.6701090002302], [-79.5877639996089, 43.6699960004151], [-79.5880890002072, 43.6698829997007], [-79.5884020002521, 43.6697689998395], [-79.5887269999511, 43.6696560000244], [-79.5887639998587, 43.6696390001398], [-79.5889270001809, 43.6695780000247], [-79.5891149998573, 43.6695080003939], [-79.5893150000872, 43.6694290003481], [-79.589515000317, 43.6693599998641], [-79.5897029999934, 43.6692809998183], [-79.5899030002232, 43.6692120002337], [-79.5901029995537, 43.6691419997036], [-79.5903029997836, 43.6690730001189], [-79.5904910003594, 43.6690029995888], [-79.5906909996899, 43.6689240004423], [-79.5908909999197, 43.6688549999583], [-79.5910910001495, 43.6687850003275], [-79.5912029999185, 43.6687489995667], [-79.5913040000795, 43.6687159998436], [-79.5916279997323, 43.6686040000746]]}, "properties": {"lhrs": 47671, "offset": 0, "highway": "401", "length": 0.76, "traffic_section": 47671000, "aadt": 450300, "aadtt": 40500}}, {"type": "Feature", "geometry": {"type": "LineString", "coordinates": [[-78.6063350000601, 43.9522249995841], [-78.6064699999904, 43.9525969996519], [-78.6103809995834, 43.9613399999411], [-78.6108099995818, 43.9627809998433], [-78.6109509997888, 43.9642419997685], [-78.6108729997891, 43.9652579998569], [-78.6102380001835, 43.9686479997055], [-78.6101600001838, 43.9689730003038]]}, "properties": {"lhrs": 27815, "offset": 0, "highway": "35", "length": 1.92, "traffic_section": 27815000, "aadt": 28400, "aadtt": 3400}}, {"type": "Feature", "geometry": {"type": "LineString", "coordinates": [[-79.7750500001574, 44.9182419997686], [-79.775047000019, 44.9183860001138], [-79.7750540003418, 44.919258999903], [-79.7749340002039, 44.9225169999596], [-79.7745210000441, 44.9329910000347], [-79.7744909995599, 44.9350159998885], [-79.7745329996981, 44.9360239996079], [-79.7746260003896, 44.9370249999039], [-79.7747570001354, 44.9380159997386], [-79.7754450003864, 44.9420119996541], [-79.7768240001275, 44.9510910001496], [-79.7769529997811, 44.9515879996865], [-79.7786740000051, 44.956494000198], [-79.7788160002582, 44.9569909997349], [-79.7789340003038, 44.9580010004458], [-79.7789360003961, 44.9585050003056], [-79.7788740002349, 44.9590080001192], [-79.7786380001435, 44.9600050002306], [-79.7784499995678, 44.9604890000673], [-79.7779479998003, 44.9614379997639], [-79.7752319995571, 44.965721000324], [-79.7741700000454, 44.9673839996719], [-79.774022000415, 44.9676159995787]]}, "properties": {"lhrs": 46979, "offset": 0, "highway": "400", "length": 5.59, "traffic_section": 46979000, "aadt": 8250, "aadtt": 500}}, {"type": "Feature", "geometry": {"type": "LineString", "coordinates": [[-79.9808490000813, 43.6721629996228], [-79.9804220001751, 43.6719850004075], [-79.9803250001985, 43.671830999601], [-79.9795979999477, 43.6715269999711], [-79.9793029998335, 43.6713720000178], [-79.9788860003886, 43.6711159999035], [-79.9765099996367, 43.6693209998643], [-79.9629270000809, 43.6592490003412], [-79.9588760003271, 43.6561420000533], [-79.9577030001932, 43.6552720004025], [-79.9510890000573, 43.6504609997753], [-79.9506210000591, 43.6501869997303], [-79.9501039995999, 43.6499840002614], [-79.9496349995555, 43.6498630000774]]}, "properties": {"lhrs": 14510, "offset": 0, "highway": "7", "length": 3.54, "traffic_section": 14510000, "aadt": 19800, "aadtt": 1600}}, {"type": "Feature", "geometry": {"type": "LineString", "coordinates": [[-79.9272719998029, 43.1467569999356], [-79.9271559998495, 43.1473399998412], [-79.9269769996887, 43.1483230002063], [-79.9269379996889, 43.1486619996516], [-79.9269300002193, 43.1489579998119], [-79.9269379996889, 43.1493439996259], [-79.9269650000347, 43.1496520003396], [-79.9270270001959, 43.1499909997848], [-79.9271129996651, 43.1503569995759], [-79.9272139998262, 43.1506689995748], [-79.9273269996413, 43.1509580003115], [-79.9274990003785, 43.1513359997566], [-79.9276979996629, 43.1516790002857], [-79.9280600001688, 43.1522050002606], [-79.9283880000062, 43.1526019996826], [-79.9287889996126, 43.1530080004189], [-79.9290809995885, 43.1532610003949], [-79.9293890003021, 43.1535110002325], [-79.9297639996088, 43.1537719996781], [-79.9301260001148, 43.154002000392], [-79.9305390002746, 43.1542429998146], [-79.9309329995583, 43.1544419999984], [-79.9314789995561, 43.1546960000205], [-79.9319539998772, 43.1548709999967], [-79.9327240003123, 43.1551100002264]]}, "properties": {"lhrs": 13475, "offset": 0, "highway": "6", "length": 1.13, "traffic_section": 13475000, "aadt": 9650, "aadtt": 770}}, {"type": "Feature", "geometry": {"type": "LineString", "coordinates": [[-79.4064809997982, 44.0137830000854], [-79.4064920003055, 44.013828000362], [-79.4067329997281, 44.0150649998499], [-79.4068650004194, 44.0157419995937], [-79.4069760001423, 44.0162480004449], [-79.407267000072, 44.0175209997944], [-79.407409000325, 44.0182429998146], [-79.407732999978, 44.0196790003856], [-79.4080670000919, 44.0211610003799], [-79.4083660003906, 44.0225780000747], [-79.4086289999283, 44.0239599999541], [-79.4089029999734, 44.0253860000639], [-79.4091329997881, 44.0265600002439], [-79.4093639996488, 44.027715000447], [-79.4095500001324, 44.0286900004432], [-79.4096490002012, 44.0292049999109], [-79.4097820000392, 44.0298459997931], [-79.4099610002, 44.0305960002053], [-79.4101190002916, 44.0312190001568], [-79.4102340001989, 44.0315809997634], [-79.4103009996913, 44.0318880004309], [-79.4104029998985, 44.0322760003372], [-79.4106769999436, 44.0332159996187], [-79.4108030003582, 44.033641000332], [-79.411045999873, 44.0343739999602], [-79.4111369995728, 44.0346900001434], [-79.4113100003562, 44.0352059996572], [-79.411855000308, 44.0367620003661], [-79.4122970000065, 44.0380019999923], [-79.4124699998906, 44.038525999875], [-79.4127379996589, 44.0392499999876], [-79.4128409999122, 44.0395759997327], [-79.4131309997958, 44.040398999914], [-79.4132699999105, 44.0408150002121], [-79.4135840000015, 44.0416930002318], [-79.4138149998623, 44.0423710000217], [-79.4139770001384, 44.0428329997432], [-79.4143599998141, 44.0439370002924], [-79.414581000113, 44.044551999875], [-79.4147319998818, 44.0449680001731], [-79.4148720000427, 44.0453390001947], [-79.4149510000885, 44.045645999963], [-79.4152989999488, 44.0466149996826], [-79.4156109999477, 44.0475549998634], [-79.4160149996924, 44.0488120002736], [-79.4161529997611, 44.0492370000875], [-79.4162499997377, 44.0495530002708]]}, "properties": {"lhrs": 48530, "offset": 0, "highway": "404", "length": 4.05, "traffic_section": 48530000, "aadt": 68900, "aadtt": 4800}}, {"type": "Feature", "geometry": {"type": "LineString", "coordinates": [[-79.9420579999767, 43.8204320004365], [-79.9369049997659, 43.8166129996902], [-79.9328430004041, 43.8136040003244], [-79.9281180001456, 43.8100940003379], [-79.925358999718, 43.8079969998617], [-79.9239470002538, 43.806956999566], [-79.9231379998188, 43.8063460001678], [-79.9207440000355, 43.8046490001513], [-79.9182530002757, 43.8028429996048], [-79.9159829999155, 43.8011640004183], [-79.9158219996855, 43.8011539999572], [-79.9155149999173, 43.8009349997505], [-79.9151100001264, 43.8006520001897], [-79.9150999996652, 43.8005350001902], [-79.9142649998299, 43.7999510002385], [-79.909151999665, 43.7960749995616], [-79.9072740002948, 43.7947699996358], [-79.9051009999112, 43.7932990001488], [-79.8968709998967, 43.7872510000337], [-79.8959390000848, 43.7865669999671], [-79.895019999973, 43.7858910002695], [-79.8939649998848, 43.785107000088], [-79.8787539998971, 43.7737669996474], [-79.8786179999207, 43.7737570000855], [-79.8782500000374, 43.7734830000405]]}, "properties": {"lhrs": 16460, "offset": 0, "highway": "10", "length": 7.33, "traffic_section": 16460000, "aadt": 28200, "aadtt": 3650}}, {"type": "Feature", "geometry": {"type": "LineString", "coordinates": [[-79.5672990001487, 43.6542580004065], [-79.5673350000102, 43.6543269999911], [-79.5680220002151, 43.6556499998476], [-79.5687699996357, 43.6570820002342], [-79.5689350000501, 43.6574439998408], [-79.5689459996581, 43.6574799997023], [-79.56913500028, 43.6578790001158], [-79.5691710001415, 43.6579600002539], [-79.5693120003485, 43.6582769995839], [-79.5695010000711, 43.6586669995824], [-79.5696539999321, 43.6589930002268], [-79.5696899997936, 43.6590649999499], [-79.5697839996319, 43.6593010000412], [-79.5698770003233, 43.6595449996021], [-79.5699710001615, 43.6597799996473], [-79.5700769996538, 43.6600070002229], [-79.5701710003913, 43.6602420002682], [-79.570250999584, 43.6604859998291], [-79.5703450003215, 43.6607120003586], [-79.5704390001597, 43.6609559999195], [-79.5705319999518, 43.6611920000108], [-79.5707429997896, 43.6617070003778], [-79.5710840002264, 43.6625040002594], [-79.5714360002711, 43.6633460004176], [-79.5714599995793, 43.6634089997256], [-79.5721760002222, 43.6651109999727], [-79.5727850004274, 43.666603999575], [-79.5728560001043, 43.6667669998972], [-79.5730789995961, 43.6673190001718], [-79.5731019997574, 43.6673820003791], [-79.573136000426, 43.6675000004247], [-79.5731710002414, 43.66762599994], [-79.5731819998494, 43.6676540003319], [-79.5732769997337, 43.6678440001006], [-79.5733369998027, 43.6679440002155], [-79.5733840001714, 43.6680519998], [-79.5734430001943, 43.66816100033], [-79.5734899996637, 43.6682610004449], [-79.5735370000325, 43.6683690000294], [-79.5735610002399, 43.668415000352], [-79.5735850004474, 43.6684690001443], [-79.5736319999168, 43.6685779997749], [-79.5736909999396, 43.6686860002587], [-79.573725999755, 43.6687860003736], [-79.5737730001238, 43.6688939999582], [-79.5738199995933, 43.6690029995888], [-79.5738320001466, 43.6690210004189], [-79.573866999962, 43.6691120001188], [-79.5739379996389, 43.6692569996109], [-79.5739969996617, 43.6694020000024], [-79.5740670001919, 43.6695549998634], [-79.5741379998688, 43.6697000002549], [-79.574209000445, 43.669854000162], [-79.5742800001219, 43.6699989996542], [-79.5743509997988, 43.6701440000456], [-79.574422000375, 43.6702979999528], [-79.5744459996831, 43.6703349998604], [-79.5744699998905, 43.670380000137], [-79.574494000098, 43.6704159999985], [-79.5745180003054, 43.6704519998599], [-79.5745540001669, 43.6704889997676], [-79.5745780003744, 43.6705340000441], [-79.5746019996825, 43.6705709999517], [-79.5746380004433, 43.6706069998132], [-79.5746619997515, 43.6706429996747], [-79.574697999613, 43.6706799995824], [-79.5747219998204, 43.6707160003432], [-79.574758999728, 43.6707530002508], [-79.5747949995895, 43.670797999628], [-79.5748310003503, 43.6708260000199], [-79.5748549996584, 43.6708710002965], [-79.5748919995661, 43.6708979997429], [-79.5749280003269, 43.6709349996506], [-79.5749640001884, 43.6709710004114], [-79.5750250003035, 43.6710169998347], [-79.5750860004185, 43.6710719996731], [-79.5751099997267, 43.6710990000189], [-79.5751590001877, 43.6711450003415], [-79.5751950000492, 43.671171999788], [-79.5752439996108, 43.6712000001799], [-79.5752810004178, 43.6712360000414], [-79.5753170002793, 43.6712640004333], [-79.5753530001408, 43.6713000002948], [-79.5753900000484, 43.6713279997874], [-79.5754269999561, 43.6713550001332], [-79.5754750003709, 43.6713920000408], [-79.5755120002785, 43.6714190003866], [-79.5755490001862, 43.6714469998792], [-79.5755969997018, 43.671474000225], [-79.5756339996094, 43.6715019997176], [-79.5756830000703, 43.6715290000633], [-79.5757189999318, 43.6715569995559], [-79.575769000439, 43.6715849999479], [-79.5758050003005, 43.6716120002936], [-79.5758539998621, 43.6716399997862], [-79.5759030003232, 43.671667000132], [-79.5759519998849, 43.6716860001089], [-79.5759889997925, 43.6717129995553], [-79.5760380002534, 43.6717409999472], [-79.5760869998152, 43.6717599999241], [-79.5761360002762, 43.6717870002699], [-79.5761849998378, 43.6718060002468], [-79.5762340002988, 43.6718240001775], [-79.5762829998605, 43.6718519996701], [-79.5763320003215, 43.6718709996469], [-79.5763690002291, 43.6718979999928], [-79.5764179997908, 43.6719169999696], [-79.5764670002518, 43.6719349999004], [-79.5765159998135, 43.6719630002923], [-79.5765650002745, 43.6719820002692], [-79.5766149998823, 43.6719909997849], [-79.5766640003433, 43.6720190001768], [-79.576712999905, 43.6720370001075], [-79.576762000366, 43.6720469996694], [-79.5768109999277, 43.6720659996462], [-79.5768610004348, 43.6720839995769], [-79.5769099999965, 43.6721029995538], [-79.5769219996506, 43.6721029995538], [-79.5769589995581, 43.672113000015], [-79.5770080000191, 43.6721309999457], [-79.5770700001803, 43.6721499999226], [-79.577118999742, 43.6721600003838], [-79.5771690002491, 43.6721780003145], [-79.5772179998108, 43.6721879998764], [-79.577279999972, 43.6721980003375], [-79.5773410000871, 43.6722160002682], [-79.5774030002482, 43.6722259998301], [-79.5774650004094, 43.6722449998069], [-79.5774770000635, 43.6722449998069], [-79.5775259996252, 43.6722639997838], [-79.5775390002246, 43.6722639997838], [-79.5775879997863, 43.6722730001989], [-79.5776499999475, 43.6722829997607], [-79.5777120001087, 43.6722930002218], [-79.5777730002237, 43.6723029997837], [-79.5778350003849, 43.6723130002448], [-79.5778969996468, 43.6723219997605], [-79.5779460001078, 43.6723320002217], [-79.5779710003613, 43.6723320002217], [-79.5780329996232, 43.6723419997835], [-79.5780949997844, 43.6723520002446], [-79.5781559998994, 43.6723619998065], [-79.5782309997608, 43.6723710002215], [-79.5782430003141, 43.6723720002677], [-79.578292999922, 43.6723720002677], [-79.5783170001294, 43.6723730003138], [-79.5783299998296, 43.6723730003138], [-79.5783550000831, 43.6723730003138], [-79.5783800003367, 43.6723730003138], [-79.578454000152, 43.6723829998756], [-79.5785160003131, 43.6723930003367], [-79.5785900001284, 43.6723940003828], [-79.5786520002895, 43.672395000429], [-79.5787260001048, 43.6723959995758], [-79.5787880002659, 43.6724049999908], [-79.5788630001273, 43.6724060000369], [-79.5789250002885, 43.672407000083], [-79.5789990001037, 43.6723989997141], [-79.5790610002649, 43.6723999997602], [-79.5791360001263, 43.6724009998064], [-79.5791980002874, 43.6724019998525], [-79.5792720001027, 43.6724019998525], [-79.5793340002639, 43.6723940003828], [-79.5794090001252, 43.672395000429], [-79.5794710002864, 43.67238700006], [-79.5795450001016, 43.6723880001062], [-79.5796070002628, 43.6723799997372], [-79.5796820001242, 43.6723710002215], [-79.5797440002854, 43.6723720002677], [-79.5798190001467, 43.6723639998987], [-79.5798810003079, 43.6723560004291], [-79.5799550001231, 43.6723480000602], [-79.5800180003304, 43.6723399996913], [-79.5800799995923, 43.6723310001756], [-79.5801550003529, 43.6723229998066], [-79.5802169996148, 43.672315000337], [-79.5802920003755, 43.6722979995531], [-79.5803539996373, 43.6722900000835], [-79.5807649997049, 43.672214000176], [-79.5812630001873, 43.6721570002454], [-79.5815740001399, 43.6721160001533], [-79.5815990003935, 43.6721160001533], [-79.5818850000927, 43.6720839995769], [-79.5821830003451, 43.6720420003381], [-79.5822699998606, 43.6720339999692], [-79.5824940002979, 43.672001000246], [-79.5825829999055, 43.671991999831], [-79.5827329996282, 43.6719770000386]]}, "properties": {"lhrs": 50280, "offset": 0, "highway": "427", "length": 2.64, "traffic_section": 50280000, "aadt": 357400, "aadtt": 28600}}, {"type": "Feature", "geometry": {"type": "LineString", "coordinates": [[-80.0641257646922, 43.2810566353555], [-80.0587770000584, 43.2819799998771], [-80.0546359997516, 43.282747000174], [-80.0534010003558, 43.2829440002654], [-80.0533879997564, 43.2829440002654], [-80.0530179997808, 43.2830040003344], [-80.0529680001731, 43.283011999804], [-80.0489769995888, 43.2836369998477], [-80.0468149997124, 43.2839699999156], [-80.0407980001276, 43.2849009996814], [-80.0405630000823, 43.2849439998657], [-80.0403160003831, 43.2849870000501], [-80.0400810003378, 43.2850389997501], [-80.0398460002926, 43.2850910003494], [-80.0396110002474, 43.2851430000495], [-80.0393760002022, 43.2852040001645], [-80.039141000157, 43.2852739997953], [-80.0389050000657, 43.2853440003254], [-80.0386819996745, 43.2854150000023], [-80.0384590001827, 43.2854849996331], [-80.038249000391, 43.2855639996789], [-80.0361659996611, 43.2863210004139], [-80.0359549998233, 43.2863910000446], [-80.0357320003315, 43.2864520001597], [-80.0355089999404, 43.2865130002748], [-80.0352869995953, 43.2865740003898], [-80.0350640001035, 43.2866359996517], [-80.0348409997123, 43.286688000251], [-80.0346190002666, 43.2867310004354], [-80.0343840002214, 43.2867830001354], [-80.0341609998302, 43.2868169999047], [-80.033925999785, 43.286860000089], [-80.0338269997162, 43.2868769999736], [-80.0281299995997, 43.2878289998085], [-80.0277960003851, 43.2878889998775], [-80.0248179997508, 43.2883769998987], [-80.0237299999395, 43.2885560000594], [-80.023582000309, 43.2885820003591], [-80.0191439997957, 43.2893459996183], [-80.0152880000412, 43.2900060003767], [-80.0149170000195, 43.2900660004456], [-80.012431999637, 43.2905039999597], [-80.0114559995947, 43.290648000305], [-80.0100850002225, 43.2908430003043], [-80.0077499995628, 43.2911199995884], [-80.0062309996609, 43.2913140004408], [-80.0061070002378, 43.2913310003254], [-80.0053660002407, 43.2914329996333], [-80.0051930003567, 43.2914490003711], [-80.0050079999192, 43.2914749997715], [-80.0048350000352, 43.2915000000251], [-80.0046499995977, 43.2915260003247], [-80.0044769997137, 43.291560000094], [-80.0042910001295, 43.2915860003936], [-80.0041180002455, 43.2916200001629], [-80.0039450003615, 43.2916450004165], [-80.0037719995781, 43.2916800002319], [-80.00358700004, 43.2917150000472], [-80.0017180001855, 43.2921389998151], [-80.0012979997029, 43.2922260002298], [-80.0005310003054, 43.2923990001138], [-80.0004920003055, 43.2924980001826], [-79.9999969999615, 43.2926109999977], [-79.9994530000559, 43.2926960003202], [-79.998835000335, 43.2928080000892], [-79.9987989995741, 43.2927890001123], [-79.9979330001078, 43.2929440000656], [-79.9962269996763, 43.2932440004104], [-79.9961650004144, 43.2932519998799], [-79.9931239995729, 43.2937840001315], [-79.9908619995816, 43.2941600003838], [-79.989749000416, 43.2943490001063], [-79.9860400002458, 43.2949910000346], [-79.9847049998359, 43.2952310003105], [-79.9844450004364, 43.2952739995954], [-79.9824419997984, 43.2956249995941], [-79.9791289999034, 43.2961630001224], [-79.9767309999357, 43.2965560002593], [-79.9766689997745, 43.2965639997289], [-79.9736410004318, 43.2970689996347], [-79.9708219999353, 43.2975290001632], [-79.9694369999175, 43.297760000024], [-79.9630700003802, 43.2988190002967], [-79.9620439998307, 43.2989900000885], [-79.9614749996715, 43.2990839999267], [-79.9608450002965, 43.2991860001338], [-79.9595839997018, 43.2993820001792], [-79.9577289995936, 43.2997069998782], [-79.9562699997607, 43.2999549996236], [-79.9548849997429, 43.3001939998532], [-79.9530060003266, 43.3005100000365], [-79.9516459996631, 43.3007409998973], [-79.9507180000356, 43.3009040002195], [-79.9501269997612, 43.3010099997118]]}, "properties": {"lhrs": 13170, "offset": 3, "highway": "5", "length": 9.53, "traffic_section": 13170030, "aadt": 10400, "aadtt": 1050}}, {"type": "Feature", "geometry": {"type": "LineString", "coordinates": [[-79.9859990001537, 43.852902000427], [-79.9854629997176, 43.8525019999674], [-79.9840249999538, 43.851444999787], [-79.9820960000304, 43.8500140003459], [-79.9810029999884, 43.8492029998187], [-79.9772299995648, 43.8464689996447], [-79.9770090001652, 43.8463139996914], [-79.9762959996606, 43.8457939999931], [-79.9745510001285, 43.8445540003669], [-79.9732359997416, 43.8436059998171], [-79.9717620001162, 43.8425119997291], [-79.9696489998014, 43.8409349998504], [-79.9675120001786, 43.839340000041], [-79.9662240001375, 43.838337999699], [-79.9636809997783, 43.8364869997753], [-79.9611760002721, 43.8346010000362], [-79.9584109995679, 43.8325400003208], [-79.9583640000985, 43.83250399956], [-79.9560929996921, 43.8308089996357], [-79.9530089995656, 43.8286469997593], [-79.9523119997989, 43.8281229998766], [-79.9510940002879, 43.8272069999032], [-79.9462200003527, 43.8235599998941], [-79.9429669996273, 43.8211450000418], [-79.942355000183, 43.8206529998361], [-79.9420579999767, 43.8204320004365]]}, "properties": {"lhrs": 16460, "offset": 7.4, "highway": "10", "length": 5.05, "traffic_section": 16460074, "aadt": 28200, "aadtt": 2550}}, {"type": "Feature", "geometry": {"type": "LineString", "coordinates": [[-79.7412170002643, 43.4093819997795], [-79.7409280004268, 43.4096490004011], [-79.7408270002658, 43.4097380000088], [-79.7377179998858, 43.4125490001363], [-79.7308630003272, 43.4187809997434], [-79.7248560003042, 43.4242520002297], [-79.7246180001206, 43.4244690003441]]}, "properties": {"lhrs": 10130, "offset": 0, "highway": "QEW", "length": 2.15, "traffic_section": 10130000, "aadt": 201400, "aadtt": 18100}}, {"type": "Feature", "geometry": {"type": "LineString", "coordinates": [[-80.1441360000763, 43.6188540000122], [-80.1432889996876, 43.6182530001758], [-80.1420130001998, 43.6173429995798], [-80.1405779996749, 43.6163149998374], [-80.1405290001132, 43.6162789999759], [-80.1400010000461, 43.6159049998159], [-80.1399519995851, 43.6158689999544], [-80.1397920003005, 43.6156990002087], [-80.139108000234, 43.6147430001894], [-80.1389629998425, 43.6146090003052], [-80.1387790003506, 43.6144890001673], [-80.1384149997524, 43.6143409996375], [-80.1380180003304, 43.6142340000991], [-80.1370859996192, 43.6137969997318], [-80.1366239998977, 43.6135180003555], [-80.1360019999923, 43.6130890003571], [-80.1355030003631, 43.6127419996436]]}, "properties": {"lhrs": 14537, "offset": 2.2, "highway": "7", "length": 0.99, "traffic_section": 14537022, "aadt": 9150, "aadtt": 920}}, {"type": "Feature", "geometry": {"type": "LineString", "coordinates": [[-79.6499860001538, 44.4289910000347], [-79.6500650001995, 44.4290730002189], [-79.650201000176, 44.4291740003799], [-79.6503370001524, 44.4292920004255], [-79.6550820004339, 44.4316440000706], [-79.6561350004299, 44.4323140003909], [-79.6566289998285, 44.4326889996976], [-79.65710900038, 44.4330989997191], [-79.6575510000786, 44.4335459996482], [-79.6640310003303, 44.4408599996893], [-79.667582000409, 44.4449619999963], [-79.6680860002687, 44.4454900000635], [-79.6700310000306, 44.4478350002851], [-79.673985999854, 44.4524370002674], [-79.6756259999399, 44.4543640000986], [-79.6766440001205, 44.4555010003709], [-79.6785170001594, 44.4577289996936], [-79.6842490000913, 44.4644120003136], [-79.6942649997299, 44.4752849999029], [-79.6953690002791, 44.4765400002209], [-79.6954179998408, 44.4765859996442], [-79.6955899996787, 44.4767500000125], [-79.6956149999323, 44.4767770003583]]}, "properties": {"lhrs": 46910, "offset": 0, "highway": "400", "length": 6.47, "traffic_section": 46910000, "aadt": 31100, "aadtt": 3850}}, {"type": "Feature", "geometry": {"type": "LineString", "coordinates": [[-79.4243679999832, 44.5921640001685], [-79.4268439999506, 44.5919100001465], [-79.4274999996252, 44.5918560003542], [-79.4280699998306, 44.591764999755], [-79.4298500000774, 44.5916180001706], [-79.4310860004185, 44.5915630003323], [-79.436835000235, 44.591408000379], [-79.4396600001089, 44.5913030000334], [-79.4405830004051, 44.5911890001723], [-79.4412919998259, 44.5910459998731], [-79.4423439997757, 44.5908170001045], [-79.4433219999103, 44.5905329995983], [-79.4441240000226, 44.5902199995534], [-79.4450040001345, 44.5898270003159], [-79.445708000224, 44.5895189996022]]}, "properties": {"lhrs": 19450, "offset": 0, "highway": "12", "length": 1.74, "traffic_section": 19450000, "aadt": 25300, "aadtt": 1850}}, {"type": "Feature", "geometry": {"type": "LineString", "coordinates": [[-79.7783450001217, 43.7384749999214], [-79.778308000214, 43.7384450003365], [-79.7780700000304, 43.7382599998991], [-79.7734659999559, 43.7346760000973], [-79.773021000119, 43.7343310003754], [-79.7718940003078, 43.7334399997562], [-79.7707519998049, 43.7324269998063], [-79.770315000337, 43.7319959997156], [-79.7697450001316, 43.7313899996488], [-79.7693800003867, 43.7309740002499], [-79.7693180002255, 43.7308940001581], [-79.7687880000661, 43.730214000276], [-79.7686200004126, 43.7300039995849], [-79.7686150001821, 43.7299980002076], [-79.7680049999308, 43.7292459997031], [-79.7673510003484, 43.7284390002597], [-79.7649749995965, 43.7253600003638]]}, "properties": {"lhrs": 49076, "offset": 0, "highway": "410", "length": 1.82, "traffic_section": 49076000, "aadt": 149400, "aadtt": 0}}, {"type": "Feature", "geometry": {"type": "LineString", "coordinates": [[-79.6008159998585, 43.6864080000292], [-79.6008289995586, 43.6864170004443], [-79.6008650003195, 43.6864720002827], [-79.6009000001349, 43.6865260000749], [-79.6009489996965, 43.6865809999132], [-79.600984999558, 43.6866440001206], [-79.6010089997655, 43.6866719996132], [-79.6010210003189, 43.6866989999589], [-79.6010560001342, 43.6867620001662], [-79.6010919999958, 43.6868170000046], [-79.6011639997188, 43.6869170001195], [-79.6012370003872, 43.6870079998194], [-79.6012969995568, 43.6870980003725], [-79.6013690001792, 43.6871890000724], [-79.6014290002481, 43.6872799997722], [-79.6014890003171, 43.6873799998871], [-79.6015610000401, 43.687470999587], [-79.601621000109, 43.6875610001401], [-79.6016810001779, 43.68765199984], [-79.6017410002469, 43.6877519999549], [-79.6018010003159, 43.6878429996548], [-79.6018600003387, 43.6879429997697], [-79.6019200004076, 43.6880330003228], [-79.6019799995773, 43.6881240000226], [-79.6020269999461, 43.6882240001375], [-79.602087000015, 43.6883240002525], [-79.6021470000839, 43.6884230003213], [-79.6021939995534, 43.6885140000211], [-79.6022419999683, 43.6886140001361], [-79.6023020000372, 43.6887039997898], [-79.602349000406, 43.6888039999047], [-79.6024089995756, 43.6889040000196], [-79.6024559999444, 43.6890030000885], [-79.6024790001057, 43.6890670003418], [-79.6025030003132, 43.6891030002034], [-79.6025509998287, 43.6892030003183], [-79.6026459997131, 43.6893570002254], [-79.6027999996202, 43.6896739995555], [-79.6044720002826, 43.6930260003497], [-79.6047109996129, 43.6934160003482], [-79.6052009997263, 43.6942500001375], [-79.6060490001612, 43.69566499974], [-79.6060730003686, 43.6957100000166], [-79.6069949997194, 43.6971889998725], [-79.6070139996963, 43.6972190003567], [-79.6070789999958, 43.6973229997567]]}, "properties": {"lhrs": 50310, "offset": 0, "highway": "427", "length": 1.31, "traffic_section": 50310000, "aadt": 136500, "aadtt": 13900}}, {"type": "Feature", "geometry": {"type": "LineString", "coordinates": [[-79.3615059996022, 43.1803030000834], [-79.3630060004265, 43.1807829997357], [-79.3654400002558, 43.1817219998704], [-79.3727579995819, 43.1847320001817], [-79.3738850002925, 43.1851270004108], [-79.3754549998483, 43.1855740003399], [-79.3765970003512, 43.1858499995779], [-79.3779669996773, 43.186144999692], [-79.378804999651, 43.1863019997376], [-79.3798559995547, 43.1864549995986], [-79.3818160000084, 43.1866689995747], [-79.3838759996776, 43.1867729998741], [-79.3849469996043, 43.1867879996665], [-79.3862310003603, 43.1867689996896], [-79.3894529996562, 43.1867099996668], [-79.3924399998061, 43.1866260002897], [-79.3948450000967, 43.1865999999901], [-79.394888000281, 43.1865999999901]]}, "properties": {"lhrs": 10066, "offset": 0, "highway": "QEW", "length": 2.87, "traffic_section": 10066000, "aadt": 109300, "aadtt": 16400}}, {"type": "Feature", "geometry": {"type": "LineString", "coordinates": [[-80.2832359998415, 43.4209160001733], [-80.2841499997227, 43.4205300003593], [-80.2853959996256, 43.4200020002921], [-80.287382000379, 43.4192129998801], [-80.2883859999139, 43.4189040000197], [-80.2911279995575, 43.4181250000687], [-80.2951289997035, 43.4169380001886], [-80.299528000217, 43.4156500001474], [-80.3003710004213, 43.41541300001], [-80.3013489996566, 43.4152109996879], [-80.3025740003898, 43.4150569997807], [-80.3031299999495, 43.4150149996426], [-80.3094940002479, 43.4148019997126], [-80.3095569995559, 43.4147980004274], [-80.3096300002243, 43.4147930001969], [-80.3098850002925, 43.414785999874]]}, "properties": {"lhrs": 47725, "offset": 0, "highway": "401", "length": 2.29, "traffic_section": 47725000, "aadt": 112800, "aadtt": 21400}}, {"type": "Feature", "geometry": {"type": "LineString", "coordinates": [[-80.4716260000398, 43.4654299997947], [-80.4716680001781, 43.465504999656], [-80.4717409999471, 43.4656399995864], [-80.4719359999464, 43.465938999885], [-80.4732379997338, 43.4683220000603], [-80.4732500002872, 43.4683399999911], [-80.4733110004023, 43.4684749999213], [-80.4733719996181, 43.4685919999209], [-80.4734200000329, 43.4687009995515], [-80.4738710001465, 43.4694859997791], [-80.4747720003275, 43.4710659997961], [-80.475224999634, 43.4716170000246], [-80.4756409999322, 43.4720520002996], [-80.4760220004149, 43.4723499996528], [-80.4764519995601, 43.4726760002972], [-80.4769190004115, 43.4729850001577], [-80.4774109997179, 43.4732570001105], [-80.4779290002231, 43.4734849998329], [-80.478445999783, 43.4736850000627], [-80.479001000196, 43.4738589999929], [-80.4796670003318, 43.4740149999923], [-80.4803710004213, 43.4741259997152], [-80.4810749996115, 43.4741920000608], [-80.4817799997472, 43.4741770002684], [-80.4824859999289, 43.4741360001763], [-80.4831780003644, 43.4740580001766], [-80.4843789999908, 43.4738739997853], [-80.484391999691, 43.4738739997853]]}, "properties": {"lhrs": 38455, "offset": 0, "highway": "85", "length": 1.59, "traffic_section": 38455000, "aadt": 91000, "aadtt": 4750}}, {"type": "Feature", "geometry": {"type": "LineString", "coordinates": [[-79.3372200002028, 43.7676109999477], [-79.3372309998107, 43.7676659997861], [-79.337242000318, 43.7677110000627], [-79.3372539999721, 43.7677199995784], [-79.33726499958, 43.7677740002699], [-79.3372770001334, 43.7678009997164], [-79.3372760000873, 43.7678280000622], [-79.3372990002486, 43.7678829999006], [-79.3373099998566, 43.7679369996928], [-79.3373330000179, 43.7679910003844], [-79.3373570002253, 43.7680460002228], [-79.3374039996948, 43.7681179999458], [-79.3376579997169, 43.7690010001961], [-79.3379309997158, 43.7696490004011], [-79.3382390004295, 43.7704860003287], [-79.3384579997369, 43.7711250001187], [-79.3386650002895, 43.7720210000692], [-79.3387719998279, 43.7726409998823], [-79.3391599997341, 43.7745220002901], [-79.3393969998716, 43.7756809997784], [-79.3394280004019, 43.7758579998469]]}, "properties": {"lhrs": 48450, "offset": 0, "highway": "404", "length": 0.94, "traffic_section": 48450000, "aadt": 343900, "aadtt": 13800}}, {"type": "Feature", "geometry": {"type": "LineString", "coordinates": [[-78.2330309998807, 44.9856130003398], [-78.2288969998965, 44.9840619998615], [-78.2278599997392, 44.9837400003008], [-78.2266430002742, 44.9834579998869], [-78.2259760000923, 44.9833520003946], [-78.2252950001641, 44.9832720003026], [-78.2245869998901, 44.9832189996571], [-78.2231670000569, 44.9832120002337], [-78.2217919996011, 44.9833219999104], [-78.2211270004107, 44.9834230000715], [-78.2197679997933, 44.9837319999319], [-78.2172800001719, 44.9845540000671], [-78.2166750001511, 44.9847279999972], [-78.216046999969, 44.9848569996508], [-78.2154090002251, 44.9849490002962], [-78.2147470002738, 44.9849959997656], [-78.2140870004147, 44.9849979998578], [-78.2134289997485, 44.9849640000886], [-78.212167000007, 44.9848249999738], [-78.2092159997186, 44.9844739999752], [-78.2086349999053, 44.984431999837], [-78.2078739998851, 44.9844230003213], [-78.207224999634, 44.9844699997907], [-78.2066639998437, 44.9845370001825], [-78.2053450001716, 44.9847930002968], [-78.1990389998499, 44.986133000038], [-78.1962069996533, 44.9867020001972], [-78.1950530003956, 44.9869710000117], [-78.1944100004212, 44.9871439998957], [-78.1937660004006, 44.9873529996412], [-78.1931190002416, 44.9875990001938], [-78.1897830001853, 44.9889030000734], [-78.1850899996037, 44.9906960000204], [-78.1844459995832, 44.990904999766], [-78.1837899999085, 44.99107799965], [-78.1824320002366, 44.9913499996029], [-78.1780060002766, 44.9918439999007], [-78.173504999556, 44.9923000002449], [-78.16646499956, 44.99305199985], [-78.1650780003494, 44.9931439995959], [-78.164366999937, 44.993153000011], [-78.1636579996169, 44.9931259996652], [-78.1607529996512, 44.9928739997354], [-78.1592559998645, 44.9928729996892], [-78.1564350001751, 44.9929559999195], [-78.155128000157, 44.9929590000579], [-78.1545460002976, 44.9929359998965], [-78.1531709998417, 44.9927840000816], [-78.1522539998222, 44.9925989996441], [-78.1514010000561, 44.9923889998525], [-78.1453250004484, 44.9905990000439], [-78.1441959996456, 44.9903369996529], [-78.1429620002961, 44.9901619996766], [-78.1423170002294, 44.9901089999304], [-78.1416589995631, 44.9900839996769], [-78.1403640000985, 44.9901059997921], [-78.1390760000573, 44.9902439998607], [-78.1352849997029, 44.9907160000434], [-78.1340379997538, 44.990792999997], [-78.1333769998486, 44.9908029995588], [-78.1325670002668, 44.9907830004352], [-78.1320859996691, 44.9907620003661], [-78.1310620001112, 44.9906729998591], [-78.1300169995848, 44.9905299995599], [-78.1257909998547, 44.9898030002083], [-78.1246039999746, 44.9896919995862], [-78.124020000023, 44.9897040001396], [-78.1234600002787, 44.9897349997705], [-78.122258999753, 44.9899109997929], [-78.1147699997356, 44.9912620000413]]}, "properties": {"lhrs": 42630, "offset": 0, "highway": "118", "length": 9.69, "traffic_section": 42630000, "aadt": 1950, "aadtt": 240}}, {"type": "Feature", "geometry": {"type": "LineString", "coordinates": [[-79.1221849997379, 44.4244019997525], [-79.1226280003819, 44.4252389996801], [-79.1239049999158, 44.4277539996474], [-79.1258879996315, 44.4321259998151], [-79.1269310000656, 44.4344920001058], [-79.1271670001569, 44.4349549998734], [-79.127320000018, 44.4352730001489], [-79.1275669997172, 44.4357990001238], [-79.128009000315, 44.4369049998659], [-79.1315180002555, 44.4447140002509], [-79.1331780003644, 44.4486209996595], [-79.1360050003304, 44.4553559999795], [-79.1379409996774, 44.4596910002395], [-79.1381979998378, 44.4603089999604]]}, "properties": {"lhrs": 19390, "offset": 6, "highway": "12", "length": 4.19, "traffic_section": 19390060, "aadt": 12900, "aadtt": 2300}}, {"type": "Feature", "geometry": {"type": "LineString", "coordinates": [[-78.7603699996757, 44.4836980002626], [-78.7604159999984, 44.4841399999611], [-78.7606679999282, 44.4854589996332], [-78.7609139995814, 44.4862560004141], [-78.7610870003647, 44.4866739999052], [-78.7631759995727, 44.4908920001657], [-78.7655460000478, 44.4960339998693], [-78.7672169997647, 44.5000180001306], [-78.769205999757, 44.5049279999273], [-78.7714059995872, 44.5102459996532], [-78.7749999998501, 44.5182930002218], [-78.7754590003325, 44.5191300001495], [-78.7757579997319, 44.5195230002863], [-78.7761089997305, 44.5198989996392], [-78.7764979996829, 44.5202480004449], [-78.7767559998894, 44.520432999983], [-78.7773929995872, 44.5208690003042], [-78.7778619996315, 44.521121000234]]}, "properties": {"lhrs": 27910, "offset": 0, "highway": "35", "length": 4.42, "traffic_section": 27910000, "aadt": 3550, "aadtt": 250}}, {"type": "Feature", "geometry": {"type": "LineString", "coordinates": [[-78.722669000374, 43.8840899997537], [-78.7252079996494, 43.8837890002622], [-78.7600300001843, 43.8793460004176], [-78.7633319995721, 43.8789239998428], [-78.7635939999631, 43.8788930002119], [-78.7636400002858, 43.8788869999352]]}, "properties": {"lhrs": 47578, "offset": 0, "highway": "401", "length": 3.34, "traffic_section": 47578000, "aadt": 110200, "aadtt": 18700}}, {"type": "Feature", "geometry": {"type": "LineString", "coordinates": [[-79.341081000188, 44.9384609995755], [-79.3423799998371, 44.936528000367], [-79.3435780002245, 44.9345469998442], [-79.3439809999232, 44.933318999872], [-79.3441959999454, 44.9320079996695], [-79.3441480004298, 44.9306029996288], [-79.3425420001132, 44.9199029999236], [-79.3424820000442, 44.918894000158], [-79.3426390000897, 44.9174019997026], [-79.3430720002726, 44.9159949995696], [-79.3438100001314, 44.9145660002208], [-79.3448369998276, 44.9132390001798], [-79.346359999914, 44.9118120000238], [-79.3472779999797, 44.9111500000725], [-79.3493500002023, 44.9100099996618], [-79.3507599995743, 44.909444999687], [-79.3524979996829, 44.9089209998044], [-79.3641439998457, 44.9065409997674], [-79.3651959997955, 44.9060610001151], [-79.3659729996542, 44.9054509998638], [-79.366262000391, 44.9051129995653], [-79.3666120003435, 44.9043890003521], [-79.36670900032, 44.9036159997786]]}, "properties": {"lhrs": 17030, "offset": 0, "highway": "11", "length": 5.04, "traffic_section": 17030000, "aadt": 17700, "aadtt": 1900}}, {"type": "Feature", "geometry": {"type": "LineString", "coordinates": [[-79.3367819997894, 43.7630479999653], [-79.3367859999739, 43.7630669999422], [-79.3368090001352, 43.7631490001263], [-79.336818999697, 43.7632300002643], [-79.3368290001582, 43.7633110004024], [-79.3368520003196, 43.7634010000561], [-79.3368619998814, 43.7634820001942], [-79.3368720003425, 43.7635640003784], [-79.3368949996045, 43.7636449996171], [-79.3369050000657, 43.7637259997551], [-79.3369149996275, 43.7638170003543], [-79.3369250000886, 43.763897999593], [-79.3369349996505, 43.7639789997311], [-79.3369450001117, 43.7640599998692], [-79.3369430000194, 43.7641410000072], [-79.3369529995812, 43.764230999661], [-79.3369609999501, 43.7643929999371], [-79.3369690003191, 43.7645459997981], [-79.3369769997886, 43.7647090001203], [-79.3369850001576, 43.7648710003964], [-79.3369929996272, 43.7650329997732], [-79.3370009999961, 43.7651950000493], [-79.337009000365, 43.7653580003715], [-79.3370070002728, 43.7654120001637], [-79.3370050001806, 43.7654740003249], [-79.3370040001345, 43.7655280001172], [-79.3370020000422, 43.7655920003706], [-79.3370009999961, 43.7656450001167], [-79.337011999604, 43.7656999999551], [-79.3370100004112, 43.7657630001624], [-79.3370080003189, 43.7658169999546], [-79.3370189999268, 43.7658709997469], [-79.3370179998807, 43.7659339999542], [-79.3370290003881, 43.7659879997465], [-79.3370270002958, 43.7660509999537], [-79.3370379999037, 43.766104999746], [-79.3370359998115, 43.7661679999533], [-79.3370460002727, 43.7662399996763], [-79.3370450002266, 43.7663029998836], [-79.3370430001343, 43.7663749996066], [-79.3370529996961, 43.7664379998139], [-79.3370509996039, 43.7665100004362], [-79.3370620001112, 43.7665830002054], [-79.337071999673, 43.7666460004127], [-79.3370699995808, 43.7667180001356], [-79.3370810000881, 43.7667810003429], [-79.3370909996499, 43.766853000066], [-79.3371020001571, 43.7669170003194], [-79.3371020001571, 43.766924999789], [-79.3371129997651, 43.7669799996273], [-79.3371230002263, 43.7670520002497], [-79.3371339998342, 43.7670969996269], [-79.3371339998342, 43.7671149995576], [-79.3371339998342, 43.7671330003877], [-79.3371450003415, 43.7671779997649], [-79.3371430002492, 43.7672319995572], [-79.3371539998572, 43.7672860002488], [-79.3371650003644, 43.767340000041], [-79.3371759999724, 43.7673949998794], [-79.3371869995804, 43.7674309997409], [-79.3371869995804, 43.7674489996717], [-79.3371980000876, 43.7675030003632], [-79.3371970000415, 43.7675390002248], [-79.3372089996955, 43.7675570001555], [-79.3372200002028, 43.7676109999477]]}, "properties": {"lhrs": 48440, "offset": 0, "highway": "404", "length": 0.51, "traffic_section": 48440000, "aadt": 302700, "aadtt": 12100}}, {"type": "Feature", "geometry": {"type": "LineString", "coordinates": [[-79.2169079999042, 43.1698629997776], [-79.2235100003862, 43.1714849999328], [-79.2238269997162, 43.1715619998864], [-79.2241690001991, 43.1716480002551], [-79.2309119999888, 43.1732409999722]]}, "properties": {"lhrs": 10053, "offset": 0, "highway": "QEW", "length": 1.2, "traffic_section": 10053000, "aadt": 83100, "aadtt": 9950}}, {"type": "Feature", "geometry": {"type": "LineString", "coordinates": [[-78.7668980003424, 44.3487399999511], [-78.7672169997647, 44.3496099996018], [-78.7678160004081, 44.350350999599], [-78.7695470001939, 44.3520240003074], [-78.7704050001906, 44.3535529997712], [-78.7728359998815, 44.3589300004193], [-78.7753859996641, 44.3648320000968], [-78.7798949998543, 44.3746870004048], [-78.7801550001531, 44.3752629999875]]}, "properties": {"lhrs": 27890, "offset": 0, "highway": "35", "length": 3.14, "traffic_section": 27890000, "aadt": 10100, "aadtt": 300}}, {"type": "Feature", "geometry": {"type": "LineString", "coordinates": [[-80.4570620002111, 43.4363089995607], [-80.4570309996809, 43.4364149999523], [-80.4566480000052, 43.4378450002466], [-80.4564180001905, 43.438700000105], [-80.4561240001225, 43.439724999709], [-80.4560339995694, 43.4401569998457], [-80.4559680001231, 43.4405970003513], [-80.4559649999847, 43.440930999566], [-80.4559870000999, 43.441273000049], [-80.4560460001228, 43.4416149996326], [-80.4561650002145, 43.4421019996076], [-80.4564190002366, 43.4426980001127], [-80.4566019996825, 43.4430320002267], [-80.4566480000052, 43.4430860000189], [-80.4568330004426, 43.4433660003407], [-80.4571879997264, 43.4437910001546], [-80.4576169997247, 43.4441889996227], [-80.4580829996307, 43.4445599996443], [-80.4597530002007, 43.4457660004006], [-80.4607349996205, 43.4465180000058]]}, "properties": {"lhrs": 14593, "offset": 0, "highway": "7", "length": 1.28, "traffic_section": 14593000, "aadt": 108600, "aadtt": 7600}}, {"type": "Feature", "geometry": {"type": "LineString", "coordinates": [[-79.6767729997741, 43.6518409995625], [-79.6678189996471, 43.6449959995658], [-79.6662340002989, 43.6437759999625], [-79.6620299997846, 43.640591999721], [-79.6608300002043, 43.6397430001394], [-79.6602329996531, 43.6393370003023]]}, "properties": {"lhrs": 49050, "offset": 0, "highway": "410", "length": 1.93, "traffic_section": 49050000, "aadt": 232800, "aadtt": 23300}}, {"type": "Feature", "geometry": {"type": "LineString", "coordinates": [[-79.5361740001299, 43.7133749998564], [-79.5362740002449, 43.7133499996028], [-79.5373349997104, 43.7131019998575], [-79.537835000285, 43.7129819997195], [-79.5378970004461, 43.71297400025], [-79.5386209996594, 43.7128029995588], [-79.5397569998856, 43.7125299995599], [-79.5422669996223, 43.711941000277], [-79.542616000428, 43.7118549999084], [-79.5500450003764, 43.7100680002381], [-79.550144999592, 43.7100510003534], [-79.5502570002603, 43.7100339995695], [-79.5503570003752, 43.7100090002152], [-79.5504569995908, 43.7099829999155], [-79.5505690002591, 43.7099660000309], [-79.5506690003741, 43.7099409997774], [-79.5507680004428, 43.709915000377], [-79.5508679996584, 43.7098890000773], [-79.5509679997733, 43.7098629997777], [-79.5510809995884, 43.7098380004234], [-79.5511809997033, 43.7098120001237], [-79.5512799997721, 43.7097859998241], [-79.551379999887, 43.7097600004237], [-79.551480000002, 43.7097350001702], [-79.551581000163, 43.7097000003548], [-79.5516800002318, 43.7096740000551], [-79.5517800003467, 43.7096479997554], [-79.5518799995623, 43.7096139999862], [-79.5519799996772, 43.7095879996865], [-79.5520799997921, 43.7095529998711], [-79.5521809999531, 43.7095190001018], [-79.552281000068, 43.7094929998021], [-79.5523430002293, 43.7094670004018], [-79.5523679995835, 43.7094579999867], [-79.5524560000444, 43.7094230001714], [-79.5524689997445, 43.7094139997564], [-79.5525560001593, 43.7093789999409], [-79.5526439997208, 43.7093440001256], [-79.5526940002279, 43.7093270002409]]}, "properties": {"lhrs": 47661, "offset": 0, "highway": "401", "length": 1.41, "traffic_section": 47661000, "aadt": 417700, "aadtt": 41800}}, {"type": "Feature", "geometry": {"type": "LineString", "coordinates": [[-79.0097690002392, 44.1397630000624], [-79.010102000307, 44.1406329997132], [-79.0132830004101, 44.148287000145], [-79.0147289996436, 44.1517689997396], [-79.0148970001964, 44.1519879999463], [-79.0151779996649, 44.1521999998302], [-79.0155869996403, 44.1526750001512], [-79.0158560003541, 44.1532289996187], [-79.0199559996696, 44.1633749998564], [-79.0208660002656, 44.1653259998951], [-79.0224559998445, 44.1686399998362], [-79.0234210002789, 44.1708439998508], [-79.0254100002713, 44.1756949996246], [-79.0258190002466, 44.1765670002669], [-79.0262310003603, 44.1773300003792], [-79.0267999996203, 44.1782850003526], [-79.0272590001027, 44.1791479996805], [-79.030524999629, 44.1866320003666], [-79.0309419999733, 44.1876479995556], [-79.0313499999025, 44.188915000427], [-79.0316490002012, 44.1901000002149]]}, "properties": {"lhrs": 14340, "offset": 0, "highway": "7", "length": 5.87, "traffic_section": 14340000, "aadt": 7450, "aadtt": 890}}, {"type": "Feature", "geometry": {"type": "LineString", "coordinates": [[-80.1037716000792, 44.4542974997299], [-80.1040067988747, 44.455356199629], [-80.104373698887, 44.4562675995701], [-80.1048484995586, 44.4572183997094], [-80.1053135003177, 44.458032400375], [-80.1057714998548, 44.4585914000731], [-80.1065579992522, 44.4593560000794], [-80.1067688003398, 44.4596084002076], [-80.107243100089, 44.4599678996989], [-80.1078256997962, 44.4603325001448], [-80.10845589972, 44.4606538998576], [-80.1098486995578, 44.4611190004415], [-80.1103211988642, 44.4612767999844], [-80.1123198000187, 44.4616548003288], [-80.1127363992654, 44.4619106997191], [-80.1127406998234, 44.4619172998435], [-80.1127452998556, 44.4619238001433], [-80.1127503000862, 44.4619300998942], [-80.1127555997911, 44.4619363996452], [-80.1127611000447, 44.4619424997466], [-80.1127669995973, 44.4619485000233], [-80.1127730996988, 44.4619542997512], [-80.1127795001738, 44.4619599996543], [-80.1127861992236, 44.4619654999079], [-80.1127930997217, 44.4619709003368], [-80.112800299694, 44.4619761002169], [-80.1128077002152, 44.4619811004475], [-80.1128154002105, 44.4619859001293], [-80.1128232998554, 44.4619905001615], [-80.1128314000491, 44.4619948996449], [-80.1128396998922, 44.461999200203], [-80.1128482002842, 44.4620032003874], [-80.1128569003257, 44.4620070000231], [-80.1128658000166, 44.4620106000093], [-80.1128748004317, 44.4620140003459], [-80.1128839995969, 44.462017100309], [-80.1128934002102, 44.4620199997233], [-80.1129028008236, 44.4620227003874], [-80.1129124001871, 44.4620251996033], [-80.1129221002747, 44.4620274002444], [-80.1129320000118, 44.4620294003366], [-80.1129418997488, 44.4620311000553], [-80.1129518003852, 44.4620326001245], [-80.1129618997718, 44.4620338996448], [-80.1129720000577, 44.4620348996909], [-80.1129821003436, 44.4620357000875], [-80.1129923013536, 44.4620362001106], [-80.1130024996656, 44.4620363997601], [-80.1130127006755, 44.4620363997601], [-80.1130228998869, 44.4620362001106], [-80.1130330001728, 44.4620357000875], [-80.1130431993841, 44.462035000415], [-80.11305329967, 44.4620340003689], [-80.1130632992318, 44.462032799774], [-80.113073299693, 44.4620312997048], [-80.1130832003294, 44.4620295999861], [-80.1130930002417, 44.4620275998939], [-80.1131027003293, 44.4620254001521]]}, "properties": {"lhrs": 25652, "offset": 0, "highway": "26", "length": 1.23, "traffic_section": 25652000, "aadt": 0, "aadtt": 0}}, {"type": "Feature", "geometry": {"type": "LineString", "coordinates": [[-80.0057419995936, 43.205491999756], [-80.0055339998942, 43.205430999641], [-80.0049819996195, 43.2052819999644], [-80.0044300002443, 43.2051599997342], [-80.0038529997161, 43.2050560003342], [-80.0033499999025, 43.2049800004268], [-80.0029070001579, 43.2049400003808], [-80.0024159999984, 43.2049000003348], [-80.0019849999078, 43.2048869997353], [-80.0015790000708, 43.2048740000351], [-80.0011609996803, 43.2048709998968], [-80.0000040002843, 43.2048430004042], [-79.9987370003123, 43.2048139999662], [-79.9955119999788, 43.2047760000124], [-79.9950809998882, 43.2047729998741], [-79.9920549997384, 43.204691999736], [-79.9917960003851, 43.2046810001281], [-79.9915380001785, 43.2046779999898], [-79.9912789999258, 43.2046759998975], [-79.9910209997193, 43.2046739998053], [-79.990762000366, 43.2046810001281], [-79.9905040001594, 43.2046779999898], [-79.9902449999068, 43.2046939998283], [-79.9899859996541, 43.2047010001511], [-79.9897280003469, 43.2047070004278], [-79.9894690000942, 43.2047230002663], [-79.9885079998443, 43.2047960000354], [-79.9878290000083, 43.2048709998968], [-79.9871629998725, 43.2049550001732], [-79.9848930004116, 43.2053040000796], [-79.9834979999327, 43.2055170000096]]}, "properties": {"lhrs": 48325, "offset": 0, "highway": "403", "length": 1.83, "traffic_section": 48325000, "aadt": 82200, "aadtt": 16400}}, {"type": "Feature", "geometry": {"type": "LineString", "coordinates": [[-79.6406240000975, 44.698021000269], [-79.6423559999294, 44.699014000196], [-79.6426799995823, 44.6991710002415], [-79.6429290002731, 44.6993270002409], [-79.6435880000861, 44.6997309999857], [-79.6568819998044, 44.7072610000951], [-79.6574279998023, 44.707654000232]]}, "properties": {"lhrs": 19500, "offset": 0, "highway": "12", "length": 1.71, "traffic_section": 19500000, "aadt": 5100, "aadtt": 410}}, {"type": "Feature", "geometry": {"type": "LineString", "coordinates": [[-78.9051430002492, 43.8693229995569], [-78.9060839995769, 43.8691060003417], [-78.9123069996683, 43.867681000278], [-78.9183979999677, 43.8662710000067], [-78.9190900004032, 43.8661479997305], [-78.9205559996596, 43.8659179999158], [-78.9220940004377, 43.8657789998011], [-78.923282000364, 43.8657029998936], [-78.9246779999897, 43.8657029998936], [-78.9257390003546, 43.8657359996167], [-78.9301959999454, 43.8660010001461], [-78.935804999601, 43.8662839997069]]}, "properties": {"lhrs": 47596, "offset": 0, "highway": "401", "length": 2.53, "traffic_section": 47596000, "aadt": 157100, "aadtt": 19800}}, {"type": "Feature", "geometry": {"type": "LineString", "coordinates": [[-78.5445649996749, 44.3027250003585], [-78.5439209996543, 44.3028740000351], [-78.5389440003653, 44.3040809999383], [-78.5348420000582, 44.3050460003727], [-78.5334990001787, 44.3053679999333], [-78.532054000092, 44.305750999609], [-78.5302939998682, 44.3061720001377], [-78.5247749998663, 44.307411999764], [-78.5205940004127, 44.3084550001981], [-78.5191250001186, 44.3088020000123], [-78.5178960001003, 44.3090990002187], [-78.516831999597, 44.3093730002638], [-78.5137909996549, 44.3101170003993], [-78.5132210003488, 44.3102579997069], [-78.5089250000887, 44.3113250003485], [-78.5000079998693, 44.3134440000406], [-78.4894270002558, 44.3160479996155], [-78.4887820001891, 44.3161780002146], [-78.4854229999714, 44.3170400003958], [-78.4812029996187, 44.3180720003226], [-78.4760300002843, 44.3193810004329], [-78.4674599998791, 44.3215499997328], [-78.4667860002737, 44.3217689999394], [-78.466506999998, 44.3218350002851], [-78.4610720002726, 44.3231089996806], [-78.4513370001025, 44.3252149996725], [-78.4454609998252, 44.3265330001978], [-78.443371999718, 44.3269729998041], [-78.4423080001141, 44.3272190003566]]}, "properties": {"lhrs": 14270, "offset": 0, "highway": "7", "length": 8.6, "traffic_section": 14270000, "aadt": 11700, "aadtt": 1050}}, {"type": "Feature", "geometry": {"type": "LineString", "coordinates": [[-80.1041739999301, 43.946214000276], [-80.1041159999534, 43.9459709998618], [-80.1041420002531, 43.9458899997238], [-80.1031450001416, 43.9417579998319], [-80.1019299998696, 43.9371569998957], [-80.1015510003783, 43.9358750001312], [-80.1013950003789, 43.9355050001557], [-80.1011519999648, 43.9350889998575], [-80.1006500001973, 43.9344999996753], [-80.100465999806, 43.934282000414], [-80.1004170002443, 43.9342639995839], [-80.1000850002225, 43.9339369997928], [-80.1000060001767, 43.9338710003464]]}, "properties": {"lhrs": 16490, "offset": 1.9, "highway": "10", "length": 1.43, "traffic_section": 16490019, "aadt": 24500, "aadtt": 2200}}, {"type": "Feature", "geometry": {"type": "LineString", "coordinates": [[-79.2846030001283, 43.7749999998501], [-79.2919190002616, 43.7732960004101], [-79.3024650000597, 43.7708459998431], [-79.3037309999856, 43.7705499996828]]}, "properties": {"lhrs": 47629, "offset": 0, "highway": "401", "length": 1.62, "traffic_section": 47629000, "aadt": 358100, "aadtt": 28600}}, {"type": "Feature", "geometry": {"type": "LineString", "coordinates": [[-79.8921479997304, 43.2940109998078], [-79.8921079996844, 43.2940390001997], [-79.8920960000303, 43.2940479997155], [-79.8920830003302, 43.2940560000844], [-79.8919840002613, 43.2941099998766], [-79.8918840001464, 43.2941709999917], [-79.8917840000315, 43.294234000199], [-79.8916720002626, 43.2942960003602], [-79.8915970004012, 43.2943310001756], [-79.89153500024, 43.294365999991], [-79.8914610004248, 43.2943930003367], [-79.8913980002175, 43.2944280001521], [-79.8913240004023, 43.2944629999675], [-79.8912620002411, 43.2944900003133], [-79.8911870003797, 43.2945250001287], [-79.8911129996652, 43.2945510004284], [-79.8910500003572, 43.2945870002899], [-79.8909759996426, 43.2946129996902], [-79.8908760004271, 43.2946569999207], [-79.8907649998048, 43.2946919997361], [-79.8906659997361, 43.2947269995514], [-79.8905659996212, 43.2947709997818], [-79.8904549998983, 43.2948059995973], [-79.8904169999445, 43.2948150000123], [-79.8903549997834, 43.294841000312], [-79.8902559997146, 43.2948760001274], [-79.8901449999917, 43.2949109999428], [-79.8900449998768, 43.2949459997581], [-79.889934000154, 43.2949809995735], [-79.8838949995546, 43.2969030000734], [-79.8837089999703, 43.2969650002346], [-79.883472999879, 43.2970519997501], [-79.8822449999068, 43.2974449998869], [-79.8807650000047, 43.2981599995843], [-79.8685559999594, 43.305721000224], [-79.8672560002641, 43.3066540000821], [-79.8667060000818, 43.3070620000113], [-79.8615810002629, 43.3108110002275], [-79.8600380001536, 43.31217400013]]}, "properties": {"lhrs": 48300, "offset": 0, "highway": "403", "length": 3.33, "traffic_section": 48300000, "aadt": 149700, "aadtt": 12000}}, {"type": "Feature", "geometry": {"type": "LineString", "coordinates": [[-79.5013769998486, 43.7100250000537], [-79.5014260003096, 43.7100530004457], [-79.5014870004247, 43.710098999869], [-79.5015600001938, 43.7101450001916], [-79.501634000009, 43.7101820000993], [-79.5017069997782, 43.7102280004219], [-79.5017809995934, 43.7102640002834], [-79.5018540002619, 43.7103109997529], [-79.5019280000771, 43.7103469996144], [-79.5020009998462, 43.7103840004214], [-79.5020749996615, 43.7104210003289], [-79.5021480003299, 43.7104669997523], [-79.502221000099, 43.7105039996599], [-79.5022949999143, 43.7105409995675], [-79.5023810002829, 43.7105790004206], [-79.5024550000981, 43.7106150002821], [-79.5025279998672, 43.7106520001897], [-79.5026140002359, 43.7106809997284], [-79.5026880000511, 43.710717999636], [-79.5027609998202, 43.710755000443], [-79.5028349996355, 43.7107829999355], [-79.50290900035, 43.7108100002813], [-79.5029949998194, 43.71083899982], [-79.5030689996346, 43.7108759997277], [-79.503142000303, 43.7109040001196], [-79.5032160001183, 43.7109319996122], [-79.5033019995876, 43.710960000004], [-79.5033760003021, 43.7109880003959], [-79.5034629998176, 43.7110159998886], [-79.5035359995867, 43.7110349998654], [-79.5036230000014, 43.7110630002573], [-79.5036959997705, 43.7110909997499], [-79.5037830001853, 43.7111099997268], [-79.5038570000005, 43.7111380001186], [-79.5039430003691, 43.7111659996112], [-79.5040170001844, 43.7111849995881], [-79.5041029996537, 43.711203999565], [-79.5042019997225, 43.711223999588], [-79.5043009997913, 43.7112519999799], [-79.5043989998139, 43.7112709999568], [-79.5044860002287, 43.7112899999336], [-79.5045850002975, 43.7113099999566], [-79.5046840003663, 43.7113289999335], [-79.5047820003889, 43.7113479999103], [-79.5048689999044, 43.7113669998872], [-79.5049679999732, 43.7113869999102], [-79.505067000042, 43.7113970003713], [-79.5051650000647, 43.7114160003482], [-79.5052640001335, 43.7114360003712], [-79.5053630002022, 43.711445999933], [-79.5054620002711, 43.7114649999099], [-79.5055610003399, 43.711475000371], [-79.5056600004087, 43.7114859999789]]}, "properties": {"lhrs": 46795, "offset": 0, "highway": "400", "length": 0.39, "traffic_section": 46795000, "aadt": 84500, "aadtt": 3400}}, {"type": "Feature", "geometry": {"type": "LineString", "coordinates": [[-79.5371449999417, 43.7831489997266], [-79.5371779996649, 43.7833289999335], [-79.5371999997801, 43.7834469999791], [-79.5372219998953, 43.7835369996329], [-79.5374050002405, 43.7841789995612], [-79.5376459996631, 43.7850280000422], [-79.5378039997548, 43.7856609995555], [-79.5381100003761, 43.786880000012], [-79.5382689996146, 43.7875120003786], [-79.5387229998665, 43.7892739997953], [-79.5389040001195, 43.7899870002999], [-79.5391299997497, 43.7909089996506], [-79.5391669996573, 43.7910540000421]]}, "properties": {"lhrs": 46818, "offset": 0, "highway": "400", "length": 0.89, "traffic_section": 46818000, "aadt": 151500, "aadtt": 10600}}, {"type": "Feature", "geometry": {"type": "LineString", "coordinates": [[-79.1504930002517, 43.1524770002134], [-79.1499159997236, 43.1523970001215], [-79.1497059999319, 43.1523689997296], [-79.1488580003964, 43.1523370000526], [-79.148501000121, 43.1523489997067], [-79.1340789996461, 43.1534110001176], [-79.1320460003226, 43.1535399997712], [-79.131554000117, 43.1535409998173], [-79.1292799995723, 43.153495000394], [-79.1278569996008, 43.1533730001639], [-79.1269380003883, 43.1532770002334], [-79.1250660003956, 43.1529490003961], [-79.1031919998109, 43.1472029998187], [-79.1014349997254, 43.1467420001433], [-79.101105999842, 43.1466559997746], [-79.1006909995899, 43.1465500002823], [-79.0959820000692, 43.1453370001025], [-79.0947950001891, 43.1451369998727], [-79.0942809998682, 43.1450830000804], [-79.0934819998943, 43.1450430000345], [-79.0927939996433, 43.1450409999422], [-79.0922760000373, 43.1450769998037], [-79.0916210004088, 43.1451499995729], [-79.091107000088, 43.1452380000337], [-79.0905240001824, 43.1453689997796], [-79.0899919999308, 43.1455180003555], [-79.0893320000717, 43.1457520003546], [-79.0887340003738, 43.1460099996618], [-79.0883170000295, 43.1462320000069], [-79.0876849996629, 43.1466179998209], [-79.0873539996873, 43.1468509997738]]}, "properties": {"lhrs": 48610, "offset": 0, "highway": "405", "length": 5.35, "traffic_section": 48610000, "aadt": 8050, "aadtt": 1700}}, {"type": "Feature", "geometry": {"type": "LineString", "coordinates": [[-79.1125739998901, 43.0326160000284], [-79.1126289997285, 43.0326590002127], [-79.1127479998203, 43.0327509999588], [-79.1154579997868, 43.0348489995817], [-79.1166920000357, 43.0358590002927], [-79.1178579998468, 43.0370759997576], [-79.1189479997503, 43.038345999868], [-79.1197459996781, 43.0395650003246], [-79.1202100003912, 43.0404469996294], [-79.1208480001351, 43.0420509998538], [-79.1210139996963, 43.0426569999207], [-79.1212289997186, 43.043642000378], [-79.1213649996949, 43.0444279997524], [-79.1216120002936, 43.0468089998355], [-79.1216300002243, 43.0470249999039], [-79.1222409996224, 43.0531309999957], [-79.1223569995759, 43.0573749996566], [-79.1224539995524, 43.0634629998176], [-79.1223290000833, 43.0647309998358], [-79.1220289997385, 43.0661040001995], [-79.1208850000427, 43.0701909998148], [-79.1208720003425, 43.0702469996993], [-79.1208569996508, 43.0703079998144], [-79.120777999605, 43.0705819998595]]}, "properties": {"lhrs": 10030, "offset": 0, "highway": "QEW", "length": 4.45, "traffic_section": 10030000, "aadt": 34400, "aadtt": 4450}}, {"type": "Feature", "geometry": {"type": "MultiLineString", "coordinates": [[[-78.3088079995895, 44.2756229997017], [-78.3084490001213, 44.275705999932], [-78.3082210003988, 44.2757639999087], [-78.3080190000768, 44.2758130003697], [-78.3076249998938, 44.2759120004385], [-78.3073099997566, 44.2759579998619], [-78.3030300002343, 44.2769459995583], [-78.3023949997294, 44.2771289999035], [-78.3017830002852, 44.2773399997412], [-78.3011960001952, 44.2775779999248], [-78.3006449999667, 44.2778350000852], [-78.2996160001782, 44.278431999737], [-78.2991500002723, 44.278754000197], [-78.2983159995837, 44.2794370002174], [-78.2952809999182, 44.2822189999069], [-78.2934760003171, 44.2838689995547]], [[-78.2933200003177, 44.2840109998078], [-78.2910299999345, 44.2861060001918], [-78.2908990001887, 44.286220000053], [-78.2904439998907, 44.2865780003744], [-78.2896300001244, 44.2873780003945], [-78.2833890001023, 44.2930819999344], [-78.2832019995726, 44.2933289996337], [-78.2831580002415, 44.2934719999329], [-78.283072999919, 44.2936770003933], [-78.2830390001497, 44.2938749996316]]]}, "properties": {"lhrs": 14230, "offset": 0, "highway": "7", "length": 2.96, "traffic_section": 14230000, "aadt": 23400, "aadtt": 1400}}, {"type": "Feature", "geometry": {"type": "LineString", "coordinates": [[-79.3200240004073, 44.1285690000594], [-79.3201029995537, 44.1288759998276], [-79.3202049997609, 44.1292380003335], [-79.3202910001295, 44.1292930001719], [-79.3203029997836, 44.1293199996184], [-79.3204260000598, 44.1298349999853], [-79.3204829999904, 44.1300069998233], [-79.320661000105, 44.1308019996126], [-79.3207269995514, 44.1311090002802], [-79.3208170001045, 44.1314620003711], [-79.3210160002881, 44.132364999745], [-79.3212809999182, 44.1336109996479], [-79.3215709998017, 44.134857999597], [-79.3217590003775, 44.1357340004238], [-79.3218819997545, 44.136222000445], [-79.3221800000069, 44.1376129998401], [-79.3223139998912, 44.1381819999993], [-79.3228399998661, 44.1403510001985], [-79.3231659996111, 44.1416699998707], [-79.3233320000717, 44.1424109998678], [-79.3235910003244, 44.1434229997717], [-79.3239269996313, 44.1448140000661], [-79.3240629996077, 44.145320000018], [-79.3242740003448, 44.1462420002682], [-79.3244430000444, 44.1468830001504], [-79.3245440002054, 44.1473079999643], [-79.3247679997434, 44.1482480001451], [-79.3248130000199, 44.1484010000062], [-79.3249249997889, 44.1488710000966], [-79.3250930003417, 44.1495580003015], [-79.3251250000187, 44.1497379996091], [-79.325249000341, 44.1502259996302], [-79.3254050003405, 44.1508949999044], [-79.3254960000403, 44.1512380004334], [-79.3255410003169, 44.1514009998563], [-79.3256639996938, 44.1519069998083], [-79.3258660000158, 44.1527289999435], [-79.3259440000156, 44.1530719995732], [-79.3261230001763, 44.1538219999854], [-79.3262919998759, 44.1544819998444], [-79.3263600003137, 44.1547349998204], [-79.3263919999908, 44.1549069996584], [-79.3264370002673, 44.1550869998652], [-79.3266490001512, 44.1559819997696], [-79.3268379998738, 44.1568399997663], [-79.3269820002191, 44.1575079999943], [-79.3276359998015, 44.1604709999368], [-79.3277129997551, 44.1608139995665], [-79.3278349999852, 44.1613829997257], [-79.3281799997072, 44.1629009995815], [-79.3283130004446, 44.1634879996715], [-79.3284010000061, 44.1639120003386], [-79.3284230001213, 44.164048000315], [-79.3284559998445, 44.1641830002453], [-79.3284670003517, 44.1642459995533], [-79.3285329997981, 44.1645530002208], [-79.3285549999133, 44.1646619998515], [-79.3286350000052, 44.1649509996889], [-79.3286800002817, 44.1651230004262], [-79.3287239996129, 44.1653490000564], [-79.3288789995661, 44.1660530001459], [-79.3289459999579, 44.1663419999834], [-79.3291240000725, 44.167118999842], [-79.3291900004181, 44.1674440004403], [-79.3293230002563, 44.1680489995617], [-79.3295770002783, 44.169214000226], [-79.3297999997702, 44.1702080001991], [-79.3299559997695, 44.1708769995739], [-79.3300569999306, 44.171291999826], [-79.3301780001146, 44.1718700004002], [-79.3303899999985, 44.1727909997049], [-79.3305559995597, 44.173531999702], [-79.3308460003426, 44.1747789996512], [-79.3310030003881, 44.1754469998792], [-79.3310909999497, 44.1758719996931], [-79.331114000111, 44.1759529998311], [-79.3312910001795, 44.1767749999663], [-79.3313799997871, 44.1771540003569], [-79.3316020001321, 44.1781389999149], [-79.3317810002929, 44.1789070002579], [-79.3322599998991, 44.1810029997887], [-79.332349000406, 44.1813820001792], [-79.3324050002905, 44.1816079998094], [-79.3324830002902, 44.1819510003385], [-79.3325950000592, 44.1824299999446], [-79.3326730000589, 44.1827819999893], [-79.3327500000124, 44.1831259996652], [-79.332795000289, 44.1833059998721], [-79.3328619997814, 44.1836040001245], [-79.3329399997811, 44.1839299998696], [-79.3329520003345, 44.1839750001462], [-79.3330510004033, 44.1844349997755], [-79.333129000403, 44.1847790003507], [-79.3336849999627, 44.1872449998569], [-79.3338300003542, 44.1878950001542], [-79.3342069997532, 44.1896110001476], [-79.3342400003757, 44.189747000124], [-79.3345739995904, 44.1912369995879], [-79.334629000328, 44.1914989999789], [-79.3347299995898, 44.1918960003002], [-79.3347959999354, 44.192230999561], [-79.3349859997041, 44.1930260002497], [-79.3353749996565, 44.1947780001047], [-79.3354080002789, 44.1949309999657], [-79.3354969998866, 44.1953199999181], [-79.3355860003936, 44.1957259997552], [-79.335642000278, 44.1959700002154], [-79.3357760001622, 44.1965390003746], [-79.3357980002775, 44.1966480000053], [-79.3358310000006, 44.1968100002813], [-79.3358429996547, 44.1968369997278], [-79.3358980003924, 44.1970899997038], [-79.3359760003921, 44.1974419997485], [-79.3360429998845, 44.1977220000703], [-79.3360979997229, 44.197992999977], [-79.3361539996073, 44.1982370004372], [-79.3362209999991, 44.198498999929], [-79.3362870003447, 44.1988249996741], [-79.3362989999988, 44.1988340000891], [-79.3364539999521, 44.1995560001094], [-79.3366550002281, 44.2004229996218], [-79.3368549995586, 44.2013269999412], [-79.3368549995586, 44.2013360003562], [-79.3369549996735, 44.2017689996397], [-79.3370220000652, 44.2020849998229], [-79.3370779999497, 44.2022930004217], [-79.3372210002489, 44.2029969996119], [-79.3373780002944, 44.2036570003703], [-79.337465999856, 44.2040719997231], [-79.3375219997404, 44.2043160001833], [-79.3375769995789, 44.2045690001593], [-79.3376110002474, 44.2047050001357], [-79.337901000131, 44.2059510000387], [-79.3380119998538, 44.2064749999213], [-79.3381130000149, 44.2068819998045], [-79.3383130002447, 44.2077759996627], [-79.3384110002674, 44.2082910000297], [-79.3384569996907, 44.2084439998907], [-79.3384989998289, 44.2087240002125], [-79.3385100003362, 44.2087780000048], [-79.3385420000132, 44.2089770001884], [-79.3385609999901, 44.2092019997725], [-79.3385810000131, 44.2093999999101], [-79.3385979998977, 44.2096620003011], [-79.3386169998746, 44.2098869998852], [-79.3386329997131, 44.2101939996534], [-79.338631999667, 44.2102559998146], [-79.3386389999898, 44.2104459995833], [-79.3386339997592, 44.2105990003436], [-79.3386309996209, 44.2107340002739], [-79.3386230001513, 44.2109949997195], [-79.3386179999207, 44.2111929998571], [-79.3385979998977, 44.2114619996716], [-79.3385450001516, 44.2119840003614], [-79.3385169997597, 44.2121180002456], [-79.3384539995524, 44.2125769998287], [-79.3384229999215, 44.2127650004045], [-79.338378999691, 44.2130079999193], [-79.3383189996221, 44.2133490003561], [-79.3382449998069, 44.213753000101], [-79.3381249996689, 44.2144719999829], [-79.337992999877, 44.2151630003722], [-79.3379479996005, 44.2154049998409], [-79.337901000131, 44.2157379999088], [-79.337829000408, 44.2160970002764], [-79.3377830000853, 44.2163840000217], [-79.337768000293, 44.2164830000904], [-79.337708000224, 44.2168150001122], [-79.3376500002473, 44.2171209998343], [-79.3376049999707, 44.2173899996488], [-79.3375439998557, 44.2177580004314], [-79.3374849998328, 44.2181000000151], [-79.3374249997639, 44.2184320000368], [-79.3373950001791, 44.2186290001283], [-79.3373639996488, 44.2188270002659], [-79.337242000318, 44.2195900003783], [-79.3371200000879, 44.2203809999832], [-79.3370309995809, 44.2204339997294], [-79.3368890002271, 44.2212549998184]]}, "properties": {"lhrs": 31040, "offset": 0, "highway": "48", "length": 10.43, "traffic_section": 31040000, "aadt": 12200, "aadtt": 1200}}, {"type": "Feature", "geometry": {"type": "LineString", "coordinates": [[-79.8934159997485, 43.262013], [-79.8934020000023, 43.2620940001381], [-79.8934020000023, 43.2621029996538], [-79.8933759997026, 43.2621659998611], [-79.8933630000024, 43.2622469999991], [-79.8933609999102, 43.2623280001371], [-79.8933470001639, 43.2623999998602], [-79.8933470001639, 43.2624359997217], [-79.893318999772, 43.2626149998824], [-79.8932880001411, 43.2629479999503], [-79.8932409997723, 43.2635420003631], [-79.8931330001878, 43.264738999805], [-79.8929469997042, 43.2667899999586], [-79.8928519998199, 43.2680050002306], [-79.8927929997971, 43.2685169995599], [-79.8927790000508, 43.2686250000437], [-79.8927769999585, 43.2687329996283], [-79.8927149997974, 43.2694169996948], [-79.8926539996823, 43.2700740003149], [-79.8926220000052, 43.2704610001751], [-79.8926009999362, 43.2709739995505], [-79.8925939996133, 43.2713160000334], [-79.8926100003512, 43.2717840000316], [-79.8926500003972, 43.2723160002832], [-79.8927329997281, 43.2731989996342], [-79.8928460004425, 43.2744519998599], [-79.8929170001195, 43.275281000318], [-79.8929770001884, 43.2760649996001], [-79.8929750000962, 43.2761459997382], [-79.89297400005, 43.2762269998762], [-79.8929719999578, 43.2763080000142], [-79.8929580002115, 43.2763799997372], [-79.8929570001654, 43.2764609998753], [-79.8929430004191, 43.2765420000134], [-79.8929289997735, 43.2766230001514], [-79.8929160000733, 43.2767040002894], [-79.892902000327, 43.2767850004275], [-79.8928760000273, 43.2768560001044], [-79.8928620002811, 43.2769190003117], [-79.8928489996816, 43.2769819996196], [-79.8928359999814, 43.2770360003112], [-79.8928099996817, 43.2770989996192], [-79.8927969999815, 43.2771619998265], [-79.8927830002352, 43.2772250000337], [-79.8927699996357, 43.277278999826], [-79.8927440002354, 43.2773409999872], [-79.8927309996359, 43.2774040001945], [-79.8927169998896, 43.2774579999868], [-79.8927030001433, 43.2775299997098], [-79.8926779998898, 43.2775929999171], [-79.8926640001435, 43.2776649996401], [-79.8926379998438, 43.2777279998473], [-79.8926250001436, 43.2777990004235], [-79.8926110003973, 43.2778619997315], [-79.8925850000977, 43.2779340003539], [-79.8925720003975, 43.2779969996619], [-79.8925579997518, 43.2780599998691], [-79.8925450000517, 43.2781319995922], [-79.8925179997059, 43.2782489995917], [-79.8924910002594, 43.2783650004445], [-79.8924639999136, 43.278482000444], [-79.8924379996139, 43.2785990004436], [-79.8924229998215, 43.2787160004431], [-79.8923960003751, 43.2788330004427], [-79.8923819997295, 43.2789500004422], [-79.8923669999371, 43.2790670004418], [-79.8923409996374, 43.2791919999109], [-79.8923399995913, 43.2792279997724], [-79.8922669998221, 43.2798400001159], [-79.892265999776, 43.2798939999082], [-79.8922649997299, 43.2799570001155], [-79.8922639996838, 43.2800109999078], [-79.8922629996377, 43.2800649997], [-79.8922619995916, 43.2801279999073], [-79.8922610004448, 43.2801819996996], [-79.8922600003987, 43.2802360003911], [-79.8922590003526, 43.2802989996991], [-79.8922699999605, 43.2803530003907], [-79.8922689999144, 43.2804070001829], [-79.8922920000757, 43.2805250002286], [-79.8923019996375, 43.2806420002282], [-79.8923239997528, 43.2807590002277], [-79.8923589995682, 43.2808760002273], [-79.8923819997295, 43.2809580004114], [-79.8923940002828, 43.2809940002729], [-79.8924290000982, 43.2811110002725], [-79.8924639999136, 43.2812199999031], [-79.8925239999826, 43.2813369999027], [-79.8925710003513, 43.2814460004326], [-79.8926310004203, 43.2815540000171], [-79.8926779998898, 43.281644999717], [-79.8927260003046, 43.281725999855], [-79.8927860003736, 43.2818080000392], [-79.8928339998892, 43.281897999693], [-79.8928939999581, 43.2819799998771], [-79.892954000027, 43.2820620000613], [-79.8930269997962, 43.2821440002455], [-79.8930869998651, 43.2822159999685], [-79.8931589995881, 43.2822980001526], [-79.8932320002565, 43.2823709999217], [-79.8932799997721, 43.2824160001983], [-79.8933169996798, 43.2824530001059], [-79.8933650000947, 43.2824980003825], [-79.8934009999562, 43.2825429997597], [-79.8934500004172, 43.2825799996673], [-79.8934989999788, 43.2826249999438], [-79.8935349998403, 43.2826710002665], [-79.8935830002552, 43.282707000128], [-79.8935949999093, 43.2827159996437]]}, "properties": {"lhrs": 48307, "offset": 0, "highway": "403", "length": 2.33, "traffic_section": 48307000, "aadt": 113100, "aadtt": 8500}}, {"type": "Feature", "geometry": {"type": "LineString", "coordinates": [[-79.807268000218, 43.3151499997727], [-79.8073250001486, 43.315192999957], [-79.8075079995945, 43.3153120000488], [-79.8137580000316, 43.31921300008], [-79.8202889999374, 43.3233049999259], [-79.8221900003682, 43.3245400002209], [-79.8231250003185, 43.3252980001027], [-79.8244320003365, 43.3265629999825], [-79.8251799997571, 43.3274529996563], [-79.8252769997337, 43.3275440002554], [-79.8253179998258, 43.3275879995866], [-79.8253610000101, 43.3276349999554], [-79.8255070004477, 43.3277800003468], [-79.8256160000783, 43.3279469999541]]}, "properties": {"lhrs": 10113, "offset": 0, "highway": "QEW", "length": 2.07, "traffic_section": 10113000, "aadt": 170300, "aadtt": 20400}}, {"type": "Feature", "geometry": {"type": "LineString", "coordinates": [[-79.7685329999979, 43.7227899996588], [-79.7679849999078, 43.7232759995878], [-79.7669240004422, 43.7241830000454], [-79.7669210003039, 43.7242820001143], [-79.7665310003054, 43.7245750001362], [-79.7656860000088, 43.7252240003873], [-79.7655219996406, 43.7253390002947], [-79.7653449995721, 43.7254720001327], [-79.765231999757, 43.7255609997404]]}, "properties": {"lhrs": 14481, "offset": 0, "highway": "7", "length": 0.41, "traffic_section": 14481000, "aadt": 31300, "aadtt": 3450}}, {"type": "Feature", "geometry": {"type": "LineString", "coordinates": [[-80.404814000066, 43.4148599996893], [-80.4051219998804, 43.4149340004038], [-80.4052700004102, 43.4149710003115], [-80.4053440002254, 43.4149890002422], [-80.4062060004065, 43.4152279995726], [-80.4071909999647, 43.415565999871], [-80.4078190001467, 43.4158209999392], [-80.4084339997293, 43.4160949999843], [-80.4090239999576, 43.4164039998448], [-80.4094659996561, 43.4166310004204], [-80.4106450000667, 43.4173219999104], [-80.412118999692, 43.4182209999992], [-80.4129169996198, 43.4186930001819], [-80.4137530004006, 43.4191380000187], [-80.4144779996599, 43.4195019997176], [-80.4155850003474, 43.4199939999232], [-80.4174669999021, 43.4208230003812], [-80.4178979999926, 43.4210239997578], [-80.4180699998306, 43.4211049998959], [-80.4193739997103, 43.4216699998706], [-80.4197309999856, 43.4218160003082], [-80.4208019999123, 43.4222179999608], [-80.4213799995873, 43.4224190002367], [-80.422255000368, 43.4226839998668], [-80.4226369999975, 43.4227940004428], [-80.4252249997339, 43.4234469999791], [-80.4272830002103, 43.4239610003], [-80.4305000001748, 43.4247790002507], [-80.4316959995707, 43.4250819998345], [-80.4325700003052, 43.4253290004331], [-80.4330380003034, 43.4254939999482], [-80.433419999933, 43.4256309999707], [-80.4334319995871, 43.4256400003858]]}, "properties": {"lhrs": 15871, "offset": 0, "highway": "8", "length": 2.63, "traffic_section": 15871000, "aadt": 117600, "aadtt": 8250}}, {"type": "Feature", "geometry": {"type": "LineString", "coordinates": [[-79.114728000297, 43.816650999644], [-79.1167249997589, 43.8153489998565], [-79.1216209998092, 43.8121960001453], [-79.1235669996173, 43.8110250001037], [-79.125901000231, 43.8096159998785], [-79.1283839996219, 43.8080489995617], [-79.1302359995917, 43.8069769995889], [-79.1328929998121, 43.805538999825], [-79.1358559997545, 43.8037439997858], [-79.143101000211, 43.798771999828], [-79.1446260003896, 43.797768000293]]}, "properties": {"lhrs": 47612, "offset": 0, "highway": "401", "length": 3.19, "traffic_section": 47612000, "aadt": 259600, "aadtt": 7800}}, {"type": "Feature", "geometry": {"type": "LineString", "coordinates": [[-79.1501000001149, 43.1519429998696], [-79.1509250003884, 43.1522980000527], [-79.153382000379, 43.1532289998186], [-79.1590459998729, 43.1552769998337], [-79.1609250001886, 43.1559619999464], [-79.1640799999919, 43.1570960000804]]}, "properties": {"lhrs": 10050, "offset": 0, "highway": "QEW", "length": 1.27, "traffic_section": 10050000, "aadt": 91300, "aadtt": 13700}}, {"type": "Feature", "geometry": {"type": "LineString", "coordinates": [[-79.8104389998599, 43.5883410003369], [-79.8106699997207, 43.5881289995537], [-79.8178689998544, 43.581667000132], [-79.8188649999198, 43.5807680000432], [-79.8207840002813, 43.5789600003038], [-79.8242130001298, 43.575862000431], [-79.8292260001797, 43.5713839998717]]}, "properties": {"lhrs": 47689, "offset": 0, "highway": "401", "length": 2.42, "traffic_section": 47689000, "aadt": 156500, "aadtt": 26600}}, {"type": "Feature", "geometry": {"type": "LineString", "coordinates": [[-79.897765999801, 44.7187160004431], [-79.898129000353, 44.7195480001401]]}, "properties": {"lhrs": 39130, "offset": 0, "highway": "93", "length": 0.1, "traffic_section": 39130000, "aadt": 15100, "aadtt": 1350}}, {"type": "Feature", "geometry": {"type": "LineString", "coordinates": [[-78.7146429998745, 44.9316120002936], [-78.7145659999209, 44.9317799999471], [-78.7143109998527, 44.9321350001302], [-78.7131530004106, 44.9341640001686], [-78.7122940003677, 44.9372890003871], [-78.712034000069, 44.9380850002226], [-78.7118949999543, 44.9387209998743], [-78.7119410002769, 44.9394599997792]]}, "properties": {"lhrs": 27960, "offset": 3.6, "highway": "35", "length": 0.91, "traffic_section": 27960036, "aadt": 10500, "aadtt": 940}}, {"type": "Feature", "geometry": {"type": "LineString", "coordinates": [[-80.4607349996205, 43.4465180000058], [-80.4608460002427, 43.4465990001438], [-80.4611770002184, 43.4468619996816], [-80.4618519998699, 43.447432999933], [-80.4624889995676, 43.4480210000692], [-80.4633460004176, 43.4489250003885], [-80.4637130002547, 43.4493320002716], [-80.4647519996051, 43.4506519999899], [-80.4650950001341, 43.4510579998269], [-80.4654379997638, 43.451402000402], [-80.4660019996925, 43.4519450002616], [-80.4671909996649, 43.45301300005], [-80.4683190004215, 43.4540449999768], [-80.4685280001671, 43.4542440001605], [-80.4687480004199, 43.4544970001365], [-80.4698760002772, 43.4555469999941], [-80.4702070002528, 43.4558640002235], [-80.4705000002747, 43.4561980003375], [-80.4707449998818, 43.4565409999672], [-80.4710979999727, 43.457145999988], [-80.4712190001567, 43.4574440002405], [-80.4713760002022, 43.4579039998697], [-80.4714930002017, 43.4586069999132], [-80.4714910001096, 43.4588139995665], [-80.4714879999712, 43.4591739999802], [-80.4714330001328, 43.4597949998394], [-80.471252999926, 43.4619819999694]]}, "properties": {"lhrs": 14590, "offset": 0, "highway": "7", "length": 1.99, "traffic_section": 14590000, "aadt": 122400, "aadtt": 11000}}, {"type": "Feature", "geometry": {"type": "LineString", "coordinates": [[-79.2356999995553, 43.1578600002389], [-79.2362240003373, 43.1580310000307], [-79.2365049998058, 43.1580980004225], [-79.237325999895, 43.1582189997071], [-79.2378669996623, 43.1582270000761], [-79.238532999798, 43.1581649999148], [-79.2390510003034, 43.1580920001457], [-79.2396789995861, 43.1579580002615], [-79.2397569995858, 43.1579410003769], [-79.240254000022, 43.1577689996397], [-79.240751999605, 43.1575510003784], [-79.2412890000873, 43.1572799995724], [-79.2418279997623, 43.1569099995968], [-79.2424329997831, 43.1563879998064], [-79.2429450000117, 43.1557209996245], [-79.2431250002185, 43.1554440003404], [-79.2432149998723, 43.1552929996723], [-79.2441669997073, 43.1538309997009], [-79.2443560003291, 43.1536799999321], [-79.2450809995884, 43.1532679998184], [-79.2455289995636, 43.1530679995886], [-79.245764999655, 43.15300000005], [-79.2461729995842, 43.1529430001194], [-79.2468369996278, 43.1529349997505], [-79.2474000004096, 43.1530250003036], [-79.2497580003314, 43.1535650000248], [-79.2506249998438, 43.1537850002776], [-79.2511259995652, 43.1539279996775], [-79.2515759996326, 43.1540970002764], [-79.2519160000234, 43.154245999953], [-79.2522789996761, 43.154458999883], [-79.2542139998761, 43.1560460002228], [-79.2546239998977, 43.1563319999219], [-79.2549990001038, 43.1565629997827], [-79.2558970001464, 43.1569729998042], [-79.2562870001449, 43.1570960000804], [-79.2567629996127, 43.1572109999877], [-79.2579510004383, 43.157417999641], [-79.2581709997918, 43.1574389997101], [-79.259327000041, 43.1574480001252], [-79.2595240001324, 43.1574419998485], [-79.259661000155, 43.1574389997101], [-79.2597830003851, 43.1574369996179], [-79.2600930002917, 43.1574290001483]]}, "properties": {"lhrs": 48715, "offset": 0, "highway": "406", "length": 2.42, "traffic_section": 48715000, "aadt": 37600, "aadtt": 1150}}, {"type": "Feature", "geometry": {"type": "LineString", "coordinates": [[-79.7098730000389, 43.5431290000034], [-79.709641000132, 43.543327000141], [-79.7091150001571, 43.5437760001623], [-79.7051770002183, 43.5471910002645], [-79.7032979999028, 43.5487930003967], [-79.7028809995584, 43.5491940000031], [-79.7025159998135, 43.5494599996793], [-79.7009450002116, 43.5507960001353], [-79.6986210000591, 43.5527470001739], [-79.6971569999955, 43.5539059996622], [-79.6968399997662, 43.5541209996844]]}, "properties": {"lhrs": 48266, "offset": 0, "highway": "403", "length": 1.61, "traffic_section": 48266000, "aadt": 168300, "aadtt": 25200}}, {"type": "Feature", "geometry": {"type": "LineString", "coordinates": [[-79.433695000224, 43.7361380000687], [-79.4339729995543, 43.7359799999771], [-79.4362549995685, 43.7346420003281], [-79.43698700005, 43.7342110002375], [-79.4370239999576, 43.7341940003529], [-79.437058999773, 43.7341740003299], [-79.4381970000915, 43.7335159996637], [-79.4399109999926, 43.7325219996906], [-79.4399869999001, 43.7324780003595], [-79.4400750003609, 43.7324350001751], [-79.4401510002684, 43.7323909999447], [-79.4402379997838, 43.7323560001294], [-79.4403270002908, 43.7323119998989], [-79.4404020001521, 43.7322679996685], [-79.4404899997137, 43.7322329998531], [-79.4405780001745, 43.7321889996227], [-79.4406530000359, 43.7321539998073], [-79.4407409995974, 43.732120000038], [-79.4408290000583, 43.7320759998076], [-79.4409169996198, 43.7320409999922], [-79.4410050000807, 43.7320060001768], [-79.441079999942, 43.7319710003615], [-79.4411680004029, 43.731927000131], [-79.4412559999644, 43.7318930003617], [-79.4413440004253, 43.731857999647], [-79.4414319999868, 43.7318229998316], [-79.4415190004015, 43.7317970004313], [-79.4416199996632, 43.7317619997166], [-79.4417080001241, 43.7317279999473], [-79.4417949996395, 43.7316930001319], [-79.4418830001004, 43.7316669998322], [-79.4419709996618, 43.7316320000168], [-79.4420590001227, 43.7315970002015], [-79.4421339999841, 43.7315709999017], [-79.4422089998454, 43.7315449996021], [-79.4422970003063, 43.7315099997867], [-79.4423720001676, 43.7314850004325], [-79.442447000029, 43.7314590001328], [-79.4425349995905, 43.7314329998331], [-79.4426100003512, 43.7314070004328], [-79.4426969998666, 43.7313810001331], [-79.4427729997741, 43.7313549998335], [-79.4428600001888, 43.7313290004331], [-79.4429479997503, 43.7313030001334], [-79.4430229996117, 43.7312769998337], [-79.4431100000264, 43.7312599999491], [-79.443197999588, 43.7312349996955], [-79.4432730003487, 43.7312179998109], [-79.4433599998641, 43.7311920004105], [-79.4434480003249, 43.7311749996266], [-79.4435230001862, 43.7311490002262], [-79.4436099997017, 43.7311320003416], [-79.4436980001626, 43.7311159996037], [-79.443784999678, 43.7310900002034], [-79.4438730001388, 43.7310730003188], [-79.4439599996542, 43.7310560004341], [-79.4464569996907, 43.7305230001364], [-79.4464700002902, 43.7305230001364], [-79.4484800003517, 43.7300909999997], [-79.4484920000058, 43.7300909999997], [-79.4485299999595, 43.7300740001151], [-79.4487300001893, 43.7300309999308], [-79.4488040000045, 43.7300140000461]]}, "properties": {"lhrs": 47650, "offset": 0, "highway": "401", "length": 1.42, "traffic_section": 47650000, "aadt": 379900, "aadtt": 30400}}, {"type": "Feature", "geometry": {"type": "LineString", "coordinates": [[-78.3594229999715, 44.2483300001294], [-78.3584120001137, 44.2490900001035], [-78.3578559996546, 44.2494739998253], [-78.3570900003032, 44.2500680002381], [-78.3562959996606, 44.2507340003739], [-78.35581299987, 44.2511820003491], [-78.3549200000579, 44.2521059997921], [-78.3545229997366, 44.2525650002746], [-78.3538169995549, 44.2535119998789], [-78.3532510004333, 44.2543990003136], [-78.352744999582, 44.2553419997336], [-78.3519289997235, 44.2570700002803], [-78.3517070002778, 44.2575330000479], [-78.3513419996335, 44.2584239997678], [-78.3491619998264, 44.263154000257], [-78.3486539997822, 44.2641419999534], [-78.3483029997836, 44.2647189995822], [-78.3481170001994, 44.2649579998119], [-78.3478020000622, 44.2652649995801], [-78.3476710003164, 44.2653970002714], [-78.3475920002705, 44.2654770003633], [-78.3471200000879, 44.2659339998543], [-78.3466639997438, 44.2662760003372]]}, "properties": {"lhrs": 14243, "offset": 0, "highway": "7", "length": 2.27, "traffic_section": 14243000, "aadt": 28800, "aadtt": 2300}}, {"type": "Feature", "geometry": {"type": "LineString", "coordinates": [[-79.7108690001043, 44.3801250002686], [-79.7108280000122, 44.3802689997146], [-79.7106570002204, 44.3806270000361], [-79.7086260000898, 44.3844839998368], [-79.707970999562, 44.3857459995783], [-79.7067780003044, 44.3880370000076], [-79.705902000377, 44.389621000209], [-79.705214000126, 44.3906310000207], [-79.703715000247, 44.3925490003361], [-79.7015840000016, 44.3952259996802], [-79.6985749997364, 44.3990089996657]]}, "properties": {"lhrs": 46890, "offset": 0, "highway": "400", "length": 2.32, "traffic_section": 46890000, "aadt": 123400, "aadtt": 8650}}, {"type": "Feature", "geometry": {"type": "LineString", "coordinates": [[-80.1390540004417, 44.0910510002035], [-80.1382900002832, 44.0912159997186], [-80.1317479998702, 44.0926520002897], [-80.1311839999416, 44.0927559996897], [-80.1299699997157, 44.0929169999197], [-80.1295829998555, 44.0929410001271], [-80.1227630001123, 44.0937089995707], [-80.120105999892, 44.0942639999836], [-80.1083599996143, 44.0969459995583], [-80.106918999712, 44.0972500000875], [-80.1061670001069, 44.0974240000177], [-80.097791999701, 44.0993659996412], [-80.0906209999591, 44.100983999612], [-80.0903700000754, 44.1010360002113], [-80.0840500000074, 44.1025340000441], [-80.081594000063, 44.1029830000655], [-80.0811809999032, 44.1030060002268], [-80.0758880004308, 44.1035310001556], [-80.0745350000901, 44.1037359997167], [-80.072942000373, 44.1041370002224], [-80.0719240001924, 44.1045519995752], [-80.0678500002772, 44.1061929997072], [-80.0589069997582, 44.1082989996991], [-80.0580040003842, 44.108508000344], [-80.0560969996768, 44.1089960003652], [-80.0554310004403, 44.1092700004102], [-80.0524359999214, 44.1113160003332], [-80.0511510000186, 44.1119980003075], [-80.0504219996755, 44.112235000445], [-80.0489439998657, 44.1124569998907], [-80.0481570004452, 44.1124589999829], [-80.0446380000436, 44.1121239998228], [-80.0438139998162, 44.1120809996385], [-80.0430400000959, 44.1120750002611], [-80.0423889997525, 44.1121140002609], [-80.0414489995716, 44.1122860000989], [-80.0406460003126, 44.1124690004441], [-80.0368450003964, 44.1133909997948], [-80.0269989996041, 44.1156210001091], [-80.026997999558, 44.1156210001091], [-80.010880000012, 44.1191920002107], [-80.0092490003411, 44.1195559999095], [-80.000001000146, 44.1217809999932], [-79.9939639996388, 44.1232490002412]]}, "properties": {"lhrs": 38635, "offset": 0, "highway": "89", "length": 12.26, "traffic_section": 38635000, "aadt": 6900, "aadtt": 970}}, {"type": "Feature", "geometry": {"type": "MultiLineString", "coordinates": [[[-79.0222829999605, 43.8532579997569], [-79.0226210002589, 43.8531710002415]], [[-79.0222829999605, 43.8532579997569], [-79.0275970004012, 43.851880000062], [-79.0318179999008, 43.8509579998119], [-79.0335339998941, 43.8506000003898], [-79.0381289995536, 43.8497340000241], [-79.0403029999834, 43.8493029999336]], [[-79.0123149998373, 43.8556860002088], [-79.0178479995855, 43.8543360000065], [-79.0215219999403, 43.8534559998945], [-79.0222829999605, 43.8532579997569]]]}, "properties": {"lhrs": 47602, "offset": 0, "highway": "401", "length": 2.39, "traffic_section": 47602000, "aadt": 212800, "aadtt": 23400}}, {"type": "Feature", "geometry": {"type": "LineString", "coordinates": [[-79.4233124180336, 44.0870224178503], [-79.423491900231, 44.0877175002625], [-79.423491900231, 44.087717699912], [-79.4237085001471, 44.0885710000517], [-79.4238097988831, 44.0890394002482], [-79.423862599879, 44.0893423998319], [-79.4239113988919, 44.0896924996092], [-79.4239435991178, 44.0899981998571], [-79.4239665992791, 44.0903118995745], [-79.4239811997725, 44.0907026001449], [-79.4239799002522, 44.091100200314], [-79.4239653995835, 44.0914518001605], [-79.4239321003861, 44.0918641995732], [-79.4238871999343, 44.0922349001206], [-79.4238165995564, 44.0926660998606], [-79.4237079992247, 44.0931735998818], [-79.4235721997971, 44.0936759998475], [-79.4232961996598, 44.0944724997062], [-79.4229749995965, 44.09519740004], [-79.4225053997044, 44.0961042997737], [-79.4220440996554, 44.0969635003653], [-79.4217431999887, 44.0975252996529], [-79.4214957002663, 44.0980067004489], [-79.4212556001658, 44.0985117003547], [-79.4209672001761, 44.0992206997755], [-79.4206844011641, 44.1000889997076], [-79.4205535003437, 44.1006837996177], [-79.4204688003948, 44.1010941998375], [-79.420390199648, 44.1015692001585], [-79.420344600423, 44.1019250996637], [-79.4203026002847, 44.1023801997865], [-79.4202790002756, 44.1028292996325], [-79.4202730998236, 44.1032876004424], [-79.420282399713, 44.1036752001504], [-79.4203084000126, 44.1041097004024], [-79.420361799957, 44.1046329997132], [-79.4204275008285, 44.1050843002004], [-79.4205118005791, 44.1055365998343], [-79.422398000867, 44.113141599805], [-79.4225036999857, 44.1135597998449], [-79.4226182996948, 44.1139798003276], [-79.4227978997033, 44.1145470998688], [-79.4229420996981, 44.1149348003008], [-79.4231116992455, 44.1153504004007], [-79.423306200121, 44.1157847001039], [-79.4235044008074, 44.1161902997426], [-79.4236500999721, 44.1164686003457], [-79.4238240999023, 44.1167819996896], [-79.4240455993249, 44.1171531004353], [-79.4242776001311, 44.1175099999866], [-79.4243542997111, 44.117617100249], [-79.4245778001253, 44.1179399002063], [-79.4247575997834, 44.1181859996842], [-79.4249418996489, 44.1184269001814], [-79.4250637002295, 44.1185803002407], [-79.4253099004315, 44.118877199723], [-79.4257119999089, 44.1193281000118], [-79.4259100998711, 44.1195416997897], [-79.4261780996396, 44.1198227001575], [-79.4263801008609, 44.1200316000783], [-79.4267756002137, 44.1204397996571], [-79.4274780004093, 44.1211647998157], [-79.4297027999442, 44.1234611997746], [-79.4300486000628, 44.1238194995703], [-79.4302171662891, 44.1239977865686]]}, "properties": {"lhrs": 48542, "offset": 0, "highway": "404", "length": 4.34, "traffic_section": 48542000, "aadt": 30500, "aadtt": 1850}}, {"type": "Feature", "geometry": {"type": "LineString", "coordinates": [[-80.547791999701, 44.2599760002922], [-80.5473390003945, 44.2597139999012], [-80.5457930001468, 44.2588169999047], [-80.5455679996634, 44.2587169997898], [-80.5451940004028, 44.2584629997677], [-80.5417059996321, 44.2564040001445], [-80.5365399997212, 44.253431999787], [-80.5346570001204, 44.2523169996299], [-80.5326870001049, 44.2512099998417], [-80.5317269999011, 44.2506120001437], [-80.5308229995817, 44.2500729995693], [-80.5308190002966, 44.2500700003303], [-80.5238849997929, 44.2460510002535], [-80.5196349998553, 44.2435310000557], [-80.5193229998565, 44.2433220003101], [-80.5188080003888, 44.2430090002652], [-80.5153940003328, 44.2410220003651], [-80.5146920003355, 44.2406429999745], [-80.5137849998778, 44.2402109998378], [-80.5120160001383, 44.2394089997256], [-80.511112999865, 44.2390039999347], [-80.5104550000982, 44.2387089998205], [-80.5104319999368, 44.2386990002587], [-80.5099239998926, 44.2384719996831], [-80.5087349999203, 44.2379200003078], [-80.5081740001299, 44.2376119995942], [-80.5042239996378, 44.2352719996031], [-80.5030900004032, 44.2346460004126], [-80.5022270001759, 44.2342110001376], [-80.5013080000641, 44.2338420002082], [-80.5006939996284, 44.2336450001167], [-80.4999939997232, 44.2334530002558], [-80.4990070000729, 44.2332230004412], [-80.4957180003854, 44.2327860000739], [-80.494692999882, 44.23257400019], [-80.4940679998383, 44.2324089997756], [-80.4934059998869, 44.2321989999839], [-80.4895750003859, 44.2306790000359], [-80.4891879996264, 44.2305240000826], [-80.4874660002557, 44.2298410000621], [-80.4845970001514, 44.2286669998822], [-80.4840849999227, 44.2284030002983], [-80.4836000000399, 44.2281039999996], [-80.4831520000647, 44.2277780002545], [-80.4827420000432, 44.2274250001637], [-80.4813519997949, 44.225950999639], [-80.4807439996358, 44.2253449995721], [-80.4800599995693, 44.2248469999891], [-80.4697980002775, 44.2187310003354], [-80.4680919998459, 44.2177510001086], [-80.4678680003079, 44.217633000063], [-80.4663329996682, 44.217095000434], [-80.4628399995663, 44.2165919997211], [-80.4620679999382, 44.2164349996755], [-80.4612679999182, 44.2162419997685], [-80.4601470003837, 44.2158679996085], [-80.4582360003911, 44.2149389999349], [-80.4531359999264, 44.2119369999926], [-80.452524999629, 44.2116369996479], [-80.4514529996562, 44.2111990001338], [-80.4500790001457, 44.2108239999277], [-80.4486800003817, 44.2105469997443], [-80.4442540004217, 44.2100389997001], [-80.4403650000447, 44.2095790000708], [-80.4393910000945, 44.2093670001869], [-80.438778999751, 44.2091839998418], [-80.4381929997072, 44.2089649996351], [-80.437644999617, 44.2087099995669], [-80.4353790003406, 44.2074210003789], [-80.42293500025, 44.200048000315], [-80.422014000046, 44.1995030003632], [-80.4211919999108, 44.199057999627], [-80.4203200001679, 44.1986210001591], [-80.4190619997115, 44.1980659997461], [-80.4175779996249, 44.197527000071], [-80.4100779999997, 44.1954090004251], [-80.4089189996121, 44.1950279999423], [-80.4078580001466, 44.1946050002206], [-80.4068870003347, 44.1941859997841], [-80.4054420002481, 44.1934489999714], [-80.4005539996673, 44.19058700019], [-80.3839880001461, 44.1808210003889], [-80.380878999766, 44.1790119997041], [-80.3797610003699, 44.1783659995913], [-80.3786909995899, 44.1777669998472], [-80.3676009998862, 44.1712240002875], [-80.3608269995663, 44.1672790000259], [-80.3494429997946, 44.1605790004206], [-80.3466099995518, 44.1588519999199], [-80.3432409997723, 44.1558980003925], [-80.3420390000998, 44.154963999589], [-80.3407229996666, 44.1540469995694], [-80.3361140002608, 44.1513639999487], [-80.322339999991, 44.1431889997726], [-80.3209119997889, 44.1423440003754], [-80.32047799956, 44.1420530004457], [-80.3196219996555, 44.1414179999408], [-80.316181000153, 44.1383990001138], [-80.3150280000421, 44.1375460003477], [-80.3138369999775, 44.1367909997049], [-80.3035569998556, 44.130733000028], [-80.283848000185, 44.1190150001422], [-80.2641090000303, 44.1073289999334], [-80.2504539998522, 44.0992270004258], [-80.2493369996028, 44.0986170001745], [-80.2487280002969, 44.0983699995759], [-80.2480309996309, 44.0981490001762], [-80.2474339999791, 44.0980009996464], [-80.2467849997279, 44.0978800003618], [-80.2434180000406, 44.0973979997179], [-80.2424329995832, 44.0972570004103], [-80.2254000001099, 44.0947750001662], [-80.2223519998449, 44.0943529995913], [-80.2176990002087, 44.093688000401], [-80.2144030001983, 44.0931829995958], [-80.2117849999777, 44.0927549996435], [-80.2111989999339, 44.0926520002897], [-80.2102530003756, 44.0924019995527], [-80.2098299997547, 44.0922370000376], [-80.2094199997331, 44.0920450001766], [-80.2087139995514, 44.0915990002937], [-80.2084180002905, 44.0913539997873], [-80.2079619999463, 44.090874000135], [-80.2077039997397, 44.0905389999749], [-80.2075459996481, 44.0902680000682], [-80.2073879995565, 44.0899059995623], [-80.2073349998104, 44.0896919995861]]}, "properties": {"lhrs": 16540, "offset": 1.3, "highway": "10", "length": 33.73, "traffic_section": 16540013, "aadt": 6650, "aadtt": 600}}, {"type": "Feature", "geometry": {"type": "LineString", "coordinates": [[-79.6446299995748, 43.6008449995971], [-79.6446040001744, 43.6008669997123], [-79.6443769995988, 43.6010619997116], [-79.6406810000281, 43.6045030001134], [-79.6370109998577, 43.6079439996159], [-79.6369089996506, 43.6080330001229], [-79.6367700004351, 43.608175000376], [-79.6367189998819, 43.6082290001683], [-79.6358179997009, 43.6091539996574], [-79.6351230000264, 43.609757999632], [-79.6346180001206, 43.6101939999532], [-79.6341490000762, 43.6106559996747], [-79.6337559999394, 43.6110200002728], [-79.6334510002634, 43.6113500002024], [-79.633235000195, 43.6116089995558], [-79.6330170000345, 43.6119120000388], [-79.63279999992, 43.6121890002223], [-79.6326330003127, 43.6124749999214], [-79.6324770003133, 43.6127879999663], [-79.6323210003139, 43.6131189999419], [-79.632252999876, 43.6133889998026], [-79.6321470003837, 43.613675000401], [-79.6320779998998, 43.6139899996388], [-79.6320060001767, 43.6144569995909], [-79.6319569997157, 43.6149340000042], [-79.6319640000385, 43.6152039998648], [-79.6319920004304, 43.6155820002092], [-79.6320240001075, 43.6158170002544], [-79.632079999992, 43.6160880001611], [-79.6321460003376, 43.6164400002059], [-79.6325110000826, 43.6173259996952], [-79.6328789999658, 43.6180240004073], [-79.6330339999191, 43.6183049998759], [-79.6334910003094, 43.618904999666], [-79.633914000031, 43.6193729996643], [-79.6341629998225, 43.6196479997555], [-79.6344339997293, 43.6198229997317], [-79.6348510000736, 43.6201850002376], [-79.6352790000258, 43.6205239996829], [-79.6359640001385, 43.6209919996811], [-79.6366260000898, 43.6214280000023]]}, "properties": {"lhrs": 48255, "offset": 0, "highway": "403", "length": 2.74, "traffic_section": 48255000, "aadt": 233500, "aadtt": 35000}}, {"type": "Feature", "geometry": {"type": "LineString", "coordinates": [[-79.8978069998931, 43.2979479997004], [-79.8978180004004, 43.2980289998386], [-79.8981579998917, 43.2982839999067], [-79.8982689996146, 43.2982940003679], [-79.8989139996813, 43.2987689997896], [-79.9002160003681, 43.2997180003854], [-79.9007149999972, 43.3000739997154], [-79.9013109996029, 43.300494000198], [-79.9013240002024, 43.3005029997137], [-79.9036129996402, 43.3021100000765], [-79.9043310003754, 43.302611999844], [-79.9079350002, 43.3051489999265], [-79.9113310003254, 43.307595000309], [-79.9115379999787, 43.3077409998473], [-79.9117699998856, 43.3079139997313], [-79.9125849996979, 43.308497999683], [-79.9128049999508, 43.3086539996824], [-79.9142530001758, 43.3096939999781], [-79.9142649998299, 43.3097119999089], [-79.914862000381, 43.3101409999073], [-79.9149089998504, 43.3102670003219], [-79.9173320000717, 43.3120190001767], [-79.9175629999324, 43.3121920000608], [-79.9176199998631, 43.3122360002913], [-79.9176969998167, 43.3122930002218], [-79.9179230003461, 43.3124559996447]]}, "properties": {"lhrs": 13560, "offset": 0, "highway": "6", "length": 2.3, "traffic_section": 13560000, "aadt": 52600, "aadtt": 6850}}, {"type": "Feature", "geometry": {"type": "LineString", "coordinates": [[-78.6107070002278, 43.9929620003961], [-78.6106310003204, 43.9930469998192], [-78.6102829995608, 43.9934369998177], [-78.6100430001842, 43.9937099998167], [-78.6094259996102, 43.9943679995836], [-78.6080999996153, 43.9958880004309], [-78.6075569997557, 43.9964949996446], [-78.6072839997568, 43.9968059995973], [-78.6059290002232, 43.9983299997298], [-78.6058589996931, 43.9984140000062], [-78.6057900001084, 43.9985029996138], [-78.6057130001548, 43.9986009996365], [-78.6056269997862, 43.9987140003509], [-78.6055479997404, 43.9988310003504], [-78.6054790001557, 43.9989329996583], [-78.6054200001329, 43.999031999727], [-78.6053379999487, 43.9991669996574], [-78.6052830001103, 43.999274000095], [-78.6052339996493, 43.9993760003022], [-78.605178999811, 43.999485999979], [-78.6051340004337, 43.9995930004167], [-78.6050999997651, 43.9996759997476], [-78.605056000434, 43.9997919997011], [-78.6050170004342, 43.9999059995623], [-78.60498699995, 43.9999990002537], [-78.6049639997887, 44.0000730000689], [-78.6049479999502, 44.0001469998842], [-78.604925999835, 44.0002520002297], [-78.6049029996736, 44.0003229999066], [-78.6048889999274, 44.0004040000446], [-78.6048760002272, 44.0004769998138], [-78.6048600003887, 44.0005830002053], [-78.6048459997431, 44.0006749999513], [-78.6048360001813, 44.0007620003661], [-78.6048289998584, 44.0008720000428], [-78.6048229995817, 44.0009360002962], [-78.6048210003888, 44.0010100001115], [-78.6048190002966, 44.0010720002726], [-78.6048210003888, 44.0011399998112], [-78.6048190002966, 44.001198999834], [-78.6048200003427, 44.0012670002719], [-78.6048279998123, 44.0013640002485], [-78.6048330000429, 44.0014580000867], [-78.6048419995586, 44.0015370001325], [-78.6048570002503, 44.0016570002704], [-78.6048689999044, 44.0017380004085], [-78.6048950002041, 44.0018829999006], [-78.6049140001809, 44.0019629999925], [-78.6049300000195, 44.0020319995772], [-78.6049580004113, 44.0021270003608], [-78.6049890000423, 44.0022230002913], [-78.6050100001114, 44.0023040004293], [-78.6050330002727, 44.0023770001985], [-78.6050599997192, 44.0024580003365], [-78.6050870000649, 44.0025269999211], [-78.6051429999495, 44.0026559995748], [-78.6051739995804, 44.0027379997589], [-78.6052100003412, 44.0028260002198], [-78.605291999626, 44.0030200001729], [-78.6054549999483, 44.0034049999409], [-78.605958999808, 44.0045759999825], [-78.6070459995732, 44.0071390003646], [-78.6080289999384, 44.0094619995717], [-78.6088099999815, 44.0114070002329], [-78.609442000348, 44.0130329996733], [-78.6096609996554, 44.0135209996944], [-78.6097170004392, 44.0136690002242], [-78.6097950004389, 44.0138729997392], [-78.6098470001389, 44.014021000269]]}, "properties": {"lhrs": 27822, "offset": 0, "highway": "35", "length": 2.53, "traffic_section": 27822000, "aadt": 31100, "aadtt": 3400}}, {"type": "Feature", "geometry": {"type": "LineString", "coordinates": [[-77.9025389999748, 44.0240450002766], [-77.9321729995842, 44.0184890003671], [-77.9473909998947, 44.016675000351], [-77.9474780003094, 44.0166629997976], [-77.9475900000784, 44.0166510001436], [-77.9683630002522, 44.0141679998534], [-77.9684000001598, 44.0141669998072], [-77.9685370001824, 44.0141550001532], [-77.9863440002754, 44.0120340003689], [-77.9910040002344, 44.0114169997947], [-77.9999940002229, 44.0095869999401], [-78.002679999982, 44.0090179997809], [-78.0222060002067, 44.0049470000041], [-78.0262919997759, 44.0040940002379]]}, "properties": {"lhrs": 47510, "offset": 0, "highway": "401", "length": 10.19, "traffic_section": 47510000, "aadt": 39500, "aadtt": 8950}}, {"type": "Feature", "geometry": {"type": "LineString", "coordinates": [[-79.609328000287, 44.0524550000982], [-79.6096679997783, 44.0528640000736], [-79.6127560000893, 44.0564130000599], [-79.6206819995746, 44.0656289996787], [-79.6213370001024, 44.0664469996294], [-79.6219539997772, 44.0673099998567], [-79.6222309999607, 44.0677549996935], [-79.6227220001202, 44.0686519996901], [-79.6233140004408, 44.0700549996386], [-79.6236170000245, 44.0709949998194], [-79.6245800003667, 44.0746890001973], [-79.6294469999791, 44.0943290002832], [-79.6294760004171, 44.0946899998437], [-79.6296749997014, 44.0952590000029], [-79.6297769999086, 44.0956930002318], [-79.6306679996284, 44.0993230003562], [-79.6307139999511, 44.0995120000788]]}, "properties": {"lhrs": 46842, "offset": 0, "highway": "400", "length": 5.59, "traffic_section": 46842000, "aadt": 106600, "aadtt": 12800}}, {"type": "Feature", "geometry": {"type": "LineString", "coordinates": [[-79.7461549995535, 43.6056629996478], [-79.7483999996602, 43.604782000389], [-79.7493100002563, 43.6044110003674], [-79.7501910004143, 43.6041150002072], [-79.7513560001792, 43.603768000393], [-79.7520970001764, 43.6035599997942], [-79.7528790002656, 43.6033890000024], [-79.754151999615, 43.6031420003031], [-79.754981000073, 43.6030210001191], [-79.7558660004156, 43.6029159997736], [-79.7560099998616, 43.602898999889], [-79.7576109999476, 43.6027629999125], [-79.7578710002464, 43.6027569996358], [-79.7590879997114, 43.6026629997976], [-79.7608249997739, 43.6025279998673], [-79.7628349998353, 43.6023699997757], [-79.7638899999235, 43.6022909997299], [-79.7663589995681, 43.6021379998688], [-79.7721300003992, 43.6016509998937], [-79.7782110002374, 43.6012029999185], [-79.7826899999435, 43.6008630004272], [-79.7871080004338, 43.6005230000365], [-79.7878050002005, 43.6005169997598]]}, "properties": {"lhrs": 47685, "offset": 0, "highway": "401", "length": 3.44, "traffic_section": 47685000, "aadt": 149100, "aadtt": 26800}}, {"type": "Feature", "geometry": {"type": "LineString", "coordinates": [[-79.6200130001998, 43.7185199996983], [-79.6200300000844, 43.7185520002746], [-79.6200419997385, 43.7185789997211], [-79.6203889995526, 43.7191770003184], [-79.6216890001472, 43.7214889999175], [-79.6225710003513, 43.7230750002112], [-79.622832999843, 43.7235549998634], [-79.6230590003725, 43.7239720002077], [-79.6239900001383, 43.7256490002012], [-79.6246469998591, 43.7267650004045], [-79.6250270002958, 43.7275250003785], [-79.6250749998114, 43.7275980001476], [-79.6251099996267, 43.7276709999168], [-79.6251580000416, 43.7277520000548], [-79.6252059995572, 43.7278249998239], [-79.6252539999721, 43.7278970004463], [-79.6253010003409, 43.7280060000769], [-79.6256700002702, 43.7287219998205], [-79.6257050000856, 43.7288029999585], [-79.6257409999471, 43.7288759997277], [-79.6257759997625, 43.72894800035], [-79.625811999624, 43.7290299996348], [-79.6258240001774, 43.7290479995656], [-79.6258470003388, 43.7291109997729], [-79.6258830002002, 43.7291840004413], [-79.6259060003616, 43.72926499968], [-79.625941000177, 43.7293459998181], [-79.6259759999924, 43.7294280000023], [-79.6260000001998, 43.7294999997252], [-79.6260350000152, 43.7295819999094], [-79.6260580001766, 43.7296450001167], [-79.626082000384, 43.7297169998397], [-79.6261180002455, 43.7297810000931], [-79.6261410004068, 43.7298529998162], [-79.6261639996688, 43.7299160000234], [-79.6261869998302, 43.7299879997465], [-79.6262099999915, 43.7300610004149], [-79.6262340001989, 43.7301239997229], [-79.6262570003602, 43.7301960003452], [-79.6262799996222, 43.7302690001143], [-79.6262910001295, 43.7303320003216], [-79.6263140002909, 43.7304040000446], [-79.6263369995528, 43.7304949997445], [-79.6263599997142, 43.7305850002976], [-79.6263950004289, 43.7306660004356], [-79.6264179996909, 43.7307570001355], [-79.6264409998522, 43.7308469997893], [-79.6264629999674, 43.7309370003424], [-79.6264739995754, 43.7310269999961], [-79.6264969997367, 43.731117999696], [-79.6265189998519, 43.7312080002491], [-79.6265420000133, 43.7312979999028], [-79.626609000405, 43.7316140000861], [-79.6266769999435, 43.7319389997851], [-79.6267440003353, 43.7322459995533], [-79.6267659995512, 43.7323719999679], [-79.6268000002198, 43.7324990004286], [-79.626822000335, 43.7326249999438], [-79.6268439995509, 43.7327510003584], [-79.6268790002656, 43.7328779999198], [-79.6269000003347, 43.7330040003344], [-79.6269219995506, 43.7331309998957], [-79.6269330000579, 43.7332029996188], [-79.6269439996658, 43.7332839997568], [-79.6269540001269, 43.7333649998949], [-79.6269780003344, 43.7334369996179], [-79.6269879998962, 43.7335189998021], [-79.6270110000576, 43.7335910004244], [-79.6270219996655, 43.7336719996631], [-79.6270449998269, 43.7337529998011], [-79.6270679999882, 43.7338259995703], [-79.6270789995961, 43.7339069997083], [-79.6270900001034, 43.7339659997311]]}, "properties": {"lhrs": 50350, "offset": 0, "highway": "427", "length": 1.82, "traffic_section": 50350000, "aadt": 153000, "aadtt": 17000}}, {"type": "Feature", "geometry": {"type": "LineString", "coordinates": [[-79.2207810004428, 43.1345219995907], [-79.2207790003505, 43.1345780003745], [-79.2207590003276, 43.1348650001197], [-79.220794000143, 43.1374770000635], [-79.2208079998893, 43.1386749995516], [-79.2208029996586, 43.1388369998277], [-79.2208120000737, 43.1389810001731], [-79.2209310001655, 43.1399560001693], [-79.2210260000498, 43.1404790000059], [-79.2212860003486, 43.1412670003718], [-79.2216780004393, 43.1421820002991], [-79.2221099996767, 43.142981000273], [-79.2239390003845, 43.1456120001937], [-79.2240560003841, 43.1458300003543], [-79.2265730004436, 43.1519290001233], [-79.2269089997505, 43.152645999913], [-79.2270970003262, 43.1529460002578], [-79.2273460001178, 43.1532560001643], [-79.2276570000705, 43.153567000117], [-79.2280779996999, 43.1538980000927], [-79.228585999744, 43.1542029997687], [-79.2303819998294, 43.1550409997424], [-79.2330430002343, 43.1561630002223], [-79.2336130004396, 43.1564409995525], [-79.2338660004156, 43.1566080000592], [-79.2349859999039, 43.1574619998714], [-79.2353600000639, 43.1576929997322], [-79.2356999995553, 43.1578600002389], [-79.2361840002914, 43.1580180003305]]}, "properties": {"lhrs": 48690, "offset": 0, "highway": "406", "length": 3.08, "traffic_section": 48690000, "aadt": 59600, "aadtt": 1800}}, {"type": "Feature", "geometry": {"type": "LineString", "coordinates": [[-78.6254520003095, 43.9029139999812], [-78.6253560003791, 43.9030049996811], [-78.622246999999, 43.9059180000157], [-78.6206999997052, 43.9073559997796], [-78.6197689999394, 43.908228000422], [-78.6183459999679, 43.9095660000709], [-78.6154060001867, 43.9123059996222]]}, "properties": {"lhrs": 27800, "offset": 0, "highway": "35", "length": 1.32, "traffic_section": 27800000, "aadt": 26100, "aadtt": 3150}}, {"type": "Feature", "geometry": {"type": "LineString", "coordinates": [[-78.8018830003002, 44.6634470003788], [-78.8022320002066, 44.6645609995905], [-78.8032460002027, 44.668767000197], [-78.8034139998562, 44.6693279999873], [-78.8035200002478, 44.669861000285], [-78.8052210004488, 44.6762859997991], [-78.806167000007, 44.6799590001078], [-78.8066030003282, 44.6817679998933], [-78.8070749996115, 44.6843060000219], [-78.8071500003722, 44.6853339997643], [-78.8071179997958, 44.6858559995548], [-78.8069530002807, 44.686888000381], [-78.8066499997976, 44.687881000308], [-78.8064549997984, 44.6883630000524], [-78.8062100001913, 44.6888360002812], [-78.8056179998708, 44.6898149995626], [-78.8050790001957, 44.6907319995822], [-78.8048830001503, 44.6912229997417], [-78.8047510003584, 44.6917250004085], [-78.804678999736, 44.6922809999682], [-78.8046749995515, 44.6927409995975], [-78.8050709998267, 44.6962769998837], [-78.805102000357, 44.6967819997895], [-78.8050459995732, 44.6972760000874], [-78.8049109996428, 44.697830999601], [-78.8047840000815, 44.6981980003375], [-78.8045649998748, 44.6986349998054], [-78.8043099998066, 44.6990530001959], [-78.8040179998308, 44.6994349998254], [-78.8029249997888, 44.7006110000976], [-78.8022500001373, 44.7014530002558], [-78.8013079998643, 44.7033339997643], [-78.8000199998231, 44.705668000378], [-78.7998259998699, 44.7061330002378], [-78.7997069997782, 44.7065980000977], [-78.7996400002858, 44.707047000119], [-78.7994959999404, 44.7108429998046], [-78.7994709996868, 44.7114910000097], [-78.7994450002865, 44.712193000007], [-78.7994369999176, 44.7133809999332], [-78.7994860003786, 44.7141019999074], [-78.7996810003778, 44.7149430000195], [-78.7998180004004, 44.715342000433], [-78.8000270001459, 44.7158139997164], [-78.8002739998452, 44.7162780004294], [-78.8008460001428, 44.7171890001723], [-78.8011580001415, 44.7176180001706], [-78.8014429997946, 44.7180920004455], [-78.8020649997, 44.7190129997502], [-78.8044130000599, 44.722352999991], [-78.8051000002648, 44.7232299999646], [-78.8072280003719, 44.7257199996783], [-78.8076770003932, 44.7261879996765], [-78.8081679996534, 44.7265660000209], [-78.808415000252, 44.7267060001818], [-78.8089980001575, 44.7269869996504], [-78.8094349996255, 44.7271400004108], [-78.8096479995555, 44.7271889999724], [-78.8103369998526, 44.7273280000872], [-78.8116710002164, 44.7274440000406]]}, "properties": {"lhrs": 27930, "offset": 0, "highway": "35", "length": 7.65, "traffic_section": 27930000, "aadt": 4900, "aadtt": 150}}, {"type": "Feature", "geometry": {"type": "LineString", "coordinates": [[-80.3792150003719, 43.4019210001541], [-80.3792920003255, 43.4018749998314], [-80.3794410000021, 43.4017860002238], [-80.3795030001633, 43.4017500003623], [-80.3800609998153, 43.4014649998099], [-80.3809310003653, 43.4009840001116], [-80.3816270000859, 43.4005730000439], [-80.3830419996885, 43.3997970002314], [-80.3838120001237, 43.3993599998641], [-80.3850050002805, 43.3987010000512], [-80.3864450001366, 43.3979070003079], [-80.387401000156, 43.3973810003329], [-80.3890770001034, 43.3964529998062], [-80.3929760000423, 43.3942950001142], [-80.3950379998038, 43.3931529996113], [-80.3974209999791, 43.3918329998931], [-80.3989979998578, 43.3909499996428], [-80.4000289997385, 43.3903160000834], [-80.4008000002198, 43.3897799996473], [-80.4017900000085, 43.3890080000193], [-80.4023430003292, 43.3885539997673], [-80.4028419999583, 43.3880889999075], [-80.4032530000259, 43.387668000278], [-80.4038400001158, 43.3869949998194], [-80.4042019997225, 43.3865560002592], [-80.4046400001359, 43.3859639999387], [-80.405329000433, 43.3849140000811], [-80.4054260004095, 43.384751999805]]}, "properties": {"lhrs": 47740, "offset": 0, "highway": "401", "length": 2.89, "traffic_section": 47740000, "aadt": 88600, "aadtt": 18600}}, {"type": "Feature", "geometry": {"type": "LineString", "coordinates": [[-78.3466639997438, 44.2662760003372], [-78.3465499998825, 44.2663619998065], [-78.3462789999758, 44.2665359997367], [-78.3460470000689, 44.2666739998053], [-78.3459059998619, 44.266751999805], [-78.3455600000939, 44.2669239996429], [-78.344679999982, 44.2672640000336], [-78.3441210002839, 44.267440000056], [-78.3419029996237, 44.2679910002845], [-78.3317879999162, 44.2702940003679], [-78.3254439996408, 44.271775000316], [-78.3249369996428, 44.271897999693], [-78.3219610000001, 44.2726029998286], [-78.3212149997724, 44.272747000174], [-78.3178720002925, 44.2735240000326], [-78.3143640003983, 44.2743329995683], [-78.3084490001213, 44.275705999932], [-78.3082210003988, 44.2757639999087]]}, "properties": {"lhrs": 14235, "offset": 0, "highway": "7", "length": 3.26, "traffic_section": 14235000, "aadt": 32800, "aadtt": 1950}}, {"type": "Feature", "geometry": {"type": "LineString", "coordinates": [[-79.7227369997127, 44.8000480000152], [-79.7230950000342, 44.8001229998766], [-79.7286309999207, 44.8013550000332], [-79.7297999998701, 44.8016829998706], [-79.7306030000284, 44.801980000077], [-79.731054000142, 44.8021469996843], [-79.7311300000494, 44.8021750000763], [-79.7320080000691, 44.8024910002595], [-79.7323709997218, 44.8026569998207], [-79.7332960001103, 44.8031439997958], [-79.7342439997607, 44.803712999955], [-79.7346549998284, 44.8039969995619], [-79.7348170001044, 44.8041419999534], [-79.7355760000323, 44.8046999996054], [-79.7356580002165, 44.8047730002738]]}, "properties": {"lhrs": 46969, "offset": 0, "highway": "400", "length": 1.17, "traffic_section": 46969000, "aadt": 13800, "aadtt": 2200}}, {"type": "Feature", "geometry": {"type": "LineString", "coordinates": [[-80.5692099999415, 43.9980569997308], [-80.5692029996187, 43.9980579997769], [-80.5692010004258, 43.9980579997769], [-80.5685700001054, 43.9981599999841], [-80.5677639998087, 43.9983269995914], [-80.566551999675, 43.9985780003745], [-80.5665309996059, 43.9985819996596], [-80.5642549998683, 43.9990709997269], [-80.5595709997019, 44.000053000046], [-80.5479400002308, 44.0025279999673], [-80.5465530001208, 44.0028199999431], [-80.5406810000281, 44.0040659998461], [-80.5259359999464, 44.0072649998799], [-80.5221750000762, 44.0080690000843], [-80.5133280003869, 44.0099220001003], [-80.5131779997648, 44.0099579999618], [-80.5042299999145, 44.0118910000696], [-80.5040299996847, 44.011925999885], [-80.5038549997084, 44.0119700001155], [-80.5000060002766, 44.0127910002046], [-80.4983070001679, 44.0131840003414], [-80.4983060001218, 44.0131850003875], [-80.4977139998012, 44.0133170001795], [-80.494681000228, 44.013991999831], [-80.4843939997832, 44.0162149998224], [-80.4814570001404, 44.0168229999815], [-80.4730819997345, 44.0186030002283], [-80.4595439995559, 44.0214749995716], [-80.4485790002207, 44.0238090001853], [-80.4383770000985, 44.0259740002], [-80.4349619999963, 44.0267150001971], [-80.4162660002757, 44.0306039996749], [-80.4162569998606, 44.0306059997671], [-80.4118909999696, 44.0315079999942], [-80.4046739999051, 44.0329910000346], [-80.3994399995563, 44.034078999846], [-80.3994370003173, 44.0340799998921], [-80.3951979999877, 44.0349640001885], [-80.3935339996943, 44.0353330001179], [-80.3830409996424, 44.0375459996482], [-80.382752999851, 44.0376069997633], [-80.3749600002038, 44.0392760002873], [-80.3731840001415, 44.0396529996862], [-80.3684680002979, 44.040662000351], [-80.367467000002, 44.0408730001889], [-80.3670040002344, 44.0409700001654], [-80.3499149999772, 44.0446010003359]]}, "properties": {"lhrs": 38680, "offset": 0, "highway": "89", "length": 18.32, "traffic_section": 38680000, "aadt": 2900, "aadtt": 490}}, {"type": "Feature", "geometry": {"type": "LineString", "coordinates": [[-79.1383030001833, 44.4605609998903], [-79.1435840000016, 44.4724139997064], [-79.1478550000082, 44.4822659998761]]}, "properties": {"lhrs": 19400, "offset": 0, "highway": "12", "length": 2.53, "traffic_section": 19400000, "aadt": 13000, "aadtt": 2100}}, {"type": "Feature", "geometry": {"type": "LineString", "coordinates": [[-79.334962000396, 44.7768749997814], [-79.3349350000502, 44.7764360002213], [-79.3349099997966, 44.7760280002921], [-79.3348869996353, 44.7754970000865], [-79.3348650004194, 44.7749560003192], [-79.3346769998436, 44.771370999572], [-79.334214000076, 44.768158999838], [-79.3339480003999, 44.7664270000061], [-79.333940000031, 44.7653820003791], [-79.3341350000302, 44.7642870002449], [-79.3345989998439, 44.7630970002264], [-79.3347879995665, 44.7626939996284], [-79.3375880000861, 44.7567030003432]]}, "properties": {"lhrs": 17020, "offset": 0, "highway": "11", "length": 2.29, "traffic_section": 17020000, "aadt": 25100, "aadtt": 2250}}, {"type": "Feature", "geometry": {"type": "LineString", "coordinates": [[-79.2289769997887, 43.0133019996876], [-79.2283129997451, 43.0136539997323], [-79.2245099997367, 43.0161430002993], [-79.2233480001101, 43.0168810001581]]}, "properties": {"lhrs": 83540, "offset": 0, "highway": "7236", "length": 0.61, "traffic_section": 83540000, "aadt": 14000, "aadtt": 560}}, {"type": "Feature", "geometry": {"type": "LineString", "coordinates": [[-79.6271389996651, 43.7341940003529], [-79.6271449999418, 43.7342500002373], [-79.6271449999418, 43.7342680001681], [-79.6271670000569, 43.7343850001677], [-79.6272019998723, 43.7345030002133], [-79.6272239999876, 43.7346200002129], [-79.6272460001028, 43.7347459997281], [-79.627279999872, 43.7348639997738], [-79.6273129995952, 43.7350530003957], [-79.6273579998718, 43.7352519996801], [-79.6273909995949, 43.7354499998177], [-79.6274359998715, 43.7356490000014], [-79.627481000148, 43.735847000139], [-79.6275040003093, 43.7359559997696], [-79.6275260004246, 43.7360640002535], [-79.6275479996405, 43.7361719998379], [-79.6275699997556, 43.7362899998836], [-79.627592999917, 43.7363980003675], [-79.6275919998708, 43.7364249998139], [-79.6276150000322, 43.736505999952], [-79.6276380001935, 43.7366149995826], [-79.6276370001474, 43.7366239999977], [-79.6276719999628, 43.7367230000664], [-79.6276950001241, 43.736830999651], [-79.6277170002393, 43.7369400001809], [-79.6277279998473, 43.7370119999039], [-79.6278510001235, 43.7375989999939], [-79.6279189996621, 43.7379059997621], [-79.6285000003747, 43.7407309996359], [-79.6292180002105, 43.7440800002918], [-79.6295229998865, 43.7454250002636], [-79.6296019999323, 43.7457859998241], [-79.6296470002089, 43.7459759995928], [-79.6300849997229, 43.7480069997233], [-79.6301310000456, 43.7481869999302], [-79.6301639997687, 43.7483589997681], [-79.6305470003438, 43.7500650001996], [-79.6307980002275, 43.7515809999632], [-79.6308200003427, 43.7516979999628], [-79.630854000112, 43.7518699998007], [-79.631056000434, 43.7528089999354], [-79.6311239999726, 43.7530789997961], [-79.6311349995805, 43.7531430000495], [-79.6311460000878, 43.7532060002567], [-79.6312019999723, 43.7534679997485], [-79.6312019999723, 43.7534760001174], [-79.6313359998564, 43.7541169999996], [-79.6313359998564, 43.7541260004147], [-79.6313579999717, 43.7542620003911], [-79.6313699996257, 43.7542889998375], [-79.631391999741, 43.7544150002521], [-79.631391999741, 43.7544239997678], [-79.6314260004095, 43.7545419998135], [-79.6314260004095, 43.7545510002285], [-79.6314479996254, 43.7546769997438], [-79.6314709997868, 43.7547670002968], [-79.6314699997406, 43.7548030001584]]}, "properties": {"lhrs": 50355, "offset": 0, "highway": "427", "length": 2.32, "traffic_section": 50355000, "aadt": 120800, "aadtt": 12100}}, {"type": "Feature", "geometry": {"type": "LineString", "coordinates": [[-79.8379509996389, 43.3793630004022], [-79.8374649997099, 43.3798129995703], [-79.8351520000647, 43.3819589996082], [-79.8351629996727, 43.3820500002074], [-79.8348359998815, 43.3823610001601], [-79.8343200003677, 43.3828330003428], [-79.8340939998382, 43.3830470003189], [-79.8340440002304, 43.3830919996961], [-79.8339810000231, 43.3831539998572], [-79.8339559997696, 43.383181000203], [-79.8336039997247, 43.3834920001557], [-79.8332769999336, 43.3837949997395], [-79.8330510003034, 43.3840000001999], [-79.8328629997276, 43.3841689998995], [-79.8321839998916, 43.3848109998278], [-79.8319069997082, 43.3850690000344], [-79.8317709997318, 43.3851029998037], [-79.8306019997824, 43.3861899995689], [-79.828753999997, 43.3879000001849], [-79.8286840003663, 43.3879590002077]]}, "properties": {"lhrs": 13150, "offset": 6.7, "highway": "5", "length": 1.22, "traffic_section": 13150067, "aadt": 10000, "aadtt": 600}}, {"type": "Feature", "geometry": {"type": "LineString", "coordinates": [[-79.2888960002502, 44.0008730000889], [-79.2889869999501, 44.0011799998572], [-79.2890730003187, 44.0012090002952], [-79.2892519995801, 44.0019399998312], [-79.2893410000871, 44.0023020003371], [-79.2895190002017, 44.0030430003342], [-79.2898409997623, 44.0044250002136], [-79.2900749997614, 44.005401000256], [-79.2901959999454, 44.0059610000002], [-79.2903069996682, 44.0064399996063], [-79.290505999852, 44.0073249999488], [-79.290728000197, 44.0083009999912], [-79.2909729998041, 44.0093040003794], [-79.2910950000342, 44.0098549997085], [-79.2911950001491, 44.0102710000067], [-79.2913960004251, 44.0111019996576], [-79.2915060001018, 44.0116079996096], [-79.2915939996633, 44.0120140003459], [-79.2918149999622, 44.0130349997655], [-79.2918699998006, 44.0132790002257], [-79.2920049997309, 44.0137670002469], [-79.2920269998461, 44.0138840002465], [-79.2920720001227, 44.0140649996001], [-79.2923490003061, 44.0152670001719], [-79.2925159999134, 44.0159720003076], [-79.292592999867, 44.0163240003524], [-79.2927819995896, 44.0171279996575], [-79.2928390004195, 44.017344999772], [-79.2929059999119, 44.017607000163], [-79.2929520002346, 44.0177519996551], [-79.2929860000039, 44.017860000139], [-79.2930320003265, 44.0179869997003], [-79.2931250001186, 44.0182399996763], [-79.2932420001182, 44.0185119996291], [-79.2933719998179, 44.0187659996512], [-79.2935380002784, 44.019065999996], [-79.2936809996784, 44.0192929996722], [-79.2939440001155, 44.0196930001319], [-79.294242000368, 44.0201749998764], [-79.2945769996288, 44.0206660000359], [-79.2948759999274, 44.0211299998497], [-79.2951029996037, 44.0214839999867], [-79.2952330002028, 44.021720000078], [-79.295338999695, 44.0219380002385], [-79.2953979997179, 44.022074000215], [-79.2954559996946, 44.0222189997071], [-79.2955139996713, 44.0223729996143], [-79.2956050002705, 44.0226800002819], [-79.2956489996016, 44.0228879999813], [-79.2956919997859, 44.0231139996114], [-79.2957010002009, 44.0232670003718], [-79.295712999855, 44.0236900000935], [-79.2956939998782, 44.0239329996083], [-79.2956759999474, 44.0241309997459], [-79.2956460003626, 44.0243010003909], [-79.2955470002938, 44.0247230000664], [-79.2954349996255, 44.0251170002494], [-79.2953500002023, 44.0254939996484], [-79.2952669999721, 44.0257539999472], [-79.2952110000875, 44.0259780003844], [-79.2951510000186, 44.0263290003831], [-79.2950919999957, 44.0266429995749], [-79.2950709999267, 44.0269399997812], [-79.2950669997422, 44.0270840001265], [-79.2950629995577, 44.0272279995726], [-79.2950570001803, 44.027453000056], [-79.2950639996039, 44.0276330002628], [-79.2950730000189, 44.0277500002624], [-79.2950829995807, 44.0278310004004], [-79.2950930000419, 44.0279119996391], [-79.2951249997189, 44.0281200002379], [-79.2951780003644, 44.0284270000061], [-79.2953090001103, 44.0290859998191], [-79.2953860000638, 44.0294470002789], [-79.2955090003401, 44.0299619997465], [-79.2956309996708, 44.0304859996292], [-79.2957960000853, 44.0312449995571], [-79.2958950001541, 44.0317329995783], [-79.2961839999916, 44.0329710000117], [-79.2962500003372, 44.0332599998492], [-79.296349000406, 44.0337380003085], [-79.2965590001977, 44.0346960004201], [-79.2966469997592, 44.0350840003264], [-79.2967590004275, 44.0355540004168], [-79.2968910002194, 44.0361679999533], [-79.2972230002412, 44.0376229996018], [-79.2971470003338, 44.037684999763], [-79.2971529997111, 44.0378920003156], [-79.2971979999876, 44.0380640001535], [-79.29732200031, 44.0381099995769], [-79.2973610003099, 44.0382869996454]]}, "properties": {"lhrs": 31025, "offset": 0, "highway": "48", "length": 4.26, "traffic_section": 31025000, "aadt": 8600, "aadtt": 600}}, {"type": "Feature", "geometry": {"type": "LineString", "coordinates": [[-80.1768420001582, 43.4478969997468], [-80.1769139998812, 43.4480779999997], [-80.1771409995574, 43.448647000159], [-80.1773409997872, 43.4493229998566], [-80.1773870001099, 43.4496479995556], [-80.1776689996246, 43.4507120000588], [-80.1778699999005, 43.4513800002869], [-80.1780510001535, 43.4517150004469], [-80.1795700000554, 43.4554439997409], [-80.1803360003061, 43.4573319995721], [-80.1813650000946, 43.4598329997932], [-80.1854299995948, 43.4691729997342], [-80.1857910000546, 43.4698959998006], [-80.186281000168, 43.4705850000977], [-80.1867949995895, 43.471235000395], [-80.1877270003008, 43.4721219999304], [-80.1895129999249, 43.4735239998328], [-80.1909200000579, 43.4745040000596], [-80.2032579997568, 43.4835819996097], [-80.2048130004196, 43.4847199999281], [-80.2073200000179, 43.4865790002207], [-80.2074909998097, 43.4867019995976]]}, "properties": {"lhrs": 13595, "offset": 0, "highway": "6", "length": 5.12, "traffic_section": 13595000, "aadt": 28500, "aadtt": 3400}}, {"type": "Feature", "geometry": {"type": "LineString", "coordinates": [[-79.7025699996058, 44.7478040000546], [-79.7032480002949, 44.7479830002154], [-79.7045170003593, 44.7482859997991], [-79.7048949998044, 44.7483439997758], [-79.7057509997088, 44.7484890001673], [-79.7058640004232, 44.7484989997291], [-79.7068229996817, 44.7485730004437], [-79.7076180003704, 44.7485999998901], [-79.708516000413, 44.7485650000747], [-79.7094900003632, 44.748495000444], [-79.710035000315, 44.7484199996833], [-79.7112400001259, 44.7481909999147], [-79.7118500003772, 44.7480450003765], [-79.7124350003749, 44.7478620000313], [-79.7130970003263, 44.747617999571], [-79.7185289999133, 44.7453290001333], [-79.7201879999762, 44.7445910002745], [-79.720814000066, 44.7442740000451], [-79.7212230000414, 44.7440270003458], [-79.7216849997629, 44.7437080000242], [-79.7221099995768, 44.7433620002562], [-79.7224839997368, 44.7429880000962], [-79.7228209999891, 44.7425860004436], [-79.7230960000803, 44.742165999961], [-79.7239119999388, 44.7406540003819], [-79.7260749998613, 44.7365099999366], [-79.7265860000438, 44.7356699998706], [-79.7269230002962, 44.7352860001488], [-79.7272969995569, 44.7349119999889], [-79.7281579996919, 44.7342469998992], [-79.7286570002203, 44.7339640003384], [-79.7291929997571, 44.7336999998551], [-79.731551999725, 44.7326550002281], [-79.7329040000196, 44.7320490001613], [-79.7330830001803, 44.7319700001154], [-79.7379160000233, 44.7298179998009], [-79.7401210000841, 44.7288609997354], [-79.7407070001279, 44.7286509999437], [-79.7413160003331, 44.7284959999905], [-79.7419499998925, 44.7284129997602], [-79.7425939999131, 44.7284020001522], [-79.7432369998876, 44.7284539998523], [-79.7438650000697, 44.7285869996903], [-79.7443170002293, 44.7287180003355], [-79.7444679999982, 44.7287649998049], [-79.7450049995811, 44.7290139995965], [-79.7455040001095, 44.7293160000334], [-79.745925999785, 44.7296540003319], [-79.7480099996617, 44.7319819997695], [-79.7528529999659, 44.7375619998864], [-79.7547629999125, 44.7397789996012], [-79.7551089996805, 44.7401610001301], [-79.7554930003017, 44.7405079999443], [-79.7558660004156, 44.7407819999893], [-79.7562019997225, 44.740991999781], [-79.7572779998798, 44.7414720003326], [-79.758394000083, 44.7418889997776], [-79.758718999782, 44.7420190003766], [-79.7592839997567, 44.7421960004451], [-79.7599129999849, 44.7423290002832], [-79.7605800001668, 44.7424169998447], [-79.7686689999744, 44.7428110000277], [-79.7693889999024, 44.7428009995665], [-79.7701229995768, 44.7427459997282], [-79.7760300003842, 44.7417559999395]]}, "properties": {"lhrs": 19520, "offset": 0, "highway": "12", "length": 7.61, "traffic_section": 19520000, "aadt": 10900, "aadtt": 760}}, {"type": "Feature", "geometry": {"type": "LineString", "coordinates": [[-79.444848000135, 44.6107829999356], [-79.4448910003194, 44.6105849997979], [-79.4448920003655, 44.6105489999364], [-79.4449050000657, 44.6105130000749], [-79.4450369998576, 44.6098219996856], [-79.4451600001339, 44.6094640002635], [-79.4457270002009, 44.6071040002495], [-79.4459679996235, 44.6061169996998], [-79.4470449998269, 44.6016210001091], [-79.4472229999415, 44.6006239999977], [-79.4473129995952, 44.5995990003936], [-79.4472789998259, 44.5980679999383], [-79.44659999999, 44.5932699999106], [-79.446185999784, 44.5903649999448], [-79.4460950000841, 44.5899949999693], [-79.4460360000613, 44.5893639996489]]}, "properties": {"lhrs": 16980, "offset": 0, "highway": "11", "length": 2.4, "traffic_section": 16980000, "aadt": 39300, "aadtt": 4700}}, {"type": "Feature", "geometry": {"type": "LineString", "coordinates": [[-79.2353709996719, 43.0403840003214], [-79.235371999718, 43.0404980001826], [-79.2350459999729, 43.0672370002874], [-79.2350459999729, 43.0672910000796], [-79.2350429998345, 43.0677190000319]]}, "properties": {"lhrs": 48652, "offset": 0.8, "highway": "406", "length": 3.04, "traffic_section": 48652008, "aadt": 0, "aadtt": 0}}, {"type": "Feature", "geometry": {"type": "LineString", "coordinates": [[-79.2967799995973, 45.0121100000765], [-79.296855000358, 45.011933000008], [-79.2969900002882, 45.0116919996861], [-79.2971699995958, 45.011182000449], [-79.2985549996135, 45.0085290004131], [-79.299358999818, 45.0070830002803], [-79.3019539998771, 45.0025839996519], [-79.3022890000373, 45.0020039998847], [-79.3029560002192, 45.0008800002119], [-79.3033870003098, 45.0000489996617], [-79.3060750001611, 44.995371999818]]}, "properties": {"lhrs": 17040, "offset": 0, "highway": "11", "length": 2, "traffic_section": 17040000, "aadt": 19300, "aadtt": 2300}}, {"type": "Feature", "geometry": {"type": "LineString", "coordinates": [[-79.6478070003927, 43.5242499999376], [-79.6477549997934, 43.5242980003525], [-79.6477179998857, 43.5243330001679], [-79.6476040000246, 43.5244310001905], [-79.6465760002822, 43.5253779997949], [-79.6443819998294, 43.5273909999947], [-79.6434849998328, 43.5282180003605], [-79.6429169997197, 43.5287339998742], [-79.6291709998417, 43.5411660003107], [-79.6230770003033, 43.5467659995513], [-79.621981000123, 43.5476350000553], [-79.6210120004035, 43.5483250003985], [-79.6196949999243, 43.5490749999114], [-79.6185680001131, 43.5496290002782], [-79.6183930001368, 43.5497159997936], [-79.6174040003943, 43.5501639997688], [-79.6167289998434, 43.5504710004364], [-79.6162409998223, 43.5506990001588], [-79.6157159998934, 43.5509360002962], [-79.6147749996665, 43.5514739999252], [-79.6136530000858, 43.5522539999222], [-79.6136049996709, 43.5522879996915], [-79.6134460004325, 43.5524059997372]]}, "properties": {"lhrs": 10144, "offset": 0, "highway": "QEW", "length": 4.21, "traffic_section": 10144000, "aadt": 144200, "aadtt": 17300}}, {"type": "Feature", "geometry": {"type": "LineString", "coordinates": [[-80.1037950642908, 44.4542929977237], [-80.1030799998421, 44.4508780003195], [-80.0997340002239, 44.434727000151], [-80.0988119999738, 44.4309569998657], [-80.0986190000668, 44.4300779997999]]}, "properties": {"lhrs": 25650, "offset": 1.2, "highway": "26", "length": 2.72, "traffic_section": 25650012, "aadt": 12900, "aadtt": 1050}}, {"type": "Feature", "geometry": {"type": "LineString", "coordinates": [[-80.0606720002126, 44.42320000008], [-80.0593129995952, 44.4229680001731], [-80.0586600000589, 44.4229090001503], [-80.0580069996233, 44.4229209998044], [-80.0573770002483, 44.4229969997118], [-80.0561300002992, 44.4232479995956], [-80.0412640000336, 44.4266170002744], [-80.0354130000099, 44.4279359999465], [-80.0294359995717, 44.4292539995725], [-80.0133549999333, 44.4329150002271], [-80.0126740000051, 44.4330900002034], [-80.0122450000067, 44.433167000157], [-80.0119059996621, 44.4331999998801]]}, "properties": {"lhrs": 25640, "offset": 0, "highway": "26", "length": 4.06, "traffic_section": 25640000, "aadt": 13600, "aadtt": 1200}}, {"type": "Feature", "geometry": {"type": "LineString", "coordinates": [[-79.7452999996952, 44.5521640000686], [-79.7426830004201, 44.5549889999425], [-79.7376029999784, 44.560504999806], [-79.736727000051, 44.5614140003559], [-79.7362640002834, 44.5618590001928], [-79.7357770003083, 44.5622759996377], [-79.7347390001047, 44.5630840000266], [-79.7341889999224, 44.5634649996101], [-79.733039999996, 44.5642180001606], [-79.7324410002519, 44.5645530003208], [-79.7311930002567, 44.5651960002952], [-79.7298710004463, 44.5657669996474], [-79.728715000197, 44.5662040000146], [-79.7271160002032, 44.5667629997127], [-79.7243379997988, 44.5676769995939], [-79.72365199964, 44.5679389999849], [-79.71947799961, 44.5693419999334], [-79.7187690001892, 44.5695499996328], [-79.7167109997128, 44.5703190000219], [-79.7154140001559, 44.5709169997198], [-79.7148019998124, 44.57125199988], [-79.713652999886, 44.5719679996235], [-79.7125399998211, 44.5727390001048], [-79.7120139998462, 44.5731560004491], [-79.7114520000097, 44.5735099996868], [-79.7109140003808, 44.5739360004461], [-79.7054260000099, 44.5777629997627], [-79.7026369999975, 44.5796759998475], [-79.7020619995616, 44.5800380003535], [-79.7014619997714, 44.5803919995911], [-79.6953920004405, 44.5837349999703], [-79.6947790000508, 44.5840969995769], [-79.6923430001293, 44.5854459997332], [-79.6892949998643, 44.5871039997498], [-79.6881199996382, 44.5878099999316], [-79.6871210003338, 44.5885279997674], [-79.6860179998308, 44.5893980003175], [-79.6850290000883, 44.5902419996686], [-79.6786419996285, 44.5957760003622], [-79.6776899997936, 44.5966480001052], [-79.6768129998201, 44.597547000194], [-79.6760230002612, 44.5985010001211], [-79.6756589996631, 44.5989829998656], [-79.6739269998312, 44.6014559996947], [-79.6666759999974, 44.6116169997248], [-79.6641369998226, 44.6151610003799], [-79.6638110000776, 44.6156519996401], [-79.6632320003565, 44.6166719999129], [-79.6620630004071, 44.6192960004101], [-79.66025199963, 44.6234969998867], [-79.6598010004158, 44.6244729999291], [-79.6595990000937, 44.6250290003881], [-79.6593080001641, 44.6256369996479]]}, "properties": {"lhrs": 46930, "offset": 0, "highway": "400", "length": 10.96, "traffic_section": 46930000, "aadt": 22800, "aadtt": 4100}}, {"type": "Feature", "geometry": {"type": "LineString", "coordinates": [[-79.389471999633, 43.9401660001608], [-79.3894739997253, 43.9401799999071], [-79.3894830001403, 43.9402300004143], [-79.3896040003243, 43.9408159995588], [-79.3898629996776, 43.9418290004081], [-79.3901130004146, 43.9427230002663], [-79.3902709996069, 43.9433470002639], [-79.3903620002061, 43.9436719999629], [-79.3904400002058, 43.944007000123], [-79.3905760001823, 43.9445130000749], [-79.3906659998359, 43.944847000189], [-79.3908239999276, 43.9454700001405], [-79.3909919995811, 43.9461750002761], [-79.3911040002494, 43.9466539998823], [-79.391182000249, 43.9469609996505], [-79.3912499997876, 43.9472139996265], [-79.3913180002255, 43.9474850004325], [-79.3914540002019, 43.9479999999001], [-79.3915779996249, 43.9484609995755], [-79.391678999786, 43.9488769998737], [-79.3917779998548, 43.9493550003331], [-79.3918870003847, 43.9499600003538], [-79.391941000177, 43.950257999707], [-79.3920069996233, 43.9505830003053], [-79.3920600002688, 43.9509439998657], [-79.3921239996229, 43.9513410001871], [-79.3921980003374, 43.9518100002314], [-79.3922730001988, 43.9522790002757], [-79.3923130002447, 43.9526310003205], [-79.3923740003598, 43.953154000157], [-79.3924239999676, 43.9536139997863], [-79.3924650000596, 43.9539390003846], [-79.3924829999904, 43.9542090002452], [-79.3925219999903, 43.9545790002207], [-79.3925510004283, 43.9548849999429], [-79.3925579998518, 43.9551100004263], [-79.3925769998286, 43.9553360000564], [-79.3925929996672, 43.9556599997093], [-79.392609000405, 43.9559850003076], [-79.3926349998054, 43.9564080000292], [-79.3926509996439, 43.9567319996821], [-79.39265199969, 43.9571649998649], [-79.3926689995747, 43.9579209996544], [-79.3926749998514, 43.9581729995843], [-79.3926739998052, 43.9581819999993], [-79.3926790000358, 43.9584699997907], [-79.3926769999435, 43.9590020000423], [-79.3926660003356, 43.959424999764], [-79.3926389999898, 43.9599739999002], [-79.3926240001974, 43.9605050001057], [-79.3926189999668, 43.9611710002415], [-79.3925919996211, 43.9617099999166], [-79.392579999967, 43.9621430000994], [-79.3925650001746, 43.9626910001896], [-79.3925539996673, 43.9631240003724], [-79.3925250001286, 43.9641950002991], [-79.3925040000595, 43.9649770003883], [-79.3924809998982, 43.9658150003621], [-79.3924559996447, 43.966758999828], [-79.3924280001521, 43.9677679995935], [-79.3923900001983, 43.9687299998897], [-79.3923720002676, 43.9693780000947], [-79.3923550003829, 43.9700260002997], [-79.3923310001755, 43.9709079996045], [-79.3922819997145, 43.9717899998087], [-79.392275000291, 43.9720870000151], [-79.3922780004293, 43.9724020001522], [-79.3922679999682, 43.9727799995974], [-79.3922649998298, 43.972915000427], [-79.3922809996683, 43.9746349997055], [-79.3923880001061, 43.9757259996552], [-79.3924670001519, 43.9764919999059], [-79.3925939997133, 43.9773400003408]]}, "properties": {"lhrs": 48515, "offset": 0, "highway": "404", "length": 4.15, "traffic_section": 48515000, "aadt": 94100, "aadtt": 5650}}, {"type": "Feature", "geometry": {"type": "LineString", "coordinates": [[-80.0443310002754, 43.201488000371], [-80.0356389996401, 43.204113000015], [-80.0288440001505, 43.2061729996842], [-80.023582000309, 43.2077410000472], [-80.0216029998785, 43.2081530001609], [-80.0198639997238, 43.2083920003906], [-80.0180040002843, 43.2084870002749], [-80.0164959999904, 43.2084519995602], [-80.0151249997189, 43.2083690002293], [-80.0136269998861, 43.2081489999764], [-80.0129760004421, 43.2080259997002], [-80.0123749997064, 43.2078949999544], [-80.0118719998928, 43.2077729997242], [-80.0113700001253, 43.2076339996095], [-80.0108309995509, 43.2074760004172], [-80.0103529999909, 43.2073190003716], [-80.0098150003619, 43.2071250004185], [-80.0092149996724, 43.2068949997045], [-80.0086889996975, 43.2066829998207], [-80.0082130002297, 43.2064719999829], [-80.0081879999762, 43.2064629995678], [-80.0081520001146, 43.206443999591], [-80.0076500003472, 43.2062329997532], [-80.0071859996341, 43.2060310003304], [-80.0066720002126, 43.2058190004466], [-80.0062559999144, 43.2056630004471], [-80.0059629998925, 43.205551999825]]}, "properties": {"lhrs": 48330, "offset": 0, "highway": "403", "length": 3.33, "traffic_section": 48330000, "aadt": 63800, "aadtt": 9550}}, {"type": "Feature", "geometry": {"type": "LineString", "coordinates": [[-78.7396890001472, 44.3254879996715], [-78.7395999996402, 44.3255069996484], [-78.7379920001306, 44.325897999693], [-78.7333110001026, 44.3269479995506], [-78.7307160000433, 44.3275720004475], [-78.7295890002321, 44.3278469996393], [-78.7242379998838, 44.3290460000729], [-78.7231110000725, 44.3293200001179]]}, "properties": {"lhrs": 14300, "offset": 0, "highway": "7", "length": 1.39, "traffic_section": 14300000, "aadt": 14600, "aadtt": 1750}}, {"type": "Feature", "geometry": {"type": "LineString", "coordinates": [[-79.2370770001035, 43.0954079998793], [-79.2370669996423, 43.095758999878], [-79.2367929995973, 43.1052899996338], [-79.2367729995742, 43.1064160002982], [-79.2367419999433, 43.1074870002249], [-79.2366229998515, 43.1116269995864], [-79.2365439998057, 43.1122650002296], [-79.2363909999446, 43.1128660000659], [-79.235928000177, 43.1140299997847], [-79.2340360001613, 43.1178180000007], [-79.233467000002, 43.1188269997663], [-79.233365999841, 43.1190239998577]]}, "properties": {"lhrs": 48670, "offset": 0, "highway": "406", "length": 2.67, "traffic_section": 48670000, "aadt": 35900, "aadtt": 1100}}, {"type": "Feature", "geometry": {"type": "LineString", "coordinates": [[-79.3089549998733, 43.1796650003395], [-79.30896100015, 43.1796660003857], [-79.3152349998953, 43.1801939995535], [-79.3166110003973, 43.1802719995532], [-79.3185669997672, 43.1802870002449], [-79.3203900001983, 43.1802199998531], [-79.3212629999874, 43.1802060001069], [-79.3272370002873, 43.1800409996924], [-79.331752999901, 43.179934000154], [-79.3384130003597, 43.1797400002009], [-79.3391229998265, 43.179731999832], [-79.3508910002195, 43.1794290002482], [-79.3550359998115, 43.1793730003637], [-79.3565979998978, 43.1794720004325], [-79.3582529997761, 43.179660000109], [-79.3591139999111, 43.1797899998087], [-79.3611890002721, 43.1802310003604]]}, "properties": {"lhrs": 10064, "offset": 0, "highway": "QEW", "length": 4.26, "traffic_section": 10064000, "aadt": 102400, "aadtt": 13300}}, {"type": "Feature", "geometry": {"type": "LineString", "coordinates": [[-79.5562870004447, 43.6286880002511], [-79.5562909997298, 43.6287159997436], [-79.5563139998911, 43.628788000366], [-79.5563139998911, 43.6288060002967], [-79.5563240003523, 43.6288959999505], [-79.5563469996143, 43.6289770000885], [-79.5563570000755, 43.6290580002266], [-79.5563570000755, 43.6290679997884], [-79.5563800002368, 43.6291489999265], [-79.5564030003981, 43.6292300000645], [-79.5564030003981, 43.6292389995802], [-79.556402000352, 43.6292570004103], [-79.5564259996601, 43.6293120002487], [-79.5564479997753, 43.6294019999024], [-79.5564709999367, 43.6294830000405], [-79.556494000098, 43.6295640001785], [-79.5565170002593, 43.6296460003627], [-79.5565400004206, 43.6297269996014], [-79.5565619996365, 43.6298180002006], [-79.5565980003973, 43.6298990003386], [-79.5566199996132, 43.6299799995774], [-79.5566429997746, 43.6300619997616], [-79.5566789996361, 43.6301429998996], [-79.5567140003508, 43.6302250000837], [-79.5567369996128, 43.6303060002218], [-79.5567720003275, 43.6303870003598], [-79.5568070001429, 43.6304780000597], [-79.5568179997509, 43.6305319998519], [-79.5568409999122, 43.6305950000592], [-79.5568650001196, 43.6306499998976], [-79.5568880002809, 43.6307130001049], [-79.5568989998889, 43.6307669998971], [-79.5569230000963, 43.6308209996894], [-79.5569460002577, 43.6308849999428], [-79.556969000419, 43.6309389997351], [-79.5569929997271, 43.6310019999424], [-79.5570050002805, 43.6310300003343], [-79.5570289995886, 43.6310569997808], [-79.5570519997499, 43.6311199999881], [-79.5570749999113, 43.6311749998264], [-79.5571109997728, 43.6312289996187], [-79.5571349999802, 43.631291999826], [-79.5571699997956, 43.6313469996643], [-79.5571940000031, 43.6314010003559], [-79.5572299998645, 43.6314560001943], [-79.557265999726, 43.6315099999866], [-79.5572889998874, 43.6315730001938], [-79.5573249997489, 43.6316280000322], [-79.5573609996104, 43.6316819998245], [-79.5573970003712, 43.6317369996628], [-79.5574320001866, 43.6317910003544], [-79.5574439998407, 43.6318179998009], [-79.5574799997022, 43.6318640001236], [-79.5575159995637, 43.6319270003309], [-79.5575639999786, 43.6319909996849], [-79.5576120003935, 43.6320640003534], [-79.5576120003935, 43.6320729998691], [-79.557648000255, 43.6321269996614], [-79.5576949997244, 43.6322000003298], [-79.5577309995859, 43.6322629996378], [-79.5577670003468, 43.6323360003062], [-79.5578149998623, 43.6323989996142], [-79.5578499996777, 43.6324720002826], [-79.5578850003924, 43.6325440000056], [-79.5579210002539, 43.632608000259], [-79.5579570001154, 43.6326799999821], [-79.5579689997695, 43.632698999959], [-79.5579919999308, 43.6327440002354], [-79.5580279997923, 43.6328159999585], [-79.5580629996077, 43.6328889997276], [-79.5580990003686, 43.6329519999349], [-79.5581219996305, 43.633024999704], [-79.5581570003453, 43.6330970003264], [-79.5581930002068, 43.6331690000493], [-79.5582160003681, 43.6332419998185], [-79.5582520002296, 43.6333050000258], [-79.5582750003909, 43.6333779997949], [-79.558297999653, 43.6334500004172], [-79.5583330003676, 43.6335220001403], [-79.5583559996297, 43.6335949999094], [-79.5584029999984, 43.6337210003239], [-79.558449000321, 43.6338479998853], [-79.5584959997905, 43.633975000346], [-79.5585430001593, 43.6340920003456], [-79.5585889995826, 43.634218999907], [-79.5586359999514, 43.6343460003676], [-79.5586709997668, 43.6344450004365], [-79.5586820002741, 43.6344719998829], [-79.5587289997435, 43.6345990003437], [-79.5587879997664, 43.634725999905], [-79.558834000089, 43.6348520003196], [-79.5588940001579, 43.6349700003653], [-79.5589399995813, 43.6350969999266], [-79.5589760003421, 43.6351689996497], [-79.5589989996041, 43.6352149999723], [-79.5590579996269, 43.6353679998334], [-79.5591159996036, 43.6355130002248], [-79.5591739995804, 43.635667000132], [-79.5592329996032, 43.6358030001084], [-79.559291999626, 43.6359570000156], [-79.5593499996028, 43.636101000361], [-79.5594089996256, 43.6362459998531], [-79.5594079995795, 43.6362550002681], [-79.5594079995795, 43.6362639997838], [-79.5594549999482, 43.6363819998295], [-79.5594669996023, 43.6363999997602], [-79.5595010002709, 43.6365080002441], [-79.5595489997865, 43.636608000359], [-79.5595829995557, 43.6367169999896], [-79.5596309999706, 43.6368160000584], [-79.5596649997399, 43.636924999689], [-79.5597120001087, 43.6370239997578], [-79.5597589995782, 43.6371330002878], [-79.559806999993, 43.6372330004027], [-79.5598540003618, 43.6373319995722], [-79.5599729995542, 43.6375499997327], [-79.5599840000615, 43.6375950000093], [-79.5600300003842, 43.6377580003315], [-79.5601109996229, 43.6380019998924], [-79.5601800001069, 43.6382010000761], [-79.5602620002911, 43.6384089997756], [-79.5603309998757, 43.6386170003743], [-79.560414000106, 43.6388159996587], [-79.5604829996906, 43.6390240002574], [-79.5605530002208, 43.6392230004412], [-79.5606219998054, 43.6394310001406], [-79.5607739996203, 43.639820000093], [-79.5611239995729, 43.6407160000434], [-79.5611479997803, 43.6407519999049], [-79.5617339998242, 43.6422000001299], [-79.5620849998228, 43.6430689997346], [-79.5622369996378, 43.6434399997562], [-79.5626590002126, 43.6444810000981], [-79.5629589996581, 43.6451539996574]]}, "properties": {"lhrs": 50219, "offset": 0, "highway": "427", "length": 1.91, "traffic_section": 50219000, "aadt": 412100, "aadtt": 33000}}, {"type": "Feature", "geometry": {"type": "LineString", "coordinates": [[-79.702551999675, 44.7477540004468], [-79.7025699996058, 44.7478040000546], [-79.7025929997671, 44.7479220001003], [-79.702975000296, 44.7500419998385], [-79.7031179996959, 44.750411999814], [-79.7031829999954, 44.7514479999253], [-79.7030140002959, 44.752265999876], [-79.7029199995583, 44.7524809998983], [-79.7025470003438, 44.753358999918], [-79.7024660002057, 44.7535650004245], [-79.7021510000686, 44.7540920004455], [-79.7003739999601, 44.7567550000432], [-79.6999819998694, 44.7573359998565], [-79.693575000286, 44.7668770000735], [-79.693494000148, 44.7670200003728]]}, "properties": {"lhrs": 46960, "offset": 0, "highway": "400", "length": 2.31, "traffic_section": 46960000, "aadt": 17100, "aadtt": 2050}}, {"type": "Feature", "geometry": {"type": "LineString", "coordinates": [[-80.4935150004169, 43.4740859996692], [-80.493538999725, 43.4740950000842], [-80.49376100007, 43.4742219996456], [-80.4942290000683, 43.4744850000827], [-80.4946339998592, 43.4747570000356], [-80.4950399996962, 43.4750829997807], [-80.4956160001782, 43.475643999571], [-80.4960189998769, 43.4762040002145], [-80.4964079998293, 43.4769890004421], [-80.4966759995976, 43.4775399997712], [-80.4992800000719, 43.4825840003514], [-80.4993289996336, 43.4827380002586], [-80.4999979999078, 43.4840729997692], [-80.5001559999994, 43.4843800004367], [-80.5006920004354, 43.4853999998102], [-80.5012049998108, 43.4861219998305], [-80.5013280000871, 43.4862490002912]]}, "properties": {"lhrs": 38465, "offset": 0, "highway": "85", "length": 1.51, "traffic_section": 38465000, "aadt": 80700, "aadtt": 6300}}, {"type": "Feature", "geometry": {"type": "LineString", "coordinates": [[-79.3209609995504, 44.3066889996976], [-79.3209180002655, 44.3066990001588], [-79.3208689998045, 44.3066800001819], [-79.3204149995526, 44.3067630004122], [-79.3198840002464, 44.3068910000197], [-79.3198709996469, 44.3069259998351], [-79.3173050000257, 44.3075240004323], [-79.3166529996362, 44.3076710000167], [-79.3152770000335, 44.3079929995773], [-79.3138889998774, 44.3082970001065], [-79.3116930002317, 44.3088040001046], [-79.3097749999163, 44.3092350001951], [-79.3092069998032, 44.3093710001715], [-79.3076800004316, 44.3097080004239], [-79.3073260002947, 44.3097929998471], [-79.3070229998116, 44.309861000285], [-79.3060899999535, 44.3100629997077], [-79.3040569997307, 44.3105369999826], [-79.3024419998983, 44.3109090000503], [-79.3009019999273, 44.3112640002334], [-79.2999809997233, 44.3114750000712], [-79.2995640002783, 44.3115679998634], [-79.2982010003759, 44.3118720003925], [-79.2971909996648, 44.312100000115], [-79.2956390000398, 44.3124550002981], [-79.2935180002554, 44.3129459995583], [-79.2924070002828, 44.3131990004336], [-79.2916119995941, 44.3133759996027], [-79.2911580002415, 44.3134860001788], [-79.2903380001985, 44.3136630002473], [-79.2893030001333, 44.3139000003848], [-79.2885830002053, 44.3140599996693], [-79.2877250002086, 44.3142539996225], [-79.2871689997495, 44.3143899995989], [-79.286727000051, 44.314491999806], [-79.2863240003523, 44.3145750000362], [-79.2858190004465, 44.314694000128], [-79.2856669997322, 44.3147279998973], [-79.2847329998281, 44.3149480001501], [-79.2843920002906, 44.3150240000576], [-79.2840259996001, 44.315108000334], [-79.2837359997166, 44.3151759998726], [-79.2830670003418, 44.3153279996875], [-79.2824479996754, 44.3154629996178], [-79.2820819998843, 44.3155560003093], [-79.2813120003485, 44.3157330003777], [-79.2808570000504, 44.3158349996855], [-79.2800119997539, 44.3160289996387], [-79.2797910003544, 44.3160760000075]]}, "properties": {"lhrs": 31060, "offset": 2.6, "highway": "48", "length": 3.45, "traffic_section": 31060026, "aadt": 12000, "aadtt": 1800}}, {"type": "Feature", "geometry": {"type": "LineString", "coordinates": [[-80.3769920003805, 43.1617549999933], [-80.3766590003126, 43.1618160001084], [-80.3689310000656, 43.1633489997566], [-80.3657010004008, 43.163980000077], [-80.3599820001691, 43.165074000165], [-80.3526639999436, 43.1661039999997], [-80.3498180000007, 43.166492999952], [-80.3445699999056, 43.1672020002721], [-80.3383489999064, 43.1679939999232]]}, "properties": {"lhrs": 48365, "offset": 0, "highway": "403", "length": 3.22, "traffic_section": 48365000, "aadt": 37600, "aadtt": 7900}}, {"type": "Feature", "geometry": {"type": "LineString", "coordinates": [[-79.8289209996044, 43.33625199983], [-79.8284419999983, 43.3374359995718], [-79.8274680000481, 43.3386869997053], [-79.8262899996837, 43.3396199995633], [-79.8250049997809, 43.3403360002063], [-79.8224899998136, 43.3415260002248]]}, "properties": {"lhrs": 10120, "offset": 0, "highway": "QEW", "length": 0.81, "traffic_section": 10120000, "aadt": 171700, "aadtt": 42900}}, {"type": "Feature", "geometry": {"type": "LineString", "coordinates": [[-78.6590080000191, 44.1737410003469], [-78.6593729997641, 44.1746310000207], [-78.6608610000351, 44.1781090003302], [-78.6648109996279, 44.1864370003673], [-78.67073500032, 44.1986669995824], [-78.6745489999363, 44.207018999827], [-78.6762219997455, 44.2106089999054], [-78.6810660000958, 44.2211420000033], [-78.6822390002296, 44.2234609999252], [-78.6900539999921, 44.2349180003655], [-78.6905159997136, 44.2355760001324], [-78.6921220000302, 44.2380659998461], [-78.6957540002469, 44.2469870002499]]}, "properties": {"lhrs": 27850, "offset": 0, "highway": "35", "length": 8.67, "traffic_section": 27850000, "aadt": 8500, "aadtt": 680}}, {"type": "Feature", "geometry": {"type": "LineString", "coordinates": [[-79.1237679998932, 43.0964510003135], [-79.1217690003391, 43.096355000383], [-79.1210440001804, 43.0963429998296], [-79.1204159999984, 43.0963959995758], [-79.1194650002096, 43.0965420000134], [-79.119217999611, 43.0965830001054], [-79.1191310000955, 43.0965999999901], [-79.1188519998199, 43.0966499995978]]}, "properties": {"lhrs": 49810, "offset": 0, "highway": "420", "length": 0.4, "traffic_section": 49810000, "aadt": 33000, "aadtt": 990}}, {"type": "Feature", "geometry": {"type": "LineString", "coordinates": [[-79.6964929999519, 43.2316000004397], [-79.6965829996057, 43.2316199995634], [-79.6972319998569, 43.2317809997934], [-79.7006380004433, 43.2326029999285], [-79.7047179997359, 43.2335860002937], [-79.7063240000525, 43.2339730001539], [-79.7075489998864, 43.2342749996915], [-79.7109799998271, 43.2350969998267], [-79.7159180000157, 43.2362960002603], [-79.7171799997571, 43.2365979997979], [-79.7184790003056, 43.2369190002117], [-79.7187599997741, 43.236984999658], [-79.720439999906, 43.2373819999794], [-79.7221060002917, 43.2377879998164], [-79.7235769997787, 43.2381379997689], [-79.7254150000022, 43.2385810004129], [-79.7274250000636, 43.2390630001574], [-79.7292630002872, 43.2395069999482], [-79.7312480000951, 43.2399879996465], [-79.7324610002749, 43.2402799996223], [-79.7332950000642, 43.240478999806], [-79.7340790002456, 43.2406680004279], [-79.735795000239, 43.2410829997807], [-79.7360159996387, 43.2411300001494], [-79.7363339999141, 43.2412060000569], [-79.7364200002827, 43.2412340004488], [-79.7384419999983, 43.2417239996629], [-79.7389940002728, 43.2418570004003], [-79.7404029995987, 43.2421959998456], [-79.7424870003748, 43.2426960004201], [-79.7448640002734, 43.2432720000028], [-79.7469969997117, 43.2437810000931], [-79.7489459996581, 43.2442530002758], [-79.7510420000882, 43.244752999951], [-79.7525989999439, 43.2451300002494], [-79.7546940003278, 43.2456390003396], [-79.7568020004119, 43.2461670004068]]}, "properties": {"lhrs": 10094, "offset": 0, "highway": "QEW", "length": 5.16, "traffic_section": 10094000, "aadt": 124200, "aadtt": 14900}}, {"type": "Feature", "geometry": {"type": "LineString", "coordinates": [[-80.1131027003293, 44.4620254001521], [-80.113203699591, 44.4619839998617], [-80.1132665010481, 44.4619290998481], [-80.1133021996368, 44.4618221003097], [-80.1132835000335, 44.4617421002178], [-80.1134639004386, 44.4613511001732], [-80.1135760998571, 44.4612033001922], [-80.1138392001189, 44.4609887003683], [-80.114157400044, 44.4608513001475], [-80.1146273003096, 44.4607287000695], [-80.1148857996399, 44.4606218003558], [-80.116692600583, 44.4601712004406], [-80.1170610986907, 44.4601093999289], [-80.1174029004235, 44.4600910996246], [-80.1177628999378, 44.4600905996015], [-80.1181210999088, 44.4601165000765], [-80.1184736998014, 44.4601684997765], [-80.118817000704, 44.460246200302], [-80.1191473999325, 44.4603486996328], [-80.1194612992995, 44.4604748996969], [-80.1197555997411, 44.4606235000745], [-80.1198943003816, 44.4607056999082], [-80.1201531999102, 44.4608847998937], [-80.1214816001956, 44.4618576999729], [-80.1221361996259, 44.4623595000909], [-80.1223776999709, 44.4625403996198], [-80.1225448003023, 44.4626316996933], [-80.1227168001402, 44.4627182000849], [-80.1228934000104, 44.4627998000708], [-80.1232596003503, 44.4629476000517], [-80.1234485002481, 44.4630136003974], [-80.1238365001543, 44.4631292999773]]}, "properties": {"lhrs": 80675, "offset": 0, "highway": "7149", "length": 1.07, "traffic_section": 80675000, "aadt": 0, "aadtt": 0}}, {"type": "Feature", "geometry": {"type": "LineString", "coordinates": [[-78.2360339998692, 44.4903359997067], [-78.2381450000917, 44.494897999643], [-78.2383470004137, 44.4954160001483], [-78.2384360000214, 44.4959400000311], [-78.2383980000676, 44.4964799997522], [-78.2383529997911, 44.4966220000054], [-78.2382460002527, 44.497024999704], [-78.237957999562, 44.497540000071], [-78.2375460003476, 44.4979979996081], [-78.2370239996578, 44.4984089996756], [-78.2364550003979, 44.4987279999972], [-78.2357890002621, 44.4989729996043], [-78.2315639996788, 44.5000230003612], [-78.2256440000705, 44.5015000001249], [-78.2235040003093, 44.5020690002842], [-78.2213780002945, 44.5025930001669], [-78.2206900000434, 44.5027839999817], [-78.2200369996078, 44.503020000073], [-78.2194440001405, 44.5033200004177], [-78.2193009998412, 44.5034160003482], [-78.2188990001887, 44.5036759997477], [-78.218427000006, 44.5040790003457], [-78.2180279995925, 44.504528000367], [-78.2177150004469, 44.5050249999039], [-78.2174899999635, 44.5055319999019], [-78.2157580001316, 44.5104500000675], [-78.2146619999513, 44.5136649999399], [-78.2132050002106, 44.5181029995538], [-78.212704999636, 44.5196119998939], [-78.2107490002661, 44.5249929998271], [-78.2095380001786, 44.5282139999762], [-78.2082910002295, 44.5314059996872], [-78.2080259997001, 44.531930999616], [-78.2077129996551, 44.5324360004211], [-78.2074710001864, 44.5327539997973], [-78.2018809996084, 44.5396209999093], [-78.2010550001881, 44.5405640002285], [-78.1992570000105, 44.5423659996912], [-78.1988569995509, 44.5428420000583], [-78.1985550000132, 44.5433570004253], [-78.1983660002907, 44.5438919999159], [-78.1983020000372, 44.544440000006], [-78.1983630001523, 44.5449900001884], [-78.1995209995944, 44.5484129997602], [-78.1998789999159, 44.5493400002409], [-78.2001309998457, 44.549868000308], [-78.2011479999802, 44.5514959998406], [-78.2016970001164, 44.5523909997449], [-78.2020439999306, 44.5530300004342], [-78.2023919997909, 44.5539030002233], [-78.2025350000902, 44.5543470000141], [-78.2029670002269, 44.5550419996886], [-78.2032050004104, 44.5553270002409], [-78.20374800027, 44.5558350002851], [-78.2039519997849, 44.5560290002382], [-78.2046240001974, 44.5567209997744], [-78.2052260000798, 44.5573029996338], [-78.2055879996864, 44.5576359997017], [-78.2062620001911, 44.5582920002756], [-78.2076670002318, 44.5597029996937], [-78.2081599995843, 44.5601929998071], [-78.2091650000647, 44.5610180000807], [-78.2102250003835, 44.5617650003545], [-78.2109129997351, 44.5621320001917], [-78.2109980000576, 44.5621890001223], [-78.2116129996402, 44.5625689996597], [-78.2119909999846, 44.5628029996587]]}, "properties": {"lhrs": 26270, "offset": 0, "highway": "28", "length": 9.76, "traffic_section": 26270000, "aadt": 7000, "aadtt": 650}}, {"type": "Feature", "geometry": {"type": "LineString", "coordinates": [[-79.8293020000872, 44.7351839999417], [-79.8293660003406, 44.7351490001263], [-79.8295430004091, 44.7351599997343], [-79.8297320001317, 44.7351619998265], [-79.8297940002928, 44.7352080001492], [-79.8305890000822, 44.7352340004488], [-79.8331129995652, 44.7353319995722], [-79.8331769998186, 44.7352870001949], [-79.8334170000944, 44.7352809999182], [-79.8336570003702, 44.7353009999413], [-79.833706999978, 44.7353470002639], [-79.8356879996015, 44.7354030001484], [-79.8378219999853, 44.73545199971], [-79.8379109995929, 44.735408000379], [-79.8380630003072, 44.7354090004251], [-79.8382899999835, 44.735420000033], [-79.8383399995913, 44.7354660003557], [-79.8385920004204, 44.7354769999636], [-79.8386559997745, 44.7354329997332], [-79.8389210003038, 44.7354179999408], [-79.8451750000262, 44.735957999662], [-79.8453910000945, 44.735975000446], [-79.8456919995861, 44.7359999998002], [-79.8466759999974, 44.7360640000536], [-79.8504339997293, 44.7363529998911], [-79.8534229999714, 44.7365730001439], [-79.8541559995996, 44.7365710000516], [-79.8551430001493, 44.7364550000982], [-79.855637999594, 44.7363430003293], [-79.8560830003302, 44.7362030001684], [-79.856375000306, 44.7360979998229], [-79.8568580000966, 44.7359680001231], [-79.8569329999579, 44.7359870001], [-79.8573789998409, 44.7358110000777], [-79.8576079996095, 44.7357229996168], [-79.8591080004338, 44.735207000103], [-79.8591089995807, 44.7351439998957], [-79.8598600000389, 44.7348459996432], [-79.8606620001511, 44.7345290003132], [-79.8619619998463, 44.7339479996006], [-79.862879999912, 44.7335069999481], [-79.8634019997025, 44.7332960001104], [-79.8650959995807, 44.7325390002747], [-79.8659500002922, 44.7321599998841], [-79.8666120002436, 44.7318970003464], [-79.8669169999196, 44.7317829995858], [-79.8672849998028, 44.7316790001857], [-79.8677309996859, 44.7315030001634], [-79.8686709998667, 44.731205999957], [-79.868734000074, 44.7312340003489], [-79.8690260000498, 44.7311469999341], [-79.8692299995648, 44.7310590003726], [-79.869686999955, 44.7308919998659], [-79.8696890000473, 44.7308380000737], [-79.8704890000673, 44.7305759996827], [-79.8709840004112, 44.730455000398], [-79.8719530001308, 44.7300709997769]]}, "properties": {"lhrs": 19536, "offset": 4.2, "highway": "12", "length": 3.59, "traffic_section": 19536042, "aadt": 7450, "aadtt": 520}}, {"type": "Feature", "geometry": {"type": "LineString", "coordinates": [[-78.84645199976, 43.8838169997548], [-78.8466649996899, 43.8837759996627], [-78.8469540004268, 43.8837090001702], [-78.851435000225, 43.8826859997591], [-78.8544099998216, 43.8820039997848], [-78.856165999861, 43.8816030001784]]}, "properties": {"lhrs": 47587, "offset": 0, "highway": "401", "length": 0.82, "traffic_section": 47587000, "aadt": 134100, "aadtt": 16100}}, {"type": "Feature", "geometry": {"type": "LineString", "coordinates": [[-78.2830539999421, 44.2937900002084], [-78.2830390001497, 44.2938749996316], [-78.2829749998963, 44.2938910003694], [-78.2828860002887, 44.2939159997237], [-78.2828470002888, 44.2939510004384], [-78.2825950003589, 44.2939900004382], [-78.2825330001978, 44.293970999562], [-78.2812539996723, 44.294263999584], [-78.2782759999374, 44.2949590001578], [-78.2773759998025, 44.2951799995574], [-78.2728889997275, 44.2962529995763], [-78.2714849997329, 44.2965250004284], [-78.2688179999507, 44.2969840000117], [-78.2675400003707, 44.2972410001721], [-78.2640270002458, 44.2981289997536], [-78.261831999747, 44.2986749997515]]}, "properties": {"lhrs": 14225, "offset": 5.5, "highway": "7", "length": 1.79, "traffic_section": 14225055, "aadt": 25000, "aadtt": 5700}}, {"type": "Feature", "geometry": {"type": "LineString", "coordinates": [[-79.3368809998582, 44.2213050003256], [-79.3366570003203, 44.2225799997672], [-79.3367049998358, 44.2226530004357], [-79.3365600003437, 44.2233619998565], [-79.3364840004363, 44.2238560001543], [-79.3363670004367, 44.2244569999906], [-79.336291999676, 44.2248789996661], [-79.3358600004386, 44.2273310003255], [-79.3354979999327, 44.2295039998098], [-79.3353789998409, 44.2301869998302], [-79.3352449999567, 44.2309229995968], [-79.3351409996574, 44.2315159999635], [-79.3350960002801, 44.2317580003315], [-79.3350380003034, 44.2320729995693], [-79.3349340000041, 44.2326469999591], [-79.3347830002352, 44.2335629999325], [-79.3346329996132, 44.2344430000445], [-79.3345720003975, 44.2348029995588], [-79.3345510003284, 44.2351169996498], [-79.3345179997059, 44.2354050003406], [-79.3345100002363, 44.2356930001319], [-79.3345050000057, 44.2358730003388], [-79.334498999729, 44.2360890004071], [-79.3345070000979, 44.2362509997839], [-79.3345120003285, 44.2365029997137], [-79.3345290002132, 44.2367739996204], [-79.334528000167, 44.236828000312], [-79.3345549996135, 44.2372059997571], [-79.3345850000977, 44.2374589997331], [-79.3346159997286, 44.2376840002165], [-79.3346480003049, 44.2378830004002], [-79.334679999982, 44.2380900000535], [-79.3347349998203, 44.2383609999602], [-79.3348460004426, 44.2388760003272], [-79.3348909998197, 44.2390389997501], [-79.3349479997503, 44.2392470003488], [-79.3349930000269, 44.2394180001406], [-79.3350499999575, 44.2396259998401], [-79.3351310000956, 44.239878999816], [-79.3352239998877, 44.2401329998381], [-79.3352940004177, 44.2402960001604], [-79.3354230000713, 44.2406219999054], [-79.3355159998635, 44.2408480004349], [-79.3356459995632, 44.2411560002492], [-79.3358089998854, 44.2415820001092], [-79.3361379997688, 44.2423430001294], [-79.3363739998601, 44.2428510001736], [-79.3364790002057, 44.2431220000803], [-79.3365499998825, 44.2432669995724], [-79.3366920001357, 44.2435750002861], [-79.3368090001352, 44.2438650001696], [-79.3368439999506, 44.2439559998696], [-79.3369260001348, 44.2441459996382], [-79.3370789999958, 44.2445090001902], [-79.3371149998573, 44.2445720003976], [-79.3372430003641, 44.2448980001426], [-79.3373489998564, 44.2451609996804], [-79.3376779997399, 44.2459219997006], [-79.3387600001738, 44.2483950004289], [-79.338924999689, 44.2487850004275], [-79.3391369995728, 44.2492559996647], [-79.3391599997341, 44.2493280002871], [-79.3392670001719, 44.2495370000326], [-79.3393129995952, 44.249673000009], [-79.339359999964, 44.2497809995935], [-79.3394780000096, 44.2500619999614], [-79.3395950000092, 44.2503250003985], [-79.3402889996376, 44.2519289997236], [-79.340960000004, 44.2534780001097], [-79.3413360002562, 44.2543659996912], [-79.3422880000911, 44.2565669995674], [-79.3424769998136, 44.2570019998425], [-79.3426299996747, 44.2573370000026], [-79.342641000182, 44.2573830003253], [-79.342782000389, 44.2577090000703], [-79.3430290000882, 44.2582879997914], [-79.3431349995805, 44.2585330002978], [-79.3434169999945, 44.259194000203], [-79.3439700003152, 44.260471999783], [-79.3440640001534, 44.2606800003817], [-79.344100000015, 44.2607710000817], [-79.3442050003604, 44.2610149996426], [-79.3442170000145, 44.2610430000345], [-79.3444760002672, 44.2616589996631], [-79.3444990004285, 44.2617130003547], [-79.3447690002891, 44.2623469999141], [-79.3448050001506, 44.2624290000983], [-79.3448169998047, 44.2624470000291], [-79.3451930000569, 44.2633349996106], [-79.3457569999855, 44.2646570003204], [-79.3459319999618, 44.2651190000419], [-79.3462500002373, 44.2658440002005], [-79.3465420002131, 44.2666040001745], [-79.3466909998897, 44.2670740002649], [-79.3467730000739, 44.2673009999413], [-79.3468069998431, 44.2674270003558], [-79.3468429997046, 44.2674640002634], [-79.3468619996815, 44.2677069997783], [-79.3469300001194, 44.2679510002385], [-79.3469639998887, 44.268087000215], [-79.3469839999116, 44.2682670004218], [-79.3470060000269, 44.2683750000063], [-79.3471139996113, 44.268989000442], [-79.3471640001185, 44.2694490000713], [-79.3471710004413, 44.2696379997939], [-79.34719999998, 44.2699539999772], [-79.3472400000259, 44.2707380001586], [-79.3473200001179, 44.271917999716], [-79.3473850004174, 44.2731800003568], [-79.3473909997948, 44.2733960004251], [-79.3474079996794, 44.2737020001472], [-79.3474289997485, 44.2738459995933], [-79.3474279997024, 44.273872999939], [-79.3474269996562, 44.2739000002848], [-79.3477029997936, 44.2788019997126], [-79.3477399997012, 44.2792800001719], [-79.3477799997472, 44.2800909997999], [-79.3478310003004, 44.2809560001194], [-79.3478520003695, 44.2811089999804], [-79.3479420000232, 44.2827940003429], [-79.3479529996312, 44.2832889997875], [-79.3480359998615, 44.2843710002215], [-79.3481319997919, 44.2863079996146], [-79.3481299996997, 44.2863800002369], [-79.3481420002531, 44.2863980001676], [-79.3482319999068, 44.2881099999766], [-79.3482509998837, 44.2883169996299], [-79.3482699998606, 44.2885420001133], [-79.3482889998374, 44.2887679997435], [-79.3482879997913, 44.2887950000892], [-79.3482879997913, 44.28881300002], [-79.3483119999988, 44.2892810000182], [-79.3483520000447, 44.2896419995787], [-79.3484160002981, 44.2900389999], [-79.3484580004363, 44.2903459996682], [-79.3485019997674, 44.2905530002208], [-79.3485710002514, 44.2907619999664], [-79.3487209999741, 44.2912409995726], [-79.3488139997663, 44.2914850000328], [-79.3489780001345, 44.2918840004463], [-79.3491200003876, 44.2922009997764], [-79.3492259998799, 44.2924450002366], [-79.3493090001102, 44.2926089997056], [-79.3494149996025, 44.2928439997508], [-79.3496050002705, 44.2932159998186], [-79.3498659997161, 44.293777999655], [-79.3499599995543, 44.2939690003692], [-79.3503509995989, 44.2947840001815], [-79.3504689996446, 44.2950469997193], [-79.3506469997592, 44.2954009998563], [-79.350765999851, 44.2956549998784], [-79.3508839998967, 44.2958909999697], [-79.3509670001269, 44.2960809997384], [-79.3510850001726, 44.2963349997605], [-79.3512509997338, 44.2966879998514], [-79.3513309998257, 44.2969500002424], [-79.3513990002636, 44.2972129997802], [-79.3514309999406, 44.2974200003328], [-79.3514370002173, 44.2976360004011], [-79.3514200003327, 44.2978159997087], [-79.3514020004019, 44.2979870003998], [-79.3513879997564, 44.2980410001921], [-79.3513370001024, 44.2980760000074], [-79.3512289996186, 44.2983530001908], [-79.35116100008, 44.2985599998441], [-79.3511080003339, 44.2986579998669], [-79.351119999988, 44.2986850002126], [-79.3511189999418, 44.2986939997284], [-79.3510739996653, 44.2987640002585]]}, "properties": {"lhrs": 31050, "offset": 0, "highway": "48", "length": 8.81, "traffic_section": 31050000, "aadt": 9350, "aadtt": 940}}, {"type": "Feature", "geometry": {"type": "LineString", "coordinates": [[-80.3499149999772, 44.0446010003359], [-80.3415439997557, 44.046435000375], [-80.3410460001728, 44.0465300002593], [-80.3404990001287, 44.046668000328], [-80.340037999554, 44.0468289996586], [-80.3395650002245, 44.0470439996809], [-80.3391249997189, 44.0472850000028], [-80.3386700003202, 44.0475790000709], [-80.3383320000218, 44.0478659998161], [-80.337919999908, 44.0482569998607], [-80.3375980003474, 44.0486479999053], [-80.3372899996338, 44.0490339997194], [-80.3367269997512, 44.0496660000859], [-80.3366250004434, 44.0498369998777], [-80.3364610000751, 44.0500249995541], [-80.3359970002613, 44.050620000013], [-80.3356389999399, 44.0509380002885], [-80.3353110001025, 44.0512330004027], [-80.3347250000587, 44.0515960000554], [-80.334221000199, 44.0518510001236], [-80.3337690000393, 44.0520359996617], [-80.3333939998332, 44.0521519996151], [-80.3328469997892, 44.0522959999605], [-80.3251570003952, 44.0538840003464], [-80.3207650002046, 44.0547849996281], [-80.3076499997476, 44.0574890002172], [-80.3040950003839, 44.0582140003759], [-80.2872359999414, 44.0616850003625], [-80.2778990001387, 44.0635799996173], [-80.2708640003733, 44.0649940000731], [-80.2590220001651, 44.0674019996027], [-80.2508249998738, 44.0690599996193], [-80.2487159997436, 44.0694769999636], [-80.245427000056, 44.0701220000303], [-80.243035000365, 44.0706199996134], [-80.2374639997637, 44.0717260002548], [-80.2364879997214, 44.0719269996314], [-80.2273219997105, 44.0738009997164], [-80.2210490000113, 44.0750370000575], [-80.2141130003147, 44.0763850001677], [-80.2129899997886, 44.0766020002821], [-80.2121390001147, 44.0767980003275], [-80.2119050001156, 44.0768449997969]]}, "properties": {"lhrs": 38670, "offset": 0.6, "highway": "89", "length": 11.75, "traffic_section": 38670006, "aadt": 3150, "aadtt": 490}}, {"type": "Feature", "geometry": {"type": "LineString", "coordinates": [[-78.2888170004042, 43.9700579999768], [-78.292159999884, 43.9697320002317], [-78.2926740002049, 43.969694000278], [-78.2930729997191, 43.9696639997938], [-78.2936379996939, 43.9695869998402], [-78.2946270003358, 43.969493000002], [-78.2954650003095, 43.9694230003712], [-78.2957410004468, 43.9693939999332], [-78.2963289996836, 43.9693359999565], [-78.3025359999364, 43.9688069998432], [-78.3074689998944, 43.968347000214], [-78.3122520001297, 43.9678659996163], [-78.3146199996132, 43.9675979998478], [-78.3162350003449, 43.9674460000329], [-78.325402000402, 43.9665849998979], [-78.3259749998463, 43.9665320001517], [-78.3300560000843, 43.9661319996921], [-78.3308030003581, 43.9660529996463]]}, "properties": {"lhrs": 47540, "offset": 0, "highway": "401", "length": 3.4, "traffic_section": 47540000, "aadt": 51500, "aadtt": 10500}}, {"type": "Feature", "geometry": {"type": "LineString", "coordinates": [[-79.1208720003425, 43.0702469996993], [-79.1208569996508, 43.0703079998144], [-79.1205819995596, 43.0712669999721], [-79.1194230000714, 43.0754349997255], [-79.1186470002588, 43.0783039998297], [-79.1184120002136, 43.0799839999616], [-79.1183849998678, 43.0804509999137], [-79.1187840002813, 43.0890750001112], [-79.1187889996126, 43.0891330000879], [-79.1187929997971, 43.0891920001108], [-79.1188980001426, 43.0909680001731], [-79.119045999773, 43.0945719999979], [-79.1187660003506, 43.0959800001769]]}, "properties": {"lhrs": 10032, "offset": 0, "highway": "QEW", "length": 2.88, "traffic_section": 10032000, "aadt": 47500, "aadtt": 5100}}, {"type": "Feature", "geometry": {"type": "LineString", "coordinates": [[-79.9598219998853, 43.1684969997368], [-79.9601509997688, 43.1690279999423], [-79.9604160002982, 43.169471999733], [-79.9605169995598, 43.1696669997323], [-79.9606769997437, 43.1699710002615], [-79.9608410001121, 43.1703060004216], [-79.9609810002729, 43.1706370003973], [-79.9611289999034, 43.1710040002345], [-79.9612849999028, 43.1714360003711], [-79.9614060000868, 43.1717870003698], [-79.9622050000607, 43.1743289997835], [-79.9641540000071, 43.1804949999444], [-79.9645939996133, 43.1819020000773], [-79.9646329996132, 43.1820850004225], [-79.9647030001433, 43.1824160003982], [-79.9647620001662, 43.1827749998664], [-79.9648159999584, 43.1831219996806], [-79.9648549999582, 43.1834339996794], [-79.9648980001426, 43.184037999654], [-79.9648980001426, 43.1844509998139], [-79.9648790001657, 43.1849890003422], [-79.9648590001427, 43.1852770001335], [-79.9648159999584, 43.1856520003396], [-79.9647539997972, 43.1860649996001], [-79.9647369999126, 43.1861879998763]]}, "properties": {"lhrs": 13495, "offset": 0, "highway": "6", "length": 2.02, "traffic_section": 13495000, "aadt": 14600, "aadtt": 0}}, {"type": "Feature", "geometry": {"type": "LineString", "coordinates": [[-79.2352640001334, 43.7856010003859], [-79.2353590000178, 43.7855770001785], [-79.2356219995556, 43.7855089997406], [-79.2374769996638, 43.7849789995812], [-79.2389809997733, 43.7845699996059], [-79.2404459998829, 43.7841879999763], [-79.2421350004299, 43.7837990000239], [-79.2437239999626, 43.7834370004173], [-79.2451619997265, 43.7831170000496], [-79.2451880000261, 43.7831079996345], [-79.2464259995602, 43.7828389998201], [-79.2478129996701, 43.7825629996827], [-79.2496499998476, 43.782230999661], [-79.2544380003134, 43.7813199999181]]}, "properties": {"lhrs": 47626, "offset": 0, "highway": "401", "length": 1.62, "traffic_section": 47626000, "aadt": 295400, "aadtt": 14800}}, {"type": "Feature", "geometry": {"type": "LineString", "coordinates": [[-79.3870139995964, 43.7633280002871], [-79.3871440001954, 43.7633030000335], [-79.3872570000105, 43.7632769997338], [-79.3921170001993, 43.7622300000145], [-79.3922419996685, 43.7622039997149], [-79.3923550003829, 43.7621790003606], [-79.3924799998521, 43.7621449996921], [-79.3926050002206, 43.7621190002917], [-79.3927180000356, 43.7620849996231], [-79.392842000358, 43.7620600002688], [-79.3929550001731, 43.7620249995541], [-79.3930799996422, 43.7619909997849], [-79.3931930003566, 43.7619570000156], [-79.3933179998258, 43.7619220002002], [-79.3934309996409, 43.7618969999467], [-79.3935430003092, 43.7618620001313], [-79.3936689998245, 43.761818999947], [-79.3937819996395, 43.7617850001777], [-79.393907000008, 43.7617500003623], [-79.3940199998231, 43.7617159996937], [-79.394131999592, 43.7616819999244], [-79.3942450003065, 43.761637999694], [-79.3943699997756, 43.7616039999247], [-79.3944829995907, 43.7615700001554], [-79.3945960003051, 43.761525999925], [-79.3947090001202, 43.7614829997407], [-79.3948219999353, 43.7614479999253], [-79.3949349997504, 43.761404999741], [-79.3950479995655, 43.7613610004099], [-79.3951600002338, 43.7613269997413], [-79.3952730000489, 43.761283999557], [-79.3953859998639, 43.7612400002259], [-79.395498999679, 43.7611970000416], [-79.3956120003934, 43.7611529998111], [-79.3956500003472, 43.7611359999265], [-79.3957250002085, 43.7611099996268], [-79.3958380000236, 43.7610660002957], [-79.3959509998388, 43.7610230001114], [-79.3960519999998, 43.7609700003653], [-79.3961649998149, 43.760927000181], [-79.3962779996299, 43.7608829999505], [-79.396378999791, 43.7608310002505], [-79.396491999606, 43.7607870000201], [-79.3966050003204, 43.76073500032], [-79.3967180001355, 43.7606920001357], [-79.3968309999506, 43.7606390003896], [-79.3969439997657, 43.7605869997902], [-79.3970449999268, 43.7605340000441], [-79.3971579997419, 43.7604820003441], [-79.397270999557, 43.7604289996986], [-79.3973850003175, 43.7603769999986], [-79.3974850004324, 43.7603240002525], [-79.3975990002936, 43.7602719996531], [-79.3976990004085, 43.760218999907], [-79.3978130002697, 43.7601670002069], [-79.3979130003846, 43.7601139995615], [-79.3980270002458, 43.7600530003457], [-79.3981280004069, 43.7599999997002], [-79.398241000222, 43.7599480000002], [-79.398342000383, 43.7598859998391], [-79.3984429996447, 43.759833000093], [-79.3985560003591, 43.7597719999779], [-79.3986569996208, 43.7597099998167], [-79.3987579997818, 43.7596580001166], [-79.3988589999428, 43.7595959999555], [-79.3989600001039, 43.7595349998404], [-79.3990610002649, 43.7594729996792], [-79.3991620004259, 43.7594110004174], [-79.3992629996877, 43.7593500003023], [-79.3993639998487, 43.7592880001412], [-79.4003749997065, 43.7586450001667], [-79.4032799996722, 43.7568399996663], [-79.4056680000781, 43.755315000387], [-79.4065270001209, 43.7547690003891], [-79.4067299995897, 43.7546460001129], [-79.4069190002116, 43.7545320002517], [-79.4080769996538, 43.7537940003929]]}, "properties": {"lhrs": 47642, "offset": 0, "highway": "401", "length": 2.03, "traffic_section": 47642000, "aadt": 355200, "aadtt": 28400}}, {"type": "Feature", "geometry": {"type": "LineString", "coordinates": [[-79.7967689998894, 43.297951999885], [-79.7985759995827, 43.301081000288], [-79.7992560003641, 43.3022500002374], [-79.7993039998797, 43.3023409999373], [-79.8007829997356, 43.3049299997198], [-79.8022309999606, 43.3074639996639], [-79.8031180003954, 43.3090170002344], [-79.8034509995639, 43.3096420002781], [-79.8036410002319, 43.3100130002998], [-79.8044289996985, 43.3119660004306], [-79.8049399998811, 43.3129439996659], [-79.8059899997386, 43.3141339996844], [-79.8071310001955, 43.3150559999345], [-79.8072159996187, 43.3151109997729], [-79.807268000218, 43.3151499997727]]}, "properties": {"lhrs": 10109, "offset": 0, "highway": "QEW", "length": 2.1, "traffic_section": 10108000, "aadt": 155700, "aadtt": 24900}}, {"type": "Feature", "geometry": {"type": "LineString", "coordinates": [[-79.1479659997311, 44.4825230000364], [-79.1484240001675, 44.4835479996405], [-79.1488160002582, 44.4842830002603], [-79.1493580000716, 44.4850479995656], [-79.1499389998849, 44.4857420000933], [-79.1503160001832, 44.4861710000916], [-79.1504730002287, 44.4863540004368], [-79.151286999995, 44.4872759997876], [-79.1513209997643, 44.487328000387], [-79.1515149997175, 44.4876219995557], [-79.1519540001769, 44.4880430000844], [-79.1542109999377, 44.4906630003972], [-79.1547559998895, 44.491240000026]]}, "properties": {"lhrs": 19410, "offset": 0, "highway": "12", "length": 1.11, "traffic_section": 19410000, "aadt": 11200, "aadtt": 2100}}, {"type": "Feature", "geometry": {"type": "LineString", "coordinates": [[-79.1644419995986, 43.157224999734], [-79.169114000111, 43.1589209997044], [-79.1726789999358, 43.1602299998147], [-79.1846139999361, 43.1649829995658], [-79.1858830000004, 43.1654969998867], [-79.1879570003153, 43.1663339998143], [-79.1889779997349, 43.1667079999743], [-79.189849000331, 43.1669320004115], [-79.1908679996584, 43.167151999765], [-79.1919789996311, 43.167281000318], [-79.1925679998133, 43.1673259996952], [-79.1965279998673, 43.1673709999717], [-79.1993939998332, 43.1673889999025], [-79.2048790000658, 43.1674479999253], [-79.2069530003806, 43.1676159995787], [-79.2074679998483, 43.16767799974], [-79.2098160002082, 43.1681380002685], [-79.2102929997221, 43.1682530001759], [-79.2105930000669, 43.168325999945], [-79.2148979998428, 43.1693700004252], [-79.2169079999042, 43.1698629997776], [-79.2171710003414, 43.1699280000772]]}, "properties": {"lhrs": 10052, "offset": 0, "highway": "QEW", "length": 4.6, "traffic_section": 10052000, "aadt": 94000, "aadtt": 8450}}, {"type": "Feature", "geometry": {"type": "LineString", "coordinates": [[-78.7175849997479, 44.9237399997013], [-78.7174699998406, 44.924050999654], [-78.7159819995696, 44.9280270004457], [-78.7148309995509, 44.9311549999033], [-78.7147870002199, 44.9312980002026], [-78.7146429998745, 44.9316120002936]]}, "properties": {"lhrs": 27960, "offset": 2.7, "highway": "35", "length": 0.91, "traffic_section": 27960027, "aadt": 7200, "aadtt": 580}}, {"type": "Feature", "geometry": {"type": "LineString", "coordinates": [[-80.046304999576, 42.9680619998614], [-80.0455889998324, 42.9688449999968], [-80.044652999836, 42.9698820001543], [-80.0436959997705, 42.9707390001048], [-80.0432859997491, 42.9709940001731], [-80.0422280004219, 42.9716400002858], [-80.0407830003352, 42.9723450004215], [-80.0398569999006, 42.9728280002121], [-80.0393000002948, 42.9731780001646], [-80.0385059996521, 42.9738010001161], [-80.0381270001609, 42.9741500000225], [-80.0377839996318, 42.9745020000673], [-80.0374240001175, 42.9749000004347], [-80.0371429997496, 42.975258999903], [-80.0369240004422, 42.9756530000859], [-80.0362809995684, 42.9767910004044], [-80.0327260002047, 42.982947000104], [-80.0321859995842, 42.9837349995706], [-80.0314859996791, 42.9844740003749], [-80.0306250004434, 42.9853510003484], [-80.0301269999611, 42.9859110000926], [-80.0239959996157, 42.9928059996972], [-80.0175029996637, 43.0000170003843], [-80.0100450001766, 43.0083459995683], [-79.9999949998693, 43.019695000424], [-79.9996700001703, 43.020061000215], [-79.9960850003225, 43.0239469995544], [-79.9820970000765, 43.0393300002793], [-79.9804179999906, 43.0413410003869], [-79.9784940002978, 43.044078999846], [-79.978192999907, 43.044482000444], [-79.9770670001419, 43.0457319996322], [-79.9750659995962, 43.0472359997417], [-79.9743570001753, 43.0484819996446], [-79.974324999599, 43.0496519996401]]}, "properties": {"lhrs": 13430, "offset": 1.6, "highway": "6", "length": 10.87, "traffic_section": 13430016, "aadt": 13400, "aadtt": 1500}}, {"type": "Feature", "geometry": {"type": "LineString", "coordinates": [[-79.6973699999255, 44.3621729997841], [-79.6974570003403, 44.3622459995533], [-79.7017790000008, 44.3659599999541], [-79.7058810003079, 44.3694990003786], [-79.7060900000534, 44.3696730003088], [-79.7073590001177, 44.3707579999818], [-79.707432999933, 44.3708220002352], [-79.7076429997246, 44.3709960001653], [-79.7088860003886, 44.3720900002534], [-79.7098459996931, 44.3729739996504], [-79.7104089995756, 44.3736110002475], [-79.710714000151, 44.3740190001768], [-79.7109809998732, 44.3744369996679], [-79.7113770001484, 44.3752690002642], [-79.7115300000095, 44.3757479998703], [-79.7116439998707, 44.3762450003066], [-79.7117080001241, 44.3767500002124], [-79.7117219998703, 44.3772629995878], [-79.7116880001011, 44.3776860002088], [-79.7115859998939, 44.378306000022], [-79.7114499999175, 44.3788079997894], [-79.7112759999874, 44.3793010000412], [-79.7110650001496, 44.3797849998779], [-79.7108690001043, 44.3801250002686]]}, "properties": {"lhrs": 46880, "offset": 0, "highway": "400", "length": 2.39, "traffic_section": 46880000, "aadt": 122100, "aadtt": 9050}}, {"type": "Feature", "geometry": {"type": "LineString", "coordinates": [[-79.435144999642, 44.6278669999621], [-79.4355159996636, 44.6274270003559], [-79.4360370003073, 44.6267859995743], [-79.4363349996605, 44.6264929995523], [-79.4380400000459, 44.6245000002748], [-79.4409660000808, 44.6211549998034], [-79.441658999663, 44.6202280002221], [-79.4422119999838, 44.6193439999257], [-79.442689000397, 44.6184589995832], [-79.4431049997959, 44.6175109999327], [-79.4434329996332, 44.6165610001901], [-79.443531999702, 44.616165999961], [-79.4439839998616, 44.6143360001064], [-79.444047000069, 44.6138599997392], [-79.4441969997916, 44.6134479996255], [-79.444848000135, 44.6107829999356], [-79.4448910003194, 44.6105849997979], [-79.4448920003655, 44.6105489999364]]}, "properties": {"lhrs": 16990, "offset": 0, "highway": "11", "length": 2.1, "traffic_section": 16990000, "aadt": 34200, "aadtt": 4800}}, {"type": "Feature", "geometry": {"type": "LineString", "coordinates": [[-79.7079749997464, 43.6207080000742], [-79.7080630002072, 43.6206730002588], [-79.7084249998139, 43.6205330000979], [-79.7096749999013, 43.6200419999384], [-79.7102379997838, 43.6198239997778], [-79.7132500001873, 43.6186329997132], [-79.715262000341, 43.6178359998316], [-79.721674000155, 43.6153060000719], [-79.7287960003351, 43.6125309998059], [-79.7296459999629, 43.6121979997379], [-79.7310330000728, 43.6116559999245], [-79.7328700002503, 43.6109289996737], [-79.7331820002491, 43.6107969998817], [-79.7353440001255, 43.6099569998157], [-79.7354430001943, 43.6099220000003], [-79.7356560001243, 43.6098340004388], [-79.7369680003729, 43.6093169999796], [-79.7399539995774, 43.60813500033], [-79.7400040000845, 43.6081079999843], [-79.7404419995985, 43.607942000423], [-79.7405039997598, 43.6079160001233], [-79.7452649998798, 43.6060129996003], [-79.7461549995535, 43.6056629996478], [-79.7465370000825, 43.6055139999712]]}, "properties": {"lhrs": 47682, "offset": 0, "highway": "401", "length": 3.54, "traffic_section": 47682000, "aadt": 171900, "aadtt": 25400}}, {"type": "Feature", "geometry": {"type": "LineString", "coordinates": [[-79.8598680004078, 43.3123360004062], [-79.842569000359, 43.3288639999737], [-79.8389230003961, 43.3324909999598], [-79.8385710003514, 43.3328480002351], [-79.8371040001495, 43.3340489998615], [-79.834789000412, 43.3358169995549], [-79.8339640001385, 43.336384999668], [-79.8325159999134, 43.3372619996416], [-79.8323789998909, 43.3373140002409], [-79.8322530003756, 43.3373579995721], [-79.832105999892, 43.3374110002175], [-79.8319489998464, 43.3374880001711], [-79.8316569998706, 43.337630999571], [-79.8305229997366, 43.338207000053]]}, "properties": {"lhrs": 48295, "offset": 0, "highway": "403", "length": 3.75, "traffic_section": 48295000, "aadt": 147300, "aadtt": 11800}}, {"type": "Feature", "geometry": {"type": "MultiLineString", "coordinates": [[[-78.610415000252, 43.973697999663], [-78.6104960003901, 43.9740509997539], [-78.6108860003886, 43.9757020003471], [-78.6109509997888, 43.9759449998619], [-78.6110190002266, 43.9761630000225], [-78.6110639996039, 43.9762949998144], [-78.6111289999034, 43.9764709998368], [-78.6112469999491, 43.9767720002277], [-78.6114609999252, 43.9772309998108], [-78.6144379996139, 43.9837679999932], [-78.614700000005, 43.9845510001286], [-78.6148240003273, 43.9853910001946], [-78.6148400001658, 43.9856199999631], [-78.6148450003964, 43.9857689996397], [-78.6148450003964, 43.9858830004002], [-78.6148469995893, 43.9860780003994], [-78.6148370000275, 43.9863260001449], [-78.6148180000506, 43.9865390000748], [-78.6148020002121, 43.9866859996592], [-78.614781000143, 43.9868419996586], [-78.6147620001661, 43.9869619997965], [-78.6147379999587, 43.987078999796], [-78.614721000074, 43.9871650001647], [-78.61470900042, 43.9872230001414], [-78.6146709995669, 43.987371999818], [-78.6146379998438, 43.9875079997944]], [[-78.6146379998438, 43.9875079997944], [-78.6146149996824, 43.9875859997941]], [[-78.6146379998438, 43.9875079997944], [-78.6145939996134, 43.987654000232], [-78.6143910001445, 43.9881440003454], [-78.6141309998457, 43.988770999582], [-78.6138729996392, 43.9892089999954], [-78.6135930002167, 43.989640000086], [-78.6133659996411, 43.9899530001309], [-78.6128959995507, 43.9904749999214], [-78.6123060002217, 43.9911680004029], [-78.6118109998777, 43.9917260000549], [-78.6109800002268, 43.9926569998207], [-78.6108539998122, 43.9927980000277]]]}, "properties": {"lhrs": 27817, "offset": 0, "highway": "35", "length": 2.26, "traffic_section": 27817000, "aadt": 24900, "aadtt": 2350}}, {"type": "Feature", "geometry": {"type": "LineString", "coordinates": [[-79.8295059996021, 43.5711350000802], [-79.8306779996899, 43.5700749997615], [-79.8342699998606, 43.5668430000045], [-79.8393599998641, 43.5623030001834], [-79.8395860003936, 43.562107000138], [-79.8403790000907, 43.5614310004404], [-79.8407570004352, 43.5611199995883], [-79.8428869997352, 43.559150999619], [-79.8500809996384, 43.5527440000356], [-79.8505570000055, 43.5523410003369], [-79.8508839997967, 43.5520559997846], [-79.8510480001651, 43.5519039999697], [-79.8511739996803, 43.5517890000623], [-79.851249000441, 43.5517259998551], [-79.8534799999021, 43.5496510003934], [-79.8577360001163, 43.545830999601], [-79.8591349998803, 43.5445299998597], [-79.8600020002921, 43.5438269998163], [-79.8609689999194, 43.543125999865], [-79.8614699996408, 43.5427969999816], [-79.8628090002351, 43.5420180000307], [-79.8628720004425, 43.5419830002153], [-79.862929000373, 43.5419529997312], [-79.8630089995656, 43.5419119996391], [-79.8631869996802, 43.5418199998931]]}, "properties": {"lhrs": 47690, "offset": 0, "highway": "401", "length": 4.25, "traffic_section": 47690000, "aadt": 152900, "aadtt": 27500}}, {"type": "Feature", "geometry": {"type": "LineString", "coordinates": [[-79.4812929999719, 43.7227299995899], [-79.4813089998104, 43.7227260003047], [-79.4813839996718, 43.7227090004201], [-79.4851060004415, 43.7217949996396], [-79.4853689999793, 43.7217260000549], [-79.4856310003703, 43.721657999617], [-79.4858939999081, 43.7215890000324], [-79.4861560002992, 43.7215300000095], [-79.4864179997908, 43.7214610004249], [-79.4866810002279, 43.7213919999409], [-79.486955000273, 43.721332999918], [-79.4872179998108, 43.7212650003795], [-79.4874800002018, 43.7212050003106], [-79.4877419996935, 43.7211450002416], [-79.4880169997847, 43.7210769998038], [-79.4882790001757, 43.7210169997348], [-79.4884170002443, 43.7209829999655], [-79.4885540002668, 43.7209399997812], [-79.4886920003355, 43.7209060000119], [-79.4888420000582, 43.7208629998276], [-79.4889790000807, 43.7208290000584], [-79.4891170001494, 43.7207940002429], [-79.4892540001719, 43.7207510000587], [-79.4894039998947, 43.7207170002894], [-79.4895419999633, 43.7206829996208], [-79.4896789999858, 43.7206489998515], [-79.4898289997085, 43.7206150000823], [-79.4899659997311, 43.720581000313], [-79.4901039997997, 43.7205459995982], [-79.4902530003756, 43.720521000244], [-79.4903910004443, 43.7204869995754], [-79.490541000167, 43.7204529998061], [-79.4906780001895, 43.7204279995526], [-79.4908279999122, 43.7203939997833], [-79.4909649999348, 43.7203690004291], [-79.4911149996575, 43.7203349997605], [-79.49125199968, 43.7203090003601], [-79.4914010002559, 43.7202840001066], [-79.4915509999786, 43.720258999853], [-79.4916880000011, 43.7202339995994], [-79.4918379997239, 43.7202090002452], [-79.4924740002749, 43.7200910001995], [-79.4935589999479, 43.7198990003387], [-79.4952549999182, 43.7195969999017], [-79.4978609995854, 43.7191269998112], [-79.499769000339, 43.7187919996511], [-79.5000059995772, 43.7187500004122], [-79.5012019998724, 43.7185490001363], [-79.5013139996413, 43.7185330002978], [-79.5014139997563, 43.7185160004132], [-79.5015260004245, 43.7184910001596], [-79.5016380001935, 43.718474000275], [-79.5017380003084, 43.7184570003903], [-79.5018500000774, 43.7184409996524], [-79.5019619998464, 43.7184239997678], [-79.5020739996153, 43.7184079999293], [-79.5021870003297, 43.7183910000447], [-79.5022860003986, 43.7183750002061], [-79.5023980001675, 43.7183580003215], [-79.5025099999365, 43.7183410004369], [-79.5026219997055, 43.718334000114], [-79.5027350004199, 43.7183170002294], [-79.5028470001889, 43.7183099999066], [-79.5029460002577, 43.718293000022], [-79.5030580000267, 43.7182859996992], [-79.5031699997956, 43.7182689998145], [-79.5032819995646, 43.7182620003911], [-79.5033940002329, 43.7182540000221], [-79.5035060000018, 43.7182370001375], [-79.5036060001167, 43.7182299998147], [-79.5036179997708, 43.7182299998147], [-79.5037300004391, 43.7182220003451], [-79.5038420002081, 43.7182150000223], [-79.5046390000898, 43.7181260004146], [-79.5062570000605, 43.7179310004154], [-79.5064689999443, 43.717907000208], [-79.5067549996435, 43.7178749996316], [-79.5075520004244, 43.7177769996089], [-79.5078139999162, 43.7177449999319], [-79.508075000261, 43.7177120002087], [-79.5085230002362, 43.7176639997938], [-79.5126439996208, 43.7172040001645], [-79.5156190001167, 43.71686499982], [-79.5181829996457, 43.716591999821], [-79.5182829997606, 43.7165840003514], [-79.5183199996682, 43.7165850003975], [-79.5185939997133, 43.716551999775], [-79.5190419996885, 43.7165040002595], [-79.5193909995949, 43.7164650002596], [-79.519978999731, 43.716398999914]]}, "properties": {"lhrs": 47656, "offset": 0, "highway": "401", "length": 3.2, "traffic_section": 47656000, "aadt": 404200, "aadtt": 32300}}, {"type": "Feature", "geometry": {"type": "LineString", "coordinates": [[-80.5810849998728, 44.5948600003887], [-80.5768519998199, 44.5926890000973], [-80.5760739999151, 44.5923580001216], [-80.5752499996877, 44.5920710003764], [-80.5744369999675, 44.5918199995934], [-80.5731560002492, 44.5915050003555], [-80.5724770004132, 44.5913939997333], [-80.5656939996783, 44.5902879999912], [-80.5647940004427, 44.5901790003606], [-80.5640419999383, 44.5899960000154], [-80.5631189996421, 44.5897270002009], [-80.5601490002761, 44.588817999651], [-80.5568649999198, 44.5883010000911], [-80.5556569999706, 44.588178999861], [-80.5546250000437, 44.5880759996077], [-80.5502499997377, 44.587834000139], [-80.5477529997011, 44.5876889997476], [-80.5470080004188, 44.5876560000244], [-80.5451920003105, 44.587550999679], [-80.5436369996478, 44.5874610000252], [-80.5409790002806, 44.587255000418], [-80.5339370001924, 44.5866789999359], [-80.5293710000715, 44.586344999822], [-80.5284109998677, 44.5862509999837], [-80.5274600000789, 44.5861190001918], [-80.526914000081, 44.5859959999155], [-80.5253129999949, 44.5855380003784], [-80.5206580002664, 44.5837600002239], [-80.5192589996031, 44.5832330002028], [-80.5170209998192, 44.5823730001139], [-80.5129180003654, 44.5809120001887], [-80.5119020002771, 44.5805630002823], [-80.5118699997007, 44.5805499996828], [-80.5033560000793, 44.5769950003191], [-80.5033000001948, 44.5769720001577], [-80.5022219999453, 44.5766099996518], [-80.5012490000413, 44.5763690002292], [-80.499991999631, 44.5761019996076], [-80.4932499998876, 44.5747490001663], [-80.4748700003502, 44.5709749996965], [-80.4726070003128, 44.5704869996753], [-80.4718410000621, 44.5702850002526], [-80.4707360003661, 44.5698839997468], [-80.4658170001544, 44.5679529997312], [-80.4647810000431, 44.567544999802]]}, "properties": {"lhrs": 25680, "offset": 5.6, "highway": "26", "length": 9.85, "traffic_section": 25680056, "aadt": 7000, "aadtt": 630}}, {"type": "Feature", "geometry": {"type": "LineString", "coordinates": [[-79.5636170003243, 43.7041339999841], [-79.563554000117, 43.7041879997764], [-79.5634899998636, 43.7042410004219], [-79.5634780002095, 43.7042499999376], [-79.5634020003021, 43.7043029996838], [-79.5633640003483, 43.7043289999834], [-79.5633260003946, 43.7043560003292], [-79.5632759998874, 43.7043910001446], [-79.5632480003949, 43.7044080000292], [-79.5631749997264, 43.7044530003058], [-79.5631490003261, 43.7044799997523], [-79.5631369997727, 43.7044890001673], [-79.5630860001187, 43.7045239999827], [-79.5630480001651, 43.7045500002823], [-79.5630229999115, 43.7045769997288], [-79.5630100002113, 43.7045860001438], [-79.5629599997042, 43.7046120004435], [-79.5629100000964, 43.70463899989], [-79.5628720001426, 43.7046650001897], [-79.5628219996356, 43.7047010000512], [-79.5627839996818, 43.7047270003508], [-79.5627330000279, 43.7047539997973], [-79.5626830004201, 43.704780000097], [-79.562632999913, 43.7048060003967], [-79.5625820002591, 43.7048329998431], [-79.5625450003515, 43.7048590001428], [-79.5624949998443, 43.7048770000736], [-79.5624440001904, 43.704911999889], [-79.5623939996833, 43.7049289997736], [-79.5623440000755, 43.7049560001193], [-79.5622939995684, 43.704973000004], [-79.5622429999145, 43.7050000003498], [-79.5621809997533, 43.7050259997501], [-79.5621429997996, 43.705034000119], [-79.5620930001918, 43.7050609995655], [-79.5620429996846, 43.7050780003495], [-79.5619930000769, 43.7050859998191], [-79.5619429995697, 43.7051039997498], [-79.5618929999619, 43.7051209996345], [-79.5618430003541, 43.7051389995652], [-79.561792999847, 43.7051469999341], [-79.5617430002392, 43.7051639998188], [-79.5616929997321, 43.7051819997495], [-79.5616430001243, 43.7051900001185], [-79.5615929996172, 43.705197999588], [-79.5615430000094, 43.7052070000031], [-79.5614940004477, 43.705215000372], [-79.5614429998945, 43.7052330003028], [-79.5613940003328, 43.7052409997724], [-79.5613439998257, 43.7052490001413], [-79.5612819996645, 43.705257999657], [-79.5612320000567, 43.7052660000259], [-79.5611820004489, 43.7052740003949], [-79.5611319999418, 43.7052740003949], [-79.5610699997806, 43.7052910002795], [-79.5610079996194, 43.7052900002334], [-79.5609580000117, 43.7052989997491], [-79.5608959998505, 43.705307000118], [-79.5608329996432, 43.7053149995876], [-79.5607710003814, 43.7053140004408], [-79.5607219999203, 43.7053229999565], [-79.560658999713, 43.7053310003254], [-79.5605969995519, 43.7053300002793], [-79.5605599996442, 43.7053300002793], [-79.56053500029, 43.7053290002332], [-79.5604730001288, 43.7053369997028], [-79.5604229996217, 43.7053369997028], [-79.5603610003598, 43.7053359996567], [-79.5602990001987, 43.7053349996106], [-79.5602370000375, 43.7053339995645], [-79.5601749998763, 43.7053339995645], [-79.5601129997151, 43.7053330004177], [-79.5600379998538, 43.7053409998873], [-79.5599640000385, 43.7053399998412], [-79.5599019998774, 43.7053480002101], [-79.559827000016, 43.705347000164], [-79.5597900001084, 43.7053559996797], [-79.5597530002008, 43.7053549996336], [-79.5596899999935, 43.7053549996336], [-79.5596160001782, 43.7053630000025], [-79.5595410003169, 43.7053710003714], [-79.5594790001557, 43.7053700003253], [-79.5594040002944, 43.7053779997949], [-79.5593299995798, 43.7053860001639], [-79.5592680003179, 43.7053939996334], [-79.5591929995572, 43.7054020000023]]}, "properties": {"lhrs": 48980, "offset": 0, "highway": "409", "length": 0.4, "traffic_section": 48980000, "aadt": 122700, "aadtt": 9800}}, {"type": "Feature", "geometry": {"type": "LineString", "coordinates": [[-79.1886259996901, 44.5712739999952], [-79.188887000035, 44.5713780002945], [-79.1917180001855, 44.573115000357], [-79.1981229996766, 44.5769609996505], [-79.2036599996093, 44.580388000306], [-79.2049580001115, 44.5811919996111], [-79.2099320001616, 44.5841059999919], [-79.2194910003094, 44.5899630002923], [-79.2220129997002, 44.5915240003324], [-79.2284719998829, 44.5953959999255], [-79.2331980001875, 44.5982599997992], [-79.2341629997226, 44.5988690000044], [-79.237528000217, 44.6009200001579], [-79.2379620004459, 44.6011609995805], [-79.2384210000291, 44.6013749995566], [-79.2389449999118, 44.6015450002017], [-79.2395089998404, 44.6016620002012], [-79.2400709996768, 44.6018140000161], [-79.2407769998586, 44.6018249996241], [-79.2449950001191, 44.602330999576], [-79.2476310002704, 44.6026960002203], [-79.249624999594, 44.6029959996657], [-79.2573620002561, 44.6042669998222], [-79.2624930003516, 44.6050289998885], [-79.2637730000239, 44.6052019997725], [-79.2728589999429, 44.6064739999751], [-79.2735240000325, 44.6065829996058], [-79.2744660003056, 44.6066790004356], [-79.2751589998879, 44.6067069999282], [-79.2758650000696, 44.6066819996746], [-79.2772819997645, 44.6065049996061], [-79.2825340000441, 44.6057200002779], [-79.2926459996132, 44.6042419995687], [-79.3024060000369, 44.6027489999664], [-79.3045190003515, 44.6024559999445], [-79.3054429997946, 44.602298999899], [-79.3059869997002, 44.6022169997148], [-79.3073050002255, 44.6019849998079], [-79.3093809997333, 44.6016549998784], [-79.3205700004051, 44.5999120004385], [-79.3210580004263, 44.5998450000467]]}, "properties": {"lhrs": 19420, "offset": 0, "highway": "12", "length": 11.88, "traffic_section": 19420000, "aadt": 12000, "aadtt": 960}}, {"type": "Feature", "geometry": {"type": "LineString", "coordinates": [[-79.18546499961, 43.1151310001956], [-79.1823099998066, 43.1141720000378], [-79.1808079997893, 43.113850999624], [-79.1796440000705, 43.1137060001318], [-79.1789820001191, 43.1136690002242], [-79.175598999694, 43.113768000293]]}, "properties": {"lhrs": 81060, "offset": 0, "highway": "7186", "length": 0.83, "traffic_section": 81060000, "aadt": 24800, "aadtt": 1500}}, {"type": "Feature", "geometry": {"type": "LineString", "coordinates": [[-78.7231110000725, 44.3293200001179], [-78.7217939995934, 44.3296360003012], [-78.7176700000704, 44.3305439999057], [-78.7166069996133, 44.3308020001123], [-78.7155399998711, 44.3311499999726], [-78.714405999737, 44.3316040002245], [-78.7127859996741, 44.3322919995762], [-78.7110169999345, 44.3329409998273], [-78.7098110000776, 44.3333129998951], [-78.7087469995743, 44.3335879999863], [-78.7084049999907, 44.3336720002627], [-78.7080760001073, 44.3337460000779], [-78.7068009997663, 44.3339640002385], [-78.7057410003468, 44.3341220003301], [-78.7051740002798, 44.3341830004452]]}, "properties": {"lhrs": 14290, "offset": 0, "highway": "7", "length": 1.54, "traffic_section": 14290000, "aadt": 14500, "aadtt": 1300}}, {"type": "Feature", "geometry": {"type": "LineString", "coordinates": [[-80.1162259999299, 43.4476679999783], [-80.1165070002978, 43.4478429999546], [-80.1171439999956, 43.4482709999068], [-80.117584999648, 43.4484999996753], [-80.1192130000799, 43.449610999648], [-80.1195670002169, 43.4498750001312], [-80.1210480001651, 43.4508760004271], [-80.1232639998337, 43.4523700000755], [-80.1237050003854, 43.4526620000513], [-80.1239740001999, 43.4528079995895], [-80.1241340003838, 43.4529079997044], [-80.1243660002906, 43.4530540001421], [-80.124544999552, 43.4531720001877]]}, "properties": {"lhrs": 13585, "offset": 3.7, "highway": "6", "length": 0.91, "traffic_section": 13585037, "aadt": 22900, "aadtt": 3900}}, {"type": "Feature", "geometry": {"type": "LineString", "coordinates": [[-79.5545979998978, 43.609381000233], [-79.5544710003364, 43.6094960001403], [-79.5542679999682, 43.6096829997706], [-79.5541160001533, 43.6098250000238], [-79.5539640003383, 43.6099579998619], [-79.553811999624, 43.610100000115], [-79.553648000155, 43.6102420003681], [-79.5534960003401, 43.6103839997219], [-79.5533439996258, 43.6105169995599], [-79.5531909997648, 43.6106680002281], [-79.553039999996, 43.6108020001122], [-79.552888000181, 43.6109440003654], [-79.5528359995817, 43.6110059996272], [-79.5527730002737, 43.6110679997884], [-79.5527100000664, 43.6111219995807], [-79.552645999813, 43.6111839997418], [-79.5525829996057, 43.6112370003873], [-79.5525200002978, 43.6112900001335], [-79.5524560000444, 43.6113520002946], [-79.552392999837, 43.6114060000869], [-79.5523299996298, 43.6114680002481], [-79.5522660002757, 43.6115209999942], [-79.5521910004143, 43.6115739997404], [-79.5521270001609, 43.6116359999015], [-79.5520639999536, 43.6116899996938], [-79.5519890000922, 43.6117430003392], [-79.5519249998388, 43.6117960000854], [-79.5518499999775, 43.6118489998315], [-79.5517859997241, 43.6119019995777], [-79.5517109998627, 43.6119550002231], [-79.5516349999552, 43.6120170003843], [-79.5515590000478, 43.6120700001305], [-79.5514959998405, 43.612115000407], [-79.551419999933, 43.6121769996689], [-79.5513450000717, 43.6122300003143], [-79.5512690001642, 43.6122830000605], [-79.5511940003028, 43.6123359998066], [-79.5511049997959, 43.6123889995528], [-79.5510299999345, 43.6124420001982], [-79.550954000027, 43.6124860004286], [-79.5508790001657, 43.6125390001748], [-79.5508159999584, 43.6125739999902], [-79.5507909997048, 43.6125919999209], [-79.5507149997974, 43.612644999667], [-79.5506399999361, 43.6126889998975], [-79.5505520003745, 43.6127330001279], [-79.5504759995677, 43.6127859998741], [-79.5503880000061, 43.6128389996202], [-79.5503130001448, 43.6128829998506], [-79.5502380002835, 43.612917999666], [-79.550162000376, 43.6129619998964], [-79.5500869996153, 43.6129969997118], [-79.5500240003073, 43.6130409999423], [-79.549949000446, 43.6130759997576], [-79.5498739996853, 43.6131119996191], [-79.549798999824, 43.6131470003339], [-79.5497229999165, 43.6131909996649], [-79.5496480000551, 43.6132169999646], [-79.5495730001938, 43.61325199978], [-79.5494980003324, 43.6132869995954], [-79.5494229995717, 43.6133220003101], [-79.5494099998716, 43.6133309998258], [-79.5493469996642, 43.6133570001255], [-79.5492719998029, 43.6133919999409]]}, "properties": {"lhrs": 10155, "offset": 0, "highway": "QEW", "length": 0.62, "traffic_section": 10155000, "aadt": 179200, "aadtt": 21500}}, {"type": "Feature", "geometry": {"type": "LineString", "coordinates": [[-79.6637289998934, 43.5096809998783], [-79.6636689998244, 43.5097359997167], [-79.6597040004392, 43.5133489999565], [-79.6529979996579, 43.5194790002557], [-79.6506359995517, 43.521640000086], [-79.6491320003415, 43.5230359997117], [-79.6480970002763, 43.5239870003998], [-79.647944999562, 43.5241289997536], [-79.6478689996546, 43.5241909999148], [-79.6478070003927, 43.5242499999376]]}, "properties": {"lhrs": 10142, "offset": 0, "highway": "QEW", "length": 2.07, "traffic_section": 10142000, "aadt": 142800, "aadtt": 14300}}, {"type": "Feature", "geometry": {"type": "LineString", "coordinates": [[-78.085427000056, 44.345011999804], [-78.0853540002868, 44.3450669996424], [-78.0849139997812, 44.3453439998258], [-78.0844499999675, 44.3455929996173], [-78.0834499997177, 44.3460180003305], [-78.0829019996276, 44.3461839998917], [-78.0823429999294, 44.3463219999604], [-78.0782989995991, 44.3471820000493], [-78.0706949996744, 44.3492019996726], [-78.069525999725, 44.3495050001557], [-78.0634560003941, 44.3509690002193], [-78.0546380002435, 44.3531639998188], [-78.0490479996654, 44.3545590002977], [-78.0411499996727, 44.3564159995988], [-78.038315000237, 44.35713500038], [-78.0357610002699, 44.3577710000317], [-78.0286020001821, 44.3596280002321], [-78.0223869995604, 44.3611860001338], [-78.0177370000625, 44.3623249995991], [-78.0099050004154, 44.3643159996837], [-78.0086380004433, 44.3645440003054], [-78.0079819998693, 44.3646170000745], [-78.0061299998996, 44.3647570002354], [-78.0046429996747, 44.3648809996584], [-78.0033539995874, 44.3650629999576], [-78.0020349999153, 44.3653339998643], [-78.0007229996667, 44.3657049998859], [-78.0000069999231, 44.3659559997696], [-77.9994510003634, 44.3661679996535], [-77.9982610003448, 44.3667040000896], [-77.9958610002849, 44.3678649996701], [-77.9953110001026, 44.3681500002224], [-77.9947989998739, 44.3684509997139], [-77.9943380001985, 44.3687780004045], [-77.9934949999942, 44.3694760002173], [-77.9910319997269, 44.3716200001629], [-77.9874500000175, 44.3747299996898], [-77.9868049999507, 44.3753769998487], [-77.9854189998869, 44.3770060003267], [-77.9847099995668, 44.3776929996323], [-77.9835649998249, 44.3788010003659], [-77.9819970003612, 44.3803099998067], [-77.9805949995596, 44.3816250001937], [-77.9799139996313, 44.3822999998451], [-77.9796140001859, 44.3825780000747], [-77.9787190002816, 44.3834919999559]]}, "properties": {"lhrs": 14210, "offset": 0, "highway": "7", "length": 9.83, "traffic_section": 14210000, "aadt": 9750, "aadtt": 1650}}, {"type": "Feature", "geometry": {"type": "LineString", "coordinates": [[-79.0732549997184, 44.2882310001606], [-79.0733620001561, 44.2884399999061], [-79.0740070002228, 44.2894139998563], [-79.0744000003597, 44.2900329996233], [-79.0750109997578, 44.2912669998722], [-79.0758170000545, 44.2930720003725], [-79.0767319999818, 44.2953839999716], [-79.0778890002771, 44.2987159998436], [-79.0786729995592, 44.3008270000661], [-79.0796509996939, 44.3031120002187], [-79.084179999907, 44.3130550000882], [-79.0885930001668, 44.3227169995899], [-79.0898630002772, 44.3253230001564], [-79.091836000431, 44.3294339999792], [-79.095088000211, 44.3366989995592], [-79.0951810000031, 44.3369169997198], [-79.0954859996791, 44.3375789996712], [-79.0963950002291, 44.3397190003316], [-79.100731999682, 44.3495410000172], [-79.1062699996607, 44.3618320002467], [-79.1087879997663, 44.3674379997639], [-79.1089609996504, 44.3679180003155], [-79.1090579996269, 44.3683969999217], [-79.1091060000418, 44.3688839998968], [-79.1090900002033, 44.3693689997796], [-79.1090120002036, 44.3698539996624], [-79.1088709999966, 44.3703289999834], [-79.1086679996284, 44.3707939998433], [-79.1074619997714, 44.3728059999969]]}, "properties": {"lhrs": 19380, "offset": 0, "highway": "12", "length": 9.87, "traffic_section": 19380000, "aadt": 8800, "aadtt": 1200}}, {"type": "Feature", "geometry": {"type": "LineString", "coordinates": [[-79.9501039995999, 43.6499840002614], [-79.9496349995555, 43.6498630000774], [-79.9489419999733, 43.6497480001701], [-79.9481870002299, 43.6497049999858], [-79.9474539997023, 43.6497609998703], [-79.9466070002128, 43.6499790000309], [-79.9461830004451, 43.6501370001225], [-79.9454190002866, 43.6505530004207], [-79.945079999942, 43.650820000143], [-79.9445380001285, 43.6513100002564], [-79.9409720002575, 43.6545460001978], [-79.9391689998494, 43.6561860002838], [-79.9385659999209, 43.6566480000052], [-79.9382030002682, 43.6568339995895], [-79.9377419996935, 43.6569739997503], [-79.937381000133, 43.6570149998424], [-79.9369720001577, 43.6570030001883]]}, "properties": {"lhrs": 14505, "offset": 0, "highway": "7", "length": 1.42, "traffic_section": 14505000, "aadt": 14900, "aadtt": 690}}, {"type": "Feature", "geometry": {"type": "LineString", "coordinates": [[-78.4627769997587, 44.1857090000703], [-78.4566790000357, 44.1925150000673], [-78.4530370002573, 44.1965930001669], [-78.4485759995827, 44.2016610000551], [-78.4475390003246, 44.2027720000278], [-78.4462639999836, 44.2042020003221]]}, "properties": {"lhrs": 42245, "offset": 0, "highway": "115", "length": 2.44, "traffic_section": 42245000, "aadt": 28200, "aadtt": 2800}}, {"type": "Feature", "geometry": {"type": "LineString", "coordinates": [[-79.2807719997279, 43.9638549999084], [-79.280751999705, 43.964124999769], [-79.2807149997973, 43.9645379999288], [-79.280801000166, 43.9645660003207], [-79.2807929997971, 43.9648629996278], [-79.2807830002353, 43.9652139996264], [-79.2807889996126, 43.9654400001559], [-79.2807959999354, 43.9656289998785], [-79.2808159999584, 43.9657819997395], [-79.2808240003273, 43.9659530004307], [-79.2808430003042, 43.9661339997843], [-79.280862000281, 43.9663499998526], [-79.280892999912, 43.9665849998979], [-79.2809240004422, 43.9667919995512], [-79.2809679997733, 43.9670000001499], [-79.2810320000268, 43.9673700001255], [-79.2810760002571, 43.9675599998941], [-79.2811079999342, 43.9677489996167], [-79.2812649999797, 43.9683640000986], [-79.2813539995874, 43.9687429995898], [-79.2814650002095, 43.969230999611], [-79.2815749998863, 43.9697280000472], [-79.2816970001164, 43.9702610003449], [-79.2818849997929, 43.9710829995808], [-79.2820860000688, 43.9718879998314], [-79.2821870002298, 43.9722939996684], [-79.2822870003448, 43.9727190003816], [-79.282351999745, 43.9730349996656], [-79.2824970001364, 43.9736310001706], [-79.2826980004123, 43.9744629998676], [-79.2828749995815, 43.9752219997955], [-79.282908000204, 43.9753840000716], [-79.2830959998805, 43.9762149997225], [-79.2832299997646, 43.976757999582], [-79.2832970001564, 43.9770290003881], [-79.2833730000639, 43.9773990003636], [-79.2834409996024, 43.9776609998553], [-79.2834740002249, 43.9778060002467], [-79.2836179996709, 43.9784199997832], [-79.2837179997858, 43.9788540000121], [-79.2837959997855, 43.9791880001262], [-79.2839840003613, 43.9800189997771], [-79.2841829996457, 43.9808870002349], [-79.2843940003827, 43.9817810000931], [-79.2844939995983, 43.9822239998378], [-79.2845719995981, 43.9825400000211], [-79.2846050002205, 43.9826759999975], [-79.2848489997815, 43.9837419996936], [-79.2849819996196, 43.9843289997835], [-79.2851140003108, 43.9849159998735], [-79.2853129995952, 43.985801000216], [-79.2855119997789, 43.9866869997053], [-79.2856879998013, 43.9875000003248], [-79.285886999985, 43.9884029996987], [-79.2860419999383, 43.9890719999728], [-79.2861519996151, 43.9896040002245], [-79.2862420001682, 43.9899299999696], [-79.2864329999829, 43.9906800003818], [-79.2866570004202, 43.9915390004246], [-79.2868369997277, 43.9922350001452], [-79.2868820000043, 43.9923880000062], [-79.2871069995883, 43.9932290001183], [-79.2872960002102, 43.9940599997692], [-79.2876310003703, 43.9954069998332], [-79.2878660004155, 43.9963470000141], [-79.2880909999996, 43.9971959995958], [-79.2882930003217, 43.9979829999156], [-79.2885280003669, 43.9988949997045], [-79.2888079997893, 44.0000340000691], [-79.2888619995816, 44.0002959995608], [-79.2888849997429, 44.0003769996989], [-79.2887699998356, 44.0004569997907], [-79.2888489998814, 44.0007180001356]]}, "properties": {"lhrs": 31020, "offset": 0, "highway": "48", "length": 4.16, "traffic_section": 31020000, "aadt": 12200, "aadtt": 850}}, {"type": "Feature", "geometry": {"type": "LineString", "coordinates": [[-79.6789710004113, 44.0110390003496], [-79.6787079999742, 44.0110980003725], [-79.6786099999515, 44.0111180003955], [-79.6785069996982, 44.0111399996114], [-79.6772540003718, 44.0114050001407], [-79.6771300000494, 44.0113579997719], [-79.6752369999875, 44.0117950001392], [-79.6733439999256, 44.0122240001376], [-79.6711120004184, 44.0127199996284], [-79.6697699996857, 44.0130199999731], [-79.6691810004028, 44.0131569999956], [-79.668252999876, 44.0133619995567], [-79.6673630002023, 44.0135589996482], [-79.666459999929, 44.0137549996936], [-79.6653320000717, 44.014021000269], [-79.6641159997536, 44.014285999899], [-79.6629619995966, 44.0145519995752], [-79.6608429999045, 44.0150219996656], [-79.6600399997462, 44.0152019998724], [-79.6591120001187, 44.0154070003329], [-79.6587990000738, 44.0154749998714], [-79.6583100000065, 44.0155859995942], [-79.6579090004, 44.0156719999629], [-79.6577460000778, 44.0157059997322], [-79.6573190001717, 44.0158089999854], [-79.6568300001044, 44.0159199997083], [-79.6562159996686, 44.0160569997308], [-79.6555009999711, 44.016220000053], [-79.6549869996502, 44.0163309997758], [-79.6546609999052, 44.0163899997987], [-79.6541089996306, 44.0165180003055], [-79.653231999657, 44.016705999982], [-79.6526170000744, 44.0168430000045], [-79.6517400001009, 44.017040000096], [-79.6510879997114, 44.0171760000724], [-79.6508620000812, 44.0172269997263], [-79.6500220000153, 44.0174069999331], [-79.6495079996944, 44.0175169996099], [-79.6492450001566, 44.0175779997249], [-79.6491819999493, 44.0175949996096], [-79.6491439999955, 44.0176029999785], [-79.6489809996734, 44.0176369997478], [-79.6486169999745, 44.0177230001164], [-79.6480909999996, 44.0178339998393], [-79.6476389998399, 44.0179550000233], [-79.6472000002797, 44.0180760002073], [-79.6467480001201, 44.0182049998609], [-79.6463709998217, 44.0183090001603], [-79.6461949997994, 44.0183609998603], [-79.6459439999156, 44.0184300003443], [-79.6457809995934, 44.0184729996293], [-79.6456299998246, 44.0185159998136], [-79.6454040001944, 44.0185670003668], [-79.6451029998035, 44.0186450003665], [-79.6449279998273, 44.0186790001358], [-79.6448400002658, 44.0187050004355], [-79.6441629996227, 44.0188499999276], [-79.6433730000639, 44.0190199996733], [-79.6427459999279, 44.0191569996958], [-79.6421690002991, 44.0192759997876], [-79.641905999862, 44.0193359998565], [-79.6416050003704, 44.0193959999255], [-79.6412910002794, 44.0194729998791], [-79.6411409996574, 44.0194980001327], [-79.6409400002808, 44.019541000317], [-79.6407650003045, 44.0195839996019], [-79.6402879998913, 44.0196859998091], [-79.6398999999849, 44.0197710001316], [-79.6395360002862, 44.0198389996701], [-79.6393610003099, 44.0198730003387], [-79.6392479995955, 44.0198989997391], [-79.6391600000339, 44.0199159996237], [-79.6390349996655, 44.0199409998773], [-79.6389090001502, 44.0199579997619], [-79.6387970003812, 44.0199830000155], [-79.6386590003126, 44.0200090003152], [-79.6385339999441, 44.0200339996694], [-79.6384080004288, 44.020050999554], [-79.6382830000604, 44.0200759998076], [-79.6381829999455, 44.0200929996922], [-79.6380700001304, 44.0201099995768], [-79.6379570003153, 44.0201260003147], [-79.6379069998081, 44.0201349998304], [-79.6378570002004, 44.0201430001994], [-79.6378319999468, 44.0201430001994], [-79.6375319996021, 44.0201840002914], [-79.6373569996258, 44.0202089996457], [-79.6371940002029, 44.0202250003835], [-79.6370560001342, 44.0202420002681], [-79.6369309997658, 44.0202580001067], [-79.6368060002966, 44.0202749999913], [-79.6364180003904, 44.020323999553], [-79.6360430001843, 44.0203649996451], [-79.6356429997246, 44.0204140001061], [-79.6351789999108, 44.0204799995524], [-79.6348789995661, 44.0205310001056], [-79.6345660004205, 44.0205809997134], [-79.6343779998448, 44.0206059999669], [-79.6342399997761, 44.0206310002205], [-79.6340520000997, 44.0206649999898], [-79.6335890003321, 44.020758999828], [-79.6320339996693, 44.0210909998498], [-79.6311429999495, 44.0212869998952], [-79.6304789999059, 44.0214330003328], [-79.6303029998835, 44.0214660000559], [-79.6270930002418, 44.0221480000303], [-79.6261029995537, 44.0223609999602], [-79.6244349999752, 44.0227200003278], [-79.6232059999569, 44.022975000396], [-79.6223530001907, 44.0231630000724], [-79.6209739995504, 44.0234519999099], [-79.6191309999956, 44.0238440000007], [-79.6172620001412, 44.024243999561], [-79.6150299997346, 44.0247129996053], [-79.6140769998536, 44.0249170000196], [-79.6129360002961, 44.0251639997189], [-79.6101899995688, 44.0257519998549], [-79.6086850003124, 44.0260669999921], [-79.6076809998782, 44.0262890003372], [-79.6068540004118, 44.0264590000829], [-79.6056750000012, 44.0267059997821], [-79.6051730002337, 44.0268160003582], [-79.60470900042, 44.0269100001964], [-79.6042580003065, 44.0270120004035], [-79.6018160001083, 44.0275069998482], [-79.5974179996409, 44.0286840001666], [-79.5972289999184, 44.0287270003508], [-79.5971519999648, 44.0288339998892], [-79.5966749995516, 44.0289540000271], [-79.5955950001091, 44.0292290001183], [-79.5945790000208, 44.0294599999791], [-79.5944029999984, 44.0295030001634], [-79.5943910003443, 44.0295020001172], [-79.5943150004369, 44.0295210000941]]}, "properties": {"lhrs": 16110, "offset": 0, "highway": "9", "length": 7.1, "traffic_section": 16110000, "aadt": 21700, "aadtt": 2150}}, {"type": "Feature", "geometry": {"type": "LineString", "coordinates": [[-79.5631409999572, 43.6455669998172], [-79.563189000372, 43.6456580004165], [-79.5635419995636, 43.6464550002981], [-79.5640840002763, 43.6476319997171], [-79.5641549999532, 43.6477950000392], [-79.564202000322, 43.6478950001542], [-79.5644019996525, 43.648310999553], [-79.5647220000203, 43.6489730004037], [-79.5652419997185, 43.6500149998924], [-79.5653130002947, 43.6501780002146], [-79.5653839999716, 43.6503320001217], [-79.5654539996024, 43.6504849999828], [-79.5655250001786, 43.650648000305], [-79.5655959998555, 43.6508020002122], [-79.5656790000858, 43.6509560001194], [-79.5657489997165, 43.6511100000265], [-79.5658200002927, 43.6512730003487], [-79.5658560001543, 43.6513460001179], [-79.5659029996237, 43.651428000302], [-79.5659740001999, 43.6515810001631], [-79.5660570004302, 43.6517360001164], [-79.5661280001071, 43.6518900000235], [-79.5662110003374, 43.6520439999307], [-79.5662690003141, 43.6521880002761], [-79.5664349998753, 43.6525150000672], [-79.5665180001056, 43.6526780003895], [-79.5665889997825, 43.6528320002966], [-79.5666720000128, 43.6529949997195], [-79.5667429996897, 43.6531489996267], [-79.5668259999199, 43.6533030004332], [-79.5669090001502, 43.6534570003403], [-79.5669920003805, 43.6536199997632], [-79.5670860002187, 43.6538280003619], [-79.5672529998261, 43.6541610004299]]}, "properties": {"lhrs": 50260, "offset": 0, "highway": "427", "length": 1.01, "traffic_section": 50260000, "aadt": 418500, "aadtt": 33500}}, {"type": "Feature", "geometry": {"type": "LineString", "coordinates": [[-79.7398510002234, 44.5234479996255], [-79.7401339997842, 44.5237669999472], [-79.741649000401, 44.5252689999645], [-79.7445649999747, 44.5283800004367], [-79.7452950003639, 44.5295399999711], [-79.7455460002477, 44.5301460000379], [-79.7467540001969, 44.5336970001165], [-79.7469930004266, 44.5342579999068], [-79.7475859998939, 44.5359660004306], [-79.7478810000081, 44.5368869997353], [-79.7497550000932, 44.5422739999452], [-79.7500940004377, 44.5434480001252], [-79.750188000276, 44.5443759997526], [-79.7501939996533, 44.5446550000283], [-79.7501429999994, 44.5452759998876], [-79.7499890000922, 44.5460119996541], [-79.749814000116, 44.5465510002285], [-79.7495759999324, 44.5471059997421], [-79.7492609997952, 44.5476790000859], [-79.7488850004424, 44.5482149996226], [-79.7484579996369, 44.5487409995975], [-79.7454929996022, 44.5519500000925], [-79.7452999996952, 44.5521640000686]]}, "properties": {"lhrs": 46925, "offset": 0, "highway": "400", "length": 3.47, "traffic_section": 46925000, "aadt": 22900, "aadtt": 2750}}, {"type": "Feature", "geometry": {"type": "LineString", "coordinates": [[-80.318568699286, 43.3734224000238], [-80.3187100996913, 43.3735021995669], [-80.3189926999531, 43.3736902001427], [-80.3196515999413, 43.3740691996339], [-80.32062710086, 43.3746635004202], [-80.3218637001496, 43.3753925996888], [-80.3231288007535, 43.3761460004376], [-80.3239713000354, 43.3766397003619], [-80.3247035999911, 43.3770672002911], [-80.3262870003447, 43.3780086996418], [-80.3271374999956, 43.3785092002395], [-80.3279699997157, 43.37901170003], [-80.3286830002202, 43.3794249996641], [-80.3295674996403, 43.3799568002662], [-80.3305103003101, 43.3805080999689], [-80.3324382003626, 43.3816469996094], [-80.3336642002426, 43.3823564001278], [-80.3350381997531, 43.3831764001708], [-80.3358676004094, 43.3836782002888], [-80.3368510998983, 43.3843362000557], [-80.3373663997395, 43.3846743001788], [-80.338163200871, 43.3852033002921], [-80.3389810002729, 43.3857453999303], [-80.3397769002837, 43.3862729997991], [-80.3407672004459, 43.3869237995937], [-80.3409248003392, 43.3870280004419], [-80.3414767997145, 43.3873376999749], [-80.3415900000784, 43.3873518004453], [-80.3418044002528, 43.3874675998499], [-80.3439093003739, 43.3885165996614], [-80.3452998995706, 43.3892139996264], [-80.3469269997812, 43.3900129996003], [-80.3482256010306, 43.390678499713], [-80.3495903995773, 43.3913581002961], [-80.35114540024, 43.3921412002562], [-80.353066200145, 43.3931519995652], [-80.3531544002553, 43.3931698996712], [-80.3534568008906, 43.3932948002149], [-80.3556757008728, 43.3944367998185], [-80.3570231002358, 43.3951478002309], [-80.3583764000508, 43.3958560999791], [-80.359721099649, 43.3965401000456], [-80.3610781999989, 43.3972431999138], [-80.3624043996433, 43.3979250002386], [-80.3634393997085, 43.3984998999505], [-80.3645666998933, 43.399127599759], [-80.3652872996691, 43.3995201996975], [-80.3658643001972, 43.3998386001713], [-80.3659133995837, 43.3998658999914], [-80.3663523002185, 43.4001009000365], [-80.3664201999322, 43.4001325004146], [-80.3664831992402, 43.4001501001471], [-80.3665478002408, 43.4001634002208], [-80.3666434997976, 43.4001690002992], [-80.3667244001109, 43.4001693995981], [-80.3668047986025, 43.4001624999995], [-80.3668832986253, 43.4001482997043], [-80.3679653997833, 43.3998904002218], [-80.3680197988746, 43.3998801002864], [-80.3681144003593, 43.3998679999083], [-80.3682101997409, 43.3998631004018], [-80.3683060000218, 43.3998653999683], [-80.3684011995556, 43.3998750002311], [-80.3684944997214, 43.3998915999174], [-80.3690756002587, 43.3999674001755], [-80.3696499999475, 43.400039700272], [-80.3696698992464, 43.3999599996543], [-80.3697060007313, 43.3998508003742], [-80.3697517996058, 43.399743600287], [-80.3698070998178, 43.399638799591], [-80.3698809008828, 43.3995097001126], [-80.3704099999215, 43.3985787003468], [-80.3704812010466, 43.398480099577], [-80.3705435987081, 43.398412400412], [-80.3705919003958, 43.3983676996097], [-80.3708615998829, 43.3980995001919], [-80.3710467990705, 43.3979210998789], [-80.3712211002735, 43.3977876000178], [-80.3714754986952, 43.3979333000818], [-80.371631600318, 43.3980099996618], [-80.3729163987728, 43.3985553998119], [-80.3731538998326, 43.3986445001436], [-80.3733958003759, 43.3987271001756], [-80.3736418998537, 43.3988029004336], [-80.3744686996707, 43.3990513003773], [-80.3746400996608, 43.3991255996667], [-80.3747798003475, 43.3991952998233], [-80.3749137004069, 43.3992709004318], [-80.3753099003316, 43.399546799845], [-80.3757971997809, 43.3998946000558], [-80.3763552992576, 43.4002740995701], [-80.376404800641, 43.4003899996988], [-80.3774357996224, 43.4010031997379], [-80.3788620317573, 43.4017948612439], [-80.3789511509748, 43.4018443275537], [-80.379132054101, 43.4019447431554]]}, "properties": {"lhrs": 15860, "offset": 0, "highway": "8", "length": 6.24, "traffic_section": 15860000, "aadt": 0, "aadtt": 0}}, {"type": "Feature", "geometry": {"type": "LineString", "coordinates": [[-80.1130930002417, 44.4620275998939], [-80.1131027003293, 44.4620254001521], [-80.1139521010086, 44.4621290002532], [-80.115016699561, 44.4623036000312], [-80.1158267998669, 44.4624776997861], [-80.119606900438, 44.4638295004311], [-80.1226516010905, 44.4648252999477], [-80.1243343999126, 44.4652990996738], [-80.1324655986085, 44.4676029001538], [-80.1377443995843, 44.4693908998702], [-80.1683478998357, 44.4816920003856], [-80.1707351996697, 44.4829201001825], [-80.1716211002336, 44.4836508002443], [-80.1723478999356, 44.4845212000933], [-80.1734946011949, 44.4866118000946], [-80.1735284004153, 44.4867271003754], [-80.1735361004107, 44.4868827001765], [-80.1735070001479, 44.4871004997883], [-80.1734892996914, 44.4871795996589], [-80.1735277996682, 44.4872773002073], [-80.1735927999677, 44.4873333999165]]}, "properties": {"lhrs": 25653, "offset": 0, "highway": "26", "length": 5.71, "traffic_section": 25653000, "aadt": 0, "aadtt": 0}}, {"type": "Feature", "geometry": {"type": "LineString", "coordinates": [[-80.0770829997806, 43.9194800004017], [-80.0763520002446, 43.9201879997764], [-80.0742939997683, 43.9219900001385], [-80.0739399996312, 43.9223030001834], [-80.07356100014, 43.9226419996286], [-80.0723740002599, 43.9236759996477], [-80.0712020001721, 43.9245579998518], [-80.0711020000572, 43.9245749997365], [-80.0710260001497, 43.924620000013], [-80.0707500000124, 43.9247800001969], [-80.0706370001973, 43.9248420003581], [-80.0705859996442, 43.9248679997584], [-80.0703979999677, 43.9249570002654], [-80.0698210003388, 43.9252039999646], [-80.0690200002728, 43.9254590000329], [-80.0676320001166, 43.9257809995935], [-80.0652200004026, 43.9263099997067], [-80.0649569999655, 43.9263709998218], [-80.0639700003152, 43.9265879999363], [-80.0624569997907, 43.9269090003501], [-80.0614199996332, 43.9271430003492], [-80.0578070002928, 43.9279420003231], [-80.0558819996545, 43.928357999722], [-80.0531309995959, 43.9289750002961], [-80.0493050003255, 43.9298520002696], [-80.0480170002843, 43.9301390000149], [-80.0477549998933, 43.93020000013], [-80.0449910001345, 43.9308339996894], [-80.0442160003681, 43.9310069995734], [-80.040539999921, 43.9318499997777], [-80.0395890001322, 43.932084999823], [-80.0386889999973, 43.9322850000528], [-80.0377509999087, 43.9325020001672], [-80.036801000166, 43.9327279997974], [-80.035099999965, 43.9331280002571], [-80.0331239996728, 43.9335699999556], [-80.0325490001362, 43.9336999996553], [-80.0323489999064, 43.9337530003008], [-80.0312359998415, 43.9339949997695], [-80.0292730001488, 43.9344199995834], [-80.0281230001763, 43.9346619999514], [-80.0272100003412, 43.9348519997201], [-80.0258970000465, 43.9351380003185], [-80.0257969999316, 43.9351639997188], [-80.0175700000554, 43.9369490001963], [-80.0163189999219, 43.9372080004489], [-80.0160690000843, 43.937260000149], [-80.0141810002529, 43.9376940003779], [-80.0122799998221, 43.938101000261], [-80.0091670001569, 43.9387670003968], [-80.008054000092, 43.9389820004191], [-80.006778999751, 43.9392599997492], [-80.0061660002607, 43.9393799998871], [-80.003202000272, 43.9400300001844], [-80.0007509996589, 43.9405390002747], [-80.0006759997975, 43.9405570002054], [-80.000001000146, 43.9407039997898], [-79.9991630001723, 43.9408860000889], [-79.9978239995779, 43.9411980000877], [-79.9955849997479, 43.9417369997628], [-79.9941589996381, 43.9420750000613], [-79.993144999642, 43.9423369995529], [-79.990155000253, 43.9430300000345], [-79.9887419998434, 43.9433510004484], [-79.9849759997426, 43.9442359998915], [-79.9835499996327, 43.9445659998211], [-79.9787589999279, 43.9455850000477], [-79.9780339997693, 43.9457410000472], [-79.9771959997955, 43.9458949999543], [-79.9763100003062, 43.946022000415], [-79.9756230001013, 43.9460879998613], [-79.974698999759, 43.9461789995613], [-79.9741630002222, 43.9462189996072], [-79.9737009996014, 43.9462510001836], [-79.9736889999473, 43.9462510001836], [-79.973351999695, 43.946275000391], [-79.9733020000872, 43.946275000391], [-79.9720170001844, 43.9463530003907], [-79.9713180003254, 43.9464009999062], [-79.9711190001417, 43.9464169997448], [-79.9709939997732, 43.9464250001137], [-79.9709189999119, 43.9464599999291], [-79.9704069996832, 43.9464919996062]]}, "properties": {"lhrs": 16150, "offset": 0, "highway": "9", "length": 9.2, "traffic_section": 16150000, "aadt": 16700, "aadtt": 1850}}, {"type": "Feature", "geometry": {"type": "LineString", "coordinates": [[-79.5392560001642, 43.79138700011], [-79.5392659997261, 43.7914510003634], [-79.5392780002795, 43.7915050001557], [-79.5393229996567, 43.7916670004318], [-79.5394029997486, 43.7919570003154], [-79.5396409999321, 43.7929320003116], [-79.5398309997008, 43.7937809998933], [-79.5403429999295, 43.7962450002066], [-79.5404230000214, 43.7965439996059], [-79.5404680002979, 43.7967419997436], [-79.5408530000659, 43.7982780004294], [-79.541168000203, 43.7996139999861], [-79.5420729996692, 43.8033260002947], [-79.5426140003358, 43.8056110004474], [-79.5430760000573, 43.8075710000017], [-79.5433969995718, 43.8089210002041]]}, "properties": {"lhrs": 46820, "offset": 0, "highway": "400", "length": 1.98, "traffic_section": 46820000, "aadt": 191600, "aadtt": 13400}}, {"type": "Feature", "geometry": {"type": "LineString", "coordinates": [[-79.0703489997065, 43.8391439999957], [-79.070444999637, 43.8391019998574], [-79.070534000144, 43.839057999627], [-79.0725359998365, 43.8381099999766], [-79.0796369999475, 43.8348319998969], [-79.0865909995749, 43.8316129998401], [-79.0885239996828, 43.8307189999819]]}, "properties": {"lhrs": 47607, "offset": 0, "highway": "401", "length": 1.74, "traffic_section": 47607000, "aadt": 246900, "aadtt": 29600}}, {"type": "Feature", "geometry": {"type": "LineString", "coordinates": [[-79.9444669995523, 43.0895779999248], [-79.9443260002447, 43.0899190003616], [-79.9443850002675, 43.0900730002688], [-79.9435410000171, 43.0919559998695], [-79.9402949996145, 43.0992109998878], [-79.9401419997535, 43.0995609998403], [-79.9367440004352, 43.1070390002497], [-79.9336240004473, 43.1139980001077]]}, "properties": {"lhrs": 13455, "offset": 0, "highway": "6", "length": 2.86, "traffic_section": 13455000, "aadt": 26300, "aadtt": 3700}}, {"type": "Feature", "geometry": {"type": "LineString", "coordinates": [[-78.9894120003635, 44.3083560001294], [-78.9890550000882, 44.3084400004058], [-78.987715000347, 44.3087579997819], [-78.9866780001895, 44.3090099997117], [-78.9856040001244, 44.3092700000105], [-78.9649360002961, 44.3141260000149], [-78.9566569998207, 44.3160299996848], [-78.9528030001583, 44.3168889997276]]}, "properties": {"lhrs": 14320, "offset": 0, "highway": "7", "length": 3.07, "traffic_section": 14320000, "aadt": 3700, "aadtt": 330}}, {"type": "Feature", "geometry": {"type": "LineString", "coordinates": [[-79.8775769995788, 43.6489100001964], [-79.8771749999262, 43.6488849999428], [-79.8768900002732, 43.6488740003349], [-79.8759360003461, 43.6488280000123], [-79.8716990001087, 43.6486160001284], [-79.8708450002965, 43.6485259995753], [-79.8701899997686, 43.6484020001523], [-79.8697579996319, 43.6482900003833], [-79.8689940003728, 43.6480399996463], [-79.8681459999379, 43.6476620002012], [-79.8678519998699, 43.6474700003403], [-79.8663580002215, 43.6464560003442], [-79.866039999946, 43.6462370001375], [-79.8657700000854, 43.6460810001381], [-79.8653139997413, 43.6459409999772], [-79.8650049998808, 43.6459019999773], [-79.8645949998593, 43.6459339996544], [-79.8636870002548, 43.6460689995847], [-79.8620700003302, 43.6463320000218], [-79.8616970002164, 43.6463819996296], [-79.8601560001992, 43.6465920003206], [-79.8587259999049, 43.6467850002276]]}, "properties": {"lhrs": 14500, "offset": 0, "highway": "7", "length": 1.63, "traffic_section": 14500000, "aadt": 18300, "aadtt": 920}}, {"type": "Feature", "geometry": {"type": "LineString", "coordinates": [[-80.2755859995942, 43.1673200003178], [-80.275481000148, 43.1673069997183], [-80.2753329996182, 43.1672879997415], [-80.2709099997966, 43.1668100001814], [-80.2637359999164, 43.1660080000692], [-80.251474000125, 43.1646850002126], [-80.2502959997606, 43.1645060000519], [-80.2493860000638, 43.1644819998445], [-80.2472549998183, 43.1646670002819], [-80.2437409996474, 43.1653640000486], [-80.2436449997169, 43.1653850001177]]}, "properties": {"lhrs": 48345, "offset": 0, "highway": "403", "length": 2.63, "traffic_section": 48345000, "aadt": 51200, "aadtt": 10200}}, {"type": "Feature", "geometry": {"type": "LineString", "coordinates": [[-79.9646850002126, 43.1865510004284], [-79.964265999776, 43.1894789996562], [-79.9638519995701, 43.1923259996452], [-79.9638169997547, 43.1927320003816], [-79.9637890002621, 43.1931230004262], [-79.9637769997087, 43.1935169997098], [-79.9637890002621, 43.1939699999156], [-79.9638169997547, 43.1943729996143], [-79.963859999939, 43.1948059997971], [-79.9639070003078, 43.1951529996113], [-79.9640020001921, 43.1956269998862], [-79.9640889997076, 43.1960090004151], [-79.9643940002828, 43.1970970002265], [-79.9644009997064, 43.197164999765], [-79.9644140003059, 43.1972479999953], [-79.9647929997971, 43.1984970000366], [-79.9651249998188, 43.1995649998249], [-79.9657390002546, 43.2014810000481], [-79.9662460002527, 43.2030719996731], [-79.9669229999964, 43.2050809996884], [-79.9669900003882, 43.2052060000569], [-79.9670990000188, 43.2054689995947], [-79.967284999603, 43.2059399997312], [-79.96753500034, 43.2065520000748], [-79.9677519995551, 43.2070559999345], [-79.9680119998539, 43.2075569996559], [-79.9682089999454, 43.2078430002543], [-79.9684270001059, 43.2081069998382], [-79.968862000381, 43.2085369998827], [-79.9693929996871, 43.2089669999271], [-79.9700609999152, 43.2094650004095]]}, "properties": {"lhrs": 13505, "offset": 0, "highway": "6", "length": 2.65, "traffic_section": 13505000, "aadt": 17400, "aadtt": 1700}}, {"type": "Feature", "geometry": {"type": "LineString", "coordinates": [[-79.1073809996334, 44.3729419999733], [-79.1071000001648, 44.3734869999251], [-79.1067959996356, 44.3739410001771], [-79.1044080001291, 44.3779350000003], [-79.1042049997609, 44.3784080002291], [-79.1040639995539, 44.3788829996508], [-79.1039850004074, 44.3793680004329], [-79.1039820002691, 44.3798540003619], [-79.1040289997385, 44.3803499998527], [-79.1041390003145, 44.3808379998738], [-79.1043239998527, 44.3813090000104], [-79.1076630000474, 44.3887379999588], [-79.1086909997898, 44.3911050002956], [-79.109037999604, 44.3920469996693], [-79.1109509996888, 44.3977589995782], [-79.1119170001694, 44.4001069999381], [-79.1132050002106, 44.4030089997656], [-79.1139650001846, 44.4047770003583], [-79.1144970004362, 44.4061899998687], [-79.1159510000386, 44.4109770002884], [-79.1162840001065, 44.4119360004461], [-79.1168690001042, 44.4132689998645], [-79.1207700001353, 44.4216699996708], [-79.1219420002231, 44.4239220001003], [-79.1221190002916, 44.4242760002373], [-79.1221429995997, 44.4243219996606], [-79.1221849997379, 44.4244019997525]]}, "properties": {"lhrs": 19390, "offset": 0, "highway": "12", "length": 5.98, "traffic_section": 19390000, "aadt": 12700, "aadtt": 2550}}, {"type": "Feature", "geometry": {"type": "LineString", "coordinates": [[-79.9705580003514, 43.2100840001765], [-79.969592999917, 43.2108260002198], [-79.9687319997819, 43.211578999871], [-79.968044999577, 43.2122609998453], [-79.9673639996489, 43.2130250000038], [-79.965805999747, 43.2149240003424], [-79.9646539996823, 43.2163420000833], [-79.9634720000327, 43.2177809998933], [-79.9618750001311, 43.2197479997704], [-79.9616990001088, 43.2199720002077], [-79.9614850001326, 43.2202399999761], [-79.961145999788, 43.2206419996286], [-79.9610950001341, 43.2207039997898], [-79.9601519998149, 43.2218660003157], [-79.9591840001415, 43.2230550002881], [-79.9582530003756, 43.2241989999839], [-79.9574350004249, 43.2252089997955], [-79.9573599996642, 43.2253079998644], [-79.9572970003562, 43.2253879999563], [-79.9571459996881, 43.225567000117], [-79.9570079996195, 43.2257369998627], [-79.9568569998506, 43.2259149999773], [-79.9567060000818, 43.2260940001381], [-79.956555000313, 43.2262639998837], [-79.956404999691, 43.2264430000445], [-79.9562539999221, 43.226611999744], [-79.9561030001533, 43.2267909999048], [-79.9559399998311, 43.2269609996505], [-79.9555010002709, 43.2274339998792], [-79.95519999988, 43.2277550002931], [-79.9541469998841, 43.2288620000813], [-79.953294000118, 43.2297909997549], [-79.9527670000969, 43.2303539996374], [-79.9527169995898, 43.2304070002829], [-79.952666999982, 43.2304519996601], [-79.9521270002608, 43.2310229999115], [-79.9512110002874, 43.2320139997464], [-79.9509980003574, 43.2322459996532], [-79.9509600004037, 43.2322909999298], [-79.9509370002423, 43.2323150001372]]}, "properties": {"lhrs": 48320, "offset": 0, "highway": "403", "length": 2.94, "traffic_section": 48320000, "aadt": 106700, "aadtt": 11500}}, {"type": "Feature", "geometry": {"type": "LineString", "coordinates": [[-79.988068000238, 43.4912869996953], [-79.9906759999973, 43.4898510000237], [-80.0000000000999, 43.4847100003662], [-80.0019340002539, 43.4836110000477], [-80.0038169998546, 43.4826550000283], [-80.0051249999188, 43.4820900000535], [-80.0057970003313, 43.4818440004004], [-80.0071770001184, 43.4813960004251], [-80.0117099996168, 43.4801480004299], [-80.0121819997994, 43.4800169997848], [-80.0203050002755, 43.4778089995857], [-80.0340779996, 43.4740000001999], [-80.0354069997332, 43.4736510002935], [-80.0372059999569, 43.4732699998107], [-80.0372870000949, 43.4732580001566]]}, "properties": {"lhrs": 47710, "offset": 0, "highway": "401", "length": 4.5, "traffic_section": 47710000, "aadt": 118600, "aadtt": 21300}}, {"type": "Feature", "geometry": {"type": "LineString", "coordinates": [[-80.0845299996597, 43.6284599996293], [-80.066005999777, 43.630875000381], [-80.049908000254, 43.6329570001655], [-80.0482799998221, 43.6331690000493], [-80.0470260004495, 43.6333019998875], [-80.0464819996445, 43.6332439999107], [-80.0458779996699, 43.6329960001653]]}, "properties": {"lhrs": 14530, "offset": 0, "highway": "7", "length": 3.17, "traffic_section": 14530000, "aadt": 9200, "aadtt": 1450}}, {"type": "Feature", "geometry": {"type": "LineString", "coordinates": [[-79.7378499996777, 43.7054589999329], [-79.7365839997518, 43.7045209998443], [-79.7344799998521, 43.70303899985], [-79.7329539996274, 43.7018689998545], [-79.73257400009, 43.7016129997402], [-79.7325299998596, 43.701580000017]]}, "properties": {"lhrs": 49069, "offset": 0, "highway": "410", "length": 0.61, "traffic_section": 49069000, "aadt": 175400, "aadtt": 10500}}, {"type": "Feature", "geometry": {"type": "LineString", "coordinates": [[-78.4493720003175, 43.9399770004383], [-78.4582289995686, 43.9379779999848], [-78.4633969995718, 43.9368500001274], [-78.4838850000926, 43.932307000168], [-78.4885640000285, 43.9312570003104], [-78.4886270002359, 43.9312400004258], [-78.4888780001196, 43.9311920000109], [-78.4890350001651, 43.9311560001493]]}, "properties": {"lhrs": 47558, "offset": 0, "highway": "401", "length": 3.33, "traffic_section": 47558000, "aadt": 51900, "aadtt": 11400}}, {"type": "Feature", "geometry": {"type": "LineString", "coordinates": [[-78.1991040001495, 44.3168650004195], [-78.1995000004246, 44.3177659997012], [-78.2007400000509, 44.3201819995996], [-78.2032390001797, 44.3248439996509], [-78.2057099999165, 44.3301169999996], [-78.2064380002135, 44.3316830002703], [-78.2103909999447, 44.3395850004475], [-78.2109240002424, 44.3404980002825], [-78.2117089995706, 44.341678999886], [-78.2125640003283, 44.3429510000886], [-78.2130520003495, 44.3437910001546], [-78.2134469996792, 44.3447009998514], [-78.2136120000937, 44.3451909999647], [-78.2138650000696, 44.346215000422], [-78.2142950001141, 44.347737999609], [-78.2146749996515, 44.3487100003663], [-78.2153110002025, 44.3501120002687], [-78.2166129999899, 44.3528269995664], [-78.2202070002528, 44.3601439997458], [-78.2239720003075, 44.3680849999229], [-78.2241810000531, 44.3684600001289], [-78.225011999704, 44.3702439996609], [-78.2254960004401, 44.3711740002799], [-78.2256120003935, 44.3714139996564]]}, "properties": {"lhrs": 26261, "offset": 0, "highway": "28", "length": 6.43, "traffic_section": 26261000, "aadt": 6100, "aadtt": 180}}, {"type": "Feature", "geometry": {"type": "LineString", "coordinates": [[-79.5659930001768, 43.9205589997981], [-79.5662310003603, 43.9215519997251], [-79.5664580000366, 43.9224649995601], [-79.566705999782, 43.923556999556], [-79.5669439999656, 43.9245319995522], [-79.567191999711, 43.9256069996633], [-79.5673160000333, 43.9261490003761], [-79.5674639996638, 43.9267270000511], [-79.5675209995944, 43.9269440001655], [-79.5676449999168, 43.9275029998636], [-79.5677019998474, 43.9277199999781], [-79.5678379998238, 43.9282710002066], [-79.5679179999157, 43.9285959999055], [-79.5681430003991, 43.9295889998325], [-79.5683580004214, 43.9304750002211], [-79.5686650001896, 43.9317299996398], [-79.5690150001421, 43.9332290004181], [-79.5692399997262, 43.9342129999301], [-79.5696159999784, 43.935721000224], [-79.5697730000239, 43.9364349998754], [-79.5698520000697, 43.9367869999202], [-79.5701019999073, 43.9377710003315], [-79.570249000391, 43.9384120002137], [-79.5703280004369, 43.9387369999127], [-79.5703400000909, 43.9387830002353], [-79.570746999974, 43.9404800002519], [-79.5708710002964, 43.9410220000653], [-79.5710189999269, 43.9416359996018], [-79.5712800002718, 43.9426840002665], [-79.5715049998558, 43.943713000055], [-79.5716409998323, 43.9442549998684], [-79.5719709997618, 43.9455920003706], [-79.5722540002219, 43.9467750000662], [-79.5724799998521, 43.9477229997167], [-79.5730459998729, 43.9501340002839], [-79.5734309996409, 43.9517320002317], [-79.5737800004466, 43.9532849999028], [-79.5743349999602, 43.955615000332], [-79.5746760003971, 43.9570239996579], [-79.574697999613, 43.9571229997267], [-79.5747439999356, 43.9573039999797], [-79.5748009998662, 43.9575390000249], [-79.5754920002556, 43.9604369996679], [-79.5760570002303, 43.9628389998201], [-79.5762959995607, 43.9638149998624], [-79.576499999975, 43.9646630002973], [-79.5767610003199, 43.9657560003392], [-79.5772019999723, 43.9676070002629], [-79.5774509997638, 43.9686820003741], [-79.5775659996711, 43.9690880002111], [-79.5777910001545, 43.9700909996999], [-79.5780870003148, 43.9713009997414], [-79.5784150001521, 43.9727000004048], [-79.5786540003818, 43.9736670000321], [-79.5787769997587, 43.9742540001221], [-79.5790050003804, 43.9751570003953], [-79.5790380001036, 43.9753189997721], [-79.5791279997574, 43.9757249996091], [-79.5792649997799, 43.9762490003911], [-79.5794340003788, 43.976998999904], [-79.5796729997091, 43.9779559999695], [-79.5797850003774, 43.9784979997829], [-79.5800360002611, 43.9794909997099], [-79.5801490000762, 43.9799789997311], [-79.5802510002834, 43.9804119999139], [-79.5804549997983, 43.9812519999799], [-79.580602000282, 43.9818929998621], [-79.5807730000739, 43.9825790000209], [-79.5809649999347, 43.9833919997411], [-79.5811470002338, 43.984160000084], [-79.5813610002099, 43.9851170001495], [-79.5816000004396, 43.986074000215], [-79.5818159996086, 43.9869409997274], [-79.582009000415, 43.9877449999319], [-79.5822000002298, 43.9886029999286], [-79.5824279999522, 43.9895060002018], [-79.5825750004359, 43.990137999669], [-79.5826440000206, 43.9904179999908], [-79.5828020001122, 43.9911040001496], [-79.5831530001108, 43.9925939996135], [-79.5832649998798, 43.9931079999343], [-79.5833680001331, 43.9935149998174], [-79.5833799997871, 43.9935420001632], [-79.5834690002941, 43.993965999931], [-79.583571999648, 43.9943820002292], [-79.5837200001778, 43.9949510003884], [-79.5839269998311, 43.9957100003163], [-79.5840540002918, 43.9961160001533], [-79.5842759997375, 43.9967580000817], [-79.5845899998286, 43.9977079998244], [-79.5847180003354, 43.9980959997307], [-79.5847989995741, 43.9983669996374], [-79.584857999597, 43.9984940000981], [-79.5849530003806, 43.9987290001433], [-79.5850349996655, 43.9989379998888], [-79.5852790001257, 43.999688000301], [-79.5853950000791, 44.0000580002766], [-79.5855110000326, 44.0004470002289], [-79.5856500001473, 44.0008809995585], [-79.5857199997781, 44.0010799997423], [-79.5857660001008, 44.0012240000876], [-79.5858189998469, 44.0013699996258]]}, "properties": {"lhrs": 46830, "offset": 0, "highway": "400", "length": 9.12, "traffic_section": 46830000, "aadt": 119600, "aadtt": 11600}}, {"type": "Feature", "geometry": {"type": "LineString", "coordinates": [[-79.5182580004064, 43.7165169999597], [-79.5183199996682, 43.7165850003975], [-79.5184769997138, 43.7167580002815], [-79.5186339997592, 43.7169310001656], [-79.519359999964, 43.717705999932], [-79.5194559998944, 43.7178060000469], [-79.5195650004244, 43.7179510004383], [-79.5196010002859, 43.7179969998617], [-79.5197449997319, 43.7181790001608], [-79.5199259999849, 43.7184059998371], [-79.5201189998919, 43.7186429999745], [-79.5211790002107, 43.7199530001309], [-79.5213599995643, 43.7201720003376], [-79.5214199996332, 43.7202619999913], [-79.5214920002556, 43.7203440001755], [-79.5215520003245, 43.7204260003597], [-79.5216120003935, 43.7205079996445], [-79.5216719995631, 43.7205990002437], [-79.521731999632, 43.7206810004279], [-79.5217680003929, 43.7207350002201], [-79.521791999701, 43.7207710000816], [-79.5218040002543, 43.7207900000585], [-79.5218519997699, 43.7208530002658], [-79.5219119998389, 43.7209439999657], [-79.5219719999078, 43.7210260001498], [-79.5220190002766, 43.7211159998036], [-79.5220429995847, 43.7211440001955], [-79.5220560001843, 43.7211529997112], [-79.5220790003456, 43.7211979999877], [-79.5221390004145, 43.7212889996877], [-79.5221869999301, 43.7213800002868], [-79.522246999999, 43.7214619995717], [-79.5222940003678, 43.7215520001248], [-79.5223419998833, 43.7216429998246], [-79.5223900002982, 43.721697999663], [-79.5224019999523, 43.7217250000088], [-79.5224129995602, 43.7217520003546], [-79.522449000321, 43.7218149996626], [-79.5224959997905, 43.7219060002618], [-79.5225440002054, 43.7219969999616], [-79.5225909996748, 43.7220869996154], [-79.5226380000436, 43.7221960001453], [-79.5226850004124, 43.722314000191], [-79.5227319998818, 43.7224219997755], [-79.5227790002506, 43.7225399998212], [-79.522814000066, 43.722648000305], [-79.5228600003887, 43.7227660003507], [-79.5228950002041, 43.7228840003963], [-79.5229419996735, 43.7229919999809], [-79.5229760003421, 43.7231100000265], [-79.5230229998115, 43.723217999611], [-79.5230569995808, 43.7233359996567], [-79.5230920002955, 43.7234529996563], [-79.5231260000648, 43.7235709997019], [-79.5231609998802, 43.7236790001858], [-79.5231949996495, 43.7237970002314], [-79.5243590002676, 43.7284580002366], [-79.5250430003342, 43.7314469995794], [-79.5258109997778, 43.734581000213], [-79.5262399997761, 43.7362970002064], [-79.5262639999836, 43.7363699999756], [-79.5262749995915, 43.7363970003213], [-79.5262860000988, 43.7364599996293], [-79.5271959997955, 43.7403710001216], [-79.5281200001378, 43.7442449998069], [-79.528578999721, 43.7462679995686], [-79.5290620004109, 43.7483540004369], [-79.5293930003866, 43.7496790003856], [-79.5300229997616, 43.7522559996147], [-79.5305349999902, 43.7544300000445]]}, "properties": {"lhrs": 46810, "offset": 0, "highway": "400", "length": 4.36, "traffic_section": 46810000, "aadt": 228900, "aadtt": 18300}}, {"type": "Feature", "geometry": {"type": "LineString", "coordinates": [[-78.6590080000191, 44.1737410003469], [-78.6587970001814, 44.1730530000959], [-78.6587149999972, 44.1722950002141], [-78.6584670002518, 44.1703359998066], [-78.6585299995598, 44.1687349997205], [-78.6594380000636, 44.1650709998268], [-78.6601879995765, 44.1622320002067], [-78.6603699998756, 44.1611109997729], [-78.6605750003359, 44.1606740003049], [-78.6605570004052, 44.1601870003299]]}, "properties": {"lhrs": 14920, "offset": 0, "highway": "7A", "length": 1.52, "traffic_section": 14920000, "aadt": 11500, "aadtt": 1000}}, {"type": "Feature", "geometry": {"type": "LineString", "coordinates": [[-79.0984169999445, 43.0961319999919], [-79.098035000315, 43.0961520000149], [-79.0979489999464, 43.0961600003837], [-79.0969899997886, 43.0961800004067], [-79.0909789995811, 43.0962599995993], [-79.0852909998797, 43.0962180003605], [-79.0850060002267, 43.0962219996456]]}, "properties": {"lhrs": 49800, "offset": 1, "highway": "420", "length": 1.09, "traffic_section": 49800010, "aadt": 44900, "aadtt": 1300}}, {"type": "Feature", "geometry": {"type": "LineString", "coordinates": [[-78.8687659999509, 43.8787340000741], [-78.8689929996272, 43.8786750000513], [-78.8727300001893, 43.8775290002632], [-78.8756439996708, 43.8764629996678], [-78.8756809995784, 43.8764499999676], [-78.8757570003852, 43.8764239996679], [-78.8787279997973, 43.8754709997868], [-78.8975390003246, 43.8711009997114], [-78.9051430002492, 43.8693229995569]]}, "properties": {"lhrs": 47594, "offset": 0, "highway": "401", "length": 3.11, "traffic_section": 47594000, "aadt": 133300, "aadtt": 20000}}, {"type": "Feature", "geometry": {"type": "MultiLineString", "coordinates": [[[-78.4061910001145, 44.2543420003831], [-78.4062330002527, 44.2536259997402], [-78.406439999906, 44.2500660001459], [-78.4063700002753, 44.2490920001957], [-78.4062540003219, 44.2485939997133], [-78.4061000004147, 44.248113000015], [-78.405679999932, 44.2471220001802], [-78.4046950003739, 44.2450200003728], [-78.4032440000105, 44.2418540000621], [-78.4030839998267, 44.2415090003402], [-78.3995630002323, 44.2338840003464], [-78.3982970003063, 44.2310730002188], [-78.3976839999166, 44.2296369996479], [-78.3966069997132, 44.2270910000497], [-78.3964709997368, 44.2267640002585], [-78.3962779998298, 44.2263190004216], [-78.3957790002007, 44.2251460002877], [-78.3953720003175, 44.2241460000379], [-78.3951219995806, 44.2235739997403]], [[-78.4083089997605, 44.2667570000356], [-78.4081129997151, 44.2661469997843], [-78.4079209998542, 44.2653770002484], [-78.4064680002979, 44.2605370000825], [-78.4060610004148, 44.25896100025], [-78.4059909998847, 44.2585629998826], [-78.4059489997465, 44.2578149995626], [-78.406065999746, 44.2560079998693], [-78.4061849998378, 44.2544350001752]]]}, "properties": {"lhrs": 14247, "offset": 0, "highway": "7", "length": 4.95, "traffic_section": 14247000, "aadt": 10800, "aadtt": 1100}}, {"type": "Feature", "geometry": {"type": "LineString", "coordinates": [[-79.18546499961, 43.1151310001956], [-79.1862810003678, 43.1153690003791], [-79.1871689999493, 43.1155709998018], [-79.1877640004083, 43.1156689998245], [-79.1881549995535, 43.1157130000549], [-79.1889690002192, 43.1157699999856], [-79.1898290003081, 43.1157819996396], [-79.1903419996835, 43.1157879999163], [-79.1965590003975, 43.115894000308], [-79.1987129999049, 43.1159029998236], [-79.2000440001304, 43.1159199997083], [-79.2022159995687, 43.1159710002615]]}, "properties": {"lhrs": 32746, "offset": 0, "highway": "58", "length": 1.37, "traffic_section": 32746000, "aadt": 19300, "aadtt": 1350}}, {"type": "Feature", "geometry": {"type": "LineString", "coordinates": [[-78.2116129996402, 44.5625689996597], [-78.2121480000301, 44.5629009996815], [-78.2125279995675, 44.5631260001649], [-78.2129659999809, 44.5634430003942], [-78.2133760000024, 44.5638130003698], [-78.2137340003238, 44.5642269996764], [-78.2140030001383, 44.5646569997208], [-78.2141060003916, 44.5648840002964], [-78.2142079996994, 44.5651210004339], [-78.2143229996067, 44.5656010000861], [-78.2143499999525, 44.5660870000151], [-78.2143029995837, 44.5665539999672], [-78.2141939999531, 44.5670019999424], [-78.214009000415, 44.5674289998485], [-78.2137500001623, 44.5678549997085], [-78.2134289997485, 44.5682439996609], [-78.2130460000728, 44.5686120004435], [-78.2127590003275, 44.568811999774], [-78.2120980004223, 44.5692189996572], [-78.2115830000554, 44.5694500004172], [-78.21117400008, 44.5695840003014], [-78.2105599996442, 44.5697760001623], [-78.1974599998791, 44.5732359996417], [-78.1909009995814, 44.5750010000961], [-78.1799869999001, 44.5780090003151], [-78.1727509998587, 44.5799629995928], [-78.1722649999298, 44.5801130002149], [-78.1717129996552, 44.5803159996837], [-78.1711600002338, 44.5805630002823], [-78.1705900000284, 44.5808730001889], [-78.1700569997307, 44.5812290004181], [-78.1695450004014, 44.5816479999553], [-78.1690809996883, 44.582131999792], [-78.1686899996437, 44.5826539995825], [-78.1679830003152, 44.5837159999934], [-78.1675690001092, 44.5842100002913], [-78.1670929997421, 44.5846659997362], [-78.166544999652, 44.5850670002419], [-78.1659480000002, 44.5854299998946], [-78.1653149995875, 44.5857389997551], [-78.1646339996593, 44.5860099996618], [-78.1639060002616, 44.5862259997302], [-78.1578830004001, 44.58781300007], [-78.1571190002416, 44.5879740002999], [-78.1563699998755, 44.5880999998152], [-78.155634000109, 44.5881890003222], [-78.1549390004345, 44.5882349997455], [-78.1529100003962, 44.5882470002988], [-78.1521030000534, 44.5882810000681], [-78.151431999687, 44.5883460003677], [-78.1501750001761, 44.5885479997904], [-78.1465260000748, 44.589474000225], [-78.1431829996956, 44.5903540003369], [-78.1399550001231, 44.5911819998495], [-78.1391629995728, 44.5914060002867], [-78.1379999999, 44.5917370002624], [-78.1367550000432, 44.5921919996611], [-78.1350109996579, 44.5930749999114], [-78.1339460000079, 44.5937139997014], [-78.1335549999632, 44.593992999977], [-78.1325319995521, 44.59481300002], [-78.1317110003623, 44.5956210004089], [-78.1310129996502, 44.596484999783], [-78.1306879999512, 44.5969359998965], [-78.13041299986, 44.5974070000331], [-78.1299510001385, 44.5983490003062], [-78.1297639996089, 44.5988310000507], [-78.1295909997248, 44.5995279998174], [-78.1295129997251, 44.5998239999777], [-78.1293890003021, 44.600810999628], [-78.1292520002796, 44.6028150003121], [-78.1292049999108, 44.6040289996387], [-78.1289550000732, 44.6088390002197], [-78.128994000073, 44.6098389995702], [-78.1291469999341, 44.6108330004426], [-78.129287000095, 44.6113229996568], [-78.1296800002318, 44.6122959995608], [-78.1302139996763, 44.613218999857], [-78.1305319999518, 44.6136679998783], [-78.1312459996032, 44.6145229997367], [-78.1323429998295, 44.6155500003323], [-78.1327519998049, 44.6159380002386], [-78.1331750004259, 44.6162999998452], [-78.1338140002159, 44.6169009996814], [-78.1342060003066, 44.6173879996565], [-78.1344380002135, 44.6177809997934], [-78.1346419997284, 44.6182449996071], [-78.1347949995895, 44.6187260002048], [-78.1348840000965, 44.6192150002721], [-78.1349110004423, 44.6197020002472], [-78.1348739996353, 44.62018700013], [-78.1341369998227, 44.6246689999744], [-78.133785999824, 44.6266680004279], [-78.1336489998014, 44.6276639995939], [-78.1336499998476, 44.6286720002127], [-78.1339100001463, 44.6300469997693], [-78.1354659999559, 44.6376119996941], [-78.1358180000007, 44.6399440002155], [-78.1359279996774, 44.6407929997972], [-78.1359630003921, 44.6410910000496], [-78.1360780002994, 44.6420839999766], [-78.1360309999307, 44.6435589996482], [-78.1358339998392, 44.6460290002382], [-78.1352720000028, 44.6520649998], [-78.1352459997031, 44.6525770000286], [-78.1350709997268, 44.6535809995635], [-78.1347320002815, 44.6545629998826], [-78.1337819996396, 44.6564479995756], [-78.133582000309, 44.6569199997583], [-78.1332809999182, 44.6579020000773], [-78.1331690001492, 44.6588990001887], [-78.1329950002191, 44.6614059997871], [-78.1329200003577, 44.6619079995546], [-78.1327820002891, 44.6623999997602], [-78.1317809999931, 44.6653099999566], [-78.1315930003167, 44.6657820001392], [-78.1313550001331, 44.6662619997915], [-78.1307809997433, 44.6671660001108], [-78.1294450001866, 44.6689240002425], [-78.1291320001417, 44.669375000356], [-78.1288689997045, 44.6698459995932], [-78.1286569998206, 44.6703169997298], [-78.128294000168, 44.6712810001181], [-78.127292999872, 44.6741809998533], [-78.1259019995776, 44.6780619998615], [-78.1226089997055, 44.685198999834], [-78.1223460001677, 44.6856689999245], [-78.1221330002377, 44.6861499996228], [-78.1205680000132, 44.6889470000041], [-78.1203430004291, 44.6894180001406], [-78.1201919997609, 44.6899090003002], [-78.120091999646, 44.6904110000676], [-78.1200670002918, 44.6909139998812], [-78.1201050002455, 44.6914100002713], [-78.1202069995534, 44.6918990003387], [-78.1203719999678, 44.692380000037], [-78.1206150003819, 44.692845999943], [-78.1209200000579, 44.6933030003332], [-78.1212770003332, 44.6937359996168], [-78.1216729997091, 44.6941509998688], [-78.1230419998884, 44.6953100002564], [-78.1234499998176, 44.6957259996552], [-78.1237940003928, 44.696167000207], [-78.1240749998613, 44.6966239996979], [-78.1243039996298, 44.6970979999728], [-78.1244700000904, 44.6975700001554], [-78.1245579996519, 44.6980669996923], [-78.1245839999516, 44.6985630000825], [-78.124547000044, 44.699065999896], [-78.1244469999291, 44.6995590001478], [-78.1242839996069, 44.7000409998923], [-78.1236950003239, 44.7014849999329], [-78.1235570002553, 44.7019760000924], [-78.1234820003939, 44.7024690003441], [-78.123444999587, 44.7034679996485], [-78.1233570000255, 44.7039700003153], [-78.1232070003028, 44.7044609995755], [-78.1228059997971, 44.7054140003559], [-78.1218309998007, 44.7067489998665], [-78.121568000263, 44.7072100004412], [-78.1213429997796, 44.7076819997246], [-78.1211669997572, 44.7081630003223], [-78.120616000428, 44.7106340000591], [-78.1204530001058, 44.7111159998036], [-78.1195630004321, 44.7130200003728], [-78.1083300004291, 44.7362590000529], [-78.1079790004305, 44.737222000395], [-78.10701299995, 44.7401319996921], [-78.1065609997902, 44.7410840004263], [-78.1062980002525, 44.7415460001478], [-78.1058219998853, 44.742217999661], [-78.1049789996811, 44.7431690003491], [-78.1042660000758, 44.7437900002084], [-78.1033219997105, 44.744485999929], [-78.1029299996197, 44.744728000297], [-78.1023200002678, 44.7450550000883], [-78.1019050000157, 44.7452690000644], [-78.101168000203, 44.745620000063], [-78.0952709998567, 44.7478369997777], [-78.0947789996511, 44.7480859995693], [-78.0939039997697, 44.7486490003511], [-78.09356100014, 44.7489370001425], [-78.0930299999345, 44.7494549997485], [-78.0925569997057, 44.7500639999537], [-78.0922610004448, 44.7506859998591], [-78.0921810003529, 44.7507649999049], [-78.0921519999149, 44.7508359995818], [-78.0920859995692, 44.7511410001571], [-78.0919759998924, 44.7515789996711], [-78.0919660003306, 44.7516720003626]]}, "properties": {"lhrs": 26280, "offset": 0, "highway": "28", "length": 26.65, "traffic_section": 26280000, "aadt": 4450, "aadtt": 450}}, {"type": "Feature", "geometry": {"type": "LineString", "coordinates": [[-79.9073819998794, 43.2553250000487], [-79.9073229998566, 43.2553480002101], [-79.9071730001338, 43.2554100003713], [-79.9070990003186, 43.2554450001867], [-79.9069380000886, 43.2555159998636], [-79.9068879995815, 43.2555420001632], [-79.9068630002272, 43.2555509996789], [-79.9066389997899, 43.2556570000705], [-79.9064160002981, 43.2557719999779], [-79.9062040004143, 43.2558960003002], [-79.9049849999577, 43.2565600003438], [-79.9046610003049, 43.256755000343], [-79.9043369997527, 43.2569320004116], [-79.9039889998924, 43.2570990000189], [-79.9036539997323, 43.2572669996724], [-79.9035050000556, 43.2573289998335], [-79.9032940002179, 43.2574259998101], [-79.9029339998042, 43.257565999971], [-79.9025740002899, 43.257707000178], [-79.9022020002221, 43.2578299995549], [-79.9018550004079, 43.2579430002693], [-79.9018179996009, 43.257951999785], [-79.9014339998791, 43.2580649996001], [-79.9000360001613, 43.2583940003828], [-79.8982420001681, 43.2588089997356], [-79.8967319997819, 43.2591730003338], [-79.8966699996208, 43.2591900002184], [-79.896621000059, 43.2592080001492], [-79.8965589998979, 43.2592250000338], [-79.8964969997367, 43.2592429999645], [-79.8964349995755, 43.2592599998492], [-79.8963860000139, 43.2592769997338], [-79.8963239998527, 43.2592949996646], [-79.8962619996915, 43.2593120004485], [-79.8962120000837, 43.2593300003793], [-79.8961499999225, 43.2593470002639], [-79.8960509998538, 43.2593820000793], [-79.8959519997849, 43.2594260003097], [-79.89585199967, 43.2594610001251], [-79.8957529996012, 43.2595050003555], [-79.8957159996936, 43.2595230002863], [-79.8956540004318, 43.2595489996866], [-79.8955540003168, 43.2595939999631], [-79.8954669999021, 43.2596469997093], [-79.8953679998333, 43.2596909999397], [-79.8952810003179, 43.2597439996859], [-79.8951929998571, 43.2597970003313], [-79.8951440002953, 43.2598239997778], [-79.8950939997882, 43.2598500000775], [-79.8950440001804, 43.259885999939], [-79.8950070002728, 43.2599120002387], [-79.8949569997657, 43.2599480001002], [-79.8949070001579, 43.2599740003998], [-79.8948690002042, 43.2600100002613], [-79.8948189996971, 43.2600369997078], [-79.8947819997894, 43.2600720004226], [-79.8947439998357, 43.260108000284], [-79.8946570003202, 43.2601610000302], [-79.8945819995596, 43.2602240002375], [-79.8945190002516, 43.2602860003986], [-79.8944440003902, 43.2603479996605], [-79.8943689996296, 43.2604109998678], [-79.8943060003216, 43.260482000444], [-79.8942939997682, 43.2604909999598], [-79.8942440001604, 43.2605439997059], [-79.8941809999532, 43.2606160003282], [-79.8941179997458, 43.2606779995901], [-79.8940670000919, 43.2607500002124], [-79.8940039998847, 43.2608300003043], [-79.8939409996773, 43.2609199999581], [-79.8938780003694, 43.26100000005], [-79.8938150001621, 43.2610889996577], [-79.8937639996088, 43.2611790002107], [-79.893712999955, 43.2612689998645], [-79.893662000301, 43.2613580003714], [-79.8936230003012, 43.2614480000252], [-79.8935850003475, 43.2615369996329], [-79.8935460003476, 43.261627000186], [-79.8935200000479, 43.261708000324], [-79.8934820000942, 43.261770999632], [-79.8934820000942, 43.261780000047], [-79.8934559997945, 43.2618600001389], [-79.8934420000483, 43.2619319998619], [-79.8934159997485, 43.262013], [-79.8934020000023, 43.2620940001381], [-79.8934020000023, 43.2621029996538]]}, "properties": {"lhrs": 48312, "offset": 0, "highway": "403", "length": 1.42, "traffic_section": 48312000, "aadt": 113400, "aadtt": 22700}}, {"type": "Feature", "geometry": {"type": "LineString", "coordinates": [[-80.1246970002663, 43.4532730003488], [-80.128665999836, 43.4514570002404], [-80.1300200002228, 43.4509629999425], [-80.1314850003325, 43.4505240003824], [-80.1329729997041, 43.4501660000609], [-80.13450900039, 43.4498990003386], [-80.135289000387, 43.4497960000854], [-80.1368240001275, 43.4496460003627], [-80.1375779998248, 43.4496070003629], [-80.1390739995654, 43.449590999625], [-80.1536910000396, 43.4498980002925], [-80.1630439996808, 43.450065999946], [-80.1650480003649, 43.4499639997388], [-80.166347000014, 43.4498289998086], [-80.1676099998016, 43.4496489996017], [-80.1694690000942, 43.4493199997183], [-80.1768420001582, 43.4478969997468], [-80.1768769999736, 43.4478890002772], [-80.1769159999734, 43.4478799998621], [-80.1773520002945, 43.4477969996319]]}, "properties": {"lhrs": 47720, "offset": 0, "highway": "401", "length": 4.38, "traffic_section": 47720000, "aadt": 123100, "aadtt": 22200}}, {"type": "Feature", "geometry": {"type": "LineString", "coordinates": [[-80.0056919999858, 43.3768189999969], [-80.006991999681, 43.3777909998548], [-80.0071400002108, 43.3778099998317], [-80.0095550000632, 43.3796320002167], [-80.0120669998921, 43.3815359998865], [-80.0125430002592, 43.3818910000696], [-80.0167019995976, 43.3849879998963], [-80.0194339996793, 43.3870650003495], [-80.0205810004128, 43.3879299997697], [-80.0211179999957, 43.3883310002755], [-80.0238760003771, 43.3903350000602], [-80.0265969999516, 43.3923579998219], [-80.0283659996911, 43.3936780004394], [-80.0289270003808, 43.3941240003224], [-80.0292930001718, 43.3944150002521], [-80.0301700001453, 43.3951879999263], [-80.0302670001219, 43.3952789996262], [-80.0303520004445, 43.3953609998103], [-80.030449000421, 43.3954520004095], [-80.0305470004437, 43.3955430001094], [-80.0306319998668, 43.3956329997632], [-80.0307289998434, 43.3957149999474], [-80.0308140001659, 43.3958059996472], [-80.0309110001425, 43.3958970002464], [-80.0309959995657, 43.3959879999463], [-80.0310819999343, 43.3960779996], [-80.0321020002071, 43.3971410000572], [-80.0322839996069, 43.3973309998258]]}, "properties": {"lhrs": 13570, "offset": 10, "highway": "6", "length": 3.14, "traffic_section": 13570100, "aadt": 35200, "aadtt": 6000}}, {"type": "Feature", "geometry": {"type": "LineString", "coordinates": [[-80.2073200000179, 43.4865790002207], [-80.2110949996345, 43.4892880001411], [-80.2112060002567, 43.489367000187], [-80.2128200000429, 43.4905170001595], [-80.2141310002454, 43.4915079999943], [-80.2142359996916, 43.4915870000401], [-80.2156140002858, 43.4926149997825], [-80.2257849998778, 43.5000229996618], [-80.2344219997754, 43.5062560002143]]}, "properties": {"lhrs": 13599, "offset": 0, "highway": "6", "length": 3.09, "traffic_section": 13599000, "aadt": 35400, "aadtt": 2850}}, {"type": "Feature", "geometry": {"type": "LineString", "coordinates": [[-79.4460210002689, 44.589252999926], [-79.4456569996708, 44.5865860001438], [-79.4455439998557, 44.5860889997076], [-79.445455000248, 44.5851880004259], [-79.4452309998107, 44.5836450003165], [-79.4439930002767, 44.5762280000222], [-79.4436970001164, 44.5741090003302]]}, "properties": {"lhrs": 16970, "offset": 0, "highway": "11", "length": 1.69, "traffic_section": 16970000, "aadt": 38600, "aadtt": 4000}}, {"type": "Feature", "geometry": {"type": "LineString", "coordinates": [[-79.5730269998961, 43.6679220001003], [-79.5730510001035, 43.6679670003768], [-79.5730619997115, 43.668011999754], [-79.5730859999189, 43.6680580000767], [-79.5730970004262, 43.6680939999382], [-79.5731209997343, 43.6681390002147], [-79.5731320002416, 43.668183999592], [-79.5731439998956, 43.6682289998685], [-79.5731550004029, 43.668274000145], [-79.5731660000109, 43.6683199995684], [-79.5731779996649, 43.6683649998449], [-79.5731890001722, 43.6684100001215], [-79.5731999997801, 43.668455000398], [-79.5732120003335, 43.6684999997752], [-79.5732110002874, 43.6685359996367], [-79.5732219998954, 43.6685819999594], [-79.5732340004487, 43.6686270002359], [-79.5732320003565, 43.6686719996131], [-79.5732440000106, 43.6687169998897], [-79.5732429999645, 43.6687620001662], [-79.5732539995724, 43.6688250003735], [-79.5732520003795, 43.6688970000965], [-79.5732629999874, 43.6689600003038], [-79.5732609998952, 43.6690229996118], [-79.5732599998491, 43.6690859998191], [-79.5732710003563, 43.6691580004414], [-79.5732690002641, 43.6692209997494], [-79.573268000218, 43.6692839999567], [-79.5732670001719, 43.6693290002332], [-79.5732660001258, 43.6693470001639], [-79.5732650000796, 43.6694100003713], [-79.5732629999874, 43.6694820000942], [-79.5732609998952, 43.6695450003016], [-79.5732599998491, 43.6696079996095], [-79.5732460001028, 43.6696709998168], [-79.5732440000106, 43.6697430004391], [-79.5732429999645, 43.6697879998164], [-79.5732419999183, 43.6698330000929], [-79.5732530004256, 43.6698869998852], [-79.5732520003795, 43.6699320001617], [-79.57323899978, 43.6699770004383], [-79.5732379997339, 43.6700310002306], [-79.5732359996416, 43.6700759996078], [-79.5732349995955, 43.6701209998843], [-79.5732219998954, 43.6701749996765], [-79.5732209998492, 43.6702199999531], [-79.573218999757, 43.6702739997453], [-79.5732060000568, 43.6703190000219], [-79.5732050000107, 43.6703640002984], [-79.5731910002644, 43.6704180000907], [-79.5731779996649, 43.6704630003672], [-79.5731639999186, 43.6705170001595], [-79.5731619998264, 43.6705889998825], [-79.5731480000801, 43.6706599995594], [-79.5731340003338, 43.6707320001817], [-79.5731199996882, 43.6708039999047], [-79.573117999596, 43.6708850000427], [-79.5731039998496, 43.6709569997658], [-79.5731019997574, 43.6710290003881], [-79.5731019997574, 43.6710470003189], [-79.5730880000111, 43.6711010001111], [-79.5730859999189, 43.6711820002492], [-79.5730849998728, 43.6712539999722], [-79.5730829997806, 43.6712990002487], [-79.5730700000804, 43.6713619995567], [-79.5730690000343, 43.6713980003175], [-79.5730669999421, 43.6714520001097], [-79.573065999896, 43.6714970003863], [-79.5730649998498, 43.6715419997635], [-79.5730639998037, 43.6715870000401], [-79.5730629997576, 43.6716409998323], [-79.5730619997115, 43.6716860001089], [-79.5730609996654, 43.6717040000396], [-79.5730609996654, 43.6717310003854], [-79.5730720001727, 43.6717850001777], [-79.5730710001265, 43.6718299995549], [-79.5730819997345, 43.6718749998314], [-79.5730809996883, 43.6719200001079], [-79.5730920001956, 43.6719739999002], [-79.5730910001495, 43.6720190001768], [-79.5731029998036, 43.6720649996001], [-79.5731140003108, 43.6721190002917], [-79.5731130002647, 43.6721639996689], [-79.5731239998727, 43.6722000004297], [-79.5731350003799, 43.6722449998069], [-79.573147000034, 43.6722809996684], [-79.5731459999878, 43.672325999945], [-79.5731569995958, 43.6723710002215], [-79.5731690001492, 43.672407000083], [-79.5731799997571, 43.6724530004057], [-79.5731920003105, 43.6724979997829], [-79.5732029999185, 43.6725430000595], [-79.5732270001259, 43.672578999921], [-79.5732379997339, 43.6726240001975], [-79.5732490002411, 43.6726699996208], [-79.5732730004486, 43.6727060003817], [-79.5732850001027, 43.6727509997589], [-79.5733090003101, 43.6727869996204], [-79.573319999918, 43.6728319998969], [-79.5733319995721, 43.6728600002888], [-79.5733440001255, 43.6728780002196], [-79.5733680003329, 43.6729140000811], [-79.5733789999409, 43.6729590003577], [-79.5734030001483, 43.6729960002652], [-79.5734139997563, 43.6730409996425], [-79.5734379999637, 43.6730770004033], [-79.5734620001711, 43.6731130002648], [-79.5734620001711, 43.6731310001955], [-79.5734860003786, 43.6731589996882], [-79.5735099996867, 43.673195000449]]}, "properties": {"lhrs": 25795, "offset": 0, "highway": "27", "length": 0.6, "traffic_section": 25795000, "aadt": 48700, "aadtt": 2450}}, {"type": "Feature", "geometry": {"type": "LineString", "coordinates": [[-80.3606700004202, 43.1215209998943], [-80.365714000101, 43.1341919996611], [-80.3661349997304, 43.1352540000721], [-80.366565999821, 43.1361399995614], [-80.367182000349, 43.1372799999721], [-80.3673760003022, 43.1376320000168], [-80.3677959998854, 43.1385530002208], [-80.3691090001802, 43.142404999791], [-80.3728370003273, 43.1518720001927], [-80.3756349998553, 43.1585060003517], [-80.3762470001989, 43.1599949997695], [-80.3762949997144, 43.1601210001841], [-80.3766800003817, 43.1609879996965], [-80.3767760003121, 43.1612399996263], [-80.3768480000351, 43.1614029999486], [-80.3768839998966, 43.1614840000866]]}, "properties": {"lhrs": 24801, "offset": 0, "highway": "24", "length": 4.63, "traffic_section": 24801000, "aadt": 13000, "aadtt": 2000}}, {"type": "Feature", "geometry": {"type": "LineString", "coordinates": [[-79.697049000411, 43.5539780002845], [-79.6968399997662, 43.5541209996844], [-79.6960369996078, 43.5546659996362], [-79.6948370000275, 43.5554560000944], [-79.6931430001493, 43.5565490001363], [-79.6915899995788, 43.5575040001096], [-79.6910030003881, 43.5578970002464], [-79.6898270001159, 43.5586340000591], [-79.6888239997278, 43.5592080004489], [-79.6882969997067, 43.5595170003094], [-79.6882850000526, 43.5595259998251], [-79.6870539999421, 43.5603219996606], [-79.6857730002237, 43.5611360003262], [-79.685371999718, 43.5613739996105], [-79.6852339996493, 43.5614719996331], [-79.6846679996284, 43.5618790004156], [-79.6836620000013, 43.5625699999056], [-79.6828440000505, 43.5631909997648], [-79.6827179996359, 43.5632800002718], [-79.6820130003996, 43.5637939996934], [-79.6818999996852, 43.56389099967], [-79.6813830001253, 43.5643179995761], [-79.6807770000585, 43.5648420003581], [-79.6800820003839, 43.5654729997792], [-79.6793990003636, 43.5661410000072], [-79.6786130000899, 43.566950999589], [-79.6781569997457, 43.5674409997024], [-79.6775739998402, 43.5680459997231], [-79.6770390003496, 43.5687149999973], [-79.6764290000982, 43.5694289996487], [-79.6759850003075, 43.5699369996929], [-79.6755900000784, 43.5704190003366], [-79.674584999598, 43.5716670003318], [-79.6744080004289, 43.5717909997549], [-79.6721830003452, 43.5744399996063], [-79.6703539996373, 43.5765160000134], [-79.6695809999631, 43.5773269996414], [-79.6683529999909, 43.5785189997521], [-79.6629520000347, 43.5836059996173], [-79.660562000436, 43.585820000093], [-79.6605239995829, 43.5858559999545], [-79.6604360000213, 43.5859089997006]]}, "properties": {"lhrs": 48263, "offset": 0, "highway": "403", "length": 4.65, "traffic_section": 48263000, "aadt": 193600, "aadtt": 29000}}, {"type": "Feature", "geometry": {"type": "LineString", "coordinates": [[-79.7957089995706, 43.9853530002408], [-79.7950950000342, 43.9854910003095], [-79.7938920003155, 43.9857569999856], [-79.7915999998401, 43.9862549995686], [-79.7896960001703, 43.9866950000742], [-79.7877290002931, 43.9871149996575], [-79.7833830004251, 43.9880499996078], [-79.7791749997264, 43.9889679996735], [-79.7755040004092, 43.9897570000855], [-79.7751720003874, 43.9898319999469]]}, "properties": {"lhrs": 16120, "offset": 8, "highway": "9", "length": 1.72, "traffic_section": 16120080, "aadt": 16600, "aadtt": 1300}}, {"type": "Feature", "geometry": {"type": "LineString", "coordinates": [[-80.1077900003082, 44.4667680001431], [-80.1071080003339, 44.4661959998456], [-80.1067730001738, 44.4658779995701], [-80.106512999875, 44.4655879996865], [-80.1063050001756, 44.4652619999414], [-80.1061470000839, 44.4649190003117], [-80.106087000015, 44.4646929997822], [-80.1055319996021, 44.4623749999064], [-80.10449600039, 44.4577309997858], [-80.1043096500703, 44.4570263000237], [-80.1034556007953, 44.4543255999465]]}, "properties": {"lhrs": 80650, "offset": 0, "highway": "7148", "length": 1.44, "traffic_section": 80650000, "aadt": 56800, "aadtt": 0}}, {"type": "Feature", "geometry": {"type": "LineString", "coordinates": [[-79.8584129998601, 43.6468410001121], [-79.8577679997933, 43.6469560000194], [-79.8574820000942, 43.6470069996734], [-79.857431999587, 43.6470150000422], [-79.8571710001415, 43.6470669997423], [-79.8567840002813, 43.6471799995574], [-79.8567220001202, 43.6471879999263], [-79.8560630003072, 43.6472809997184], [-79.8557399998011, 43.6473310002255], [-79.8546089998055, 43.6474910004094], [-79.8545839995519, 43.6474910004094], [-79.8540740003148, 43.6475579999018], [-79.8536139997862, 43.6476339998093], [-79.852618999767, 43.64781299997], [-79.8522580002065, 43.6478819995547]]}, "properties": {"lhrs": 14495, "offset": 0, "highway": "7", "length": 0.51, "traffic_section": 14495000, "aadt": 14700, "aadtt": 740}}, {"type": "Feature", "geometry": {"type": "LineString", "coordinates": [[-79.3679879999462, 43.839057999627], [-79.368057999577, 43.8392300003643], [-79.3681159995537, 43.8394109997179], [-79.3681150004069, 43.839420000133], [-79.3683699995758, 43.8401169998997], [-79.3687879999662, 43.8412210004489], [-79.3690520004494, 43.8420170002844], [-79.3699020000772, 43.8446229999515], [-79.3700050003305, 43.8449479996505], [-79.3701869997302, 43.8455539997174], [-79.3705399998211, 43.8467560002892], [-79.3705749996365, 43.8468560004042], [-79.3705799998671, 43.8468969995969]]}, "properties": {"lhrs": 48492, "offset": 0, "highway": "404", "length": 0.9, "traffic_section": 48492000, "aadt": 156200, "aadtt": 0}}, {"type": "Feature", "geometry": {"type": "LineString", "coordinates": [[-79.9829560001193, 43.2056040004243], [-79.9825969997517, 43.205662000401], [-79.9824369995678, 43.2056869997553], [-79.9810419999883, 43.2059090001003], [-79.9788060002966, 43.2063570000756], [-79.9783119999988, 43.2064970002364], [-79.9770159995887, 43.206867000212], [-79.9758319998469, 43.2072750001412], [-79.9745089999903, 43.207820000093], [-79.9731399998111, 43.2084939996984], [-79.9721609996304, 43.2090389996501], [-79.9715280001171, 43.2094299996948], [-79.9713380003484, 43.2095580002016], [-79.9707310002354, 43.209967000177]]}, "properties": {"lhrs": 48322, "offset": 0, "highway": "403", "length": 1.12, "traffic_section": 48322000, "aadt": 80500, "aadtt": 12900}}, {"type": "Feature", "geometry": {"type": "LineString", "coordinates": [[-79.6837220000702, 43.4613349998104], [-79.6836589998629, 43.4613990000639], [-79.6833940002329, 43.4616489999014], [-79.6790549997884, 43.4656500000475], [-79.6766810000281, 43.4679279998774], [-79.6758840001464, 43.4687469998742], [-79.6750969998266, 43.4696930003317], [-79.6744339998292, 43.4706120004435], [-79.6739730001538, 43.4713359996567], [-79.6732720002026, 43.4728589997431], [-79.6731400004106, 43.4732259995803]]}, "properties": {"lhrs": 10135, "offset": 0, "highway": "QEW", "length": 1.59, "traffic_section": 10135000, "aadt": 211900, "aadtt": 29700}}, {"type": "Feature", "geometry": {"type": "LineString", "coordinates": [[-78.6254409998023, 43.9029970002114], [-78.625518999802, 43.9029899998886], [-78.6259810004228, 43.9029550000732], [-78.635172999834, 43.9022629996378], [-78.6439020003769, 43.9016330002628], [-78.6439889998924, 43.901635000355], [-78.6441079999842, 43.9016269999861]]}, "properties": {"lhrs": 47570, "offset": 0, "highway": "401", "length": 1.51, "traffic_section": 47570000, "aadt": 85700, "aadtt": 12900}}, {"type": "Feature", "geometry": {"type": "LineString", "coordinates": [[-79.792175000276, 43.2900190000768], [-79.7923660000908, 43.2903459998681], [-79.7939510003384, 43.2930729997192], [-79.7962629999375, 43.2970749999114], [-79.7965499996827, 43.2975720003476]]}, "properties": {"lhrs": 10108, "offset": 0, "highway": "QEW", "length": 0.91, "traffic_section": 10108000, "aadt": 155700, "aadtt": 24900}}, {"type": "Feature", "geometry": {"type": "LineString", "coordinates": [[-78.5996670001319, 43.9346009998363], [-78.6002249997838, 43.9359180003155], [-78.6002819997145, 43.9360449998769], [-78.6003609997603, 43.9362359996917], [-78.6058110001775, 43.9488290003582], [-78.6061010000611, 43.9512299995649], [-78.6061309996459, 43.9514020003021], [-78.6061509996688, 43.9515459997481], [-78.6061990000837, 43.9518799998622], [-78.6063170001294, 43.9521780001146]]}, "properties": {"lhrs": 27813, "offset": 0, "highway": "35", "length": 2.03, "traffic_section": 27813000, "aadt": 31200, "aadtt": 3450}}, {"type": "Feature", "geometry": {"type": "LineString", "coordinates": [[-79.1313079995645, 43.1349610000502], [-79.1335260002247, 43.1372300003643], [-79.1424719999828, 43.1463259998451], [-79.1445020000672, 43.148340000091], [-79.1458930003616, 43.1495150003171], [-79.147001000196, 43.1503080000143], [-79.147568000263, 43.1506680004279], [-79.1483179997758, 43.151085999919], [-79.1497720002776, 43.1518019996626], [-79.1501000001149, 43.1519429998696], [-79.1505130002747, 43.1521199999381]]}, "properties": {"lhrs": 10046, "offset": 0, "highway": "QEW", "length": 2.48, "traffic_section": 10046000, "aadt": 72200, "aadtt": 5050}}, {"type": "Feature", "geometry": {"type": "LineString", "coordinates": [[-79.974324999599, 43.0496519996401], [-79.9744000003597, 43.0518229999316], [-79.9746670000819, 43.0527260002048], [-79.9751329999879, 43.0534949996945], [-79.9753920002406, 43.0538210003389], [-79.9757309996858, 43.0541429998996], [-79.9763090002601, 43.0545529999211], [-79.9769439998657, 43.0549070000581], [-79.9782180001606, 43.0555399995714], [-79.9793829999255, 43.0563789995912], [-79.9802040000146, 43.0572330003028], [-79.9807789995511, 43.0580839999766], [-79.9812939999181, 43.0596110002475], [-79.981364999595, 43.0605209999442], [-79.9811499995728, 43.061652999986], [-79.9806390002896, 43.0628189997971], [-79.9767990003735, 43.0694180001407], [-79.9757549998933, 43.0711580003415], [-79.9746120002436, 43.0729949996196], [-79.9723559996297, 43.0764329998831], [-79.9710939998881, 43.0784120003136], [-79.970930999566, 43.0786349998054], [-79.9702630002373, 43.0796289997785], [-79.9696689998244, 43.0803430003293], [-79.9692470001489, 43.0807369996129], [-79.9686020000822, 43.0812800003717], [-79.9633830004251, 43.0847619999664], [-79.9621629999225, 43.0857420001932], [-79.9618059996471, 43.0860360002612], [-79.9614759997175, 43.0863690003292], [-79.9609859996041, 43.0869029997737], [-79.959717999586, 43.0886549996286], [-79.9595289998634, 43.0889329998581], [-79.958218999707, 43.0908120001737], [-79.9570230003112, 43.0925389997751], [-79.9552230000414, 43.0921440004453], [-79.9517970003313, 43.0912840003564], [-79.9468040003043, 43.0901310002455], [-79.9446990003585, 43.0896430002243], [-79.9444669995523, 43.0895779999248]]}, "properties": {"lhrs": 13446, "offset": 0, "highway": "6", "length": 6.61, "traffic_section": 13446000, "aadt": 10600, "aadtt": 1450}}, {"type": "Feature", "geometry": {"type": "LineString", "coordinates": [[-78.9825880004358, 44.0779470002539], [-78.9822769995838, 44.0780769999536], [-78.98218699993, 44.0781380000687], [-78.9805310000056, 44.0794680002481], [-78.979916000423, 44.0799170002694], [-78.9787050003355, 44.0810209999193], [-78.9729490001961, 44.0857169997398], [-78.9601269997612, 44.0964190004366]]}, "properties": {"lhrs": 14946, "offset": 5.5, "highway": "7A", "length": 2.73, "traffic_section": 14946055, "aadt": 14000, "aadtt": 2400}}, {"type": "Feature", "geometry": {"type": "LineString", "coordinates": [[-78.6038939999081, 44.0791459997881], [-78.6010819997344, 44.0819769999387], [-78.5996490002012, 44.0834410000022], [-78.5985010003209, 44.0843359999065], [-78.5975899996787, 44.0849290002732], [-78.5949490001962, 44.0863039998298], [-78.5897390000547, 44.0888060000969], [-78.5859400002308, 44.0906699997208], [-78.5834749998713, 44.0920129996003], [-78.5815690001093, 44.0934049999408], [-78.5804050003904, 44.094388000306], [-78.5771579999417, 44.0977309997859], [-78.57426499963, 44.1006500003973], [-78.5738870001849, 44.1010299999346]]}, "properties": {"lhrs": 42235, "offset": 0, "highway": "115", "length": 3.46, "traffic_section": 42235000, "aadt": 25300, "aadtt": 2550}}, {"type": "Feature", "geometry": {"type": "LineString", "coordinates": [[-80.0283919999908, 43.6372870001949], [-80.02174800027, 43.6433439998258], [-80.02046499956, 43.644468000398], [-80.0176090000552, 43.6469729999041], [-80.012662000351, 43.6515230001864], [-80.0068120003735, 43.6566219997056], [-80.002356565603, 43.6607087160345]]}, "properties": {"lhrs": 14510, "offset": 5.9, "highway": "7", "length": 3.34, "traffic_section": 14510059, "aadt": 15200, "aadtt": 1350}}, {"type": "Feature", "geometry": {"type": "LineString", "coordinates": [[-79.3706310004203, 43.8470910004494], [-79.3706539996823, 43.8471539997573], [-79.3706759997975, 43.8472359999415], [-79.3707210000741, 43.8474069997333], [-79.370731999682, 43.8474879998714], [-79.3708899997736, 43.8480850004225], [-79.3711029997036, 43.8489160000734], [-79.37156100014, 43.8503810001831], [-79.3718079998393, 43.8513750001562], [-79.3723050002755, 43.8536869997553], [-79.3723270003907, 43.8537689999395], [-79.3723369999526, 43.8538589995932], [-79.3724279996524, 43.8541929997072], [-79.3725180002055, 43.8545370002824], [-79.3726310000206, 43.8549529996812], [-79.373069000434, 43.8566960000205], [-79.3733499999025, 43.8577900001085], [-79.3736969997167, 43.8592439997109], [-79.3740220003151, 43.8605359999365], [-79.3742679999682, 43.8615659997711], [-79.3745149996674, 43.8625599997442], [-79.3746820001741, 43.8632649998799], [-79.3749299999195, 43.8642139995764], [-79.3751740003798, 43.8652109996879]]}, "properties": {"lhrs": 48500, "offset": 0, "highway": "404", "length": 2.05, "traffic_section": 48500000, "aadt": 181600, "aadtt": 9450}}, {"type": "Feature", "geometry": {"type": "LineString", "coordinates": [[-80.3118770004232, 43.2947679996435], [-80.312211999684, 43.295652999986], [-80.312402000352, 43.2963109997529], [-80.3124059996371, 43.2970040002345], [-80.3122379999837, 43.297688000301], [-80.3118799996622, 43.2988469997892], [-80.3114590000328, 43.3001590000379], [-80.3109099998965, 43.3018220002851], [-80.3109099998965, 43.3018309998009], [-80.3100289997385, 43.3044910001596], [-80.3096209998093, 43.3056679995786], [-80.3095429998095, 43.3060370004073], [-80.3092990002486, 43.306855000358], [-80.3091909997648, 43.3077450000318], [-80.3091559999494, 43.3085739995905], [-80.3092109997877, 43.309185999934], [-80.3092929999719, 43.309601000186], [-80.3093980003174, 43.3101510003684], [-80.3094799996023, 43.3105299998597], [-80.3095750003859, 43.3108359995817], [-80.3098010000161, 43.3115219997405], [-80.3106309996209, 43.3134270003558], [-80.3115220002401, 43.3153229996568], [-80.3123030002832, 43.3170930003417], [-80.3126510001435, 43.3179599998542], [-80.3129670003268, 43.319518999802], [-80.3131319998419, 43.3212670003718], [-80.3131000001649, 43.3219240000926], [-80.3130830002802, 43.3222750000912], [-80.3130010000961, 43.3230669997423], [-80.3130869995653, 43.3241300001994], [-80.3131919999108, 43.3247160002432], [-80.313224999634, 43.32562599994], [-80.3132330000029, 43.3265349995906], [-80.3133200004177, 43.3275169999097], [-80.313305999772, 43.328777999605], [-80.3133730001638, 43.3304979997829], [-80.3134320001866, 43.3318490000314], [-80.3134090000253, 43.33283899982], [-80.3134160003481, 43.3332269997263], [-80.3133580003714, 43.3340279997924], [-80.3133570003253, 43.3340560001843], [-80.3132699999105, 43.3363319999219], [-80.3132230004411, 43.3372239996879], [-80.3132160001182, 43.3378899998237], [-80.3132629995877, 43.3391510004184]]}, "properties": {"lhrs": 24843, "offset": 0, "highway": "24", "length": 5.01, "traffic_section": 24843000, "aadt": 16800, "aadtt": 1250}}, {"type": "Feature", "geometry": {"type": "LineString", "coordinates": [[-79.2851170004492, 43.1776399995863], [-79.2852310003104, 43.1776490000014], [-79.287355000233, 43.1778340004389], [-79.2877480003699, 43.177867000162], [-79.2879679997234, 43.1778880002311], [-79.2901169998996, 43.1780650002995], [-79.2906439999206, 43.1781089996307], [-79.2963280003369, 43.1785890001823], [-79.3003660003906, 43.1789289996736], [-79.3089549998733, 43.1796650003395], [-79.30896100015, 43.1796660003857], [-79.3093300000794, 43.1796970000166]]}, "properties": {"lhrs": 10063, "offset": 0, "highway": "QEW", "length": 1.98, "traffic_section": 10063000, "aadt": 101100, "aadtt": 13100}}, {"type": "Feature", "geometry": {"type": "LineString", "coordinates": [[-80.1355030003631, 43.6127419996436], [-80.1340829996307, 43.6117560000394], [-80.1328619999813, 43.6108739998353], [-80.131734000124, 43.6100840002765], [-80.1307499997127, 43.6094430003942], [-80.1300380001535, 43.6089690001193], [-80.128695000274, 43.6079879998464], [-80.1234120003635, 43.604275000391], [-80.1208920001656, 43.6025629996827], [-80.1203260001448, 43.6023040003294], [-80.1198830004001, 43.6021620000763], [-80.1189539998272, 43.6019619998465], [-80.1179830000154, 43.6019090001003], [-80.1169300000195, 43.6020609999152]]}, "properties": {"lhrs": 14537, "offset": 0, "highway": "7", "length": 1.97, "traffic_section": 14537000, "aadt": 9150, "aadtt": 920}}, {"type": "Feature", "geometry": {"type": "LineString", "coordinates": [[-78.3311710002415, 43.9660139996464], [-78.3324879998213, 43.965837999624], [-78.3347729999739, 43.9654590001328], [-78.3372019995726, 43.9649390004346], [-78.3384620001212, 43.9646440003204], [-78.3398949996545, 43.9643280001371], [-78.3565509997288, 43.9606529997362], [-78.3677309999856, 43.9581290002532], [-78.3798510004233, 43.9554459997332], [-78.3827069999281, 43.9548360003812], [-78.3842690000143, 43.9544669995524], [-78.3871360000263, 43.9538309999008]]}, "properties": {"lhrs": 47550, "offset": 0, "highway": "401", "length": 4.69, "traffic_section": 47550000, "aadt": 52800, "aadtt": 11100}}, {"type": "Feature", "geometry": {"type": "LineString", "coordinates": [[-79.3938799996622, 44.7019020002771], [-79.3939660000308, 44.7018309997009], [-79.3942440002603, 44.7015819999094], [-79.3944709999367, 44.7013790004406], [-79.395132999888, 44.7007399997512], [-79.3954189995872, 44.7004109998678], [-79.3955490001862, 44.7002870004447], [-79.3963199997681, 44.6993519995951], [-79.396672999859, 44.6988800003118], [-79.3972139996263, 44.6980420003381], [-79.3986249999438, 44.6953700003253], [-79.4001730002837, 44.6923490004061], [-79.4017399997012, 44.6890490002112], [-79.4027470002738, 44.686848000335], [-79.4028299996047, 44.686596999552], [-79.4031099999265, 44.6860610000152], [-79.4064639999136, 44.6787619997666], [-79.4071330001878, 44.6773759997027], [-79.4076630003472, 44.6764649999598], [-79.4081219999303, 44.6758230000315], [-79.4086069998132, 44.6751640002185], [-79.4091359999264, 44.6742619999914], [-79.4098309996009, 44.6728579999968], [-79.4104619999213, 44.6714449995871], [-79.4105759997825, 44.670977999635], [-79.4106830002203, 44.6707550001432], [-79.4112850001026, 44.6690620003111], [-79.4120260000998, 44.6668479998354], [-79.4122709997068, 44.666194000253], [-79.41434800016, 44.6617399999011], [-79.4144559997446, 44.661454000202], [-79.4146810002279, 44.6610969999266], [-79.4149229996966, 44.660532999998], [-79.4150999997651, 44.660057999677], [-79.4154889997175, 44.6587579999818], [-79.4168800000119, 44.6539789999309], [-79.416992999827, 44.6535400003707], [-79.4181530002607, 44.6493879995566], [-79.4182500002373, 44.649037999604], [-79.41861299989, 44.6477739997703], [-79.4188150002121, 44.6472990003487], [-79.4190419998883, 44.6468250000738], [-79.4193190000718, 44.64636100026], [-79.4196219996555, 44.645915000377], [-79.4199220000003, 44.6455410002171], [-79.4200650002995, 44.6453719996181], [-79.4218230004311, 44.6433350001102], [-79.4225000001748, 44.6425519999749], [-79.4226689998744, 44.6423379999987], [-79.4228249998738, 44.6421599998841]]}, "properties": {"lhrs": 17000, "offset": 0, "highway": "11", "length": 7.07, "traffic_section": 17000000, "aadt": 27100, "aadtt": 2450}}, {"type": "Feature", "geometry": {"type": "LineString", "coordinates": [[-79.3062059999069, 44.9954249995641], [-79.3060750001611, 44.995371999818], [-79.30576100007, 44.9952499995879], [-79.3053099999565, 44.9950730004187], [-79.3040799998921, 44.9946129998901], [-79.3040050000307, 44.9945759999825], [-79.3029380002884, 44.9941730002838], [-79.2977959996856, 44.9921879995766], [-79.2964390000597, 44.9917180003854], [-79.2953029998336, 44.9915390002247], [-79.294719999928, 44.9915299998097], [-79.2913690000793, 44.9920019999923], [-79.2882399996762, 44.9927019998974], [-79.2871889997725, 44.9926599997592], [-79.2865210004438, 44.9925150002671], [-79.284042000338, 44.9913969999716], [-79.2801380001685, 44.990033000023], [-79.2788969995968, 44.9895100001864], [-79.2772910001795, 44.988504999706], [-79.2764399996063, 44.9876820004241], [-79.2750330003726, 44.9859590001078], [-79.2740740002149, 44.9853869998103], [-79.2729270003807, 44.9851260003647], [-79.2699550000232, 44.984847000089], [-79.268494000098, 44.9845099998367], [-79.2658050002005, 44.9836499997477], [-79.2638849997929, 44.9833779997949], [-79.2629370001424, 44.9832819998645], [-79.2578539995624, 44.9827460003277], [-79.247871999693, 44.9806580002665], [-79.2458249997239, 44.9804010001061], [-79.2349320001117, 44.9803230001064], [-79.2335060000018, 44.9804990001288], [-79.2246259996901, 44.9821980002376], [-79.2107290000433, 44.9848979997429], [-79.20950900044, 44.9853920000408], [-79.2008610000351, 44.9897660003007], [-79.1960660001458, 44.9921830002453], [-79.1929979998578, 44.9937280004469], [-79.1922509995839, 44.9940679999383], [-79.1916630003471, 44.9942199997532], [-79.1870190002267, 44.995047000119], [-79.1850009997963, 44.9954560000944], [-79.1813470003638, 44.996667000182], [-79.1803949996295, 44.9970839996269], [-79.1787150003969, 44.9980560003842], [-79.1776869997552, 44.998471999783], [-79.1764609998752, 44.9987229996668], [-79.1731530002107, 44.9990209999193], [-79.1725510003284, 44.9991820001492], [-79.1720359999614, 44.9994350001252], [-79.1710769998037, 45.0000590001228], [-79.1702090002451, 45.0006209999592], [-79.1700399996462, 45.0007529997512], [-79.1694710003863, 45.0010859998191], [-79.1688780000197, 45.0013830000255], [-79.1682360000913, 45.0016250003935], [-79.1673279995875, 45.0018439997009], [-79.163259999949, 45.0024899998137], [-79.1623300002293, 45.0025920000208], [-79.1606219997055, 45.0028249999738], [-79.1599619998464, 45.0028330003427], [-79.1593300003792, 45.002777999605], [-79.1588000002198, 45.0026790004356], [-79.1582469998991, 45.0025079997445], [-79.1572079996494, 45.0020680001381], [-79.1567219997204, 45.0018079998394], [-79.1562840002064, 45.0016210002091], [-79.1555800001169, 45.0014119995642], [-79.1549230003962, 45.0013199998182], [-79.1542239996378, 45.0013450000717], [-79.1535489999863, 45.0014240001175], [-79.1506929995822, 45.0018550002081], [-79.1501830003451, 45.001945999908], [-79.1495429996097, 45.0021060000919], [-79.1489399996812, 45.0023129997452], [-79.1483490003061, 45.0025550001132], [-79.145259999949, 45.0039089996007], [-79.1447459996281, 45.0040899998536], [-79.1442090000453, 45.0042160002682], [-79.142848000235, 45.004337999599], [-79.1414980000326, 45.0044870001749], [-79.140822000335, 45.0046020000823], [-79.139517999556, 45.0048960001503], [-79.1385730000439, 45.0050609996654], [-79.1380280000921, 45.0050700000805], [-79.1372300001643, 45.0050209996195], [-79.1353950000791, 45.0048560001044], [-79.1347619996665, 45.0048180001506], [-79.1339999996002, 45.004832999943], [-79.1333239999026, 45.0049390003347], [-79.133094000088, 45.0050069998732], [-79.1317389996551, 45.0052910003794], [-79.1312420001182, 45.0053729996642], [-79.1306699998206, 45.005390999595], [-79.1302029998685, 45.0053290003332], [-79.1296860003087, 45.0052120003336], [-79.1267659996511, 45.0044799998522], [-79.1261099999765, 45.0043710002215], [-79.125781000093, 45.0043560004291], [-79.125222000395, 45.0043740003599], [-79.1246609997053, 45.0044549995986], [-79.1241100003762, 45.0046169998747], [-79.1229380002885, 45.0051290001033], [-79.122347000014, 45.0053620000563], [-79.1217199998781, 45.005541000217], [-79.1177460000778, 45.0063840004213], [-79.1170719995731, 45.0064269997063], [-79.1164129997601, 45.0063800002369], [-79.1157709998317, 45.0062349998454], [-79.1101460003376, 45.0044229999216], [-79.1095049995561, 45.0042409996225], [-79.1090510002035, 45.0041429995998], [-79.1081789995611, 45.0040299997847], [-79.1054650003095, 45.0040030003382], [-79.1049649997349, 45.0039939999232]]}, "properties": {"lhrs": 42730, "offset": 13.7, "highway": "118", "length": 17.25, "traffic_section": 42730137, "aadt": 5200, "aadtt": 470}}, {"type": "Feature", "geometry": {"type": "LineString", "coordinates": [[-79.1994400001558, 43.0800729995693], [-79.199128000157, 43.0800850001227], [-79.1757989999239, 43.0805770003283]]}, "properties": {"lhrs": 23706, "offset": 4.9, "highway": "20", "length": 1.93, "traffic_section": 23706049, "aadt": 13200, "aadtt": 1050}}, {"type": "Feature", "geometry": {"type": "LineString", "coordinates": [[-79.4163600003137, 44.0499250003385], [-79.4163709999217, 44.0499790001308], [-79.4164839997368, 44.0504029998985], [-79.416687000105, 44.0512340004488], [-79.4169549998733, 44.0524089997756], [-79.4172079998493, 44.0536820000243], [-79.4175630000324, 44.0553790000409], [-79.4179489998464, 44.0572750002411], [-79.4183040000295, 44.058955000373], [-79.4185450003515, 44.0602269996763], [-79.4187889999124, 44.0613829999256], [-79.4189769995888, 44.0622769997838], [-79.4191450001416, 44.0630779998498], [-79.4197619998164, 44.0661169996998], [-79.4201939999531, 44.068224999784], [-79.4202230003911, 44.0683680000832]]}, "properties": {"lhrs": 48535, "offset": 0, "highway": "404", "length": 2.07, "traffic_section": 48535000, "aadt": 43900, "aadtt": 3050}}, {"type": "Feature", "geometry": {"type": "LineString", "coordinates": [[-79.1895679999632, 43.899355000433], [-79.1893390001947, 43.8994630000175], [-79.1891260002647, 43.8995230000865], [-79.188634000059, 43.8997129998551], [-79.1874969997867, 43.9002440000606], [-79.1871200003877, 43.9003820001292], [-79.1852640002334, 43.9008029997587], [-79.1837590000778, 43.9011569998957], [-79.1813509996489, 43.9017219998705], [-79.1809000004346, 43.9018230000315], [-79.1739520001846, 43.9034319995871], [-79.1694359996716, 43.9044939999982], [-79.1680080003689, 43.904785999974], [-79.1676560003241, 43.9049060001118], [-79.1670910003493, 43.9050420000883], [-79.16559999994, 43.905333000018], [-79.1642580001066, 43.9056439999706], [-79.1581869998301, 43.907085999919], [-79.1543490000063, 43.9079520002846], [-79.1537850000777, 43.908058999823], [-79.1497599997242, 43.9089579999118], [-79.1445020000672, 43.9102320002067], [-79.1362109999376, 43.9121499996228], [-79.1342660001757, 43.912585999944], [-79.1337410002469, 43.9126680001282], [-79.1326359996516, 43.9129559999195], [-79.1315320000018, 43.9131899999186], [-79.1309569995659, 43.9132879999413], [-79.1293380004483, 43.9136670003318], [-79.1287870002199, 43.9137569999856], [-79.1262310001605, 43.9142639999837], [-79.1246880000512, 43.9145990001438], [-79.1198000003697, 43.9155899999786], [-79.1163739997602, 43.9163800004367], [-79.1147310004353, 43.9167670002969], [-79.111265999826, 43.9176280004319], [-79.1097839998317, 43.9180180004304], [-79.1086169999745, 43.9182870002449], [-79.107487000025, 43.9185739999901], [-79.1065839997517, 43.9187750002661]]}, "properties": {"lhrs": 14400, "offset": 0, "highway": "7", "length": 7.01, "traffic_section": 14400000, "aadt": 0, "aadtt": 0}}, {"type": "Feature", "geometry": {"type": "LineString", "coordinates": [[-79.2513099999565, 43.177208000349], [-79.2521419996535, 43.1773650003945], [-79.254394000083, 43.1777769996089], [-79.2643309996758, 43.1796749999013], [-79.2650559998345, 43.1797309997859], [-79.2660539999921, 43.1797760000624], [-79.2666779999897, 43.1797549999933]]}, "properties": {"lhrs": 10057, "offset": 0, "highway": "QEW", "length": 1.28, "traffic_section": 10057000, "aadt": 124900, "aadtt": 13700}}, {"type": "Feature", "geometry": {"type": "LineString", "coordinates": [[-79.5998870001849, 43.5680659997461], [-79.5970889997575, 43.5706589997132], [-79.5963509998987, 43.5713100000565], [-79.5859980000076, 43.58082600002], [-79.5830770002033, 43.5834879995716], [-79.582759999974, 43.5837780003545]]}, "properties": {"lhrs": 10150, "offset": 0, "highway": "QEW", "length": 2.23, "traffic_section": 10150000, "aadt": 175800, "aadtt": 21100}}, {"type": "Feature", "geometry": {"type": "LineString", "coordinates": [[-79.6166550000282, 44.6758030000085], [-79.6171440000955, 44.6759260002847], [-79.6213339999641, 44.677480000002], [-79.6222970003063, 44.6778340001391], [-79.6227840002813, 44.6780199997233], [-79.6235699996557, 44.6784259995603], [-79.6240039998846, 44.678745999928], [-79.6243869995603, 44.6790929997422], [-79.6247310001355, 44.6794750002711], [-79.625010999558, 44.6798919997161], [-79.6252410002719, 44.6803179995761], [-79.6266939998282, 44.6834239998178], [-79.6272290002182, 44.6842760004371], [-79.6275479996405, 44.6846850004125], [-79.6282480004449, 44.6854770000635], [-79.6300190002766, 44.6874429998946], [-79.632788000266, 44.6904469999292], [-79.6348649998199, 44.6928120001737], [-79.6353939999331, 44.693403999595], [-79.6371029996037, 44.6953320003716], [-79.6376569999705, 44.6959239997928], [-79.637965999831, 44.6962159997686], [-79.6382749996914, 44.6964990002287], [-79.6389070000579, 44.6969919995811], [-79.6401750000762, 44.6977999999701], [-79.6402629996377, 44.6978189999469], [-79.6404540003518, 44.6979250003385]]}, "properties": {"lhrs": 19480, "offset": 7.5, "highway": "12", "length": 3.19, "traffic_section": 19480075, "aadt": 7350, "aadtt": 510}}, {"type": "Feature", "geometry": {"type": "LineString", "coordinates": [[-79.9501269997612, 43.3010099997118], [-79.9500010002459, 43.301031999827], [-79.9499509997388, 43.301041000242], [-79.9490739997652, 43.3011859997342], [-79.9475159998635, 43.3014320002866], [-79.9474670003018, 43.3014409998024], [-79.9452780000796, 43.3018259995703], [-79.9425700002053, 43.3022779997299], [-79.9405050003055, 43.3026279996825], [-79.940157999592, 43.3026879997514], [-79.9387979998278, 43.3029189996122], [-79.9384019995526, 43.30298700005], [-79.9376239996478, 43.3031149996576], [-79.9363870001599, 43.3033279995876], [-79.935435000325, 43.3034820003941], [-79.9346560003741, 43.3036190004166], [-79.9342109996379, 43.303685999909], [-79.9325909995749, 43.3039500003923], [-79.9299439998157, 43.3044029996987], [-79.9286460002127, 43.3046250000438], [-79.9279650002845, 43.3047630001124], [-79.9278420000083, 43.304788000366], [-79.9277799998471, 43.3048060002967], [-79.9275439997558, 43.3048579999967], [-79.9270240000575, 43.3050059996272], [-79.9264159998984, 43.3052340002489], [-79.9259190003615, 43.3054549996486], [-79.925358999718, 43.3057560000394], [-79.9249600002038, 43.3060130001999], [-79.9246720004124, 43.3062260001299], [-79.9244589995831, 43.3064040002445], [-79.9242970002064, 43.3065380001287], [-79.923757999632, 43.3070009998963], [-79.9227689998894, 43.3078559997546], [-79.9222310002604, 43.3083199995684], [-79.9218050004004, 43.3086759997976], [-79.9210159999884, 43.3093530004407], [-79.9204160001982, 43.3098600004387], [-79.9198900002233, 43.3103139997913], [-79.9198649999697, 43.310331999722], [-79.9196649997399, 43.310501000321], [-79.9187630004121, 43.3112760000874], [-79.9187479997204, 43.3113930000869], [-79.9178089995856, 43.3121950001991], [-79.9177539997473, 43.3122429997147]]}, "properties": {"lhrs": 13170, "offset": 0, "highway": "5", "length": 3.04, "traffic_section": 13170000, "aadt": 17100, "aadtt": 2050}}, {"type": "Feature", "geometry": {"type": "LineString", "coordinates": [[-78.621992999977, 44.0606900003433], [-78.6219539999771, 44.0607250001587], [-78.6216460001627, 44.0609349999503], [-78.6213920001406, 44.0610469997193], [-78.6211149999572, 44.0611130000649], [-78.6208290002581, 44.0610800003418], [-78.6205960003051, 44.0609669996274], [-78.620454000052, 44.0607840001815], [-78.6204239995679, 44.0605849999978], [-78.620505999752, 44.0604069998832], [-78.6206859999589, 44.0602839996069], [-78.6209139996813, 44.0602079996995], [-78.6211760000723, 44.0602049995611], [-78.6214360003711, 44.060263999584], [-78.621618999817, 44.0603669998372], [-78.621872999839, 44.0605700002054], [-78.621992999977, 44.0606900003433], [-78.6221019996075, 44.060790999605], [-78.6222219997455, 44.0609020002272], [-78.6225480003899, 44.0611790004106], [-78.6226339998591, 44.0612160003182], [-78.6234770000635, 44.0619809996235], [-78.623777999555, 44.0622579998069], [-78.6248979999427, 44.0632889996876], [-78.6253969995718, 44.0639210000542], [-78.6256420000782, 44.0643490000064], [-78.6257879996165, 44.0647569999356], [-78.6259010003309, 44.0653720004175], [-78.6257630002622, 44.0666469998592], [-78.6251119999188, 44.0733909996949]]}, "properties": {"lhrs": 27830, "offset": 0, "highway": "35", "length": 1.86, "traffic_section": 27830000, "aadt": 7150, "aadtt": 650}}, {"type": "Feature", "geometry": {"type": "LineString", "coordinates": [[-79.2197499996627, 44.3300139997464], [-79.2195609999401, 44.3300650002995], [-79.2180319995771, 44.3304289999984], [-79.2179939996233, 44.3304370003673], [-79.2173879995565, 44.3305809998133], [-79.2169710001115, 44.3306819999744], [-79.2167560000893, 44.3307329996283], [-79.2167180001356, 44.3307409999972], [-79.216692999882, 44.3307500004123], [-79.216428000252, 44.3308090004351], [-79.2144699998905, 44.331245999903], [-79.2140530004456, 44.3313480001101], [-79.2137499999625, 44.3314240000176], [-79.20753500024, 44.332865999966], [-79.2062710004063, 44.3331699995958], [-79.2057030002932, 44.3332970000566], [-79.2053999998101, 44.3333640004483], [-79.2050709999267, 44.3334400003558], [-79.2048440002504, 44.3334899999636], [-79.2045910002744, 44.3335489999864], [-79.2043889999524, 44.3335999996403], [-79.2037829998855, 44.3337349995707], [-79.2023179997759, 44.334071999823], [-79.2018630003771, 44.3341810003529], [-79.2018119998239, 44.3341899998687], [-79.2012310000106, 44.3343330001679], [-79.2006629998975, 44.3344599997292], [-79.2006249999437, 44.3344680000982], [-79.200232999853, 44.3345609998903], [-79.1982370004372, 44.335024999704], [-79.1974160003481, 44.3352189996572], [-79.1972390002796, 44.3352609997954], [-79.1969230000963, 44.3353369997028], [-79.1962909997298, 44.3354800000021], [-79.1960769997537, 44.335530999656], [-79.1957730001238, 44.3356069995634], [-79.1949770002883, 44.3357920000009], [-79.1946230001513, 44.3358770003234], [-79.1944090001752, 44.3359269999311], [-79.1936379996939, 44.3361130004147], [-79.1932709998568, 44.3361969997917], [-79.1929179997658, 44.3362820001143], [-79.1927409996973, 44.3363240002525], [-79.1923240002524, 44.3364170000445], [-79.190416000398, 44.3368730003887], [-79.1893919999408, 44.3371169999496], [-79.1893430003792, 44.3370990000189], [-79.1890650001496, 44.3371569999956], [-79.1890389998499, 44.3371929998571], [-79.1888490000812, 44.3372349999953], [-79.1886610004048, 44.3372499997877], [-79.1886109998977, 44.3372400002259], [-79.1883499995528, 44.3372980002026]]}, "properties": {"lhrs": 31070, "offset": 0, "highway": "48", "length": 2.64, "traffic_section": 31070000, "aadt": 9050, "aadtt": 720}}, {"type": "Feature", "geometry": {"type": "LineString", "coordinates": [[-79.0315429998096, 44.1896829998706], [-79.0316490002012, 44.1901000002149], [-79.0319289996236, 44.1910859998191], [-79.0320889998075, 44.1915210000941], [-79.0361500000224, 44.2007290002432], [-79.0366099996517, 44.2015919995712], [-79.0372270002259, 44.2026200002129], [-79.0376299999245, 44.2032929997722], [-79.0378399997162, 44.2037290000933], [-79.041231999657, 44.2116559996247], [-79.0425599997441, 44.2150190000269], [-79.0429630003421, 44.2160879998614], [-79.0439580003614, 44.218554000267], [-79.0458539996623, 44.2229079996046], [-79.0461139999611, 44.223397999718], [-79.0464480000751, 44.2238810004079], [-79.0468460004425, 44.2243470003138], [-79.0486150001821, 44.2261240004223], [-79.0490129996502, 44.2265720003975], [-79.0493730000638, 44.2270459997731], [-79.0496829999705, 44.2275109996329], [-79.0499430002692, 44.2279920002307], [-79.0501410004068, 44.2284459995832], [-79.0503680000831, 44.229151999765], [-79.0506139997362, 44.2304260000599], [-79.0506559998744, 44.230660000059], [-79.0510170003342, 44.2326290000284], [-79.0511660000109, 44.2330549998884], [-79.0513769998486, 44.2334910002095], [-79.0516030003781, 44.2338549999084], [-79.0519510002384, 44.2342930003218], [-79.0523279996375, 44.2346590001128], [-79.0527049999358, 44.2349720001577], [-79.0530240002574, 44.2351929995573], [-79.0539719999078, 44.2356869998552], [-79.0549249997889, 44.2360270002459], [-79.0607110004123, 44.2378990002387], [-79.0615519996251, 44.2382100001914], [-79.0620199996232, 44.2384610000751], [-79.0624620002211, 44.2387390003047], [-79.0628639998737, 44.2390700002803], [-79.0632279995725, 44.2394269996564], [-79.0635279999172, 44.2398280001621], [-79.0637769997088, 44.2402560001143], [-79.0641600002837, 44.2411900000186], [-79.0653260000948, 44.2441800003068], [-79.0654979999327, 44.2446870003049], [-79.0657770002084, 44.2457180001856], [-79.0658930001618, 44.2467740003199], [-79.0659090000003, 44.2497089998705], [-79.0659229997466, 44.2500510003534], [-79.065895000254, 44.2508880002811], [-79.0658320000467, 44.2512920000258], [-79.065692999932, 44.2517129996552], [-79.065491999656, 44.2521239997229], [-79.0648220002351, 44.253067000042], [-79.0643190004215, 44.2536899999936]]}, "properties": {"lhrs": 14330, "offset": 4, "highway": "7", "length": 7.97, "traffic_section": 14330040, "aadt": 7400, "aadtt": 1050}}, {"type": "Feature", "geometry": {"type": "LineString", "coordinates": [[-79.408371999768, 43.7536059998171], [-79.4084729999289, 43.753544999702], [-79.4085990003435, 43.7534659996562], [-79.4104439999905, 43.7522850000528], [-79.4114420001482, 43.7516500004472], [-79.4139059995622, 43.7500640001535], [-79.4141209995844, 43.7499229999465], [-79.4141839997917, 43.7498789997161], [-79.4142480000451, 43.7498439999007], [-79.4142730002987, 43.7498169995549], [-79.4142979996529, 43.7497989996242], [-79.4143609998602, 43.7497639998088], [-79.4144120004134, 43.7497199995784], [-79.4144630000674, 43.7496750002011], [-79.4145260002746, 43.7496309999707], [-79.4145769999286, 43.7495960001553], [-79.4146279995825, 43.7495519999249], [-79.4146790001357, 43.7495069996484], [-79.414742000343, 43.7494630003173], [-79.4147669996972, 43.7494460004326], [-79.4147929999969, 43.7494190000868], [-79.4148439996508, 43.7493749998564], [-79.4148940001579, 43.7493299995798], [-79.4149449998118, 43.7492860002488], [-79.4149970004112, 43.7492329996033], [-79.4150350003649, 43.7491880002261], [-79.4150860000188, 43.7491439999957], [-79.4151369996728, 43.7490999997652], [-79.415188000226, 43.749045999973], [-79.4152260001797, 43.7490019997426], [-79.4152769998336, 43.7489580004114], [-79.4153280003869, 43.7489039997198], [-79.4153660003406, 43.7488600003888], [-79.4154050003405, 43.7488059996972], [-79.4154559999944, 43.7487620003661], [-79.4154949999942, 43.7487079996745], [-79.4156099999015, 43.7485840002515], [-79.4157120001087, 43.748458999883], [-79.4158280000621, 43.7483349995607], [-79.4159429999694, 43.7482100000915], [-79.4160450001766, 43.7480859997691], [-79.4161480004298, 43.7479610003], [-79.4162630003372, 43.7478369999776], [-79.4163659996911, 43.7477119996091], [-79.4164689999444, 43.747577999725], [-79.4165839998517, 43.7474540003019], [-79.4166860000588, 43.7473289999335], [-79.4167890003121, 43.7472049996111], [-79.4176470003088, 43.7462260003297], [-79.4177099996168, 43.7461729996842], [-79.4177739998702, 43.7461199999381], [-79.4178380001236, 43.7460579997769], [-79.4179010003309, 43.7460050000308], [-79.4179639996389, 43.7459510002385], [-79.4180279998922, 43.7458979995931], [-79.4181039997997, 43.7458449998469], [-79.418167000007, 43.7457920001008], [-79.4182439999606, 43.7457299999396], [-79.4183070001679, 43.7456770001934], [-79.4183830000754, 43.745632999963], [-79.4184460002826, 43.7455800002169], [-79.4185220001901, 43.7455269995714], [-79.4185980000976, 43.7454739998253], [-79.418662000351, 43.7454210000791], [-79.4187370002123, 43.7453769998487], [-79.4188130001198, 43.7453240001026], [-79.4188890000273, 43.7452710003564], [-79.4189649999348, 43.745227000126], [-79.4190409998423, 43.7451740003798], [-79.4191159997036, 43.7451300001495], [-79.419191999611, 43.7450770004033], [-79.4192680004178, 43.7450330001729], [-79.4193440003253, 43.7449889999424], [-79.4198500002773, 43.7446359998515], [-79.4214159996486, 43.7436310002705], [-79.4229379996889, 43.7426599995594]]}, "properties": {"lhrs": 47643, "offset": 0, "highway": "401", "length": 1.7, "traffic_section": 47643000, "aadt": 360300, "aadtt": 28800}}, {"type": "Feature", "geometry": {"type": "LineString", "coordinates": [[-79.3948450000967, 43.1865999999901], [-79.3954950003939, 43.1865939997134], [-79.4019409999771, 43.1867929998971], [-79.4083580000216, 43.1870289999884], [-79.4157970004312, 43.1872870001949], [-79.4239610001001, 43.1875230002863], [-79.4462279999222, 43.188190999615], [-79.4657770003083, 43.1887959996357], [-79.4702719998529, 43.1889569998657], [-79.4765040003593, 43.1891560000494]]}, "properties": {"lhrs": 10070, "offset": 0, "highway": "QEW", "length": 6.64, "traffic_section": 10070000, "aadt": 110800, "aadtt": 11100}}, {"type": "Feature", "geometry": {"type": "LineString", "coordinates": [[-79.6730360001113, 44.4138850003925], [-79.6726060000668, 44.4140059996772], [-79.6725049999058, 44.4140309999307], [-79.660979999927, 44.417092999942], [-79.6602969999066, 44.4172920001258], [-79.6596390001397, 44.417527000171], [-79.6590170002343, 44.4177899997088], [-79.6584080000291, 44.4180799995923], [-79.6578230000314, 44.4184060002368], [-79.6572749999413, 44.4187509999587], [-79.6567639997588, 44.4191230000265], [-79.6562900003832, 44.4195140000711], [-79.6558410003618, 44.4199310004154], [-79.6554409999022, 44.4203679998834], [-79.6550790002956, 44.4208230001814], [-79.6547539996973, 44.4212869999951], [-79.653321000164, 44.4235390004246], [-79.6531019999573, 44.4237700002853], [-79.6520780003993, 44.4251449998419], [-79.6516909996399, 44.4255719997481], [-79.651255000218, 44.4259540002769], [-79.6503350000602, 44.4266190003666], [-79.6499379997389, 44.4269559997197], [-79.6496400003857, 44.4273400003408], [-79.649504999556, 44.4277700003852], [-79.6495200002478, 44.4282019996226], [-79.649674000155, 44.4286090004051], [-79.6498330002927, 44.4288180001506], [-79.6499060000618, 44.4289089998505], [-79.6499860001538, 44.4289910000347]]}, "properties": {"lhrs": 46904, "offset": 0, "highway": "400", "length": 2.71, "traffic_section": 46904000, "aadt": 68600, "aadtt": 8250}}, {"type": "Feature", "geometry": {"type": "LineString", "coordinates": [[-79.4747579998818, 44.5073320001717], [-79.4752720002026, 44.5070960000804], [-79.4766079997593, 44.5065199995984], [-79.4772190000568, 44.5062669996224], [-79.4879419999233, 44.5016829995709], [-79.4918579997469, 44.5000600002688], [-79.4919860002537, 44.5000079996695], [-79.4920749998613, 44.4999640003384], [-79.4930669997422, 44.4995269999711], [-79.4956490001013, 44.4984360000215], [-79.4961319998918, 44.4982260002298], [-79.496234000099, 44.4981830000454], [-79.4963229997066, 44.4981480002301], [-79.4964120002136, 44.4981039999997], [-79.4964880001211, 44.4980690001843], [-79.4965650000747, 44.4980340003689], [-79.4966409999821, 44.4980080000692], [-79.4967050002355, 44.4979730002538], [-79.496781000143, 44.4979469999541], [-79.4968450003964, 44.4979110000926], [-79.4968960000503, 44.497884999793], [-79.4969590002576, 44.4978590003926], [-79.4970099999115, 44.4978419996086], [-79.4970609995655, 44.4978150001622], [-79.4971120001186, 44.4977889998625], [-79.4971629997726, 44.4977719999779], [-79.4972009997263, 44.4977540000471], [-79.4972389996801, 44.4977370001625], [-79.4972769996338, 44.4977190002317], [-79.4973149995875, 44.4977020003471], [-79.4973789998409, 44.4976659995863], [-79.4974430000943, 44.4976400001859], [-79.4974939997483, 44.4976139998863], [-79.497531999702, 44.4975959999555], [-79.4975699996557, 44.4975699996558], [-79.4976079996094, 44.497551999725], [-79.4978000003697, 44.4974559997946], [-79.4978510000236, 44.4974389999099], [-79.4978889999773, 44.4974209999792], [-79.4979530002307, 44.4973769997488], [-79.4979910001845, 44.4973589998181], [-79.4980290001382, 44.4973330004177], [-79.4980930003916, 44.497297999703], [-79.4981310003453, 44.4972799997722], [-79.4981949996994, 44.4972360004411], [-79.4982589999528, 44.4972009997264], [-79.4982969999066, 44.4971829997956], [-79.49836100016, 44.4971389995652], [-79.4984000001598, 44.4971219996806], [-79.4984380001136, 44.4970950002341], [-79.4991669995574, 44.4966369997978], [-79.4999980001076, 44.4961160000534], [-79.5044579998368, 44.4933569996259], [-79.5050330002727, 44.4930049995811], [-79.506515000267, 44.4920879995616], [-79.5125099997367, 44.4883220003601], [-79.5162660002757, 44.4859940000231], [-79.5172360000414, 44.4854389996102], [-79.5182930002217, 44.4849040001196], [-79.5192979998028, 44.4844489998216], [-79.5311820001492, 44.4794440001406], [-79.5337489998165, 44.4783599996143], [-79.5417180003853, 44.4749600002039], [-79.5428100003812, 44.4745419998135], [-79.5433799996872, 44.4743600004138], [-79.5445689996596, 44.4740779999997], [-79.5463740001599, 44.4737860000239], [-79.5475749997864, 44.47352200044], [-79.548715000197, 44.473168000303], [-79.5497949996395, 44.4727309999358], [-79.5501390002146, 44.4725559999595], [-79.5519180004153, 44.4718040003544], [-79.5566839998667, 44.4697219996706], [-79.5607650001047, 44.4678830003003], [-79.5647820000892, 44.4660609999153], [-79.5709070001579, 44.4634009995565], [-79.5773820001791, 44.4607539997973], [-79.5811409999571, 44.4591889995728], [-79.5819250001386, 44.4588609997354]]}, "properties": {"lhrs": 16950, "offset": 5.7, "highway": "11", "length": 10.13, "traffic_section": 16950057, "aadt": 47600, "aadtt": 5250}}, {"type": "Feature", "geometry": {"type": "LineString", "coordinates": [[-79.7648130002198, 43.7252449995572], [-79.761058999773, 43.7225890002822], [-79.7559859996541, 43.7187890004121], [-79.7556670002318, 43.7185870000901], [-79.7546279999822, 43.7178009998163], [-79.7519630002922, 43.7158190001468], [-79.7519380000386, 43.7158000001699], [-79.7518739997852, 43.7157479995706]]}, "properties": {"lhrs": 49072, "offset": 0, "highway": "410", "length": 1.48, "traffic_section": 49072000, "aadt": 175400, "aadtt": 9300}}, {"type": "Feature", "geometry": {"type": "LineString", "coordinates": [[-78.8138320000467, 44.7723360000065], [-78.8137099998166, 44.7725120000288], [-78.8117310002854, 44.7753820001792], [-78.8111250002186, 44.7763519999449], [-78.8109419998734, 44.7768519996201], [-78.810846999989, 44.7773629998027], [-78.8105830004051, 44.7810129999501], [-78.8103840002214, 44.7835839998018], [-78.8103389999449, 44.7844379996141], [-78.8103660002906, 44.7850689999344], [-78.8104909997598, 44.7857829995858], [-78.8107160002432, 44.7865249996291], [-78.8116979996629, 44.7889659997811], [-78.8120800001918, 44.7898999996853], [-78.8121610003299, 44.7900999999151], [-78.8128519998199, 44.7918860004386], [-78.8131910001645, 44.7929370003424], [-78.8135369999326, 44.7941590000379], [-78.8138419996085, 44.7957850003775], [-78.8139619997464, 44.7966250004434], [-78.8140550004378, 44.7975000003248], [-78.8141419999533, 44.7988790000659], [-78.8140949995845, 44.8024789997061], [-78.8141250000687, 44.8026860002587], [-78.8141219999303, 44.8027670003968], [-78.8140940004377, 44.8035230001864], [-78.8140429998845, 44.8038459997931], [-78.8139819997695, 44.8041419999534], [-78.8138560002542, 44.8044549999983], [-78.8136800002318, 44.804765999951], [-78.8134410000021, 44.8050769999037], [-78.8131510001185, 44.8053859997642], [-78.8127980000276, 44.8056769996938], [-78.8123190004215, 44.8059650003845], [-78.8118939997083, 44.806173000084], [-78.8113560000793, 44.8063599997143], [-78.8107819996895, 44.8065019999674], [-78.8075899999785, 44.8069720000578], [-78.8067899999585, 44.8070469999192], [-78.8062599997991, 44.8070279999423], [-78.805731999732, 44.806954000127], [-78.8051930000569, 44.8068180001506], [-78.8046819998743, 44.8066189999669], [-78.8036150001321, 44.8060849996231], [-78.8033539997872, 44.8059630002923], [-78.8028689999044, 44.8057379998089], [-78.802631999767, 44.8056530003857], [-78.8020439996308, 44.8054879999713], [-78.8017169998396, 44.8054550002481], [-78.8011230003262, 44.8054429996947], [-78.8006279999822, 44.8054970003863], [-78.8001050001456, 44.8056039999247], [-78.7996309998707, 44.8057840001315], [-78.7991920003105, 44.8060180001307], [-78.7988010002659, 44.8063080000143], [-78.7984969997367, 44.8066529997362], [-78.7982669999221, 44.8070449998269], [-78.796504999606, 44.8111520003646], [-78.7957869997702, 44.8127490002662], [-78.7955010000711, 44.8132839997568], [-78.7953250000486, 44.8135769997788], [-78.7950449997269, 44.8139590003076], [-78.794608000259, 44.8144729997292], [-78.7940679996385, 44.8150389997501], [-78.7935320001017, 44.8154869997253], [-78.7931549998033, 44.8157680000932], [-78.7923509995989, 44.816293000022], [-78.7916149998323, 44.8166749996516], [-78.7912940003178, 44.8168030001584], [-78.790881000158, 44.817021000319], [-78.7904659999059, 44.817274000295], [-78.7871279997573, 44.8189189997121], [-78.7838790001157, 44.8205310003055], [-78.7833390003945, 44.8207450002816], [-78.7828399998661, 44.8208980001426], [-78.782444999637, 44.8209800003268], [-78.7820120003535, 44.8210520000498], [-78.7813529996412, 44.821094000188], [-78.780822000335, 44.8210829996807], [-78.780266999922, 44.8210279998424], [-78.7797519995551, 44.8209370001425], [-78.7785509999287, 44.8206070002129], [-78.7767739998202, 44.8200949999843], [-78.7763360003061, 44.8199880004459], [-78.7758959998005, 44.8199070003079], [-78.7752279995725, 44.8198579998469]]}, "properties": {"lhrs": 27945, "offset": 0, "highway": "35", "length": 7.81, "traffic_section": 27945000, "aadt": 3100, "aadtt": 190}}, {"type": "Feature", "geometry": {"type": "LineString", "coordinates": [[-79.7892781355774, 43.2849736478157], [-79.7898201003173, 43.2862356997178], [-79.7902078987755, 43.2871911997141], [-79.7903181007997, 43.2874334995564], [-79.7904489998214, 43.2876689996247], [-79.7905488011862, 43.2878232000807], [-79.7909860003036, 43.2884260003597], [-79.7910708999021, 43.2885651002992], [-79.7911447000678, 43.2887079000496], [-79.7912321996063, 43.2889269002563], [-79.7914029997486, 43.2895700998803], [-79.7914317987385, 43.289635399654], [-79.7914701997898, 43.2896978000135], [-79.7915183998542, 43.289756399838], [-79.7915748997618, 43.2898110003774], [-79.7916395996878, 43.2898606996117], [-79.7917127001809, 43.2899045001926], [-79.7917914007525, 43.2899422995975], [-79.7918744000835, 43.289973200303], [-79.791962899668, 43.2899971996111], [-79.7921363995751, 43.2900180000307], [-79.7923116001002, 43.2900247998047], [-79.7923993001875, 43.2900227997125], [-79.7925734997672, 43.2900076002706], [-79.7926586997391, 43.2899954998925], [-79.7928278990883, 43.2899603004276], [-79.7929157997243, 43.2899552003723], [-79.7931003001387, 43.2899752003952], [-79.7931861997832, 43.289994099648], [-79.7933451990217, 43.290058799574], [-79.7934184002389, 43.2900955998321], [-79.7934790999805, 43.2901412997812], [-79.7935396998972, 43.2901959003206], [-79.7935878999616, 43.2902504999607], [-79.7939142000802, 43.2905780995996], [-79.7940936004393, 43.2908590999675], [-79.7941769999685, 43.2910039996349], [-79.7942481003695, 43.2911489002016], [-79.794306700194, 43.2913025997352], [-79.7943745999078, 43.291609399854], [-79.7943962007241, 43.2917627000886], [-79.7943930000369, 43.2919248001894], [-79.7943777007702, 43.2920777002257], [-79.7943497993037, 43.292239499953], [-79.7943098001571, 43.2923920996158], [-79.7942315996086, 43.2926074000115], [-79.794103630578, 43.2928491395762], [-79.7941036000011, 43.2928491998308], [-79.7939511999879, 43.293072700245], [-79.7938501000021, 43.2931976997141], [-79.7937741000946, 43.2933048998013], [-79.7936464997861, 43.2935197001741], [-79.7935435013315, 43.293743699712], [-79.7935298990855, 43.2938066000946], [-79.7935042009581, 43.2938604002373], [-79.7934235002942, 43.2942017001484], [-79.7934166996209, 43.2945437995568], [-79.793484100211, 43.294877699846], [-79.7935189003769, 43.2949860996288], [-79.7936132986148, 43.295203199568], [-79.7941367013477, 43.2961631997719], [-79.794208299973, 43.2962810001681], [-79.7942318999822, 43.2963353003339], [-79.7942560000143, 43.2963626001539], [-79.7943729001892, 43.2966880000512], [-79.7944521997092, 43.297040000096], [-79.794497100161, 43.2972654997031], [-79.7945281987174, 43.2975629999325], [-79.7946203999115, 43.2978882001803], [-79.7947263994038, 43.2981413998058], [-79.7949176995921, 43.2984405997539], [-79.7949538001777, 43.2984860002288], [-79.7958787996668, 43.299864400122], [-79.7960382000029, 43.300064199803], [-79.7962830997852, 43.300312999945], [-79.7965400999456, 43.3004908004102], [-79.7968110000276, 43.3006634999206], [-79.7970780995746, 43.3008179998509], [-79.7974789004308, 43.3009687001455], [-79.7978544995855, 43.3011159002786], [-79.7981200001379, 43.301247599697], [-79.7982729001741, 43.3013423999318], [-79.7984833999889, 43.3015189998021], [-79.7986518996654, 43.3017283997459], [-79.7988041000291, 43.3019991001784], [-79.7989737067711, 43.3023202345912]]}, "properties": {"lhrs": 81210, "offset": 0, "highway": "7189", "length": 2.27, "traffic_section": 81210000, "aadt": 14300, "aadtt": 0}}, {"type": "Feature", "geometry": {"type": "LineString", "coordinates": [[-79.5953489995566, 43.2071069995884], [-79.5953579999717, 43.2071089996806], [-79.6045569997057, 43.2093919997411], [-79.6125790000208, 43.2112089998955], [-79.6208839998966, 43.213260000049], [-79.6259600001538, 43.2145130002748], [-79.6304050000907, 43.2155840002015], [-79.6320460002227, 43.2159819996696], [-79.6342260000299, 43.216511999829], [-79.6368339997893, 43.2171379999188], [-79.6369030002732, 43.2171519996651], [-79.6369689997195, 43.2171660003107], [-79.6371249997189, 43.2172040002645]]}, "properties": {"lhrs": 10085, "offset": 0, "highway": "QEW", "length": 3.57, "traffic_section": 10085000, "aadt": 119500, "aadtt": 12000}}, {"type": "Feature", "geometry": {"type": "LineString", "coordinates": [[-79.6434839997867, 44.6620099997617], [-79.643111999719, 44.6628420003581], [-79.6428969996967, 44.6633979999178], [-79.6427069999281, 44.6639629998926], [-79.6425679998133, 44.6645459997981], [-79.642452999906, 44.6651299997498], [-79.6423630002522, 44.6662989996991], [-79.6424360000214, 44.6674709997869], [-79.6425360001363, 44.6680569998307], [-79.6426740002049, 44.6686259999899], [-79.6436799998321, 44.6720410000921], [-79.6458510001235, 44.6795560004091], [-79.6464790003056, 44.6818320001468], [-79.6468050000507, 44.6835650000248], [-79.6469939997732, 44.6852139996265]]}, "properties": {"lhrs": 46941, "offset": 0, "highway": "400", "length": 2.62, "traffic_section": 46941000, "aadt": 14300, "aadtt": 2300}}, {"type": "Feature", "geometry": {"type": "LineString", "coordinates": [[-78.1490630001573, 44.3270780001496], [-78.1468960000503, 44.3276169998247], [-78.1457290001932, 44.3278760000774], [-78.1445519998749, 44.3280900000535], [-78.1401459999379, 44.3286909998898], [-78.1389190000118, 44.3289029997737], [-78.1377530002007, 44.3291529996113], [-78.1343519998449, 44.3299769998387], [-78.1253779996949, 44.3321460000379], [-78.1179380001386, 44.3339840002615], [-78.1158570004002, 44.3344799997523], [-78.1124149999523, 44.3353480002101], [-78.1015459996481, 44.3382679999682], [-78.0991040003493, 44.3389530000809], [-78.0968639995739, 44.3396160000784], [-78.093359999864, 44.3407160004431], [-78.0922360001912, 44.3411099997268], [-78.091149000426, 44.3415419998635], [-78.0900829998305, 44.3420279997924], [-78.0890279997424, 44.3425769999287], [-78.0879939997233, 44.3431900003183], [-78.0866050004204, 44.3441270003609], [-78.085427000056, 44.345011999804]]}, "properties": {"lhrs": 14210, "offset": 9.9, "highway": "7", "length": 5.5, "traffic_section": 14210099, "aadt": 11400, "aadtt": 680}}, {"type": "Feature", "geometry": {"type": "LineString", "coordinates": [[-80.0775349999403, 43.9193899998487], [-80.0775099996867, 43.9193780001946], [-80.0773850002175, 43.9193950000792], [-80.0772369996877, 43.9193309998258], [-80.07718700008, 43.919312999895], [-80.077137999619, 43.9192939999182], [-80.0765070001979, 43.9190369997578], [-80.0764450000367, 43.9189639999886], [-80.0759630002922, 43.9187269998512], [-80.07585199967, 43.9186720000128], [-80.0755310001555, 43.9184980000827], [-80.0751860004335, 43.918278999876], [-80.0748029998585, 43.9180690000844], [-80.0743220001601, 43.9177230003162], [-80.0715629997326, 43.9157290000933], [-80.0714520000097, 43.9156469999092], [-80.0695680003629, 43.9142720003526], [-80.0676100000015, 43.9128420000583], [-80.0652590004025, 43.9110940003878], [-80.0634000001099, 43.9097290003931], [-80.0632030000184, 43.9095829999555], [-80.0631900003182, 43.9095740004398], [-80.0627960001353, 43.9093010004409], [-80.06032200026, 43.9074430001943], [-80.0574530001558, 43.9053940001331], [-80.0574029996487, 43.9053580002716], [-80.0539689995696, 43.9028349999354], [-80.0538949997544, 43.9027810001431], [-80.0536490001012, 43.9025900003283], [-80.0534889999174, 43.9024799997522], [-80.0527510000585, 43.9019339997544], [-80.0525040003593, 43.9017520003546], [-80.052319999968, 43.9016150003321], [-80.0522090002451, 43.9015239997328], [-80.0497090000703, 43.8997840004313], [-80.0487119999588, 43.899073000019], [-80.0466189996671, 43.8975520000248], [-80.0456469998092, 43.8968239997279], [-80.0438509997238, 43.8954850000328], [-80.0419799997771, 43.8941369999226], [-80.040134000084, 43.8927709998818], [-80.0381409999072, 43.8913140001411], [-80.0355809996634, 43.8894729997792], [-80.0334640000635, 43.8879250003386], [-80.0330709999267, 43.8875969996019], [-80.0319149996774, 43.8867229997667], [-80.0301310001455, 43.8854559997946], [-80.0260839996768, 43.8824689996447], [-80.0227990001737, 43.8800549998384], [-80.0186680003279, 43.8769670004268], [-80.0155430001093, 43.8747259996052], [-80.0125420002131, 43.8725299999596], [-80.0094180000406, 43.8702700000605], [-80.0093329997181, 43.8701970002914], [-80.0091239999726, 43.8700240004073], [-80.0069110004423, 43.8684020002522], [-80.0056079997094, 43.8674270002559], [-80.0039970000615, 43.8662520000298], [-80.0021660001607, 43.8648140002659], [-80.0016380000936, 43.8644129997602], [-80.0009859997041, 43.8639479999003], [-80.0007529997511, 43.8637750000163], [-80.0000030002382, 43.8632009996265], [-79.999929000423, 43.8631459997881], [-79.99953500024, 43.8628909997199], [-79.9991790000108, 43.8626530004357], [-79.9979989995542, 43.8617789997011], [-79.9967080002739, 43.8608219996356], [-79.9960689995846, 43.86034800026], [-79.9959090003001, 43.8602300002144]]}, "properties": {"lhrs": 16470, "offset": 0, "highway": "10", "length": 9.29, "traffic_section": 16470000, "aadt": 23100, "aadtt": 2100}}, {"type": "Feature", "geometry": {"type": "LineString", "coordinates": [[-79.6069949997194, 43.6971889998725], [-79.6070139996963, 43.6972190003567], [-79.6071499996727, 43.6974340003788], [-79.6071860004336, 43.6974890002172], [-79.6072689997645, 43.6976250001937], [-79.6081439996458, 43.698995000419], [-79.6091130002647, 43.700537999629], [-79.6092690002641, 43.7007830001354], [-79.6094369999176, 43.7010279997424], [-79.6096170001244, 43.7012999996953], [-79.6096879998013, 43.701427000156], [-79.6099280000771, 43.7017899998087], [-79.6103840004212, 43.7024889996677], [-79.6116169997247, 43.7044130002598], [-79.6120479998153, 43.7051019996576], [-79.6122160003681, 43.7053650000947], [-79.6124070001829, 43.7056739999552], [-79.6125870003897, 43.7059639998388], [-79.6134129998101, 43.7072980002026], [-79.6135200002478, 43.7074700000405], [-79.6136639996938, 43.7077060001319], [-79.6137710001315, 43.7078779999697], [-79.6151459996881, 43.7101820000993], [-79.6170930004416, 43.713491999856], [-79.6171169997497, 43.7135190002018], [-79.6195060002017, 43.7176089999554], [-79.6199829997156, 43.7184700000905], [-79.619995000269, 43.7184880000212], [-79.6200130001998, 43.7185199996983], [-79.6200300000844, 43.7185520002746], [-79.6200419997385, 43.7185789997211], [-79.6201700002453, 43.7187989999739]]}, "properties": {"lhrs": 50320, "offset": 0, "highway": "427", "length": 2.63, "traffic_section": 50320000, "aadt": 135700, "aadtt": 10900}}, {"type": "Feature", "geometry": {"type": "LineString", "coordinates": [[-79.3642280001221, 44.6031559998495], [-79.364955000373, 44.6032749999413], [-79.3657439998856, 44.6034390003097], [-79.3665350003899, 44.6035669999172], [-79.3673510002484, 44.6036690001243], [-79.3674250000637, 44.603715000447], [-79.3699030001233, 44.6040469995694]]}, "properties": {"lhrs": 19430, "offset": 0, "highway": "12", "length": 0.46, "traffic_section": 19430000, "aadt": 27900, "aadtt": 1650}}, {"type": "Feature", "geometry": {"type": "LineString", "coordinates": [[-78.0072440000105, 44.9914899997638], [-78.0066189999669, 44.9915550000633], [-78.005992999877, 44.9916550001782], [-78.0053649996949, 44.99177400027], [-78.00473500032, 44.9919369996928], [-78.0035220001401, 44.9923190002217], [-77.9999960003152, 44.9935320004016], [-77.9961649999148, 44.9948390004196], [-77.9949030001733, 44.9952050002107], [-77.993047000019, 44.9956229997017], [-77.9912519999798, 44.9959850002077], [-77.9900409998922, 44.9961159999535], [-77.989431999687, 44.996131999792], [-77.9888099997816, 44.996111999769], [-77.9882099999915, 44.9960470003688], [-77.9876219998554, 44.9959539996774], [-77.9870569998806, 44.9958340004388], [-77.9865030004131, 44.9956770003933], [-77.9854149997024, 44.9952379999338], [-77.9783450001216, 44.9917409996474], [-77.977964999685, 44.9915079996945], [-77.9775820000093, 44.9912300003643], [-77.9772479998953, 44.990904999766], [-77.976869000404, 44.9904290002982], [-77.9754810002479, 44.9883679996835], [-77.9751660001108, 44.9879350004], [-77.9748839996968, 44.9876269996863], [-77.974236000391, 44.9871130002648], [-77.9738830003002, 44.9869059997122], [-77.9728969997967, 44.9864819999444], [-77.9724990003286, 44.9863930003368]]}, "properties": {"lhrs": 42600, "offset": 0, "highway": "118", "length": 3.3, "traffic_section": 42600000, "aadt": 2200, "aadtt": 220}}]}