{"type": "FeatureCollection", "features": [{"type": "Feature", "properties": {"id": 20940081, "name": "Esso", "brand": "Esso", "opening_hours": "24/7"}, "geometry": {"type": "Point", "coordinates": [-80.3286978, 43.4083474]}}, {"type": "Feature", "properties": {"id": 20940278, "name": "Shell", "brand": "Shell", "opening_hours": null}, "geometry": {"type": "Point", "coordinates": [-80.3088204, 43.4111697]}}, {"type": "Feature", "properties": {"id": 21400376, "name": "Esso", "brand": "Esso", "opening_hours": null}, "geometry": {"type": "Point", "coordinates": [-80.1341465, 43.4594993]}}, {"type": "Feature", "properties": {"id": 21400410, "name": "Petro-Canada", "brand": "Petro-Canada", "opening_hours": null}, "geometry": {"type": "Point", "coordinates": [-79.9919693, 43.4935876]}}, {"type": "Feature", "properties": {"id": 33979875, "name": "Shell", "brand": "Shell", "opening_hours": null}, "geometry": {"type": "Point", "coordinates": [-76.4981064, 44.2667045]}}, {"type": "Feature", "properties": {"id": 33979944, "name": "Esso", "brand": "Esso", "opening_hours": null}, "geometry": {"type": "Point", "coordinates": [-76.4794368, 44.2681503]}}, {"type": "Feature", "properties": {"id": 33980485, "name": "Canadian Tire Gas+", "brand": "Canadian Tire", "opening_hours": null}, "geometry": {"type": "Point", "coordinates": [-76.5129021, 44.2412503]}}, {"type": "Feature", "properties": {"id": 33993154, "name": "Petro-Canada", "brand": "Petro-Canada", "opening_hours": null}, "geometry": {"type": "Point", "coordinates": [-76.5554756, 44.2494324]}}, {"type": "Feature", "properties": {"id": 33993157, "name": "Ultramar", "brand": "Ultramar", "opening_hours": null}, "geometry": {"type": "Point", "coordinates": [-76.5543699, 44.2502169]}}, {"type": "Feature", "properties": {"id": 33993160, "name": "Petro-Canada", "brand": "Petro-Canada", "opening_hours": null}, "geometry": {"type": "Point", "coordinates": [-76.5594131, 44.2587105]}}, {"type": "Feature", "properties": {"id": 34492504, "name": "Centex", "brand": "Centex", "opening_hours": null}, "geometry": {"type": "Point", "coordinates": [-76.5746022, 44.2650094]}}, {"type": "Feature", "properties": {"id": 59566141, "name": "Petro-Canada", "brand": "Petro-Canada", "opening_hours": null}, "geometry": {"type": "Point", "coordinates": [-79.3943053, 43.6447004]}}, {"type": "Feature", "properties": {"id": 59566148, "name": "Shell", "brand": "Shell", "opening_hours": null}, "geometry": {"type": "Point", "coordinates": [-79.3949107, 43.6442632]}}, {"type": "Feature", "properties": {"id": 60360215, "name": "Petro-Canada", "brand": "Petro-Canada", "opening_hours": "Mo-Su,PH 00:00-18:00+"}, "geometry": {"type": "Point", "coordinates": [-79.4992745, 43.7608533]}}, {"type": "Feature", "properties": {"id": 60909700, "name": "Shell", "brand": "Shell", "opening_hours": null}, "geometry": {"type": "Point", "coordinates": [-75.6696663, 45.4332265]}}, {"type": "Feature", "properties": {"id": 60930901, "name": "Esso", "brand": "Esso", "opening_hours": null}, "geometry": {"type": "Point", "coordinates": [-79.4032127, 43.6759496]}}, {"type": "Feature", "properties": {"id": 60930943, "name": "Canadian Tire Gas+", "brand": "Canadian Tire", "opening_hours": "24/7"}, "geometry": {"type": "Point", "coordinates": [-79.3875424, 43.6730828]}}, {"type": "Feature", "properties": {"id": 68531838, "name": "Petro-Canada", "brand": "Petro-Canada", "opening_hours": null}, "geometry": {"type": "Point", "coordinates": [-79.5208324, 43.6957852]}}, {"type": "Feature", "properties": {"id": 151531594, "name": "Esso", "brand": "Esso", "opening_hours": null}, "geometry": {"type": "Point", "coordinates": [-79.700999, 43.475019]}}, {"type": "Feature", "properties": {"id": 151532427, "name": "Esso", "brand": "Esso", "opening_hours": null}, "geometry": {"type": "Point", "coordinates": [-79.7204244, 43.4877481]}}, {"type": "Feature", "properties": {"id": 158713940, "name": "Pioneer", "brand": "Pioneer", "opening_hours": null}, "geometry": {"type": "Point", "coordinates": [-79.4440436, 43.6675387]}}, {"type": "Feature", "properties": {"id": 206211165, "name": "Ultramar", "brand": "Ultramar", "opening_hours": "24/7"}, "geometry": {"type": "Point", "coordinates": [-76.6092188, 44.2419764]}}, {"type": "Feature", "properties": {"id": 206383517, "name": "Esso", "brand": "Esso", "opening_hours": null}, "geometry": {"type": "Point", "coordinates": [-79.9373214, 43.2277428]}}, {"type": "Feature", "properties": {"id": 211300622, "name": "Shell", "brand": "Shell", "opening_hours": null}, "geometry": {"type": "Point", "coordinates": [-79.9477169, 43.2268906]}}, {"type": "Feature", "properties": {"id": 240433355, "name": "Shell", "brand": "Shell", "opening_hours": null}, "geometry": {"type": "Point", "coordinates": [-79.3901991, 43.6793882]}}, {"type": "Feature", "properties": {"id": 244885892, "name": "Esso", "brand": "Esso", "opening_hours": null}, "geometry": {"type": "Point", "coordinates": [-79.4112643, 43.6511228]}}, {"type": "Feature", "properties": {"id": 249490925, "name": "Canadian Tire", "brand": "Canadian Tire", "opening_hours": null}, "geometry": {"type": "Point", "coordinates": [-79.4639637, 43.9870373]}}, {"type": "Feature", "properties": {"id": 250172891, "name": "Esso", "brand": "Esso", "opening_hours": null}, "geometry": {"type": "Point", "coordinates": [-79.4196887, 44.0110079]}}, {"type": "Feature", "properties": {"id": 251047415, "name": "Esso", "brand": "Esso", "opening_hours": null}, "geometry": {"type": "Point", "coordinates": [-79.3861777, 43.6986546]}}, {"type": "Feature", "properties": {"id": 251841976, "name": "Shell", "brand": "Shell", "opening_hours": null}, "geometry": {"type": "Point", "coordinates": [-79.4178996, 44.0105395]}}, {"type": "Feature", "properties": {"id": 253719789, "name": "Husky", "brand": "Husky", "opening_hours": null}, "geometry": {"type": "Point", "coordinates": [-79.467225, 43.681728]}}, {"type": "Feature", "properties": {"id": 254783046, "name": "Petro-Canada", "brand": "Petro-Canada", "opening_hours": null}, "geometry": {"type": "Point", "coordinates": [-81.2929624, 42.9833331]}}, {"type": "Feature", "properties": {"id": 255336622, "name": "Esso", "brand": "Esso", "opening_hours": null}, "geometry": {"type": "Point", "coordinates": [-79.4652157, 43.9919899]}}, {"type": "Feature", "properties": {"id": 256998090, "name": "Petro-Canada", "brand": "Petro-Canada", "opening_hours": null}, "geometry": {"type": "Point", "coordinates": [-79.9174224, 43.3115444]}}, {"type": "Feature", "properties": {"id": 257394182, "name": "Shell", "brand": "Shell", "opening_hours": null}, "geometry": {"type": "Point", "coordinates": [-82.9808284, 42.3046429]}}, {"type": "Feature", "properties": {"id": 257394516, "name": "Esso", "brand": "Esso", "opening_hours": null}, "geometry": {"type": "Point", "coordinates": [-82.9488815, 42.3064708]}}, {"type": "Feature", "properties": {"id": 257394823, "name": "Pioneer", "brand": "Pioneer", "opening_hours": null}, "geometry": {"type": "Point", "coordinates": [-82.9420872, 42.2956278]}}, {"type": "Feature", "properties": {"id": 257395129, "name": "Mobil", "brand": "Mobil", "opening_hours": null}, "geometry": {"type": "Point", "coordinates": [-82.9407009, 42.3119554]}}, {"type": "Feature", "properties": {"id": 257395132, "name": "Canadian Tire", "brand": "Canadian Tire", "opening_hours": null}, "geometry": {"type": "Point", "coordinates": [-82.9292676, 42.3138735]}}, {"type": "Feature", "properties": {"id": 257395155, "name": "Esso", "brand": "Esso", "opening_hours": null}, "geometry": {"type": "Point", "coordinates": [-82.9322101, 42.313802]}}, {"type": "Feature", "properties": {"id": 257892304, "name": "Petro-Canada", "brand": "Petro-Canada", "opening_hours": "24/7"}, "geometry": {"type": "Point", "coordinates": [-79.2367453, 43.7900818]}}, {"type": "Feature", "properties": {"id": 257892308, "name": "Esso", "brand": "Esso", "opening_hours": null}, "geometry": {"type": "Point", "coordinates": [-79.2378942, 43.7935907]}}, {"type": "Feature", "properties": {"id": 257892320, "name": "Petro-Canada", "brand": "Petro-Canada", "opening_hours": null}, "geometry": {"type": "Point", "coordinates": [-79.2396635, 43.7939789]}}, {"type": "Feature", "properties": {"id": 260338061, "name": "Petro-Canada", "brand": "Petro-Canada", "opening_hours": "24/7"}, "geometry": {"type": "Point", "coordinates": [-79.4597233, 43.6550365]}}, {"type": "Feature", "properties": {"id": 260990913, "name": "Esso", "brand": "Esso", "opening_hours": null}, "geometry": {"type": "Point", "coordinates": [-79.3291251, 43.6975851]}}, {"type": "Feature", "properties": {"id": 260990951, "name": "Shell", "brand": "Shell", "opening_hours": null}, "geometry": {"type": "Point", "coordinates": [-79.3298547, 43.6974267]}}, {"type": "Feature", "properties": {"id": 260994698, "name": "Shell", "brand": "Shell", "opening_hours": null}, "geometry": {"type": "Point", "coordinates": [-79.2687314, 43.7324115]}}, {"type": "Feature", "properties": {"id": 260994725, "name": "Eagle", "brand": null, "opening_hours": null}, "geometry": {"type": "Point", "coordinates": [-79.2709512, 43.7319401]}}, {"type": "Feature", "properties": {"id": 260994877, "name": "Petro-Canada", "brand": "Petro-Canada", "opening_hours": "24/7"}, "geometry": {"type": "Point", "coordinates": [-79.2968893, 43.7263333]}}, {"type": "Feature", "properties": {"id": 260995055, "name": "Esso", "brand": "Esso", "opening_hours": null}, "geometry": {"type": "Point", "coordinates": [-79.3141841, 43.7257254]}}, {"type": "Feature", "properties": {"id": 260995132, "name": "Shell", "brand": "Shell", "opening_hours": null}, "geometry": {"type": "Point", "coordinates": [-79.3776458, 43.7117461]}}, {"type": "Feature", "properties": {"id": 261128944, "name": "Petro-Canada", "brand": "Petro-Canada", "opening_hours": "24/7"}, "geometry": {"type": "Point", "coordinates": [-79.8644125, 43.2538347]}}, {"type": "Feature", "properties": {"id": 261132729, "name": "Husky", "brand": "Husky", "opening_hours": "24/7"}, "geometry": {"type": "Point", "coordinates": [-79.8649651, 43.2603188]}}, {"type": "Feature", "properties": {"id": 262253512, "name": "Canadian Tire Gas+", "brand": "Canadian Tire", "opening_hours": null}, "geometry": {"type": "Point", "coordinates": [-79.3048256, 43.7196162]}}, {"type": "Feature", "properties": {"id": 263990390, "name": "MacEwen", "brand": "MacEwen", "opening_hours": null}, "geometry": {"type": "Point", "coordinates": [-74.6862282, 45.0569926]}}, {"type": "Feature", "properties": {"id": 265014946, "name": "Petro-Canada", "brand": "Petro-Canada", "opening_hours": null}, "geometry": {"type": "Point", "coordinates": [-79.2756348, 43.7497505]}}, {"type": "Feature", "properties": {"id": 265022546, "name": "Canadian Tire", "brand": "Canadian Tire", "opening_hours": "Mo-Su 09:00-21:00"}, "geometry": {"type": "Point", "coordinates": [-79.8576701, 43.2519975]}}, {"type": "Feature", "properties": {"id": 265679164, "name": "Shell", "brand": "Shell", "opening_hours": null}, "geometry": {"type": "Point", "coordinates": [-79.3762903, 43.7696842]}}, {"type": "Feature", "properties": {"id": 266579078, "name": "Mobil", "brand": "Mobil", "opening_hours": null}, "geometry": {"type": "Point", "coordinates": [-79.2871128, 43.6870538]}}, {"type": "Feature", "properties": {"id": 267523038, "name": "Husky", "brand": "Husky", "opening_hours": null}, "geometry": {"type": "Point", "coordinates": [-79.8885896, 43.5259114]}}, {"type": "Feature", "properties": {"id": 267523103, "name": "Petro-Canada", "brand": "Petro-Canada", "opening_hours": null}, "geometry": {"type": "Point", "coordinates": [-79.8940377, 43.5222864]}}, {"type": "Feature", "properties": {"id": 267523205, "name": "Esso", "brand": "Esso", "opening_hours": null}, "geometry": {"type": "Point", "coordinates": [-79.9021228, 43.5250517]}}, {"type": "Feature", "properties": {"id": 267523663, "name": "Canadian Tire", "brand": "Canadian Tire", "opening_hours": null}, "geometry": {"type": "Point", "coordinates": [-79.8999115, 43.523437]}}, {"type": "Feature", "properties": {"id": 267524580, "name": "Petro-Canada", "brand": "Petro-Canada", "opening_hours": null}, "geometry": {"type": "Point", "coordinates": [-79.8615865, 43.50698]}}, {"type": "Feature", "properties": {"id": 267524680, "name": "Esso", "brand": "Esso", "opening_hours": null}, "geometry": {"type": "Point", "coordinates": [-79.8613483, 43.5058147]}}, {"type": "Feature", "properties": {"id": 267524781, "name": "Petro-Canada", "brand": "Petro-Canada", "opening_hours": null}, "geometry": {"type": "Point", "coordinates": [-79.8508391, 43.5154421]}}, {"type": "Feature", "properties": {"id": 267524876, "name": "Esso", "brand": "Esso", "opening_hours": null}, "geometry": {"type": "Point", "coordinates": [-79.8562483, 43.5385515]}}, {"type": "Feature", "properties": {"id": 267525419, "name": "Petro-Canada", "brand": "Petro-Canada", "opening_hours": null}, "geometry": {"type": "Point", "coordinates": [-79.8882696, 43.5089666]}}, {"type": "Feature", "properties": {"id": 267597740, "name": "Petro-Canada", "brand": "Petro-Canada", "opening_hours": null}, "geometry": {"type": "Point", "coordinates": [-79.8351559, 43.5745868]}}, {"type": "Feature", "properties": {"id": 267597742, "name": "Pipeline Commercial", "brand": "Ultramar", "opening_hours": null}, "geometry": {"type": "Point", "coordinates": [-79.8347242, 43.5754013]}}, {"type": "Feature", "properties": {"id": 267597776, "name": "Esso", "brand": "Esso", "opening_hours": null}, "geometry": {"type": "Point", "coordinates": [-79.8253474, 43.5675624]}}, {"type": "Feature", "properties": {"id": 268660513, "name": "Petro-Canada", "brand": "Petro-Canada", "opening_hours": null}, "geometry": {"type": "Point", "coordinates": [-79.7818247, 43.5355979]}}, {"type": "Feature", "properties": {"id": 269450988, "name": "Petro-Canada", "brand": "Petro-Canada", "opening_hours": null}, "geometry": {"type": "Point", "coordinates": [-79.3081922, 43.6865034]}}, {"type": "Feature", "properties": {"id": 270618982, "name": "Pioneer", "brand": "Pioneer", "opening_hours": "24/7"}, "geometry": {"type": "Point", "coordinates": [-79.8684027, 43.252115]}}, {"type": "Feature", "properties": {"id": 270858365, "name": "Petro-Canada", "brand": "Petro-Canada", "opening_hours": null}, "geometry": {"type": "Point", "coordinates": [-79.3724356, 43.6529039]}}, {"type": "Feature", "properties": {"id": 272322894, "name": "Petro-Canada", "brand": "Petro-Canada", "opening_hours": "24/7"}, "geometry": {"type": "Point", "coordinates": [-79.3491731, 43.7050839]}}, {"type": "Feature", "properties": {"id": 274658705, "name": "Esso", "brand": "Esso", "opening_hours": null}, "geometry": {"type": "Point", "coordinates": [-79.9257215, 43.4474064]}}, {"type": "Feature", "properties": {"id": 275466311, "name": "Shell", "brand": "Shell", "opening_hours": null}, "geometry": {"type": "Point", "coordinates": [-79.3722944, 43.8843091]}}, {"type": "Feature", "properties": {"id": 275964073, "name": "Shell", "brand": "Shell", "opening_hours": null}, "geometry": {"type": "Point", "coordinates": [-79.7921337, 43.2366096]}}, {"type": "Feature", "properties": {"id": 276037120, "name": "Shell", "brand": "Shell", "opening_hours": null}, "geometry": {"type": "Point", "coordinates": [-76.5718078, 44.2371888]}}, {"type": "Feature", "properties": {"id": 276044939, "name": "Shell", "brand": "Shell", "opening_hours": null}, "geometry": {"type": "Point", "coordinates": [-76.5287561, 44.2398354]}}, {"type": "Feature", "properties": {"id": 276270556, "name": "Esso", "brand": "Esso", "opening_hours": null}, "geometry": {"type": "Point", "coordinates": [-79.3781082, 43.713551]}}, {"type": "Feature", "properties": {"id": 276834986, "name": "Esso", "brand": "Esso", "opening_hours": null}, "geometry": {"type": "Point", "coordinates": [-79.3440463, 43.7071035]}}, {"type": "Feature", "properties": {"id": 278375032, "name": "7-Eleven", "brand": "7-Eleven", "opening_hours": null}, "geometry": {"type": "Point", "coordinates": [-79.779142, 43.2413791]}}, {"type": "Feature", "properties": {"id": 279217379, "name": "Global", "brand": "Global", "opening_hours": null}, "geometry": {"type": "Point", "coordinates": [-79.3343818, 43.6868146]}}, {"type": "Feature", "properties": {"id": 280616049, "name": "Husky", "brand": "Husky", "opening_hours": null}, "geometry": {"type": "Point", "coordinates": [-79.7334982, 43.3668602]}}, {"type": "Feature", "properties": {"id": 280889577, "name": "Petro-Canada", "brand": "Petro-Canada", "opening_hours": null}, "geometry": {"type": "Point", "coordinates": [-79.3778435, 43.6665891]}}, {"type": "Feature", "properties": {"id": 281140834, "name": "Esso", "brand": "Esso", "opening_hours": null}, "geometry": {"type": "Point", "coordinates": [-79.3003925, 43.7079788]}}, {"type": "Feature", "properties": {"id": 281350686, "name": "Petro-Canada", "brand": "Petro-Canada", "opening_hours": null}, "geometry": {"type": "Point", "coordinates": [-79.8069729, 43.3791059]}}, {"type": "Feature", "properties": {"id": 281648307, "name": "Esso", "brand": "Esso", "opening_hours": null}, "geometry": {"type": "Point", "coordinates": [-79.8228313, 43.3920958]}}, {"type": "Feature", "properties": {"id": 286789845, "name": "Pioneer", "brand": "Pioneer", "opening_hours": null}, "geometry": {"type": "Point", "coordinates": [-79.7681031, 43.219655]}}, {"type": "Feature", "properties": {"id": 286790770, "name": "Shell", "brand": "Shell", "opening_hours": null}, "geometry": {"type": "Point", "coordinates": [-79.7640355, 43.2275918]}}, {"type": "Feature", "properties": {"id": 286791624, "name": "Esso", "brand": "Esso", "opening_hours": null}, "geometry": {"type": "Point", "coordinates": [-79.7597885, 43.2372823]}}, {"type": "Feature", "properties": {"id": 287145767, "name": "Esso", "brand": "Esso", "opening_hours": null}, "geometry": {"type": "Point", "coordinates": [-79.7673891, 43.3782827]}}, {"type": "Feature", "properties": {"id": 288058387, "name": "Petro-Canada", "brand": "Petro-Canada", "opening_hours": null}, "geometry": {"type": "Point", "coordinates": [-79.4079557, 43.7044468]}}, {"type": "Feature", "properties": {"id": 293270350, "name": "Esso", "brand": "Esso", "opening_hours": null}, "geometry": {"type": "Point", "coordinates": [-76.5326477, 44.2514877]}}, {"type": "Feature", "properties": {"id": 293294013, "name": "Rene's Corner", "brand": null, "opening_hours": null}, "geometry": {"type": "Point", "coordinates": [-75.52472, 45.3425243]}}, {"type": "Feature", "properties": {"id": 295299587, "name": "Gas Star", "brand": null, "opening_hours": null}, "geometry": {"type": "Point", "coordinates": [-79.2843382, 43.6922847]}}, {"type": "Feature", "properties": {"id": 296210172, "name": "Esso", "brand": "Esso", "opening_hours": null}, "geometry": {"type": "Point", "coordinates": [-79.3541984, 43.7931988]}}, {"type": "Feature", "properties": {"id": 296244858, "name": "Petro-Canada", "brand": "Petro-Canada", "opening_hours": null}, "geometry": {"type": "Point", "coordinates": [-79.3528251, 43.7879247]}}, {"type": "Feature", "properties": {"id": 297036173, "name": "Esso", "brand": "Esso", "opening_hours": null}, "geometry": {"type": "Point", "coordinates": [-79.3482723, 43.8144959]}}, {"type": "Feature", "properties": {"id": 298532545, "name": "Esso", "brand": "Esso", "opening_hours": null}, "geometry": {"type": "Point", "coordinates": [-79.3478679, 43.7754962]}}, {"type": "Feature", "properties": {"id": 298935443, "name": "Petro-Canada", "brand": "Petro-Canada", "opening_hours": null}, "geometry": {"type": "Point", "coordinates": [-79.8814773, 43.2282908]}}, {"type": "Feature", "properties": {"id": 298936063, "name": "MacEwen", "brand": "MacEwen", "opening_hours": null}, "geometry": {"type": "Point", "coordinates": [-76.2531442, 44.9012046]}}, {"type": "Feature", "properties": {"id": 299281852, "name": "Esso", "brand": "Esso", "opening_hours": null}, "geometry": {"type": "Point", "coordinates": [-79.3556312, 43.7349919]}}, {"type": "Feature", "properties": {"id": 299299333, "name": "Shell", "brand": "Shell", "opening_hours": "24/7"}, "geometry": {"type": "Point", "coordinates": [-79.4059626, 43.7438257]}}, {"type": "Feature", "properties": {"id": 299389742, "name": "Pioneer", "brand": "Pioneer", "opening_hours": null}, "geometry": {"type": "Point", "coordinates": [-80.1317028, 43.4587605]}}, {"type": "Feature", "properties": {"id": 302171951, "name": "Petro-Canada", "brand": "Petro-Canada", "opening_hours": null}, "geometry": {"type": "Point", "coordinates": [-79.3596622, 43.7535577]}}, {"type": "Feature", "properties": {"id": 302180552, "name": "Esso", "brand": "Esso", "opening_hours": null}, "geometry": {"type": "Point", "coordinates": [-79.3600618, 43.7555614]}}, {"type": "Feature", "properties": {"id": 302416642, "name": "Esso Circle K", "brand": "Esso", "opening_hours": "24/7"}, "geometry": {"type": "Point", "coordinates": [-79.38515, 43.8053372]}}, {"type": "Feature", "properties": {"id": 307861051, "name": "Petro-Canada", "brand": "Petro-Canada", "opening_hours": null}, "geometry": {"type": "Point", "coordinates": [-79.4880121, 43.7059249]}}, {"type": "Feature", "properties": {"id": 308255810, "name": "Petro-Canada", "brand": "Petro-Canada", "opening_hours": null}, "geometry": {"type": "Point", "coordinates": [-81.1764685, 43.0049213]}}, {"type": "Feature", "properties": {"id": 308899842, "name": "Petro-Canada", "brand": "Petro-Canada", "opening_hours": "Mo-Su 06:00-23:00"}, "geometry": {"type": "Point", "coordinates": [-80.5394539, 43.4769637]}}, {"type": "Feature", "properties": {"id": 308900093, "name": "Shell", "brand": "Shell", "opening_hours": null}, "geometry": {"type": "Point", "coordinates": [-80.539653, 43.4773416]}}, {"type": "Feature", "properties": {"id": 312004262, "name": "Pioneer", "brand": "Pioneer", "opening_hours": null}, "geometry": {"type": "Point", "coordinates": [-76.1209148, 45.1322571]}}, {"type": "Feature", "properties": {"id": 314151061, "name": "Esso", "brand": "Esso", "opening_hours": null}, "geometry": {"type": "Point", "coordinates": [-79.3580022, 43.7024383]}}, {"type": "Feature", "properties": {"id": 318069421, "name": "Shell", "brand": "Shell", "opening_hours": null}, "geometry": {"type": "Point", "coordinates": [-79.8108146, 43.3575525]}}, {"type": "Feature", "properties": {"id": 318069898, "name": "Petro-Canada", "brand": "Petro-Canada", "opening_hours": null}, "geometry": {"type": "Point", "coordinates": [-79.8090442, 43.3552513]}}, {"type": "Feature", "properties": {"id": 319204828, "name": "Esso", "brand": "Esso", "opening_hours": null}, "geometry": {"type": "Point", "coordinates": [-79.7327101, 43.5608427]}}, {"type": "Feature", "properties": {"id": 319205000, "name": "Esso", "brand": "Esso", "opening_hours": null}, "geometry": {"type": "Point", "coordinates": [-79.7332969, 43.5778681]}}, {"type": "Feature", "properties": {"id": 319205092, "name": "Petro-Canada", "brand": "Petro-Canada", "opening_hours": null}, "geometry": {"type": "Point", "coordinates": [-79.7239537, 43.5887681]}}, {"type": "Feature", "properties": {"id": 319205164, "name": "Streetsville Gas", "brand": null, "opening_hours": null}, "geometry": {"type": "Point", "coordinates": [-79.7248292, 43.5901746]}}, {"type": "Feature", "properties": {"id": 319205259, "name": "Petro-Canada", "brand": "Petro-Canada", "opening_hours": null}, "geometry": {"type": "Point", "coordinates": [-79.7119584, 43.5981882]}}, {"type": "Feature", "properties": {"id": 319205273, "name": "Shell", "brand": "Shell", "opening_hours": "24/7"}, "geometry": {"type": "Point", "coordinates": [-79.6844469, 43.5779396]}}, {"type": "Feature", "properties": {"id": 319209817, "name": "Petro-Canada", "brand": "Petro-Canada", "opening_hours": null}, "geometry": {"type": "Point", "coordinates": [-79.7586224, 43.5786159]}}, {"type": "Feature", "properties": {"id": 319210457, "name": "Canadian Tire", "brand": "Canadian Tire", "opening_hours": null}, "geometry": {"type": "Point", "coordinates": [-79.7628996, 43.5828302]}}, {"type": "Feature", "properties": {"id": 319211701, "name": "Esso", "brand": "Esso", "opening_hours": null}, "geometry": {"type": "Point", "coordinates": [-79.7830377, 43.5973521]}}, {"type": "Feature", "properties": {"id": 319223466, "name": "Shell", "brand": "Shell", "opening_hours": null}, "geometry": {"type": "Point", "coordinates": [-79.607473, 43.5876224]}}, {"type": "Feature", "properties": {"id": 319228808, "name": "Esso", "brand": "Esso", "opening_hours": null}, "geometry": {"type": "Point", "coordinates": [-79.6537186, 43.6066731]}}, {"type": "Feature", "properties": {"id": 319229348, "name": "Pioneer", "brand": "Pioneer", "opening_hours": null}, "geometry": {"type": "Point", "coordinates": [-79.6452212, 43.5751517]}}, {"type": "Feature", "properties": {"id": 319232220, "name": "Petro-Canada", "brand": "Petro-Canada", "opening_hours": null}, "geometry": {"type": "Point", "coordinates": [-79.6361677, 43.5638094]}}, {"type": "Feature", "properties": {"id": 319232292, "name": "Petro-Canada", "brand": "Petro-Canada", "opening_hours": "24/7"}, "geometry": {"type": "Point", "coordinates": [-79.6336014, 43.5659489]}}, {"type": "Feature", "properties": {"id": 319263622, "name": "Shell", "brand": "Shell", "opening_hours": null}, "geometry": {"type": "Point", "coordinates": [-79.7118222, 43.6244885]}}, {"type": "Feature", "properties": {"id": 319264356, "name": "Esso", "brand": "Esso", "opening_hours": null}, "geometry": {"type": "Point", "coordinates": [-79.6831078, 43.647181]}}, {"type": "Feature", "properties": {"id": 319438298, "name": "Esso", "brand": "Esso", "opening_hours": null}, "geometry": {"type": "Point", "coordinates": [-79.8224139, 43.3314265]}}, {"type": "Feature", "properties": {"id": 319837065, "name": "Canadian Tire", "brand": "Canadian Tire", "opening_hours": "24/7"}, "geometry": {"type": "Point", "coordinates": [-79.6954933, 43.6113017]}}, {"type": "Feature", "properties": {"id": 319837605, "name": "Husky", "brand": "Husky", "opening_hours": null}, "geometry": {"type": "Point", "coordinates": [-79.6901691, 43.6175023]}}, {"type": "Feature", "properties": {"id": 319837823, "name": "Esso", "brand": "Esso", "opening_hours": null}, "geometry": {"type": "Point", "coordinates": [-79.6794669, 43.6254357]}}, {"type": "Feature", "properties": {"id": 319837898, "name": "Petro-Canada", "brand": "Petro-Canada", "opening_hours": null}, "geometry": {"type": "Point", "coordinates": [-79.6796005, 43.6270374]}}, {"type": "Feature", "properties": {"id": 319838014, "name": "Petro-Canada", "brand": "Petro-Canada", "opening_hours": null}, "geometry": {"type": "Point", "coordinates": [-79.6634293, 43.613795]}}, {"type": "Feature", "properties": {"id": 319838100, "name": "Pioneer", "brand": "Pioneer", "opening_hours": null}, "geometry": {"type": "Point", "coordinates": [-79.6642252, 43.5972119]}}, {"type": "Feature", "properties": {"id": 319838388, "name": "Petro-Canada", "brand": "Petro-Canada", "opening_hours": null}, "geometry": {"type": "Point", "coordinates": [-79.6430554, 43.6161892]}}, {"type": "Feature", "properties": {"id": 319838541, "name": "Shell", "brand": "Shell", "opening_hours": null}, "geometry": {"type": "Point", "coordinates": [-79.6413328, 43.6164835]}}, {"type": "Feature", "properties": {"id": 319967528, "name": "Petro-Canada", "brand": "Petro-Canada", "opening_hours": null}, "geometry": {"type": "Point", "coordinates": [-79.6621857, 43.507023]}}, {"type": "Feature", "properties": {"id": 320008040, "name": "Petro-Canada", "brand": "Petro-Canada", "opening_hours": null}, "geometry": {"type": "Point", "coordinates": [-79.786191, 43.338228]}}, {"type": "Feature", "properties": {"id": 320808170, "name": "Petro-Canada", "brand": "Petro-Canada", "opening_hours": null}, "geometry": {"type": "Point", "coordinates": [-79.8295365, 43.6663337]}}, {"type": "Feature", "properties": {"id": 324874442, "name": "Petro-Canada", "brand": "Petro-Canada", "opening_hours": null}, "geometry": {"type": "Point", "coordinates": [-78.8129264, 43.9067686]}}, {"type": "Feature", "properties": {"id": 324876363, "name": "Husky", "brand": "Husky", "opening_hours": null}, "geometry": {"type": "Point", "coordinates": [-78.812846, 43.9062769]}}, {"type": "Feature", "properties": {"id": 325941388, "name": "Shell", "brand": "Shell", "opening_hours": null}, "geometry": {"type": "Point", "coordinates": [-79.3924065, 43.8426042]}}, {"type": "Feature", "properties": {"id": 331342380, "name": "Petro-Canada", "brand": "Petro-Canada", "opening_hours": "24/7"}, "geometry": {"type": "Point", "coordinates": [-79.4467578, 43.715243]}}, {"type": "Feature", "properties": {"id": 331343705, "name": "Shell", "brand": "Shell", "opening_hours": null}, "geometry": {"type": "Point", "coordinates": [-79.4554892, 43.7143057]}}, {"type": "Feature", "properties": {"id": 339534484, "name": "Petro-Canada", "brand": "Petro-Canada", "opening_hours": null}, "geometry": {"type": "Point", "coordinates": [-79.4389332, 43.7551831]}}, {"type": "Feature", "properties": {"id": 339550978, "name": "Esso", "brand": "Esso", "opening_hours": null}, "geometry": {"type": "Point", "coordinates": [-79.4563071, 43.7229219]}}, {"type": "Feature", "properties": {"id": 339551801, "name": "Pioneer", "brand": "Pioneer", "opening_hours": null}, "geometry": {"type": "Point", "coordinates": [-79.4594282, 43.7325097]}}, {"type": "Feature", "properties": {"id": 339551805, "name": "Shell", "brand": "Shell", "opening_hours": "24/7"}, "geometry": {"type": "Point", "coordinates": [-79.4583315, 43.7325207]}}, {"type": "Feature", "properties": {"id": 339551808, "name": "Petro-Canada", "brand": "Petro-Canada", "opening_hours": null}, "geometry": {"type": "Point", "coordinates": [-79.4583659, 43.7320074]}}, {"type": "Feature", "properties": {"id": 339912917, "name": "Esso", "brand": "Esso", "opening_hours": null}, "geometry": {"type": "Point", "coordinates": [-79.3071473, 43.7366682]}}, {"type": "Feature", "properties": {"id": 344538973, "name": "Ultramar", "brand": "Ultramar", "opening_hours": null}, "geometry": {"type": "Point", "coordinates": [-79.355728, 43.6868599]}}, {"type": "Feature", "properties": {"id": 354951091, "name": "Petro-Canada", "brand": "Petro-Canada", "opening_hours": "24/7"}, "geometry": {"type": "Point", "coordinates": [-80.2850942, 43.4245613]}}, {"type": "Feature", "properties": {"id": 356495830, "name": "Esso", "brand": "Esso", "opening_hours": null}, "geometry": {"type": "Point", "coordinates": [-79.1472276, 43.7989645]}}, {"type": "Feature", "properties": {"id": 356495838, "name": "Shell", "brand": "Shell", "opening_hours": null}, "geometry": {"type": "Point", "coordinates": [-79.1485824, 43.7969672]}}, {"type": "Feature", "properties": {"id": 356495853, "name": "Pioneer", "brand": "Pioneer", "opening_hours": null}, "geometry": {"type": "Point", "coordinates": [-79.1410686, 43.8019077]}}, {"type": "Feature", "properties": {"id": 357142887, "name": "Ultramar", "brand": "Ultramar", "opening_hours": null}, "geometry": {"type": "Point", "coordinates": [-79.1394374, 43.7981554]}}, {"type": "Feature", "properties": {"id": 360477709, "name": "Esso", "brand": "Esso", "opening_hours": null}, "geometry": {"type": "Point", "coordinates": [-79.5094986, 43.680926]}}, {"type": "Feature", "properties": {"id": 360997920, "name": "Esso", "brand": "Esso", "opening_hours": null}, "geometry": {"type": "Point", "coordinates": [-79.6173128, 43.7346188]}}, {"type": "Feature", "properties": {"id": 364169641, "name": "Petro-Canada", "brand": "Petro-Canada", "opening_hours": "24/7"}, "geometry": {"type": "Point", "coordinates": [-79.5907774, 43.7598096]}}, {"type": "Feature", "properties": {"id": 364266568, "name": "Esso", "brand": "Esso", "opening_hours": null}, "geometry": {"type": "Point", "coordinates": [-79.5948733, 43.742424]}}, {"type": "Feature", "properties": {"id": 365846620, "name": "Esso", "brand": "Esso", "opening_hours": null}, "geometry": {"type": "Point", "coordinates": [-79.5185157, 43.7576587]}}, {"type": "Feature", "properties": {"id": 367083549, "name": "Shell", "brand": "Shell", "opening_hours": null}, "geometry": {"type": "Point", "coordinates": [-79.304054, 43.8180478]}}, {"type": "Feature", "properties": {"id": 367098105, "name": "Esso", "brand": "Esso", "opening_hours": null}, "geometry": {"type": "Point", "coordinates": [-79.296169, 43.8017655]}}, {"type": "Feature", "properties": {"id": 367098106, "name": "Petro-Canada", "brand": "Petro-Canada", "opening_hours": null}, "geometry": {"type": "Point", "coordinates": [-79.2966996, 43.8007711]}}, {"type": "Feature", "properties": {"id": 368142514, "name": "Shell", "brand": "Shell", "opening_hours": null}, "geometry": {"type": "Point", "coordinates": [-79.5350056, 43.7099497]}}, {"type": "Feature", "properties": {"id": 370202085, "name": "Petro-Canada", "brand": "Petro-Canada", "opening_hours": null}, "geometry": {"type": "Point", "coordinates": [-79.6066513, 43.7436678]}}, {"type": "Feature", "properties": {"id": 370202086, "name": "Shell", "brand": "Shell", "opening_hours": null}, "geometry": {"type": "Point", "coordinates": [-79.6080503, 43.7437888]}}, {"type": "Feature", "properties": {"id": 370202209, "name": "Petro-Canada Wholesale", "brand": "Petro-Canada", "opening_hours": null}, "geometry": {"type": "Point", "coordinates": [-79.6047174, 43.7433288]}}, {"type": "Feature", "properties": {"id": 370216400, "name": "Pioneer", "brand": "Pioneer", "opening_hours": null}, "geometry": {"type": "Point", "coordinates": [-79.5305671, 43.6906394]}}, {"type": "Feature", "properties": {"id": 370219568, "name": "Ultramar", "brand": "Ultramar", "opening_hours": null}, "geometry": {"type": "Point", "coordinates": [-79.5608373, 43.7354375]}}, {"type": "Feature", "properties": {"id": 370221007, "name": "Shell", "brand": "Shell", "opening_hours": null}, "geometry": {"type": "Point", "coordinates": [-79.5810566, 43.7400714]}}, {"type": "Feature", "properties": {"id": 370471363, "name": "Esso", "brand": "Esso", "opening_hours": "Mo-Su 07:00-23:00"}, "geometry": {"type": "Point", "coordinates": [-75.6936454, 45.4117156]}}, {"type": "Feature", "properties": {"id": 371382790, "name": "Esso", "brand": "Esso", "opening_hours": null}, "geometry": {"type": "Point", "coordinates": [-79.4851276, 43.6483719]}}, {"type": "Feature", "properties": {"id": 371841982, "name": "Shell", "brand": "Shell", "opening_hours": null}, "geometry": {"type": "Point", "coordinates": [-79.2705063, 43.714052]}}, {"type": "Feature", "properties": {"id": 373674414, "name": "Esso", "brand": "Esso", "opening_hours": null}, "geometry": {"type": "Point", "coordinates": [-79.4777122, 44.0459126]}}, {"type": "Feature", "properties": {"id": 373675586, "name": "Petro-Canada", "brand": "Petro-Canada", "opening_hours": null}, "geometry": {"type": "Point", "coordinates": [-79.4691451, 44.0042928]}}, {"type": "Feature", "properties": {"id": 375835261, "name": "Petro-Canada", "brand": "Petro-Canada", "opening_hours": null}, "geometry": {"type": "Point", "coordinates": [-79.7412638, 43.7035303]}}, {"type": "Feature", "properties": {"id": 378584027, "name": "Shell", "brand": "Shell", "opening_hours": null}, "geometry": {"type": "Point", "coordinates": [-79.6279983, 43.7164098]}}, {"type": "Feature", "properties": {"id": 378584031, "name": "Esso", "brand": "Esso", "opening_hours": null}, "geometry": {"type": "Point", "coordinates": [-79.6274651, 43.7156939]}}, {"type": "Feature", "properties": {"id": 378628561, "name": "Petro-Canada", "brand": "Petro-Canada", "opening_hours": null}, "geometry": {"type": "Point", "coordinates": [-79.7003103, 43.6952201]}}, {"type": "Feature", "properties": {"id": 378628567, "name": "Husky", "brand": "Husky", "opening_hours": null}, "geometry": {"type": "Point", "coordinates": [-79.7010306, 43.6944851]}}, {"type": "Feature", "properties": {"id": 378629751, "name": "Canaco", "brand": "XTR", "opening_hours": null}, "geometry": {"type": "Point", "coordinates": [-79.7253094, 43.6737637]}}, {"type": "Feature", "properties": {"id": 378630399, "name": "Petro-Canada", "brand": "Petro-Canada", "opening_hours": null}, "geometry": {"type": "Point", "coordinates": [-79.7380934, 43.6689088]}}, {"type": "Feature", "properties": {"id": 378632676, "name": "Esso", "brand": "Esso", "opening_hours": null}, "geometry": {"type": "Point", "coordinates": [-79.5828606, 43.6093932]}}, {"type": "Feature", "properties": {"id": 378635679, "name": "Canadian Tire", "brand": "Canadian Tire", "opening_hours": null}, "geometry": {"type": "Point", "coordinates": [-79.5880533, 43.6048613]}}, {"type": "Feature", "properties": {"id": 378635827, "name": "Esso", "brand": "Esso", "opening_hours": null}, "geometry": {"type": "Point", "coordinates": [-79.5967059, 43.59717]}}, {"type": "Feature", "properties": {"id": 378658066, "name": "Esso", "brand": "Esso", "opening_hours": null}, "geometry": {"type": "Point", "coordinates": [-79.6280332, 43.5890952]}}, {"type": "Feature", "properties": {"id": 378682408, "name": "Shell", "brand": "Shell", "opening_hours": null}, "geometry": {"type": "Point", "coordinates": [-80.212029, 43.5214445]}}, {"type": "Feature", "properties": {"id": 380160363, "name": "Petro-Canada", "brand": "Petro-Canada", "opening_hours": null}, "geometry": {"type": "Point", "coordinates": [-79.4753929, 43.636321]}}, {"type": "Feature", "properties": {"id": 380178275, "name": "Shell", "brand": "Shell", "opening_hours": null}, "geometry": {"type": "Point", "coordinates": [-79.0868311, 43.8285578]}}, {"type": "Feature", "properties": {"id": 380178290, "name": "Esso", "brand": "Esso", "opening_hours": null}, "geometry": {"type": "Point", "coordinates": [-79.0891445, 43.8338784]}}, {"type": "Feature", "properties": {"id": 380178342, "name": "Petro-Canada", "brand": "Petro-Canada", "opening_hours": null}, "geometry": {"type": "Point", "coordinates": [-79.090588, 43.8348602]}}, {"type": "Feature", "properties": {"id": 380179135, "name": "Global", "brand": "Global", "opening_hours": null}, "geometry": {"type": "Point", "coordinates": [-79.1071272, 43.8238016]}}, {"type": "Feature", "properties": {"id": 380199494, "name": "Esso", "brand": "Esso", "opening_hours": null}, "geometry": {"type": "Point", "coordinates": [-79.2053096, 43.7643825]}}, {"type": "Feature", "properties": {"id": 380199498, "name": "Shell", "brand": "Shell", "opening_hours": null}, "geometry": {"type": "Point", "coordinates": [-79.2259714, 43.7601259]}}, {"type": "Feature", "properties": {"id": 380202731, "name": "Esso", "brand": "Esso", "opening_hours": null}, "geometry": {"type": "Point", "coordinates": [-79.2645946, 43.7512861]}}, {"type": "Feature", "properties": {"id": 380273143, "name": "Petro-Canada", "brand": "Petro-Canada", "opening_hours": null}, "geometry": {"type": "Point", "coordinates": [-79.4775312, 44.0452558]}}, {"type": "Feature", "properties": {"id": 380284428, "name": "Shell", "brand": "Shell", "opening_hours": null}, "geometry": {"type": "Point", "coordinates": [-79.4758732, 44.0331314]}}, {"type": "Feature", "properties": {"id": 380284437, "name": "Petro-Canada", "brand": "Petro-Canada", "opening_hours": null}, "geometry": {"type": "Point", "coordinates": [-79.4700926, 44.0085466]}}, {"type": "Feature", "properties": {"id": 380290842, "name": "Pioneer", "brand": "Pioneer", "opening_hours": null}, "geometry": {"type": "Point", "coordinates": [-79.4556409, 43.9468218]}}, {"type": "Feature", "properties": {"id": 380312219, "name": "Shell", "brand": "Shell", "opening_hours": null}, "geometry": {"type": "Point", "coordinates": [-79.4430529, 43.8992598]}}, {"type": "Feature", "properties": {"id": 380324477, "name": "Petro-Canada", "brand": "Petro-Canada", "opening_hours": null}, "geometry": {"type": "Point", "coordinates": [-79.4353815, 43.8605036]}}, {"type": "Feature", "properties": {"id": 380338271, "name": "Canadian Tire", "brand": "Canadian Tire", "opening_hours": null}, "geometry": {"type": "Point", "coordinates": [-79.4309168, 43.8426225]}}, {"type": "Feature", "properties": {"id": 380338292, "name": "Shell", "brand": "Shell", "opening_hours": null}, "geometry": {"type": "Point", "coordinates": [-79.4302614, 43.8386389]}}, {"type": "Feature", "properties": {"id": 382733394, "name": "Esso", "brand": "Esso", "opening_hours": null}, "geometry": {"type": "Point", "coordinates": [-79.2603383, 43.8734568]}}, {"type": "Feature", "properties": {"id": 382800022, "name": "Esso", "brand": "Esso", "opening_hours": null}, "geometry": {"type": "Point", "coordinates": [-79.259101, 43.717278]}}, {"type": "Feature", "properties": {"id": 382850112, "name": "Esso", "brand": "Esso", "opening_hours": null}, "geometry": {"type": "Point", "coordinates": [-79.2320422, 43.7757047]}}, {"type": "Feature", "properties": {"id": 382850347, "name": "Shell", "brand": "Shell", "opening_hours": null}, "geometry": {"type": "Point", "coordinates": [-79.2314972, 43.7770499]}}, {"type": "Feature", "properties": {"id": 382873641, "name": "Petro-Canada", "brand": "Petro-Canada", "opening_hours": null}, "geometry": {"type": "Point", "coordinates": [-79.234798, 43.7818725]}}, {"type": "Feature", "properties": {"id": 382895241, "name": "Esso", "brand": "Esso", "opening_hours": null}, "geometry": {"type": "Point", "coordinates": [-79.2422112, 43.8128276]}}, {"type": "Feature", "properties": {"id": 382898659, "name": "Value", "brand": null, "opening_hours": "24/7"}, "geometry": {"type": "Point", "coordinates": [-79.2479747, 43.8229722]}}, {"type": "Feature", "properties": {"id": 382983725, "name": "Petro-Canada", "brand": "Petro-Canada", "opening_hours": null}, "geometry": {"type": "Point", "coordinates": [-79.2536864, 43.844755]}}, {"type": "Feature", "properties": {"id": 382983789, "name": "Petro-Canada", "brand": "Petro-Canada", "opening_hours": null}, "geometry": {"type": "Point", "coordinates": [-79.2538118, 43.8519059]}}, {"type": "Feature", "properties": {"id": 382987378, "name": "Husky", "brand": "Husky", "opening_hours": null}, "geometry": {"type": "Point", "coordinates": [-79.2594167, 43.8744182]}}, {"type": "Feature", "properties": {"id": 383160423, "name": "Shell", "brand": "Shell", "opening_hours": null}, "geometry": {"type": "Point", "coordinates": [-79.2684435, 43.8714426]}}, {"type": "Feature", "properties": {"id": 383160629, "name": "Petro-Canada", "brand": "Petro-Canada", "opening_hours": "24/7"}, "geometry": {"type": "Point", "coordinates": [-79.3031924, 43.8631977]}}, {"type": "Feature", "properties": {"id": 383179948, "name": "Shell", "brand": "Shell", "opening_hours": "24/7"}, "geometry": {"type": "Point", "coordinates": [-79.305362, 43.8567807]}}, {"type": "Feature", "properties": {"id": 383237967, "name": "Shell", "brand": "Shell", "opening_hours": "24/7"}, "geometry": {"type": "Point", "coordinates": [-79.3587987, 43.8504336]}}, {"type": "Feature", "properties": {"id": 383238074, "name": "Esso", "brand": "Esso", "opening_hours": null}, "geometry": {"type": "Point", "coordinates": [-79.378694, 43.8457265]}}, {"type": "Feature", "properties": {"id": 383307502, "name": "Petro-Canada", "brand": "Petro-Canada", "opening_hours": null}, "geometry": {"type": "Point", "coordinates": [-79.4196537, 43.839046]}}, {"type": "Feature", "properties": {"id": 383400240, "name": "Esso", "brand": "Esso", "opening_hours": "24/7"}, "geometry": {"type": "Point", "coordinates": [-79.4592266, 43.809341]}}, {"type": "Feature", "properties": {"id": 383400264, "name": "Petro-Canada", "brand": "Petro-Canada", "opening_hours": null}, "geometry": {"type": "Point", "coordinates": [-79.4738044, 43.8053081]}}, {"type": "Feature", "properties": {"id": 383400284, "name": "Pioneer", "brand": "Pioneer", "opening_hours": "24/7"}, "geometry": {"type": "Point", "coordinates": [-79.4833839, 43.8062348]}}, {"type": "Feature", "properties": {"id": 383405974, "name": "Pioneer", "brand": "Pioneer", "opening_hours": null}, "geometry": {"type": "Point", "coordinates": [-79.4940324, 43.782105]}}, {"type": "Feature", "properties": {"id": 383448331, "name": "Petro-Canada", "brand": "Petro-Canada", "opening_hours": null}, "geometry": {"type": "Point", "coordinates": [-79.5466366, 43.7890021]}}, {"type": "Feature", "properties": {"id": 383448339, "name": "Esso", "brand": "Esso", "opening_hours": "24/7"}, "geometry": {"type": "Point", "coordinates": [-79.5481672, 43.7896142]}}, {"type": "Feature", "properties": {"id": 383486404, "name": "Shell", "brand": "Shell", "opening_hours": null}, "geometry": {"type": "Point", "coordinates": [-79.5640233, 43.7857071]}}, {"type": "Feature", "properties": {"id": 383486421, "name": "Esso", "brand": "Esso", "opening_hours": "24/7"}, "geometry": {"type": "Point", "coordinates": [-79.5735767, 43.7836735]}}, {"type": "Feature", "properties": {"id": 383486439, "name": "Pioneer", "brand": "Pioneer", "opening_hours": null}, "geometry": {"type": "Point", "coordinates": [-79.5977066, 43.7788592]}}, {"type": "Feature", "properties": {"id": 383486440, "name": "Petro-Canada", "brand": "Petro-Canada", "opening_hours": null}, "geometry": {"type": "Point", "coordinates": [-79.5967016, 43.7783546]}}, {"type": "Feature", "properties": {"id": 383551117, "name": "Petro-Canada", "brand": "Petro-Canada", "opening_hours": null}, "geometry": {"type": "Point", "coordinates": [-79.5818771, 43.7144189]}}, {"type": "Feature", "properties": {"id": 383551127, "name": "Esso", "brand": "Esso", "opening_hours": null}, "geometry": {"type": "Point", "coordinates": [-79.5750479, 43.70173]}}, {"type": "Feature", "properties": {"id": 383551136, "name": "Petro-Canada", "brand": "Petro-Canada", "opening_hours": null}, "geometry": {"type": "Point", "coordinates": [-79.5740249, 43.6904945]}}, {"type": "Feature", "properties": {"id": 383562227, "name": "Shell", "brand": "Shell", "opening_hours": "24/7"}, "geometry": {"type": "Point", "coordinates": [-79.5579263, 43.6751822]}}, {"type": "Feature", "properties": {"id": 385014312, "name": "Petro-Canada", "brand": "Petro-Canada", "opening_hours": null}, "geometry": {"type": "Point", "coordinates": [-79.3694979, 43.8670682]}}, {"type": "Feature", "properties": {"id": 385027474, "name": "Pioneer", "brand": "Pioneer", "opening_hours": "24/7"}, "geometry": {"type": "Point", "coordinates": [-79.7120509, 43.3943832]}}, {"type": "Feature", "properties": {"id": 385038540, "name": "Petro-Canada", "brand": "Petro-Canada", "opening_hours": null}, "geometry": {"type": "Point", "coordinates": [-79.4715519, 43.6371516]}}, {"type": "Feature", "properties": {"id": 385178204, "name": "Esso", "brand": "Esso", "opening_hours": null}, "geometry": {"type": "Point", "coordinates": [-79.7614548, 43.5978167]}}, {"type": "Feature", "properties": {"id": 385626617, "name": "Esso", "brand": "Esso", "opening_hours": null}, "geometry": {"type": "Point", "coordinates": [-79.2474693, 43.7345364]}}, {"type": "Feature", "properties": {"id": 385668077, "name": "Shell", "brand": "Shell", "opening_hours": null}, "geometry": {"type": "Point", "coordinates": [-79.705144, 43.6462554]}}, {"type": "Feature", "properties": {"id": 385678495, "name": "Husky", "brand": "Husky", "opening_hours": null}, "geometry": {"type": "Point", "coordinates": [-79.7060434, 43.645309]}}, {"type": "Feature", "properties": {"id": 386776803, "name": "Esso", "brand": "Esso", "opening_hours": null}, "geometry": {"type": "Point", "coordinates": [-79.3884837, 43.7661302]}}, {"type": "Feature", "properties": {"id": 386776963, "name": "Shell", "brand": "Shell", "opening_hours": null}, "geometry": {"type": "Point", "coordinates": [-79.3874714, 43.766433]}}, {"type": "Feature", "properties": {"id": 386869931, "name": "Esso", "brand": "Esso", "opening_hours": null}, "geometry": {"type": "Point", "coordinates": [-79.6555637, 43.5164051]}}, {"type": "Feature", "properties": {"id": 387772007, "name": "Esso", "brand": "Esso", "opening_hours": null}, "geometry": {"type": "Point", "coordinates": [-79.3086294, 43.7789546]}}, {"type": "Feature", "properties": {"id": 387772009, "name": "Petro-Canada", "brand": "Petro-Canada", "opening_hours": null}, "geometry": {"type": "Point", "coordinates": [-79.3076282, 43.7792521]}}, {"type": "Feature", "properties": {"id": 387772011, "name": "Shell", "brand": "Shell", "opening_hours": null}, "geometry": {"type": "Point", "coordinates": [-79.3070377, 43.7785945]}}, {"type": "Feature", "properties": {"id": 387788664, "name": "Petro-Canada", "brand": "Petro-Canada", "opening_hours": null}, "geometry": {"type": "Point", "coordinates": [-79.2423324, 43.7746445]}}, {"type": "Feature", "properties": {"id": 387791575, "name": "Shell", "brand": "Shell", "opening_hours": null}, "geometry": {"type": "Point", "coordinates": [-79.333705, 43.7095463]}}, {"type": "Feature", "properties": {"id": 387792405, "name": "Petro-Canada", "brand": "Petro-Canada", "opening_hours": null}, "geometry": {"type": "Point", "coordinates": [-79.3429478, 43.7369236]}}, {"type": "Feature", "properties": {"id": 388286940, "name": "Esso", "brand": "Esso", "opening_hours": null}, "geometry": {"type": "Point", "coordinates": [-79.3238604, 43.7404842]}}, {"type": "Feature", "properties": {"id": 388286941, "name": "Petro-Canada", "brand": "Petro-Canada", "opening_hours": null}, "geometry": {"type": "Point", "coordinates": [-79.3197815, 43.7408681]}}, {"type": "Feature", "properties": {"id": 388288307, "name": "Shell", "brand": "Shell", "opening_hours": "24/7"}, "geometry": {"type": "Point", "coordinates": [-79.3094776, 43.7426434]}}, {"type": "Feature", "properties": {"id": 389029001, "name": "Circle K", "brand": "Circle K", "opening_hours": null}, "geometry": {"type": "Point", "coordinates": [-79.730125, 43.7584404]}}, {"type": "Feature", "properties": {"id": 389605047, "name": "National Variety", "brand": null, "opening_hours": null}, "geometry": {"type": "Point", "coordinates": [-79.3480138, 43.6877157]}}, {"type": "Feature", "properties": {"id": 391618454, "name": "Petro-Canada", "brand": "Petro-Canada", "opening_hours": null}, "geometry": {"type": "Point", "coordinates": [-79.695289, 43.6565535]}}, {"type": "Feature", "properties": {"id": 392286370, "name": "Petro-Canada", "brand": "Petro-Canada", "opening_hours": null}, "geometry": {"type": "Point", "coordinates": [-79.8247327, 43.7329915]}}, {"type": "Feature", "properties": {"id": 392331212, "name": "Petro-Canada", "brand": "Petro-Canada", "opening_hours": null}, "geometry": {"type": "Point", "coordinates": [-79.2760163, 43.8313643]}}, {"type": "Feature", "properties": {"id": 400579959, "name": "Petro-Canada", "brand": "Petro-Canada", "opening_hours": null}, "geometry": {"type": "Point", "coordinates": [-79.5512533, 43.8085038]}}, {"type": "Feature", "properties": {"id": 400707921, "name": "Shell", "brand": "Shell", "opening_hours": null}, "geometry": {"type": "Point", "coordinates": [-79.3636852, 43.6548315]}}, {"type": "Feature", "properties": {"id": 401355059, "name": "Esso", "brand": "Esso", "opening_hours": null}, "geometry": {"type": "Point", "coordinates": [-79.4662914, 43.6702242]}}, {"type": "Feature", "properties": {"id": 404120632, "name": "Petro-Canada", "brand": "Petro-Canada", "opening_hours": null}, "geometry": {"type": "Point", "coordinates": [-79.8385724, 43.2516246]}}, {"type": "Feature", "properties": {"id": 404133463, "name": "Petro-Canada", "brand": "Petro-Canada", "opening_hours": "24/7"}, "geometry": {"type": "Point", "coordinates": [-79.8113441, 43.2405073]}}, {"type": "Feature", "properties": {"id": 404845907, "name": "Esso", "brand": "Esso", "opening_hours": null}, "geometry": {"type": "Point", "coordinates": [-79.3376443, 43.6545324]}}, {"type": "Feature", "properties": {"id": 406297729, "name": "Petro-Canada", "brand": "Petro-Canada", "opening_hours": null}, "geometry": {"type": "Point", "coordinates": [-79.5837298, 43.6391774]}}, {"type": "Feature", "properties": {"id": 406912792, "name": "Shell", "brand": "Shell", "opening_hours": "24/7"}, "geometry": {"type": "Point", "coordinates": [-79.467647, 43.7301517]}}, {"type": "Feature", "properties": {"id": 409158397, "name": "Esso", "brand": "Esso", "opening_hours": "24/7"}, "geometry": {"type": "Point", "coordinates": [-79.2833994, 43.7185832]}}, {"type": "Feature", "properties": {"id": 410375779, "name": "Petro-Canada", "brand": "Petro-Canada", "opening_hours": null}, "geometry": {"type": "Point", "coordinates": [-79.4815031, 43.7263939]}}, {"type": "Feature", "properties": {"id": 410375783, "name": "Esso", "brand": "Esso", "opening_hours": null}, "geometry": {"type": "Point", "coordinates": [-79.5066579, 43.7214124]}}, {"type": "Feature", "properties": {"id": 410376893, "name": "Shell", "brand": "Shell", "opening_hours": null}, "geometry": {"type": "Point", "coordinates": [-79.549348, 43.7502883]}}, {"type": "Feature", "properties": {"id": 410376934, "name": "Esso", "brand": "Esso", "opening_hours": null}, "geometry": {"type": "Point", "coordinates": [-79.5430157, 43.7523224]}}, {"type": "Feature", "properties": {"id": 410376936, "name": "Petro-Canada", "brand": "Petro-Canada", "opening_hours": "24/7"}, "geometry": {"type": "Point", "coordinates": [-79.5180495, 43.7567991]}}, {"type": "Feature", "properties": {"id": 410799730, "name": "Esso", "brand": "Esso", "opening_hours": null}, "geometry": {"type": "Point", "coordinates": [-79.4672558, 43.7682406]}}, {"type": "Feature", "properties": {"id": 410800084, "name": "Shell", "brand": "Shell", "opening_hours": null}, "geometry": {"type": "Point", "coordinates": [-79.4432461, 43.773427]}}, {"type": "Feature", "properties": {"id": 411223013, "name": "Petro-Canada", "brand": "Petro-Canada", "opening_hours": null}, "geometry": {"type": "Point", "coordinates": [-79.0360559, 43.8404513]}}, {"type": "Feature", "properties": {"id": 411223014, "name": "Esso", "brand": "Esso", "opening_hours": null}, "geometry": {"type": "Point", "coordinates": [-79.0347239, 43.840767]}}, {"type": "Feature", "properties": {"id": 411668710, "name": "Petro-Canada", "brand": "Petro-Canada", "opening_hours": null}, "geometry": {"type": "Point", "coordinates": [-79.5860918, 43.5588023]}}, {"type": "Feature", "properties": {"id": 411670115, "name": "Pioneer", "brand": "Pioneer", "opening_hours": null}, "geometry": {"type": "Point", "coordinates": [-79.5948098, 43.6173004]}}, {"type": "Feature", "properties": {"id": 414574535, "name": "Petro-Canada", "brand": "Petro-Canada", "opening_hours": null}, "geometry": {"type": "Point", "coordinates": [-79.5849099, 43.6078451]}}, {"type": "Feature", "properties": {"id": 414575516, "name": "Petro-Canada", "brand": "Petro-Canada", "opening_hours": null}, "geometry": {"type": "Point", "coordinates": [-79.6670362, 43.5356329]}}, {"type": "Feature", "properties": {"id": 414575881, "name": "Petro-Canada", "brand": "Petro-Canada", "opening_hours": null}, "geometry": {"type": "Point", "coordinates": [-79.6927773, 43.5313794]}}, {"type": "Feature", "properties": {"id": 414579660, "name": "Shell", "brand": "Shell", "opening_hours": null}, "geometry": {"type": "Point", "coordinates": [-79.6691242, 43.6195162]}}, {"type": "Feature", "properties": {"id": 414582268, "name": "Good Guys Gas Bar", "brand": null, "opening_hours": "24/7"}, "geometry": {"type": "Point", "coordinates": [-79.7099004, 43.6491829]}}, {"type": "Feature", "properties": {"id": 414587729, "name": "Shell", "brand": "Shell", "opening_hours": "24/7"}, "geometry": {"type": "Point", "coordinates": [-79.7282833, 43.6617012]}}, {"type": "Feature", "properties": {"id": 414587730, "name": "Esso", "brand": "Esso", "opening_hours": null}, "geometry": {"type": "Point", "coordinates": [-79.7302787, 43.6634873]}}, {"type": "Feature", "properties": {"id": 414587731, "name": "Husky", "brand": "Husky", "opening_hours": null}, "geometry": {"type": "Point", "coordinates": [-79.7331634, 43.6652926]}}, {"type": "Feature", "properties": {"id": 414587738, "name": "Esso", "brand": "Esso", "opening_hours": null}, "geometry": {"type": "Point", "coordinates": [-79.7219267, 43.6757384]}}, {"type": "Feature", "properties": {"id": 414592133, "name": "Esso", "brand": "Esso", "opening_hours": null}, "geometry": {"type": "Point", "coordinates": [-79.668307, 43.7237577]}}, {"type": "Feature", "properties": {"id": 414752961, "name": "Esso", "brand": "Esso", "opening_hours": null}, "geometry": {"type": "Point", "coordinates": [-79.5154818, 43.6237498]}}, {"type": "Feature", "properties": {"id": 414951332, "name": "Esso", "brand": "Esso", "opening_hours": null}, "geometry": {"type": "Point", "coordinates": [-79.6683739, 43.5922504]}}, {"type": "Feature", "properties": {"id": 414951333, "name": "Shell", "brand": "Shell", "opening_hours": "24/7"}, "geometry": {"type": "Point", "coordinates": [-79.6700229, 43.5922383]}}, {"type": "Feature", "properties": {"id": 414966351, "name": "Petro-Canada", "brand": "Petro-Canada", "opening_hours": "24/7"}, "geometry": {"type": "Point", "coordinates": [-79.6310994, 43.6269547]}}, {"type": "Feature", "properties": {"id": 414966355, "name": "Canadian Tire", "brand": "Canadian Tire", "opening_hours": "24/7"}, "geometry": {"type": "Point", "coordinates": [-79.6207822, 43.636591]}}, {"type": "Feature", "properties": {"id": 414966356, "name": "Esso", "brand": "Esso", "opening_hours": null}, "geometry": {"type": "Point", "coordinates": [-79.621488, 43.6356466]}}, {"type": "Feature", "properties": {"id": 414983786, "name": "Petro-Canada", "brand": "Petro-Canada", "opening_hours": null}, "geometry": {"type": "Point", "coordinates": [-79.549482, 43.6103216]}}, {"type": "Feature", "properties": {"id": 414983804, "name": "Esso", "brand": "Esso", "opening_hours": null}, "geometry": {"type": "Point", "coordinates": [-79.5452861, 43.6322414]}}, {"type": "Feature", "properties": {"id": 417225784, "name": "Petro-Canada", "brand": "Petro-Canada", "opening_hours": null}, "geometry": {"type": "Point", "coordinates": [-79.6028133, 43.7194424]}}, {"type": "Feature", "properties": {"id": 417225795, "name": "Petro-Canada", "brand": "Petro-Canada", "opening_hours": null}, "geometry": {"type": "Point", "coordinates": [-79.6412152, 43.7209886]}}, {"type": "Feature", "properties": {"id": 417228726, "name": "Shell", "brand": "Shell", "opening_hours": "Mo-Su,PH 00:00+"}, "geometry": {"type": "Point", "coordinates": [-79.6076472, 43.6862719]}}, {"type": "Feature", "properties": {"id": 417230636, "name": "Pioneer", "brand": "Pioneer", "opening_hours": null}, "geometry": {"type": "Point", "coordinates": [-79.5582229, 43.694672]}}, {"type": "Feature", "properties": {"id": 417232575, "name": "Shell", "brand": "Shell", "opening_hours": "24/7"}, "geometry": {"type": "Point", "coordinates": [-79.429539, 43.7196714]}}, {"type": "Feature", "properties": {"id": 417232576, "name": "Esso", "brand": "Esso", "opening_hours": null}, "geometry": {"type": "Point", "coordinates": [-79.4293094, 43.7190688]}}, {"type": "Feature", "properties": {"id": 418987530, "name": "Esso", "brand": "Esso", "opening_hours": null}, "geometry": {"type": "Point", "coordinates": [-79.2077148, 43.7483752]}}, {"type": "Feature", "properties": {"id": 419363366, "name": "Petro-Canada", "brand": "Petro-Canada", "opening_hours": null}, "geometry": {"type": "Point", "coordinates": [-79.8201209, 43.3297082]}}, {"type": "Feature", "properties": {"id": 419363402, "name": "Pioneer", "brand": "Pioneer", "opening_hours": null}, "geometry": {"type": "Point", "coordinates": [-79.7979379, 43.3463264]}}, {"type": "Feature", "properties": {"id": 419363409, "name": "Canadian Tire", "brand": "Canadian Tire", "opening_hours": null}, "geometry": {"type": "Point", "coordinates": [-79.7876359, 43.3525733]}}, {"type": "Feature", "properties": {"id": 419364704, "name": "Esso", "brand": "Esso", "opening_hours": null}, "geometry": {"type": "Point", "coordinates": [-79.7792659, 43.3594443]}}, {"type": "Feature", "properties": {"id": 419369690, "name": "Petro-Canada", "brand": "Petro-Canada", "opening_hours": null}, "geometry": {"type": "Point", "coordinates": [-79.7613796, 43.373574]}}, {"type": "Feature", "properties": {"id": 419400151, "name": "Petro-Pass", "brand": null, "opening_hours": null}, "geometry": {"type": "Point", "coordinates": [-79.6192965, 43.5036158]}}, {"type": "Feature", "properties": {"id": 420464538, "name": "Petro-Canada", "brand": "Petro-Canada", "opening_hours": null}, "geometry": {"type": "Point", "coordinates": [-79.9045785, 43.6506517]}}, {"type": "Feature", "properties": {"id": 421358971, "name": "Sunys", "brand": null, "opening_hours": null}, "geometry": {"type": "Point", "coordinates": [-79.3256091, 43.7446145]}}, {"type": "Feature", "properties": {"id": 422876191, "name": "3 Valleys", "brand": null, "opening_hours": "Mo-Fr 07:30-17:00"}, "geometry": {"type": "Point", "coordinates": [-79.3363226, 43.7517952]}}, {"type": "Feature", "properties": {"id": 423019169, "name": "Petro-Canada", "brand": "Petro-Canada", "opening_hours": null}, "geometry": {"type": "Point", "coordinates": [-79.3147462, 43.7583639]}}, {"type": "Feature", "properties": {"id": 427687193, "name": "Petro-Canada", "brand": "Petro-Canada", "opening_hours": null}, "geometry": {"type": "Point", "coordinates": [-79.26176, 43.769582]}}, {"type": "Feature", "properties": {"id": 428457900, "name": "Shell", "brand": "Shell", "opening_hours": null}, "geometry": {"type": "Point", "coordinates": [-79.2755586, 43.8305774]}}, {"type": "Feature", "properties": {"id": 428545611, "name": "Petro-Canada", "brand": "Petro-Canada", "opening_hours": null}, "geometry": {"type": "Point", "coordinates": [-79.1713655, 43.8078267]}}, {"type": "Feature", "properties": {"id": 432777547, "name": "Esso", "brand": "Esso", "opening_hours": null}, "geometry": {"type": "Point", "coordinates": [-79.5208377, 43.6068436]}}, {"type": "Feature", "properties": {"id": 432778825, "name": "Global", "brand": "Global", "opening_hours": null}, "geometry": {"type": "Point", "coordinates": [-79.5284445, 43.6261406]}}, {"type": "Feature", "properties": {"id": 432778826, "name": "Esso", "brand": "Esso", "opening_hours": null}, "geometry": {"type": "Point", "coordinates": [-79.5286585, 43.6277901]}}, {"type": "Feature", "properties": {"id": 436015123, "name": "Esso", "brand": "Esso", "opening_hours": "24/7"}, "geometry": {"type": "Point", "coordinates": [-79.2570853, 43.8349306]}}, {"type": "Feature", "properties": {"id": 436023009, "name": "Pioneer", "brand": "Pioneer", "opening_hours": null}, "geometry": {"type": "Point", "coordinates": [-79.2480234, 43.7916805]}}, {"type": "Feature", "properties": {"id": 436049131, "name": "Petro-Canada", "brand": "Petro-Canada", "opening_hours": "24/7"}, "geometry": {"type": "Point", "coordinates": [-79.1942562, 43.785569]}}, {"type": "Feature", "properties": {"id": 436884435, "name": "Amco Petroleum", "brand": null, "opening_hours": null}, "geometry": {"type": "Point", "coordinates": [-79.150934, 43.7872159]}}, {"type": "Feature", "properties": {"id": 436884771, "name": "Tru Value", "brand": null, "opening_hours": null}, "geometry": {"type": "Point", "coordinates": [-79.1721979, 43.7827029]}}, {"type": "Feature", "properties": {"id": 437985430, "name": "Shell", "brand": "Shell", "opening_hours": "24/7"}, "geometry": {"type": "Point", "coordinates": [-79.2897312, 43.8855367]}}, {"type": "Feature", "properties": {"id": 437985750, "name": "Canadian Tire Gas Bar", "brand": "Canadian Tire", "opening_hours": "Mo-Fr 07:00-21:00, Sa 07:00-03:00, Su 07:00-20:00"}, "geometry": {"type": "Point", "coordinates": [-79.2853283, 43.8724827]}}, {"type": "Feature", "properties": {"id": 437991658, "name": "Petro-Canada", "brand": "Petro-Canada", "opening_hours": null}, "geometry": {"type": "Point", "coordinates": [-79.318065, 43.7632898]}}, {"type": "Feature", "properties": {"id": 437992214, "name": "Petro-Canada", "brand": "Petro-Canada", "opening_hours": null}, "geometry": {"type": "Point", "coordinates": [-79.3238673, 43.7754153]}}, {"type": "Feature", "properties": {"id": 437992871, "name": "Shell", "brand": "Shell", "opening_hours": "24/7"}, "geometry": {"type": "Point", "coordinates": [-79.3306378, 43.792883]}}, {"type": "Feature", "properties": {"id": 437992872, "name": "Petro-Canada", "brand": "Petro-Canada", "opening_hours": null}, "geometry": {"type": "Point", "coordinates": [-79.330995, 43.7936775]}}, {"type": "Feature", "properties": {"id": 437997210, "name": "Petro-Canada", "brand": "Petro-Canada", "opening_hours": null}, "geometry": {"type": "Point", "coordinates": [-79.3386442, 43.810339]}}, {"type": "Feature", "properties": {"id": 437998668, "name": "Esso", "brand": "Esso", "opening_hours": null}, "geometry": {"type": "Point", "coordinates": [-79.337027, 43.8042404]}}, {"type": "Feature", "properties": {"id": 438007673, "name": "Petro-Pass", "brand": "Petro", "opening_hours": null}, "geometry": {"type": "Point", "coordinates": [-79.3570526, 43.8429142]}}, {"type": "Feature", "properties": {"id": 438069798, "name": "Eagle Transmission", "brand": null, "opening_hours": null}, "geometry": {"type": "Point", "coordinates": [-79.2748648, 43.6963733]}}, {"type": "Feature", "properties": {"id": 440183361, "name": "Canadian Tire", "brand": "Canadian Tire", "opening_hours": null}, "geometry": {"type": "Point", "coordinates": [-76.5709741, 44.2588541]}}, {"type": "Feature", "properties": {"id": 441793795, "name": "Shell", "brand": "Shell", "opening_hours": null}, "geometry": {"type": "Point", "coordinates": [-79.7599487, 43.4503993]}}, {"type": "Feature", "properties": {"id": 443142019, "name": "Petro-Canada", "brand": "Petro-Canada", "opening_hours": "Mo-Fr 06:00-21:00; Sa 07:00-21:00; Su 08:00-21:00"}, "geometry": {"type": "Point", "coordinates": [-76.6805791, 44.7983852]}}, {"type": "Feature", "properties": {"id": 444673881, "name": "Neon Gas Service", "brand": null, "opening_hours": "24/7"}, "geometry": {"type": "Point", "coordinates": [-79.3311454, 43.6632234]}}, {"type": "Feature", "properties": {"id": 452866346, "name": "Petro-Canada", "brand": "Petro-Canada", "opening_hours": null}, "geometry": {"type": "Point", "coordinates": [-76.5139538, 44.2405889]}}, {"type": "Feature", "properties": {"id": 462351255, "name": "Esso", "brand": "Esso", "opening_hours": null}, "geometry": {"type": "Point", "coordinates": [-78.3401215, 44.327301]}}, {"type": "Feature", "properties": {"id": 462351260, "name": "Husky", "brand": "Husky", "opening_hours": null}, "geometry": {"type": "Point", "coordinates": [-78.3311334, 44.3189572]}}, {"type": "Feature", "properties": {"id": 462351263, "name": "Canadian Tire", "brand": "Canadian Tire", "opening_hours": null}, "geometry": {"type": "Point", "coordinates": [-78.336434, 44.3248721]}}, {"type": "Feature", "properties": {"id": 462362582, "name": "Pioneer", "brand": "Pioneer", "opening_hours": null}, "geometry": {"type": "Point", "coordinates": [-76.5507391, 44.2378439]}}, {"type": "Feature", "properties": {"id": 473507261, "name": "Petro-Canada", "brand": "Petro-Canada", "opening_hours": null}, "geometry": {"type": "Point", "coordinates": [-79.408472, 43.8444353]}}, {"type": "Feature", "properties": {"id": 474958364, "name": "Shell", "brand": "Shell", "opening_hours": null}, "geometry": {"type": "Point", "coordinates": [-79.1923442, 43.8032466]}}, {"type": "Feature", "properties": {"id": 474958375, "name": "Esso", "brand": "Esso", "opening_hours": null}, "geometry": {"type": "Point", "coordinates": [-79.1990185, 43.8015844]}}, {"type": "Feature", "properties": {"id": 474960368, "name": "Petro-Canada", "brand": "Petro-Canada", "opening_hours": null}, "geometry": {"type": "Point", "coordinates": [-79.4527301, 43.7073015]}}, {"type": "Feature", "properties": {"id": 474965112, "name": "Gulf", "brand": "Gulf", "opening_hours": null}, "geometry": {"type": "Point", "coordinates": [-79.4421919, 43.7354571]}}, {"type": "Feature", "properties": {"id": 480977681, "name": "Stinson", "brand": "Stinson", "opening_hours": null}, "geometry": {"type": "Point", "coordinates": [-76.5439117, 44.2721835]}}, {"type": "Feature", "properties": {"id": 490481635, "name": "Esso", "brand": "Esso", "opening_hours": null}, "geometry": {"type": "Point", "coordinates": [-79.4063342, 43.6985731]}}, {"type": "Feature", "properties": {"id": 493881194, "name": "Petro Canada", "brand": "Petro-Canada", "opening_hours": null}, "geometry": {"type": "Point", "coordinates": [-79.7270576, 43.426346]}}, {"type": "Feature", "properties": {"id": 493881891, "name": "Husky", "brand": "Husky", "opening_hours": null}, "geometry": {"type": "Point", "coordinates": [-79.716714, 43.4185995]}}, {"type": "Feature", "properties": {"id": 493881904, "name": "Esso", "brand": "Esso", "opening_hours": null}, "geometry": {"type": "Point", "coordinates": [-79.7171861, 43.4181631]}}, {"type": "Feature", "properties": {"id": 493881905, "name": "Shell", "brand": "Shell", "opening_hours": null}, "geometry": {"type": "Point", "coordinates": [-79.7174757, 43.4192485]}}, {"type": "Feature", "properties": {"id": 493881945, "name": "Petro-Canada", "brand": "Petro-Canada", "opening_hours": null}, "geometry": {"type": "Point", "coordinates": [-79.7157001, 43.4177413]}}, {"type": "Feature", "properties": {"id": 501944082, "name": "Inver", "brand": "Inver", "opening_hours": null}, "geometry": {"type": "Point", "coordinates": [-79.447879, 43.6849751]}}, {"type": "Feature", "properties": {"id": 520035346, "name": "Pioneer", "brand": "Pioneer", "opening_hours": null}, "geometry": {"type": "Point", "coordinates": [-79.5434995, 43.5970739]}}, {"type": "Feature", "properties": {"id": 520059699, "name": "Shell", "brand": "Shell", "opening_hours": null}, "geometry": {"type": "Point", "coordinates": [-79.5449701, 43.6021833]}}, {"type": "Feature", "properties": {"id": 534071164, "name": "Canadian Petroleum", "brand": null, "opening_hours": null}, "geometry": {"type": "Point", "coordinates": [-79.2909135, 43.8271199]}}, {"type": "Feature", "properties": {"id": 534816880, "name": "Esso", "brand": "Esso", "opening_hours": null}, "geometry": {"type": "Point", "coordinates": [-79.6026657, 43.6231637]}}, {"type": "Feature", "properties": {"id": 540244329, "name": "Centex", "brand": "Centex", "opening_hours": null}, "geometry": {"type": "Point", "coordinates": [-79.2517759, 43.7062815]}}, {"type": "Feature", "properties": {"id": 540244336, "name": "Mid-King Gas", "brand": null, "opening_hours": null}, "geometry": {"type": "Point", "coordinates": [-79.2482666, 43.7105022]}}, {"type": "Feature", "properties": {"id": 540294861, "name": "Esso", "brand": "Esso", "opening_hours": null}, "geometry": {"type": "Point", "coordinates": [-79.4105715, 43.758667]}}, {"type": "Feature", "properties": {"id": 540585640, "name": "Pioneer", "brand": "Pioneer", "opening_hours": "24/7"}, "geometry": {"type": "Point", "coordinates": [-80.3189758, 43.3795823]}}, {"type": "Feature", "properties": {"id": 544548503, "name": "Shell", "brand": "Shell", "opening_hours": null}, "geometry": {"type": "Point", "coordinates": [-79.2257805, 43.7304118]}}, {"type": "Feature", "properties": {"id": 544548518, "name": "Pioneer", "brand": "Pioneer", "opening_hours": null}, "geometry": {"type": "Point", "coordinates": [-79.2247578, 43.7315166]}}, {"type": "Feature", "properties": {"id": 547687737, "name": "Esso", "brand": "Esso", "opening_hours": null}, "geometry": {"type": "Point", "coordinates": [-79.5551043, 43.7159374]}}, {"type": "Feature", "properties": {"id": 547711621, "name": "Mobil", "brand": "Mobil", "opening_hours": null}, "geometry": {"type": "Point", "coordinates": [-79.5741618, 43.7641081]}}, {"type": "Feature", "properties": {"id": 547734348, "name": "Canco", "brand": null, "opening_hours": null}, "geometry": {"type": "Point", "coordinates": [-79.5426639, 43.7707674]}}, {"type": "Feature", "properties": {"id": 549566661, "name": "Petro-Canada", "brand": "Petro-Canada", "opening_hours": null}, "geometry": {"type": "Point", "coordinates": [-79.2809568, 43.6813699]}}, {"type": "Feature", "properties": {"id": 559838318, "name": "Shell", "brand": "Shell", "opening_hours": null}, "geometry": {"type": "Point", "coordinates": [-79.2837177, 43.6880298]}}, {"type": "Feature", "properties": {"id": 560719315, "name": "Petro-Canada", "brand": "Petro-Canada", "opening_hours": null}, "geometry": {"type": "Point", "coordinates": [-79.3959591, 43.8038475]}}, {"type": "Feature", "properties": {"id": 561040800, "name": "7-Eleven", "brand": "7-Eleven", "opening_hours": "24/7"}, "geometry": {"type": "Point", "coordinates": [-79.4325345, 43.7324919]}}, {"type": "Feature", "properties": {"id": 562935173, "name": "Canadian Tire", "brand": "Canadian Tire", "opening_hours": null}, "geometry": {"type": "Point", "coordinates": [-79.2596925, 43.7901651]}}, {"type": "Feature", "properties": {"id": 565583951, "name": "Esso", "brand": "Esso", "opening_hours": null}, "geometry": {"type": "Point", "coordinates": [-79.2989199, 43.781305]}}, {"type": "Feature", "properties": {"id": 582765199, "name": "Esso", "brand": "Esso", "opening_hours": null}, "geometry": {"type": "Point", "coordinates": [-79.7858587, 43.7058661]}}, {"type": "Feature", "properties": {"id": 582776007, "name": "Esso", "brand": "Esso", "opening_hours": null}, "geometry": {"type": "Point", "coordinates": [-79.8789777, 43.7735557]}}, {"type": "Feature", "properties": {"id": 582785337, "name": "Mobil", "brand": "Mobil", "opening_hours": null}, "geometry": {"type": "Point", "coordinates": [-79.81271, 43.6831999]}}, {"type": "Feature", "properties": {"id": 598750293, "name": "Shell", "brand": "Shell", "opening_hours": null}, "geometry": {"type": "Point", "coordinates": [-79.0140155, 43.8601753]}}, {"type": "Feature", "properties": {"id": 600242215, "name": "Esso", "brand": "Esso", "opening_hours": "24/7"}, "geometry": {"type": "Point", "coordinates": [-79.552109, 43.8273395]}}, {"type": "Feature", "properties": {"id": 600243436, "name": "Canadian Tire", "brand": "Canadian Tire", "opening_hours": "24/7"}, "geometry": {"type": "Point", "coordinates": [-79.5386127, 43.829853]}}, {"type": "Feature", "properties": {"id": 600243437, "name": "7-Eleven", "brand": "7-Eleven", "opening_hours": null}, "geometry": {"type": "Point", "coordinates": [-79.5544592, 43.8258901]}}, {"type": "Feature", "properties": {"id": 602359740, "name": "Esso", "brand": "Esso", "opening_hours": null}, "geometry": {"type": "Point", "coordinates": [-79.803361, 43.6818647]}}, {"type": "Feature", "properties": {"id": 603173680, "name": "Esso", "brand": "Esso", "opening_hours": null}, "geometry": {"type": "Point", "coordinates": [-79.7543216, 43.6459553]}}, {"type": "Feature", "properties": {"id": 608760222, "name": "Petro-Canada", "brand": "Petro-Canada", "opening_hours": null}, "geometry": {"type": "Point", "coordinates": [-79.2508251, 43.7718894]}}, {"type": "Feature", "properties": {"id": 609291728, "name": "Petro-Canada", "brand": "Petro-Canada", "opening_hours": null}, "geometry": {"type": "Point", "coordinates": [-79.4570542, 43.7512385]}}, {"type": "Feature", "properties": {"id": 610217580, "name": "Esso", "brand": "Esso", "opening_hours": null}, "geometry": {"type": "Point", "coordinates": [-75.6905791, 45.342723]}}, {"type": "Feature", "properties": {"id": 613316116, "name": "The Silver Dollar Inn and Campground", "brand": null, "opening_hours": null}, "geometry": {"type": "Point", "coordinates": [-91.1800632, 49.8010337]}}, {"type": "Feature", "properties": {"id": 621090233, "name": "Esso", "brand": "Esso", "opening_hours": null}, "geometry": {"type": "Point", "coordinates": [-79.7601518, 43.7392703]}}, {"type": "Feature", "properties": {"id": 621417431, "name": "Esso", "brand": "Esso", "opening_hours": null}, "geometry": {"type": "Point", "coordinates": [-79.7975266, 43.3238119]}}, {"type": "Feature", "properties": {"id": 621426848, "name": "Pioneer", "brand": "Pioneer", "opening_hours": null}, "geometry": {"type": "Point", "coordinates": [-79.7598506, 43.2393642]}}, {"type": "Feature", "properties": {"id": 630889015, "name": "Shell", "brand": "Shell", "opening_hours": null}, "geometry": {"type": "Point", "coordinates": [-76.5034118, 44.2373989]}}, {"type": "Feature", "properties": {"id": 631311486, "name": "Petro-Canada", "brand": "Petro-Canada", "opening_hours": null}, "geometry": {"type": "Point", "coordinates": [-80.5132453, 43.4702081]}}, {"type": "Feature", "properties": {"id": 640687094, "name": "Pioneer", "brand": "Pioneer", "opening_hours": "24/7"}, "geometry": {"type": "Point", "coordinates": [-79.902239, 43.2311567]}}, {"type": "Feature", "properties": {"id": 648771906, "name": "Petro-Canada", "brand": "Petro-Canada", "opening_hours": null}, "geometry": {"type": "Point", "coordinates": [-79.5327278, 43.8278219]}}, {"type": "Feature", "properties": {"id": 653978041, "name": "Petro-Canada", "brand": "Petro-Canada", "opening_hours": null}, "geometry": {"type": "Point", "coordinates": [-80.5479536, 43.4938383]}}, {"type": "Feature", "properties": {"id": 653988348, "name": "Esso", "brand": "Esso", "opening_hours": null}, "geometry": {"type": "Point", "coordinates": [-79.7984841, 43.6958705]}}, {"type": "Feature", "properties": {"id": 660870459, "name": "Husky", "brand": "Husky", "opening_hours": null}, "geometry": {"type": "Point", "coordinates": [-79.7976602, 43.6953309]}}, {"type": "Feature", "properties": {"id": 662840673, "name": "Petro-Canada", "brand": "Petro-Canada", "opening_hours": "24/7"}, "geometry": {"type": "Point", "coordinates": [-79.5944852, 43.6162383]}}, {"type": "Feature", "properties": {"id": 664314752, "name": "Esso", "brand": "Esso", "opening_hours": null}, "geometry": {"type": "Point", "coordinates": [-79.773006, 43.7196476]}}, {"type": "Feature", "properties": {"id": 665419924, "name": "Canadian Tire", "brand": "Canadian Tire", "opening_hours": null}, "geometry": {"type": "Point", "coordinates": [-79.7976624, 43.6967613]}}, {"type": "Feature", "properties": {"id": 674536579, "name": "Esso", "brand": "Esso", "opening_hours": null}, "geometry": {"type": "Point", "coordinates": [-79.0253509, 43.8618511]}}, {"type": "Feature", "properties": {"id": 678465431, "name": "Esso", "brand": "Esso", "opening_hours": null}, "geometry": {"type": "Point", "coordinates": [-79.7442641, 43.4648152]}}, {"type": "Feature", "properties": {"id": 683623641, "name": "Petro-Canada", "brand": "Petro-Canada", "opening_hours": null}, "geometry": {"type": "Point", "coordinates": [-79.3262691, 43.8196636]}}, {"type": "Feature", "properties": {"id": 685992266, "name": "MacEwen", "brand": "MacEwen", "opening_hours": null}, "geometry": {"type": "Point", "coordinates": [-79.4379113, 46.3082876]}}, {"type": "Feature", "properties": {"id": 692758135, "name": "7-Eleven", "brand": "7-Eleven", "opening_hours": "24/7"}, "geometry": {"type": "Point", "coordinates": [-79.5026221, 43.8377587]}}, {"type": "Feature", "properties": {"id": 693999104, "name": "Petro-Canada", "brand": "Petro-Canada", "opening_hours": null}, "geometry": {"type": "Point", "coordinates": [-79.6673997, 43.8026954]}}, {"type": "Feature", "properties": {"id": 703610613, "name": "Esso", "brand": "Esso", "opening_hours": null}, "geometry": {"type": "Point", "coordinates": [-79.7267282, 43.7045011]}}, {"type": "Feature", "properties": {"id": 705225078, "name": "Esso", "brand": "Esso", "opening_hours": null}, "geometry": {"type": "Point", "coordinates": [-79.2743046, 43.7499577]}}, {"type": "Feature", "properties": {"id": 706202786, "name": "Petro-Canada", "brand": "Petro-Canada", "opening_hours": null}, "geometry": {"type": "Point", "coordinates": [-79.4158303, 43.8755721]}}, {"type": "Feature", "properties": {"id": 706212552, "name": "Petro-Canada", "brand": "Petro-Canada", "opening_hours": null}, "geometry": {"type": "Point", "coordinates": [-79.4102381, 43.8574743]}}, {"type": "Feature", "properties": {"id": 706212555, "name": "Esso", "brand": "Esso", "opening_hours": null}, "geometry": {"type": "Point", "coordinates": [-79.4116318, 43.8572598]}}, {"type": "Feature", "properties": {"id": 707329187, "name": "Esso", "brand": "Esso", "opening_hours": null}, "geometry": {"type": "Point", "coordinates": [-79.624369, 43.7527866]}}, {"type": "Feature", "properties": {"id": 712603520, "name": "Shell", "brand": "Shell", "opening_hours": null}, "geometry": {"type": "Point", "coordinates": [-79.2832682, 43.7975432]}}, {"type": "Feature", "properties": {"id": 725882427, "name": "Mobil", "brand": "Mobil", "opening_hours": null}, "geometry": {"type": "Point", "coordinates": [-79.864946, 43.5258549]}}, {"type": "Feature", "properties": {"id": 729417892, "name": "Petro-Canada", "brand": "Petro-Canada", "opening_hours": null}, "geometry": {"type": "Point", "coordinates": [-79.5581128, 43.6941327]}}, {"type": "Feature", "properties": {"id": 733445328, "name": "Esso", "brand": "Esso", "opening_hours": null}, "geometry": {"type": "Point", "coordinates": [-79.7435625, 43.4383]}}, {"type": "Feature", "properties": {"id": 807480391, "name": null, "brand": null, "opening_hours": null}, "geometry": {"type": "Point", "coordinates": [-80.3030418, 44.5221064]}}, {"type": "Feature", "properties": {"id": 807486693, "name": "Canadian Tire", "brand": "Canadian Tire", "opening_hours": null}, "geometry": {"type": "Point", "coordinates": [-80.2356457, 44.5031856]}}, {"type": "Feature", "properties": {"id": 808857426, "name": null, "brand": null, "opening_hours": null}, "geometry": {"type": "Point", "coordinates": [-78.9282193, 45.3655902]}}, {"type": "Feature", "properties": {"id": 808916234, "name": null, "brand": "W.O. Stinson", "opening_hours": null}, "geometry": {"type": "Point", "coordinates": [-78.2507966, 45.5035242]}}, {"type": "Feature", "properties": {"id": 808916255, "name": null, "brand": "MacEwen", "opening_hours": null}, "geometry": {"type": "Point", "coordinates": [-78.2390288, 45.4937065]}}, {"type": "Feature", "properties": {"id": 815723395, "name": "Petro-Canada", "brand": "Petro-Canada", "opening_hours": null}, "geometry": {"type": "Point", "coordinates": [-79.4452699, 43.793074]}}, {"type": "Feature", "properties": {"id": 845912577, "name": "Petro-Canada", "brand": "Petro-Canada", "opening_hours": null}, "geometry": {"type": "Point", "coordinates": [-80.3152678, 43.3453165]}}, {"type": "Feature", "properties": {"id": 847508675, "name": null, "brand": null, "opening_hours": null}, "geometry": {"type": "Point", "coordinates": [-78.3265331, 44.7216738]}}, {"type": "Feature", "properties": {"id": 848257668, "name": "Esso", "brand": "Esso", "opening_hours": "24/7"}, "geometry": {"type": "Point", "coordinates": [-79.3042314, 43.8433365]}}, {"type": "Feature", "properties": {"id": 878223527, "name": "Esso", "brand": "Esso", "opening_hours": null}, "geometry": {"type": "Point", "coordinates": [-79.6821094, 43.4580164]}}, {"type": "Feature", "properties": {"id": 879622760, "name": "Esso", "brand": "Esso", "opening_hours": null}, "geometry": {"type": "Point", "coordinates": [-85.2779475, 48.5938443]}}, {"type": "Feature", "properties": {"id": 887605331, "name": "Speedy Gas", "brand": null, "opening_hours": null}, "geometry": {"type": "Point", "coordinates": [-79.7551452, 43.6906378]}}, {"type": "Feature", "properties": {"id": 889596947, "name": "Esso", "brand": "Esso", "opening_hours": null}, "geometry": {"type": "Point", "coordinates": [-82.6406407, 46.3822077]}}, {"type": "Feature", "properties": {"id": 896808609, "name": "Petro-Canada", "brand": "Petro-Canada", "opening_hours": null}, "geometry": {"type": "Point", "coordinates": [-79.424627, 43.8159926]}}, {"type": "Feature", "properties": {"id": 898454118, "name": "Shell", "brand": "Shell", "opening_hours": null}, "geometry": {"type": "Point", "coordinates": [-79.6161993, 43.5500165]}}, {"type": "Feature", "properties": {"id": 919951991, "name": null, "brand": null, "opening_hours": null}, "geometry": {"type": "Point", "coordinates": [-81.2539729, 43.0347148]}}, {"type": "Feature", "properties": {"id": 919951992, "name": null, "brand": null, "opening_hours": null}, "geometry": {"type": "Point", "coordinates": [-81.2544664, 43.0352637]}}, {"type": "Feature", "properties": {"id": 934401558, "name": "Pioneer", "brand": "Pioneer", "opening_hours": null}, "geometry": {"type": "Point", "coordinates": [-79.7080167, 43.7336453]}}, {"type": "Feature", "properties": {"id": 944808165, "name": "Shell", "brand": "Shell", "opening_hours": null}, "geometry": {"type": "Point", "coordinates": [-79.6605983, 43.5707291]}}, {"type": "Feature", "properties": {"id": 1014407574, "name": "7-Eleven", "brand": "7-Eleven", "opening_hours": null}, "geometry": {"type": "Point", "coordinates": [-79.7515025, 43.549168]}}, {"type": "Feature", "properties": {"id": 1015418995, "name": "Shell", "brand": "Shell", "opening_hours": null}, "geometry": {"type": "Point", "coordinates": [-79.5216122, 43.8340197]}}, {"type": "Feature", "properties": {"id": 1015418996, "name": "Petro-Canada", "brand": "Petro-Canada", "opening_hours": null}, "geometry": {"type": "Point", "coordinates": [-79.5223578, 43.8328935]}}, {"type": "Feature", "properties": {"id": 1036650768, "name": "Esso", "brand": "Esso", "opening_hours": null}, "geometry": {"type": "Point", "coordinates": [-79.7474452, 43.6770103]}}, {"type": "Feature", "properties": {"id": 1051119648, "name": "Petro-Canada", "brand": "Petro-Canada", "opening_hours": null}, "geometry": {"type": "Point", "coordinates": [-80.2596751, 43.133977]}}, {"type": "Feature", "properties": {"id": 1073902102, "name": "Petro-Canada", "brand": "Petro-Canada", "opening_hours": "24/7"}, "geometry": {"type": "Point", "coordinates": [-74.769766, 45.0476126]}}, {"type": "Feature", "properties": {"id": 1076630234, "name": "Husky", "brand": "Husky", "opening_hours": null}, "geometry": {"type": "Point", "coordinates": [-78.9200272, 43.904628]}}, {"type": "Feature", "properties": {"id": 1076633722, "name": "Petro-Canada", "brand": "Petro-Canada", "opening_hours": null}, "geometry": {"type": "Point", "coordinates": [-78.9207849, 43.9036486]}}, {"type": "Feature", "properties": {"id": 1078519757, "name": "Petro-Canada", "brand": "Petro-Canada", "opening_hours": "24/7"}, "geometry": {"type": "Point", "coordinates": [-79.2389396, 43.89745]}}, {"type": "Feature", "properties": {"id": 1079808017, "name": "Esso", "brand": "Esso", "opening_hours": null}, "geometry": {"type": "Point", "coordinates": [-79.7529977, 43.392142]}}, {"type": "Feature", "properties": {"id": 1079808120, "name": "Petro-Canada", "brand": "Petro-Canada", "opening_hours": null}, "geometry": {"type": "Point", "coordinates": [-79.7512994, 43.3920874]}}, {"type": "Feature", "properties": {"id": 1080130525, "name": "Esso", "brand": "Esso", "opening_hours": null}, "geometry": {"type": "Point", "coordinates": [-79.2920151, 43.8951858]}}, {"type": "Feature", "properties": {"id": 1080132904, "name": "Petro-Canada", "brand": "Petro-Canada", "opening_hours": null}, "geometry": {"type": "Point", "coordinates": [-79.2925405, 43.9031891]}}, {"type": "Feature", "properties": {"id": 1083056481, "name": "Esso", "brand": "Esso", "opening_hours": null}, "geometry": {"type": "Point", "coordinates": [-79.4848533, 43.9570561]}}, {"type": "Feature", "properties": {"id": 1108537423, "name": null, "brand": null, "opening_hours": null}, "geometry": {"type": "Point", "coordinates": [-76.8072392, 44.4296001]}}, {"type": "Feature", "properties": {"id": 1114475135, "name": "Esso", "brand": "Esso", "opening_hours": null}, "geometry": {"type": "Point", "coordinates": [-79.6933751, 43.4413469]}}, {"type": "Feature", "properties": {"id": 1116466938, "name": "Petro-Canada", "brand": "Petro-Canada", "opening_hours": null}, "geometry": {"type": "Point", "coordinates": [-79.8087808, 43.4065809]}}, {"type": "Feature", "properties": {"id": 1116869514, "name": "Shell", "brand": "Shell", "opening_hours": null}, "geometry": {"type": "Point", "coordinates": [-79.8078469, 43.4057746]}}, {"type": "Feature", "properties": {"id": 1131523884, "name": "Petro-Canada", "brand": "Petro-Canada", "opening_hours": null}, "geometry": {"type": "Point", "coordinates": [-79.4707546, 43.7874726]}}, {"type": "Feature", "properties": {"id": 1186821373, "name": "Petro-Canada", "brand": "Petro-Canada", "opening_hours": null}, "geometry": {"type": "Point", "coordinates": [-79.2886816, 43.7828431]}}, {"type": "Feature", "properties": {"id": 1196451722, "name": "Shell", "brand": "Shell", "opening_hours": null}, "geometry": {"type": "Point", "coordinates": [-79.6265082, 43.7724725]}}, {"type": "Feature", "properties": {"id": 1236605801, "name": "Petro-Canada", "brand": "Petro-Canada", "opening_hours": null}, "geometry": {"type": "Point", "coordinates": [-79.621648, 43.609839]}}, {"type": "Feature", "properties": {"id": 1242773547, "name": "Petro-Canada", "brand": "Petro-Canada", "opening_hours": null}, "geometry": {"type": "Point", "coordinates": [-75.6420403, 45.3537179]}}, {"type": "Feature", "properties": {"id": 1257582119, "name": "Petro-Canada", "brand": "Petro-Canada", "opening_hours": null}, "geometry": {"type": "Point", "coordinates": [-79.4694728, 43.8447868]}}, {"type": "Feature", "properties": {"id": 1257582128, "name": "Ultramar", "brand": "Ultramar", "opening_hours": "24/7"}, "geometry": {"type": "Point", "coordinates": [-79.5086949, 43.8367586]}}, {"type": "Feature", "properties": {"id": 1268665790, "name": "Petro-Canada", "brand": "Petro-Canada", "opening_hours": null}, "geometry": {"type": "Point", "coordinates": [-79.3721948, 43.6968659]}}, {"type": "Feature", "properties": {"id": 1277811851, "name": "Esso", "brand": "Esso", "opening_hours": null}, "geometry": {"type": "Point", "coordinates": [-81.6204572, 49.2735161]}}, {"type": "Feature", "properties": {"id": 1300759595, "name": "Esso", "brand": "Esso", "opening_hours": null}, "geometry": {"type": "Point", "coordinates": [-79.3622549, 43.8683875]}}, {"type": "Feature", "properties": {"id": 1311355947, "name": "Petro-Canada", "brand": "Petro-Canada", "opening_hours": null}, "geometry": {"type": "Point", "coordinates": [-79.6403368, 43.5192045]}}, {"type": "Feature", "properties": {"id": 1313119010, "name": "Pioneer", "brand": "Pioneer", "opening_hours": null}, "geometry": {"type": "Point", "coordinates": [-79.607892, 43.5315607]}}, {"type": "Feature", "properties": {"id": 1317431404, "name": "Canadian Tire", "brand": "Canadian Tire", "opening_hours": null}, "geometry": {"type": "Point", "coordinates": [-81.336229, 43.0080568]}}, {"type": "Feature", "properties": {"id": 1327391742, "name": "Petro-Canada", "brand": "Petro-Canada", "opening_hours": null}, "geometry": {"type": "Point", "coordinates": [-79.5929851, 43.5890754]}}, {"type": "Feature", "properties": {"id": 1344097862, "name": "MacEwen", "brand": "MacEwen", "opening_hours": null}, "geometry": {"type": "Point", "coordinates": [-78.3431971, 44.2818737]}}, {"type": "Feature", "properties": {"id": 1344432510, "name": "Petro-Canada", "brand": "Petro-Canada", "opening_hours": "24/7"}, "geometry": {"type": "Point", "coordinates": [-79.7676319, 43.6218572]}}, {"type": "Feature", "properties": {"id": 1345313980, "name": "Petro-Canada", "brand": "Petro-Canada", "opening_hours": null}, "geometry": {"type": "Point", "coordinates": [-79.715853, 43.6366918]}}, {"type": "Feature", "properties": {"id": 1349693296, "name": "Esso", "brand": "Esso", "opening_hours": null}, "geometry": {"type": "Point", "coordinates": [-79.6237707, 43.5171281]}}, {"type": "Feature", "properties": {"id": 1350498820, "name": "Shell", "brand": "Shell", "opening_hours": null}, "geometry": {"type": "Point", "coordinates": [-81.2399222, 43.0064796]}}, {"type": "Feature", "properties": {"id": 1352153184, "name": "MacEwen", "brand": "MacEwen", "opening_hours": null}, "geometry": {"type": "Point", "coordinates": [-77.3782416, 45.3144453]}}, {"type": "Feature", "properties": {"id": 1365056878, "name": "CAN-OP", "brand": null, "opening_hours": null}, "geometry": {"type": "Point", "coordinates": [-89.0389037, 50.3023832]}}, {"type": "Feature", "properties": {"id": 1371627318, "name": "Maple Leaf Country Store", "brand": null, "opening_hours": null}, "geometry": {"type": "Point", "coordinates": [-77.8353392, 45.264428]}}, {"type": "Feature", "properties": {"id": 1378042293, "name": "Petro-Canada", "brand": "Petro-Canada", "opening_hours": null}, "geometry": {"type": "Point", "coordinates": [-79.0733088, 43.8477272]}}, {"type": "Feature", "properties": {"id": 1378053959, "name": "Canadian Tire", "brand": "Canadian Tire", "opening_hours": null}, "geometry": {"type": "Point", "coordinates": [-79.0716161, 43.843451]}}, {"type": "Feature", "properties": {"id": 1378054892, "name": "Petro-Canada", "brand": "Petro-Canada", "opening_hours": null}, "geometry": {"type": "Point", "coordinates": [-79.0727111, 43.8431236]}}, {"type": "Feature", "properties": {"id": 1393201070, "name": "Petro-Canada", "brand": "Petro-Canada", "opening_hours": null}, "geometry": {"type": "Point", "coordinates": [-82.1675056, 45.7324308]}}, {"type": "Feature", "properties": {"id": 1393201074, "name": "Paul's Corner Store", "brand": "Esso", "opening_hours": "07:30-22:00"}, "geometry": {"type": "Point", "coordinates": [-82.1607218, 45.8276714]}}, {"type": "Feature", "properties": {"id": 1394961940, "name": "Canadian Tire", "brand": "Canadian Tire", "opening_hours": null}, "geometry": {"type": "Point", "coordinates": [-77.4999352, 46.1000805]}}, {"type": "Feature", "properties": {"id": 1394962002, "name": "Crevier", "brand": "Crevi\u00e8r", "opening_hours": null}, "geometry": {"type": "Point", "coordinates": [-77.8966827, 46.2133294]}}, {"type": "Feature", "properties": {"id": 1406561302, "name": "Petro-Canada", "brand": "Petro-Canada", "opening_hours": null}, "geometry": {"type": "Point", "coordinates": [-79.7120515, 43.596862]}}, {"type": "Feature", "properties": {"id": 1407765583, "name": "Petro-Canada", "brand": "Petro-Canada", "opening_hours": null}, "geometry": {"type": "Point", "coordinates": [-79.6524514, 43.5793563]}}, {"type": "Feature", "properties": {"id": 1407765750, "name": "Esso", "brand": "Esso", "opening_hours": null}, "geometry": {"type": "Point", "coordinates": [-79.6507693, 43.5795682]}}, {"type": "Feature", "properties": {"id": 1408386943, "name": "Amco", "brand": null, "opening_hours": null}, "geometry": {"type": "Point", "coordinates": [-79.7343941, 43.5972736]}}, {"type": "Feature", "properties": {"id": 1408854292, "name": "Petro-Canada", "brand": "Petro-Canada", "opening_hours": null}, "geometry": {"type": "Point", "coordinates": [-79.7431623, 43.5861256]}}, {"type": "Feature", "properties": {"id": 1408860250, "name": "7-Eleven", "brand": "7-Eleven", "opening_hours": null}, "geometry": {"type": "Point", "coordinates": [-79.7415179, 43.5853652]}}, {"type": "Feature", "properties": {"id": 1409297921, "name": "Esso", "brand": "Esso", "opening_hours": null}, "geometry": {"type": "Point", "coordinates": [-79.7178169, 43.6364526]}}, {"type": "Feature", "properties": {"id": 1434202179, "name": "Petro-Canada", "brand": "Petro-Canada", "opening_hours": "PH,Mo-Su 00:00-24:00"}, "geometry": {"type": "Point", "coordinates": [-79.599977, 43.65388]}}, {"type": "Feature", "properties": {"id": 1436974330, "name": "Budget Propane", "brand": null, "opening_hours": null}, "geometry": {"type": "Point", "coordinates": [-79.3242456, 44.8643079]}}, {"type": "Feature", "properties": {"id": 1444943708, "name": "Petro-Canada", "brand": "Petro-Canada", "opening_hours": null}, "geometry": {"type": "Point", "coordinates": [-79.448763, 43.802992]}}, {"type": "Feature", "properties": {"id": 1444976228, "name": "Esso", "brand": "Esso", "opening_hours": null}, "geometry": {"type": "Point", "coordinates": [-79.4221016, 43.8074973]}}, {"type": "Feature", "properties": {"id": 1451326162, "name": "Shell", "brand": "Shell", "opening_hours": null}, "geometry": {"type": "Point", "coordinates": [-79.4201669, 43.7346502]}}, {"type": "Feature", "properties": {"id": 1459408970, "name": "Pioneer", "brand": "Pioneer", "opening_hours": "24/7"}, "geometry": {"type": "Point", "coordinates": [-79.1950258, 43.7897982]}}, {"type": "Feature", "properties": {"id": 1506330740, "name": "Petro-Canada", "brand": "Petro-Canada", "opening_hours": "24/7"}, "geometry": {"type": "Point", "coordinates": [-80.3277375, 43.4084752]}}, {"type": "Feature", "properties": {"id": 1508932445, "name": "Shell", "brand": "Shell", "opening_hours": null}, "geometry": {"type": "Point", "coordinates": [-79.0222133, 43.8518298]}}, {"type": "Feature", "properties": {"id": 1508944295, "name": "Costco Gasoline", "brand": "Costco", "opening_hours": null}, "geometry": {"type": "Point", "coordinates": [-79.0178694, 43.8635589]}}, {"type": "Feature", "properties": {"id": 1508982103, "name": "Petro-Canada", "brand": "Petro-Canada", "opening_hours": null}, "geometry": {"type": "Point", "coordinates": [-78.9326975, 43.8822522]}}, {"type": "Feature", "properties": {"id": 1509103808, "name": "Shell", "brand": "Shell", "opening_hours": null}, "geometry": {"type": "Point", "coordinates": [-78.8832344, 43.8937745]}}, {"type": "Feature", "properties": {"id": 1509127469, "name": "Esso", "brand": "Esso", "opening_hours": null}, "geometry": {"type": "Point", "coordinates": [-78.873842, 43.895005]}}, {"type": "Feature", "properties": {"id": 1509415766, "name": "Petro-Canada", "brand": "Petro-Canada", "opening_hours": null}, "geometry": {"type": "Point", "coordinates": [-78.9851781, 43.8697634]}}, {"type": "Feature", "properties": {"id": 1516064845, "name": "Shell", "brand": "Shell", "opening_hours": null}, "geometry": {"type": "Point", "coordinates": [-79.6460467, 43.5551057]}}, {"type": "Feature", "properties": {"id": 1518513714, "name": "Shell", "brand": "Shell", "opening_hours": "24/7"}, "geometry": {"type": "Point", "coordinates": [-79.5003951, 43.601613]}}, {"type": "Feature", "properties": {"id": 1518712365, "name": "Canadian Tire", "brand": "Canadian Tire", "opening_hours": "Mo-Fr 05:30-23:00; Sa 06:00-23:00; Su 07:00-22:00"}, "geometry": {"type": "Point", "coordinates": [-79.6359122, 43.5150317]}}, {"type": "Feature", "properties": {"id": 1518725403, "name": "Petro-Canada", "brand": "Petro-Canada", "opening_hours": null}, "geometry": {"type": "Point", "coordinates": [-79.6685081, 43.5354456]}}, {"type": "Feature", "properties": {"id": 1525671277, "name": "Esso", "brand": "Esso", "opening_hours": null}, "geometry": {"type": "Point", "coordinates": [-79.6583713, 43.6640179]}}, {"type": "Feature", "properties": {"id": 1527745265, "name": "Mobil", "brand": "Mobil", "opening_hours": null}, "geometry": {"type": "Point", "coordinates": [-79.483129, 43.669264]}}, {"type": "Feature", "properties": {"id": 1536681876, "name": "Petro-Canada", "brand": "Petro-Canada", "opening_hours": null}, "geometry": {"type": "Point", "coordinates": [-80.5201433, 43.4776244]}}, {"type": "Feature", "properties": {"id": 1541746387, "name": "Shell", "brand": "Shell", "opening_hours": null}, "geometry": {"type": "Point", "coordinates": [-79.7802797, 43.3873218]}}, {"type": "Feature", "properties": {"id": 1541746397, "name": "Pioneer", "brand": "Pioneer", "opening_hours": null}, "geometry": {"type": "Point", "coordinates": [-79.7819933, 43.3873631]}}, {"type": "Feature", "properties": {"id": 1544407462, "name": "Petro-Canada", "brand": "Petro-Canada", "opening_hours": null}, "geometry": {"type": "Point", "coordinates": [-80.5064693, 43.4627302]}}, {"type": "Feature", "properties": {"id": 1557701454, "name": "Shell", "brand": "Shell", "opening_hours": null}, "geometry": {"type": "Point", "coordinates": [-79.7353319, 43.3847307]}}, {"type": "Feature", "properties": {"id": 1566627244, "name": "Canadian Tire", "brand": "Canadian Tire", "opening_hours": null}, "geometry": {"type": "Point", "coordinates": [-80.5244981, 43.4844797]}}, {"type": "Feature", "properties": {"id": 1566642661, "name": "Esso", "brand": "Esso", "opening_hours": null}, "geometry": {"type": "Point", "coordinates": [-76.51851, 44.2584127]}}, {"type": "Feature", "properties": {"id": 1566657321, "name": "Esso", "brand": "Esso", "opening_hours": null}, "geometry": {"type": "Point", "coordinates": [-79.4361202, 44.0847208]}}, {"type": "Feature", "properties": {"id": 1568191775, "name": "Canadian Tire", "brand": "Canadian Tire", "opening_hours": null}, "geometry": {"type": "Point", "coordinates": [-79.2184298, 43.13412]}}, {"type": "Feature", "properties": {"id": 1581383368, "name": "Canadian Tire", "brand": "Canadian Tire", "opening_hours": null}, "geometry": {"type": "Point", "coordinates": [-79.6429894, 43.6526025]}}, {"type": "Feature", "properties": {"id": 1583479121, "name": "Esso", "brand": "Esso", "opening_hours": null}, "geometry": {"type": "Point", "coordinates": [-79.4399183, 43.8852841]}}, {"type": "Feature", "properties": {"id": 1599282200, "name": "Petro-Canada", "brand": "Petro-Canada", "opening_hours": null}, "geometry": {"type": "Point", "coordinates": [-79.7798003, 43.7362557]}}, {"type": "Feature", "properties": {"id": 1615011962, "name": "Shell", "brand": "Shell", "opening_hours": null}, "geometry": {"type": "Point", "coordinates": [-79.7949362, 43.3720225]}}, {"type": "Feature", "properties": {"id": 1616739703, "name": "Canadian Tire", "brand": "Canadian Tire", "opening_hours": null}, "geometry": {"type": "Point", "coordinates": [-79.8888423, 43.6499737]}}, {"type": "Feature", "properties": {"id": 1616739712, "name": "Esso", "brand": "Esso", "opening_hours": null}, "geometry": {"type": "Point", "coordinates": [-79.8785886, 43.6493392]}}, {"type": "Feature", "properties": {"id": 1616739850, "name": "Husky", "brand": "Husky", "opening_hours": null}, "geometry": {"type": "Point", "coordinates": [-79.8945268, 43.6502041]}}, {"type": "Feature", "properties": {"id": 1616739984, "name": "XTR", "brand": "XTR", "opening_hours": null}, "geometry": {"type": "Point", "coordinates": [-79.9321702, 43.63645]}}, {"type": "Feature", "properties": {"id": 1616756811, "name": "Cango", "brand": null, "opening_hours": null}, "geometry": {"type": "Point", "coordinates": [-79.9815751, 43.6728064]}}, {"type": "Feature", "properties": {"id": 1618595419, "name": "Esso", "brand": "Esso", "opening_hours": "24/7"}, "geometry": {"type": "Point", "coordinates": [-79.5093923, 43.8388396]}}, {"type": "Feature", "properties": {"id": 1620916725, "name": "Esso", "brand": "Esso", "opening_hours": "24/7"}, "geometry": {"type": "Point", "coordinates": [-79.8881499, 43.2626569]}}, {"type": "Feature", "properties": {"id": 1621038689, "name": "Foxton Fuels", "brand": null, "opening_hours": null}, "geometry": {"type": "Point", "coordinates": [-80.9376134, 43.7249808]}}, {"type": "Feature", "properties": {"id": 1623078590, "name": "Darshan Gas Bar", "brand": null, "opening_hours": null}, "geometry": {"type": "Point", "coordinates": [-80.4851346, 43.4578859]}}, {"type": "Feature", "properties": {"id": 1627733892, "name": "Pioneer", "brand": "Pioneer", "opening_hours": null}, "geometry": {"type": "Point", "coordinates": [-79.7675301, 43.3769525]}}, {"type": "Feature", "properties": {"id": 1638574765, "name": "Husky", "brand": "Husky", "opening_hours": null}, "geometry": {"type": "Point", "coordinates": [-79.4843701, 44.0681055]}}, {"type": "Feature", "properties": {"id": 1646268223, "name": "Petro-Canada", "brand": "Petro-Canada", "opening_hours": null}, "geometry": {"type": "Point", "coordinates": [-79.7956463, 43.3712693]}}, {"type": "Feature", "properties": {"id": 1647969931, "name": "Shell", "brand": "Shell", "opening_hours": "24/7"}, "geometry": {"type": "Point", "coordinates": [-79.4720621, 43.6823097]}}, {"type": "Feature", "properties": {"id": 1647970953, "name": "Shell", "brand": "Shell", "opening_hours": null}, "geometry": {"type": "Point", "coordinates": [-79.4764233, 43.7035652]}}, {"type": "Feature", "properties": {"id": 1650583663, "name": "Pioneer", "brand": "Pioneer", "opening_hours": null}, "geometry": {"type": "Point", "coordinates": [-79.4833551, 43.7334257]}}, {"type": "Feature", "properties": {"id": 1659459531, "name": "Husky", "brand": "Husky", "opening_hours": null}, "geometry": {"type": "Point", "coordinates": [-79.8148548, 43.3594516]}}, {"type": "Feature", "properties": {"id": 1667852583, "name": "Petro-Canada", "brand": "Petro-Canada", "opening_hours": null}, "geometry": {"type": "Point", "coordinates": [-79.8173311, 43.3377429]}}, {"type": "Feature", "properties": {"id": 1695704699, "name": "Transit Fuel", "brand": null, "opening_hours": null}, "geometry": {"type": "Point", "coordinates": [-80.5328378, 43.5039782]}}, {"type": "Feature", "properties": {"id": 1701767987, "name": "Esso", "brand": "Esso", "opening_hours": null}, "geometry": {"type": "Point", "coordinates": [-79.8099269, 43.3558546]}}, {"type": "Feature", "properties": {"id": 1713655453, "name": "Econo", "brand": null, "opening_hours": null}, "geometry": {"type": "Point", "coordinates": [-79.768613, 43.3540672]}}, {"type": "Feature", "properties": {"id": 1726088611, "name": "Pioneer", "brand": "Pioneer", "opening_hours": "24/7"}, "geometry": {"type": "Point", "coordinates": [-80.4714851, 43.4416105]}}, {"type": "Feature", "properties": {"id": 1728536583, "name": "Canadian Tire", "brand": "Canadian Tire", "opening_hours": null}, "geometry": {"type": "Point", "coordinates": [-79.4668053, 43.765625]}}, {"type": "Feature", "properties": {"id": 1730111897, "name": "Shell", "brand": "Shell", "opening_hours": null}, "geometry": {"type": "Point", "coordinates": [-79.4806853, 43.9385712]}}, {"type": "Feature", "properties": {"id": 1732089186, "name": "Petro-Canada", "brand": "Petro-Canada", "opening_hours": null}, "geometry": {"type": "Point", "coordinates": [-79.3784596, 43.9416319]}}, {"type": "Feature", "properties": {"id": 1736854585, "name": "Esso", "brand": "Esso", "opening_hours": "24/7"}, "geometry": {"type": "Point", "coordinates": [-79.2901322, 44.0000923]}}, {"type": "Feature", "properties": {"id": 1746999690, "name": "Petro-Canada", "brand": "Petro-Canada", "opening_hours": null}, "geometry": {"type": "Point", "coordinates": [-80.2862704, 43.5254633]}}, {"type": "Feature", "properties": {"id": 1747000895, "name": "Esso", "brand": "Esso", "opening_hours": null}, "geometry": {"type": "Point", "coordinates": [-80.2795812, 43.5388684]}}, {"type": "Feature", "properties": {"id": 1747000900, "name": "Petro-Canada", "brand": "Petro-Canada", "opening_hours": null}, "geometry": {"type": "Point", "coordinates": [-80.2787717, 43.539408]}}, {"type": "Feature", "properties": {"id": 1748098056, "name": null, "brand": null, "opening_hours": null}, "geometry": {"type": "Point", "coordinates": [-79.7140678, 44.354688]}}, {"type": "Feature", "properties": {"id": 1749159516, "name": "Petro-Canada", "brand": "Petro-Canada", "opening_hours": null}, "geometry": {"type": "Point", "coordinates": [-79.5216782, 43.8919664]}}, {"type": "Feature", "properties": {"id": 1754423613, "name": "Shell", "brand": "Shell", "opening_hours": null}, "geometry": {"type": "Point", "coordinates": [-79.828017, 43.3464032]}}, {"type": "Feature", "properties": {"id": 1754507853, "name": "Petro-Canada", "brand": "Petro-Canada", "opening_hours": null}, "geometry": {"type": "Point", "coordinates": [-79.1648954, 43.1605736]}}, {"type": "Feature", "properties": {"id": 1766409162, "name": "XTR", "brand": "XTR", "opening_hours": null}, "geometry": {"type": "Point", "coordinates": [-79.8171195, 43.3495627]}}, {"type": "Feature", "properties": {"id": 1782140951, "name": "Esso", "brand": "Esso", "opening_hours": null}, "geometry": {"type": "Point", "coordinates": [-79.2519344, 43.7717276]}}, {"type": "Feature", "properties": {"id": 1786809656, "name": "Petro-Canada", "brand": "Petro-Canada", "opening_hours": null}, "geometry": {"type": "Point", "coordinates": [-79.7833423, 43.3635842]}}, {"type": "Feature", "properties": {"id": 1808256435, "name": "Canadian Tire", "brand": "Canadian Tire", "opening_hours": null}, "geometry": {"type": "Point", "coordinates": [-79.4826578, 44.059528]}}, {"type": "Feature", "properties": {"id": 1809516145, "name": "Petro-Canada", "brand": "Petro-Canada", "opening_hours": null}, "geometry": {"type": "Point", "coordinates": [-79.4840836, 44.0725667]}}, {"type": "Feature", "properties": {"id": 1811712334, "name": "Esso", "brand": "Esso", "opening_hours": null}, "geometry": {"type": "Point", "coordinates": [-79.7817432, 43.7362643]}}, {"type": "Feature", "properties": {"id": 1811765433, "name": "Shell", "brand": "Shell", "opening_hours": "24/7"}, "geometry": {"type": "Point", "coordinates": [-79.773749, 43.7407651]}}, {"type": "Feature", "properties": {"id": 1811965091, "name": "Petro-Canada", "brand": "Petro-Canada", "opening_hours": null}, "geometry": {"type": "Point", "coordinates": [-79.3331635, 43.7750101]}}, {"type": "Feature", "properties": {"id": 1814152616, "name": "Esso", "brand": "Esso", "opening_hours": null}, "geometry": {"type": "Point", "coordinates": [-79.5267745, 43.8523131]}}, {"type": "Feature", "properties": {"id": 1817685341, "name": "Petro-Canada", "brand": "Petro-Canada", "opening_hours": null}, "geometry": {"type": "Point", "coordinates": [-79.421293, 43.800238]}}, {"type": "Feature", "properties": {"id": 1818268324, "name": "Petro-Canada", "brand": "Petro-Canada", "opening_hours": null}, "geometry": {"type": "Point", "coordinates": [-79.4511882, 44.0408569]}}, {"type": "Feature", "properties": {"id": 1821568229, "name": "Petro-Canada", "brand": "Petro-Canada", "opening_hours": null}, "geometry": {"type": "Point", "coordinates": [-79.7470489, 43.7471528]}}, {"type": "Feature", "properties": {"id": 1824448768, "name": "Global", "brand": "Global", "opening_hours": null}, "geometry": {"type": "Point", "coordinates": [-78.8598689, 43.9374792]}}, {"type": "Feature", "properties": {"id": 1829140327, "name": "Ultramar", "brand": "Ultramar", "opening_hours": null}, "geometry": {"type": "Point", "coordinates": [-78.9671129, 43.951974]}}, {"type": "Feature", "properties": {"id": 1829324031, "name": "Shell", "brand": "Shell", "opening_hours": null}, "geometry": {"type": "Point", "coordinates": [-78.9617337, 43.9537644]}}, {"type": "Feature", "properties": {"id": 1829337007, "name": "Esso", "brand": "Esso", "opening_hours": null}, "geometry": {"type": "Point", "coordinates": [-78.9438595, 43.956707]}}, {"type": "Feature", "properties": {"id": 1829373772, "name": "Petro-Canada", "brand": "Petro-Canada", "opening_hours": null}, "geometry": {"type": "Point", "coordinates": [-78.9427238, 43.9579261]}}, {"type": "Feature", "properties": {"id": 1832210644, "name": "Shell", "brand": "Shell", "opening_hours": null}, "geometry": {"type": "Point", "coordinates": [-79.4679387, 43.8834622]}}, {"type": "Feature", "properties": {"id": 1832754415, "name": "Petro-Canada", "brand": "Petro-Canada", "opening_hours": null}, "geometry": {"type": "Point", "coordinates": [-79.4993816, 43.8578783]}}, {"type": "Feature", "properties": {"id": 1833574645, "name": "Esso", "brand": "Esso", "opening_hours": "24/7"}, "geometry": {"type": "Point", "coordinates": [-79.5374467, 43.8499407]}}, {"type": "Feature", "properties": {"id": 1839409646, "name": "Esso", "brand": "Esso", "opening_hours": null}, "geometry": {"type": "Point", "coordinates": [-79.5533444, 43.8451962]}}, {"type": "Feature", "properties": {"id": 1840749950, "name": "Petro-Canada", "brand": "Petro-Canada", "opening_hours": null}, "geometry": {"type": "Point", "coordinates": [-79.8760556, 43.63052]}}, {"type": "Feature", "properties": {"id": 1840749951, "name": "7-Eleven", "brand": "7-Eleven", "opening_hours": null}, "geometry": {"type": "Point", "coordinates": [-79.8796166, 43.6331427]}}, {"type": "Feature", "properties": {"id": 1842989647, "name": "Esso", "brand": "Esso", "opening_hours": null}, "geometry": {"type": "Point", "coordinates": [-79.4196938, 43.7985904]}}, {"type": "Feature", "properties": {"id": 1849282510, "name": "Esso", "brand": "Esso", "opening_hours": null}, "geometry": {"type": "Point", "coordinates": [-79.4873323, 43.6300329]}}, {"type": "Feature", "properties": {"id": 1852344000, "name": "Ultramar", "brand": "Ultramar", "opening_hours": null}, "geometry": {"type": "Point", "coordinates": [-79.5497644, 43.5857187]}}, {"type": "Feature", "properties": {"id": 1854311811, "name": "Costco Gasoline", "brand": "Costco", "opening_hours": null}, "geometry": {"type": "Point", "coordinates": [-79.5076416, 43.6243639]}}, {"type": "Feature", "properties": {"id": 1859061834, "name": "Cardiff Country Store", "brand": null, "opening_hours": null}, "geometry": {"type": "Point", "coordinates": [-78.0148656, 44.9925155]}}, {"type": "Feature", "properties": {"id": 1859446731, "name": "Canadian Tire Gas+", "brand": "Canadian Tire", "opening_hours": "24/7"}, "geometry": {"type": "Point", "coordinates": [-79.5448111, 43.6173007]}}, {"type": "Feature", "properties": {"id": 1860912197, "name": "Esso", "brand": "Esso", "opening_hours": null}, "geometry": {"type": "Point", "coordinates": [-79.9228841, 43.2573376]}}, {"type": "Feature", "properties": {"id": 1862244284, "name": "Petro-Canada", "brand": "Petro-Canada", "opening_hours": null}, "geometry": {"type": "Point", "coordinates": [-79.6567403, 43.4788011]}}, {"type": "Feature", "properties": {"id": 1862505937, "name": "Canadian Tire", "brand": "Canadian Tire", "opening_hours": null}, "geometry": {"type": "Point", "coordinates": [-79.6974945, 43.4505579]}}, {"type": "Feature", "properties": {"id": 1864593324, "name": "Mobil", "brand": "Mobil", "opening_hours": null}, "geometry": {"type": "Point", "coordinates": [-78.5359167, 45.0457793]}}, {"type": "Feature", "properties": {"id": 1864593380, "name": "XTR", "brand": "XTR", "opening_hours": null}, "geometry": {"type": "Point", "coordinates": [-78.5179578, 45.0436408]}}, {"type": "Feature", "properties": {"id": 1865224318, "name": "Pioneer", "brand": "Pioneer", "opening_hours": null}, "geometry": {"type": "Point", "coordinates": [-79.9714767, 43.3519701]}}, {"type": "Feature", "properties": {"id": 1866577692, "name": "Canadian Tire", "brand": "Canadian Tire", "opening_hours": null}, "geometry": {"type": "Point", "coordinates": [-79.9119811, 43.3177299]}}, {"type": "Feature", "properties": {"id": 1867304068, "name": "Pioneer", "brand": "Pioneer", "opening_hours": null}, "geometry": {"type": "Point", "coordinates": [-79.8726191, 43.3495844]}}, {"type": "Feature", "properties": {"id": 1868129867, "name": "Dost Petroleum", "brand": null, "opening_hours": null}, "geometry": {"type": "Point", "coordinates": [-79.8729178, 43.7699496]}}, {"type": "Feature", "properties": {"id": 1868130009, "name": "Petro-Canada", "brand": "Petro-Canada", "opening_hours": null}, "geometry": {"type": "Point", "coordinates": [-79.7940325, 43.7283156]}}, {"type": "Feature", "properties": {"id": 1868156159, "name": "Petro-Canada", "brand": "Petro-Canada", "opening_hours": null}, "geometry": {"type": "Point", "coordinates": [-79.8030359, 43.7171776]}}, {"type": "Feature", "properties": {"id": 1868193355, "name": "Esso", "brand": "Esso", "opening_hours": "24/7"}, "geometry": {"type": "Point", "coordinates": [-86.3400135, 48.7482946]}}, {"type": "Feature", "properties": {"id": 1869042544, "name": "Petro-Canada", "brand": "Petro-Canada", "opening_hours": null}, "geometry": {"type": "Point", "coordinates": [-80.1291489, 43.4569094]}}, {"type": "Feature", "properties": {"id": 1869495629, "name": "Esso", "brand": "Esso", "opening_hours": null}, "geometry": {"type": "Point", "coordinates": [-78.9312989, 42.9122905]}}, {"type": "Feature", "properties": {"id": 1870796825, "name": "Shell", "brand": "Shell", "opening_hours": null}, "geometry": {"type": "Point", "coordinates": [-79.719529, 43.4886736]}}, {"type": "Feature", "properties": {"id": 1874812214, "name": "Esso", "brand": "Esso", "opening_hours": null}, "geometry": {"type": "Point", "coordinates": [-78.3553837, 44.2798849]}}, {"type": "Feature", "properties": {"id": 1875415673, "name": "Inver", "brand": "Inver", "opening_hours": null}, "geometry": {"type": "Point", "coordinates": [-79.5461636, 43.6032564]}}, {"type": "Feature", "properties": {"id": 1878609601, "name": "Esso", "brand": "Esso", "opening_hours": null}, "geometry": {"type": "Point", "coordinates": [-79.0973397, 43.0891982]}}, {"type": "Feature", "properties": {"id": 1886065751, "name": "Royal Gas", "brand": null, "opening_hours": null}, "geometry": {"type": "Point", "coordinates": [-79.4980279, 43.6149736]}}, {"type": "Feature", "properties": {"id": 1887016894, "name": "Petro-Canada", "brand": "Petro-Canada", "opening_hours": null}, "geometry": {"type": "Point", "coordinates": [-79.0851435, 43.0987333]}}, {"type": "Feature", "properties": {"id": 1887085664, "name": "Esso", "brand": "Esso", "opening_hours": null}, "geometry": {"type": "Point", "coordinates": [-79.3855142, 46.2573267]}}, {"type": "Feature", "properties": {"id": 1887085669, "name": "Petro-Canada", "brand": "Petro-Canada", "opening_hours": null}, "geometry": {"type": "Point", "coordinates": [-79.3605776, 46.1978873]}}, {"type": "Feature", "properties": {"id": 1887085675, "name": "Esso", "brand": "Esso", "opening_hours": null}, "geometry": {"type": "Point", "coordinates": [-79.378196, 45.8392421]}}, {"type": "Feature", "properties": {"id": 1887351163, "name": null, "brand": null, "opening_hours": null}, "geometry": {"type": "Point", "coordinates": [-79.7652368, 43.2405851]}}, {"type": "Feature", "properties": {"id": 1887742068, "name": "Esso", "brand": "Esso", "opening_hours": null}, "geometry": {"type": "Point", "coordinates": [-81.7753954, 46.2863783]}}, {"type": "Feature", "properties": {"id": 1887755349, "name": "Esso", "brand": "Esso", "opening_hours": null}, "geometry": {"type": "Point", "coordinates": [-82.1606281, 45.7322062]}}, {"type": "Feature", "properties": {"id": 1887755454, "name": "Shell", "brand": "Shell", "opening_hours": null}, "geometry": {"type": "Point", "coordinates": [-82.1670332, 45.7321276]}}, {"type": "Feature", "properties": {"id": 1887755466, "name": "Esso", "brand": "Esso", "opening_hours": null}, "geometry": {"type": "Point", "coordinates": [-81.7697924, 46.2646996]}}, {"type": "Feature", "properties": {"id": 1891008444, "name": "Esso", "brand": "Esso", "opening_hours": null}, "geometry": {"type": "Point", "coordinates": [-79.8987449, 43.3279959]}}, {"type": "Feature", "properties": {"id": 1893974105, "name": "Granite", "brand": null, "opening_hours": null}, "geometry": {"type": "Point", "coordinates": [-79.0779888, 43.9260915]}}, {"type": "Feature", "properties": {"id": 1894008840, "name": "Pioneer", "brand": "Pioneer", "opening_hours": null}, "geometry": {"type": "Point", "coordinates": [-78.870766, 43.888481]}}, {"type": "Feature", "properties": {"id": 1894633034, "name": "Mobil", "brand": "Mobil", "opening_hours": null}, "geometry": {"type": "Point", "coordinates": [-79.9270366, 46.3658653]}}, {"type": "Feature", "properties": {"id": 1894633162, "name": "Mobil", "brand": "Mobil", "opening_hours": null}, "geometry": {"type": "Point", "coordinates": [-79.908583, 46.3660486]}}, {"type": "Feature", "properties": {"id": 1894633221, "name": "Shell", "brand": "Shell", "opening_hours": null}, "geometry": {"type": "Point", "coordinates": [-79.9205323, 46.3657894]}}, {"type": "Feature", "properties": {"id": 1894633281, "name": "Canadian Tire", "brand": "Canadian Tire", "opening_hours": null}, "geometry": {"type": "Point", "coordinates": [-79.9252946, 46.3661631]}}, {"type": "Feature", "properties": {"id": 1897642887, "name": "Petro-Canada", "brand": "Petro-Canada", "opening_hours": null}, "geometry": {"type": "Point", "coordinates": [-79.0411481, 43.8581449]}}, {"type": "Feature", "properties": {"id": 1900725956, "name": "Esso", "brand": "Esso", "opening_hours": null}, "geometry": {"type": "Point", "coordinates": [-79.5423669, 43.612426]}}, {"type": "Feature", "properties": {"id": 1901490352, "name": "Esso", "brand": "Esso", "opening_hours": null}, "geometry": {"type": "Point", "coordinates": [-79.7030643, 43.556554]}}, {"type": "Feature", "properties": {"id": 1901490521, "name": "Petro-Canada", "brand": "Petro-Canada", "opening_hours": null}, "geometry": {"type": "Point", "coordinates": [-79.7011723, 43.5566514]}}, {"type": "Feature", "properties": {"id": 1903317175, "name": "Petro-Canada", "brand": "Petro-Canada", "opening_hours": null}, "geometry": {"type": "Point", "coordinates": [-79.507536, 43.7151469]}}, {"type": "Feature", "properties": {"id": 1906215919, "name": "Petro-Canada", "brand": "Petro-Canada", "opening_hours": null}, "geometry": {"type": "Point", "coordinates": [-79.5710462, 43.5650721]}}, {"type": "Feature", "properties": {"id": 1907483159, "name": "Petro-Canada", "brand": "Petro-Canada", "opening_hours": null}, "geometry": {"type": "Point", "coordinates": [-79.6735503, 43.6751761]}}, {"type": "Feature", "properties": {"id": 1907556150, "name": "Shell", "brand": "Shell", "opening_hours": null}, "geometry": {"type": "Point", "coordinates": [-79.647295, 43.654522]}}, {"type": "Feature", "properties": {"id": 1907561025, "name": "Pioneer", "brand": "Pioneer", "opening_hours": null}, "geometry": {"type": "Point", "coordinates": [-79.6311442, 43.6412683]}}, {"type": "Feature", "properties": {"id": 1910802807, "name": "Petro-Canada", "brand": "Petro-Canada", "opening_hours": null}, "geometry": {"type": "Point", "coordinates": [-78.9064633, 43.8731473]}}, {"type": "Feature", "properties": {"id": 1910802825, "name": "Petro-Canada", "brand": "Petro-Canada", "opening_hours": null}, "geometry": {"type": "Point", "coordinates": [-78.9124992, 43.8870543]}}, {"type": "Feature", "properties": {"id": 1910802831, "name": "Shell", "brand": "Shell", "opening_hours": null}, "geometry": {"type": "Point", "coordinates": [-78.9069909, 43.8719983]}}, {"type": "Feature", "properties": {"id": 1910802834, "name": "Esso", "brand": "Esso", "opening_hours": null}, "geometry": {"type": "Point", "coordinates": [-78.9025268, 43.888392]}}, {"type": "Feature", "properties": {"id": 1914561185, "name": "Santak Pump", "brand": null, "opening_hours": null}, "geometry": {"type": "Point", "coordinates": [-79.8234379, 43.7328744]}}, {"type": "Feature", "properties": {"id": 1922035124, "name": "Shell", "brand": "Shell", "opening_hours": null}, "geometry": {"type": "Point", "coordinates": [-79.8085889, 43.6854102]}}, {"type": "Feature", "properties": {"id": 1922035156, "name": "Petro-Canada", "brand": "Petro-Canada", "opening_hours": null}, "geometry": {"type": "Point", "coordinates": [-79.8075934, 43.6864313]}}, {"type": "Feature", "properties": {"id": 1922126352, "name": "Shell", "brand": "Shell", "opening_hours": null}, "geometry": {"type": "Point", "coordinates": [-79.7786382, 43.3599039]}}, {"type": "Feature", "properties": {"id": 1927494542, "name": "Esso", "brand": "Esso", "opening_hours": "24/7"}, "geometry": {"type": "Point", "coordinates": [-79.7759266, 43.628079]}}, {"type": "Feature", "properties": {"id": 1929348796, "name": "Esso", "brand": "Esso", "opening_hours": null}, "geometry": {"type": "Point", "coordinates": [-79.7024508, 43.6164374]}}, {"type": "Feature", "properties": {"id": 1930059348, "name": "Petro-Canada", "brand": "Petro-Canada", "opening_hours": null}, "geometry": {"type": "Point", "coordinates": [-79.7697384, 43.6321646]}}, {"type": "Feature", "properties": {"id": 1936251420, "name": "Esso", "brand": "Esso", "opening_hours": null}, "geometry": {"type": "Point", "coordinates": [-79.2816303, 43.7654111]}}, {"type": "Feature", "properties": {"id": 1936970073, "name": "Esso", "brand": "Esso", "opening_hours": "24/7"}, "geometry": {"type": "Point", "coordinates": [-79.908401, 43.2586287]}}, {"type": "Feature", "properties": {"id": 1944981647, "name": "Ultramar", "brand": "Ultramar", "opening_hours": null}, "geometry": {"type": "Point", "coordinates": [-79.8939281, 43.2023089]}}, {"type": "Feature", "properties": {"id": 1950674104, "name": "Shell", "brand": "Shell", "opening_hours": null}, "geometry": {"type": "Point", "coordinates": [-78.8306939, 43.944126]}}, {"type": "Feature", "properties": {"id": 1953972125, "name": "Esso", "brand": "Esso", "opening_hours": null}, "geometry": {"type": "Point", "coordinates": [-77.3090457, 44.4736734]}}, {"type": "Feature", "properties": {"id": 1957173966, "name": "Esso", "brand": "Esso", "opening_hours": null}, "geometry": {"type": "Point", "coordinates": [-76.5843939, 44.2594058]}}, {"type": "Feature", "properties": {"id": 1962190105, "name": "Costco Gasoline", "brand": "Costco", "opening_hours": "Mo-Fr 06:30-21:30; Sa 06:30-19:00; Su 06:30-18:30"}, "geometry": {"type": "Point", "coordinates": [-79.9460833, 43.2305747]}}, {"type": "Feature", "properties": {"id": 1963002342, "name": "Esso", "brand": "Esso", "opening_hours": null}, "geometry": {"type": "Point", "coordinates": [-79.9587633, 43.205758]}}, {"type": "Feature", "properties": {"id": 1973167123, "name": "Petro-Canada", "brand": "Petro-Canada", "opening_hours": null}, "geometry": {"type": "Point", "coordinates": [-79.3043292, 43.8619888]}}, {"type": "Feature", "properties": {"id": 1988992612, "name": "Petro-Canada", "brand": "Petro-Canada", "opening_hours": null}, "geometry": {"type": "Point", "coordinates": [-79.6265162, 43.7908223]}}, {"type": "Feature", "properties": {"id": 1991772202, "name": "Shell", "brand": "Shell", "opening_hours": null}, "geometry": {"type": "Point", "coordinates": [-83.2205176, 46.2784128]}}, {"type": "Feature", "properties": {"id": 1996468919, "name": "Esso", "brand": "Esso", "opening_hours": null}, "geometry": {"type": "Point", "coordinates": [-79.4657501, 46.3253257]}}, {"type": "Feature", "properties": {"id": 2008635173, "name": "Costco Gasoline", "brand": "Costco", "opening_hours": null}, "geometry": {"type": "Point", "coordinates": [-78.855691, 43.9027745]}}, {"type": "Feature", "properties": {"id": 2010039085, "name": "Shell", "brand": "Shell", "opening_hours": null}, "geometry": {"type": "Point", "coordinates": [-79.257571, 43.787053]}}, {"type": "Feature", "properties": {"id": 2018485953, "name": "Esso", "brand": "Esso", "opening_hours": null}, "geometry": {"type": "Point", "coordinates": [-79.2644637, 43.8915286]}}, {"type": "Feature", "properties": {"id": 2021827200, "name": "Mobil", "brand": "Mobil", "opening_hours": null}, "geometry": {"type": "Point", "coordinates": [-79.5174717, 43.6292566]}}, {"type": "Feature", "properties": {"id": 2031221897, "name": "Shell", "brand": "Shell", "opening_hours": null}, "geometry": {"type": "Point", "coordinates": [-79.486879, 43.7451448]}}, {"type": "Feature", "properties": {"id": 2035752896, "name": "Petro-Canada", "brand": "Petro-Canada", "opening_hours": null}, "geometry": {"type": "Point", "coordinates": [-79.4270007, 44.0673337]}}, {"type": "Feature", "properties": {"id": 2047332635, "name": "Petro-Pass", "brand": "Petro", "opening_hours": null}, "geometry": {"type": "Point", "coordinates": [-79.6842075, 43.6801791]}}, {"type": "Feature", "properties": {"id": 2047589812, "name": "Esso", "brand": "Esso", "opening_hours": null}, "geometry": {"type": "Point", "coordinates": [-79.708689, 43.6993085]}}, {"type": "Feature", "properties": {"id": 2059258323, "name": "Shell", "brand": "Shell", "opening_hours": null}, "geometry": {"type": "Point", "coordinates": [-81.2307217, 42.9585779]}}, {"type": "Feature", "properties": {"id": 2067292681, "name": "Canadian Tire Gas", "brand": "Canadian Tire", "opening_hours": null}, "geometry": {"type": "Point", "coordinates": [-75.836045, 45.321422]}}, {"type": "Feature", "properties": {"id": 2079239103, "name": "Petro-Canada", "brand": "Petro-Canada", "opening_hours": null}, "geometry": {"type": "Point", "coordinates": [-80.2871471, 43.4875989]}}, {"type": "Feature", "properties": {"id": 2079330050, "name": null, "brand": null, "opening_hours": null}, "geometry": {"type": "Point", "coordinates": [-79.153055, 45.6312508]}}, {"type": "Feature", "properties": {"id": 2081518637, "name": "Esso", "brand": "Esso", "opening_hours": null}, "geometry": {"type": "Point", "coordinates": [-79.7037228, 44.4055412]}}, {"type": "Feature", "properties": {"id": 2089188355, "name": "A&I Gas", "brand": null, "opening_hours": null}, "geometry": {"type": "Point", "coordinates": [-79.9512702, 43.3364271]}}, {"type": "Feature", "properties": {"id": 2089188501, "name": "Husky", "brand": "Husky", "opening_hours": null}, "geometry": {"type": "Point", "coordinates": [-79.8344224, 43.3207934]}}, {"type": "Feature", "properties": {"id": 2089474267, "name": "Shell", "brand": "Shell", "opening_hours": null}, "geometry": {"type": "Point", "coordinates": [-79.8318451, 43.3219816]}}, {"type": "Feature", "properties": {"id": 2102190485, "name": "Crevier", "brand": "Crevier", "opening_hours": null}, "geometry": {"type": "Point", "coordinates": [-79.4808413, 46.3327178]}}, {"type": "Feature", "properties": {"id": 2114499320, "name": "Pioneer", "brand": "Pioneer", "opening_hours": null}, "geometry": {"type": "Point", "coordinates": [-79.6853238, 43.5249014]}}, {"type": "Feature", "properties": {"id": 2118302590, "name": "Petro-Canada", "brand": "Petro-Canada", "opening_hours": null}, "geometry": {"type": "Point", "coordinates": [-79.7635521, 43.2284589]}}, {"type": "Feature", "properties": {"id": 2125912620, "name": "Petro-Canada", "brand": "Petro-Canada", "opening_hours": null}, "geometry": {"type": "Point", "coordinates": [-79.7587396, 43.7021346]}}, {"type": "Feature", "properties": {"id": 2133997657, "name": "Petro-Canada", "brand": "Petro-Canada", "opening_hours": null}, "geometry": {"type": "Point", "coordinates": [-79.684652, 43.7521722]}}, {"type": "Feature", "properties": {"id": 2134992428, "name": "Petro-Canada", "brand": "Petro-Canada", "opening_hours": null}, "geometry": {"type": "Point", "coordinates": [-76.568617, 44.2489137]}}, {"type": "Feature", "properties": {"id": 2147112114, "name": "Shell", "brand": "Shell", "opening_hours": null}, "geometry": {"type": "Point", "coordinates": [-79.7598296, 43.7309636]}}, {"type": "Feature", "properties": {"id": 2154209291, "name": "Petro-Canada", "brand": "Petro-Canada", "opening_hours": null}, "geometry": {"type": "Point", "coordinates": [-79.6519106, 43.4895468]}}, {"type": "Feature", "properties": {"id": 2154769540, "name": "Pioneer", "brand": "Pioneer", "opening_hours": null}, "geometry": {"type": "Point", "coordinates": [-79.8961089, 43.3308933]}}, {"type": "Feature", "properties": {"id": 2181858001, "name": "Esso", "brand": "Esso", "opening_hours": null}, "geometry": {"type": "Point", "coordinates": [-79.6524994, 43.5268197]}}, {"type": "Feature", "properties": {"id": 2188928417, "name": "Pioneer", "brand": "Pioneer", "opening_hours": null}, "geometry": {"type": "Point", "coordinates": [-80.2686914, 43.5209879]}}, {"type": "Feature", "properties": {"id": 2199518963, "name": "Petro-Canada", "brand": "Petro-Canada", "opening_hours": null}, "geometry": {"type": "Point", "coordinates": [-79.8226796, 43.5665748]}}, {"type": "Feature", "properties": {"id": 2199850693, "name": "Shell", "brand": "Shell", "opening_hours": null}, "geometry": {"type": "Point", "coordinates": [-80.3242848, 43.3521262]}}, {"type": "Feature", "properties": {"id": 2202072876, "name": "Esso", "brand": "Esso", "opening_hours": null}, "geometry": {"type": "Point", "coordinates": [-79.6961572, 43.7425149]}}, {"type": "Feature", "properties": {"id": 2203975942, "name": "Esso", "brand": "Esso", "opening_hours": null}, "geometry": {"type": "Point", "coordinates": [-79.4705947, 43.7867106]}}, {"type": "Feature", "properties": {"id": 2205927715, "name": "Shell", "brand": "Shell", "opening_hours": null}, "geometry": {"type": "Point", "coordinates": [-79.7213537, 43.7632572]}}, {"type": "Feature", "properties": {"id": 2205950892, "name": "Esso", "brand": "Esso", "opening_hours": null}, "geometry": {"type": "Point", "coordinates": [-83.0541928, 42.3038336]}}, {"type": "Feature", "properties": {"id": 2213950900, "name": "Canadian Tire", "brand": "Canadian Tire", "opening_hours": null}, "geometry": {"type": "Point", "coordinates": [-79.8060631, 43.2509732]}}, {"type": "Feature", "properties": {"id": 2215351334, "name": "Mobil", "brand": "Mobil", "opening_hours": null}, "geometry": {"type": "Point", "coordinates": [-79.5972702, 43.722451]}}, {"type": "Feature", "properties": {"id": 2215582786, "name": "Esso", "brand": "Esso", "opening_hours": null}, "geometry": {"type": "Point", "coordinates": [-79.758956, 43.7032394]}}, {"type": "Feature", "properties": {"id": 2217380660, "name": "Petro-Pass", "brand": null, "opening_hours": null}, "geometry": {"type": "Point", "coordinates": [-79.5202131, 43.8044642]}}, {"type": "Feature", "properties": {"id": 2217654969, "name": "Shell", "brand": "Shell", "opening_hours": null}, "geometry": {"type": "Point", "coordinates": [-79.7266407, 43.7483962]}}, {"type": "Feature", "properties": {"id": 2229169318, "name": "Shell", "brand": "Shell", "opening_hours": null}, "geometry": {"type": "Point", "coordinates": [-82.9011989, 42.3116084]}}, {"type": "Feature", "properties": {"id": 2229206398, "name": "Esso", "brand": "Esso", "opening_hours": null}, "geometry": {"type": "Point", "coordinates": [-79.1756556, 43.7757072]}}, {"type": "Feature", "properties": {"id": 2232090037, "name": "Petro-Pass", "brand": null, "opening_hours": null}, "geometry": {"type": "Point", "coordinates": [-79.8851266, 43.5301086]}}, {"type": "Feature", "properties": {"id": 2250796752, "name": "Petro-Canada", "brand": "Petro-Canada", "opening_hours": null}, "geometry": {"type": "Point", "coordinates": [-79.5239147, 43.6155705]}}, {"type": "Feature", "properties": {"id": 2252772252, "name": "Petro-Canada", "brand": "Petro-Canada", "opening_hours": null}, "geometry": {"type": "Point", "coordinates": [-79.7481816, 43.7292702]}}, {"type": "Feature", "properties": {"id": 2253124475, "name": "Esso", "brand": "Esso", "opening_hours": null}, "geometry": {"type": "Point", "coordinates": [-79.7601924, 43.7907476]}}, {"type": "Feature", "properties": {"id": 2261792874, "name": "Shell", "brand": "Shell", "opening_hours": null}, "geometry": {"type": "Point", "coordinates": [-79.7610953, 43.7913865]}}, {"type": "Feature", "properties": {"id": 2266364127, "name": "Petro-Canada", "brand": "Petro-Canada", "opening_hours": null}, "geometry": {"type": "Point", "coordinates": [-80.2355495, 43.5180169]}}, {"type": "Feature", "properties": {"id": 2266364302, "name": "UPI", "brand": null, "opening_hours": null}, "geometry": {"type": "Point", "coordinates": [-80.2787785, 43.4955284]}}, {"type": "Feature", "properties": {"id": 2273922903, "name": "Husky", "brand": "Husky", "opening_hours": null}, "geometry": {"type": "Point", "coordinates": [-79.6687106, 43.6794974]}}, {"type": "Feature", "properties": {"id": 2281497662, "name": "Petro-Canada", "brand": "Petro-Canada", "opening_hours": null}, "geometry": {"type": "Point", "coordinates": [-79.7192494, 43.7441145]}}, {"type": "Feature", "properties": {"id": 2293160758, "name": "Shell", "brand": "Shell", "opening_hours": null}, "geometry": {"type": "Point", "coordinates": [-79.5090066, 43.7212622]}}, {"type": "Feature", "properties": {"id": 2295795392, "name": "Stinson", "brand": "Stinson", "opening_hours": null}, "geometry": {"type": "Point", "coordinates": [-76.1055813, 45.106784]}}, {"type": "Feature", "properties": {"id": 2301073291, "name": "Esso", "brand": "Esso", "opening_hours": "Mo-Fr 06:00-23:00; Sa 07:00-22:00; Su 08:00-22:00"}, "geometry": {"type": "Point", "coordinates": [-80.493849, 43.4390425]}}, {"type": "Feature", "properties": {"id": 2310484712, "name": "Esso", "brand": "Esso", "opening_hours": null}, "geometry": {"type": "Point", "coordinates": [-79.4072134, 44.072025]}}, {"type": "Feature", "properties": {"id": 2316293914, "name": "Esso", "brand": "Esso", "opening_hours": null}, "geometry": {"type": "Point", "coordinates": [-88.2889304, 49.0211072]}}, {"type": "Feature", "properties": {"id": 2317821263, "name": "Shell", "brand": "Shell", "opening_hours": null}, "geometry": {"type": "Point", "coordinates": [-90.46872, 49.041425]}}, {"type": "Feature", "properties": {"id": 2318325714, "name": "Esso", "brand": "Esso", "opening_hours": null}, "geometry": {"type": "Point", "coordinates": [-90.1862954, 48.9455463]}}, {"type": "Feature", "properties": {"id": 2318392955, "name": "Canadian Tire", "brand": "Canadian Tire", "opening_hours": null}, "geometry": {"type": "Point", "coordinates": [-84.318895, 46.5236366]}}, {"type": "Feature", "properties": {"id": 2318409315, "name": "Shell", "brand": "Shell", "opening_hours": null}, "geometry": {"type": "Point", "coordinates": [-89.2487132, 48.4473743]}}, {"type": "Feature", "properties": {"id": 2324930389, "name": "Circle K", "brand": "Circle K", "opening_hours": null}, "geometry": {"type": "Point", "coordinates": [-79.8225719, 43.697543]}}, {"type": "Feature", "properties": {"id": 2334068552, "name": "Esso", "brand": "Esso", "opening_hours": null}, "geometry": {"type": "Point", "coordinates": [-91.6637951, 49.4166786]}}, {"type": "Feature", "properties": {"id": 2340975235, "name": "Shell", "brand": "Shell", "opening_hours": null}, "geometry": {"type": "Point", "coordinates": [-79.5766656, 43.6428183]}}, {"type": "Feature", "properties": {"id": 2375265492, "name": "Petro-Canada", "brand": "Petro-Canada", "opening_hours": null}, "geometry": {"type": "Point", "coordinates": [-79.5371437, 43.7200363]}}, {"type": "Feature", "properties": {"id": 2382794249, "name": "Esso", "brand": "Esso", "opening_hours": null}, "geometry": {"type": "Point", "coordinates": [-79.5059386, 43.7094404]}}, {"type": "Feature", "properties": {"id": 2390229788, "name": "Esso", "brand": "Esso", "opening_hours": "24/7"}, "geometry": {"type": "Point", "coordinates": [-79.502162, 43.6979729]}}, {"type": "Feature", "properties": {"id": 2392285197, "name": "Ultramar", "brand": "Ultramar", "opening_hours": "Mo-Su 06:00-24:00"}, "geometry": {"type": "Point", "coordinates": [-78.2330597, 44.3085357]}}, {"type": "Feature", "properties": {"id": 2392777714, "name": "Canadian Tire", "brand": "Canadian Tire", "opening_hours": null}, "geometry": {"type": "Point", "coordinates": [-80.2468783, 43.434559]}}, {"type": "Feature", "properties": {"id": 2394598476, "name": "Esso", "brand": "Esso", "opening_hours": null}, "geometry": {"type": "Point", "coordinates": [-76.204647, 45.2206475]}}, {"type": "Feature", "properties": {"id": 2400433585, "name": "SAAB Gas Station", "brand": "SAAB", "opening_hours": null}, "geometry": {"type": "Point", "coordinates": [-75.6352446, 45.4250548]}}, {"type": "Feature", "properties": {"id": 2403759742, "name": "Eagle Lake Country Store", "brand": null, "opening_hours": null}, "geometry": {"type": "Point", "coordinates": [-79.4993358, 45.8346928]}}, {"type": "Feature", "properties": {"id": 2403838122, "name": "Husky", "brand": "Husky", "opening_hours": null}, "geometry": {"type": "Point", "coordinates": [-79.5383132, 43.8288802]}}, {"type": "Feature", "properties": {"id": 2406460113, "name": "Esso", "brand": "Esso", "opening_hours": null}, "geometry": {"type": "Point", "coordinates": [-79.4791123, 43.6933692]}}, {"type": "Feature", "properties": {"id": 2410944710, "name": "Gas+", "brand": null, "opening_hours": null}, "geometry": {"type": "Point", "coordinates": [-80.2449265, 43.433468]}}, {"type": "Feature", "properties": {"id": 2414002769, "name": "Shell", "brand": "Shell", "opening_hours": null}, "geometry": {"type": "Point", "coordinates": [-79.5395312, 43.6372244]}}, {"type": "Feature", "properties": {"id": 2416234664, "name": "O.K. Convenience & Gas", "brand": null, "opening_hours": null}, "geometry": {"type": "Point", "coordinates": [-79.866385, 43.8699237]}}, {"type": "Feature", "properties": {"id": 2420888042, "name": "Esso", "brand": "Esso", "opening_hours": "24/7"}, "geometry": {"type": "Point", "coordinates": [-80.2164891, 44.4971035]}}, {"type": "Feature", "properties": {"id": 2421397650, "name": "Pioneer", "brand": "Pioneer", "opening_hours": null}, "geometry": {"type": "Point", "coordinates": [-80.2269118, 44.5015821]}}, {"type": "Feature", "properties": {"id": 2421397651, "name": "Esso", "brand": "Esso", "opening_hours": null}, "geometry": {"type": "Point", "coordinates": [-80.2260374, 44.5017199]}}, {"type": "Feature", "properties": {"id": 2431533935, "name": "Petro-Canada Cardlock", "brand": null, "opening_hours": null}, "geometry": {"type": "Point", "coordinates": [-79.5567417, 44.1277235]}}, {"type": "Feature", "properties": {"id": 2433243578, "name": "Esso", "brand": "Esso", "opening_hours": "24/7"}, "geometry": {"type": "Point", "coordinates": [-79.2686597, 43.9091925]}}, {"type": "Feature", "properties": {"id": 2442046149, "name": "49 Quick Stop", "brand": null, "opening_hours": null}, "geometry": {"type": "Point", "coordinates": [-77.0893872, 44.1870577]}}, {"type": "Feature", "properties": {"id": 2442262169, "name": "Petro-Canada", "brand": "Petro-Canada", "opening_hours": null}, "geometry": {"type": "Point", "coordinates": [-79.6879053, 44.35256]}}, {"type": "Feature", "properties": {"id": 2450074334, "name": "Petro-Canada", "brand": "Petro-Canada", "opening_hours": null}, "geometry": {"type": "Point", "coordinates": [-79.008864, 43.8532987]}}, {"type": "Feature", "properties": {"id": 2451003059, "name": "Esso", "brand": "Esso", "opening_hours": null}, "geometry": {"type": "Point", "coordinates": [-79.5053928, 43.9335551]}}, {"type": "Feature", "properties": {"id": 2451816731, "name": "Petro-Canada", "brand": "Petro-Canada", "opening_hours": null}, "geometry": {"type": "Point", "coordinates": [-79.1152944, 43.8195921]}}, {"type": "Feature", "properties": {"id": 2455741998, "name": "Shell", "brand": "Shell", "opening_hours": null}, "geometry": {"type": "Point", "coordinates": [-78.9956654, 45.3236824]}}, {"type": "Feature", "properties": {"id": 2457970336, "name": "Circle K", "brand": "Circle K", "opening_hours": null}, "geometry": {"type": "Point", "coordinates": [-79.4400325, 43.8854877]}}, {"type": "Feature", "properties": {"id": 2457978810, "name": "Esso", "brand": "Esso", "opening_hours": null}, "geometry": {"type": "Point", "coordinates": [-79.4519441, 43.9285009]}}, {"type": "Feature", "properties": {"id": 2467157164, "name": "Petro-Canada", "brand": "Petro-Canada", "opening_hours": null}, "geometry": {"type": "Point", "coordinates": [-78.8737599, 43.921954]}}, {"type": "Feature", "properties": {"id": 2476128230, "name": "Esso", "brand": "Esso", "opening_hours": null}, "geometry": {"type": "Point", "coordinates": [-88.3046206, 49.0194925]}}, {"type": "Feature", "properties": {"id": 2476128273, "name": "Petro-Pass", "brand": "Petro", "opening_hours": null}, "geometry": {"type": "Point", "coordinates": [-88.295088, 49.0229611]}}, {"type": "Feature", "properties": {"id": 2476128573, "name": "Petro", "brand": "Petro", "opening_hours": null}, "geometry": {"type": "Point", "coordinates": [-88.2895875, 49.0220262]}}, {"type": "Feature", "properties": {"id": 2476128582, "name": "Petro-Canada", "brand": "Petro-Canada", "opening_hours": null}, "geometry": {"type": "Point", "coordinates": [-88.2961501, 49.0227148]}}, {"type": "Feature", "properties": {"id": 2480656677, "name": "Esso", "brand": "Esso", "opening_hours": null}, "geometry": {"type": "Point", "coordinates": [-85.2749228, 48.5928635]}}, {"type": "Feature", "properties": {"id": 2488597236, "name": "Esso", "brand": "Esso", "opening_hours": "24/7"}, "geometry": {"type": "Point", "coordinates": [-78.9488593, 43.8946249]}}, {"type": "Feature", "properties": {"id": 2491214797, "name": "Copper Cliff Automotive", "brand": null, "opening_hours": null}, "geometry": {"type": "Point", "coordinates": [-81.0665678, 46.4740741]}}, {"type": "Feature", "properties": {"id": 2496324019, "name": "Pioneer", "brand": "Pioneer", "opening_hours": null}, "geometry": {"type": "Point", "coordinates": [-79.0252541, 43.8609487]}}, {"type": "Feature", "properties": {"id": 2500936008, "name": "Shell", "brand": "Shell", "opening_hours": null}, "geometry": {"type": "Point", "coordinates": [-79.0261758, 43.8795775]}}, {"type": "Feature", "properties": {"id": 2500936009, "name": "7-Eleven", "brand": "7-Eleven", "opening_hours": null}, "geometry": {"type": "Point", "coordinates": [-79.0277915, 43.8801801]}}, {"type": "Feature", "properties": {"id": 2502232261, "name": "Circle K", "brand": "Circle K", "opening_hours": null}, "geometry": {"type": "Point", "coordinates": [-79.7814922, 43.7198801]}}, {"type": "Feature", "properties": {"id": 2505462345, "name": "Husky", "brand": "Husky", "opening_hours": null}, "geometry": {"type": "Point", "coordinates": [-79.4867373, 43.7829871]}}, {"type": "Feature", "properties": {"id": 2510794539, "name": "Shell", "brand": "Shell", "opening_hours": "24/7"}, "geometry": {"type": "Point", "coordinates": [-79.2779733, 43.8059559]}}, {"type": "Feature", "properties": {"id": 2518775236, "name": "Ultramar", "brand": "Ultramar", "opening_hours": null}, "geometry": {"type": "Point", "coordinates": [-75.4556357, 45.3690572]}}, {"type": "Feature", "properties": {"id": 2519213794, "name": "Ultramar", "brand": "Ultramar", "opening_hours": null}, "geometry": {"type": "Point", "coordinates": [-79.911255, 43.2328193]}}, {"type": "Feature", "properties": {"id": 2525809699, "name": "Petro-Canada", "brand": "Petro-Canada", "opening_hours": null}, "geometry": {"type": "Point", "coordinates": [-79.5209653, 43.7691384]}}, {"type": "Feature", "properties": {"id": 2533133447, "name": "Husky", "brand": "Husky", "opening_hours": null}, "geometry": {"type": "Point", "coordinates": [-79.5326425, 43.6358195]}}, {"type": "Feature", "properties": {"id": 2535465076, "name": "Shell", "brand": "Shell", "opening_hours": null}, "geometry": {"type": "Point", "coordinates": [-79.4990261, 43.6274352]}}, {"type": "Feature", "properties": {"id": 2537042317, "name": "Pioneer", "brand": "Pioneer", "opening_hours": null}, "geometry": {"type": "Point", "coordinates": [-79.2991884, 44.0475121]}}, {"type": "Feature", "properties": {"id": 2542150476, "name": "Petro-Canada", "brand": "Petro-Canada", "opening_hours": null}, "geometry": {"type": "Point", "coordinates": [-79.4794192, 43.8291905]}}, {"type": "Feature", "properties": {"id": 2542220007, "name": "Petro-Canada", "brand": "Petro-Canada", "opening_hours": null}, "geometry": {"type": "Point", "coordinates": [-80.3313147, 43.3442189]}}, {"type": "Feature", "properties": {"id": 2556500630, "name": "Costco Gasoline", "brand": "Costco", "opening_hours": null}, "geometry": {"type": "Point", "coordinates": [-79.5777973, 43.6115439]}}, {"type": "Feature", "properties": {"id": 2560430857, "name": "Esso", "brand": "Esso", "opening_hours": null}, "geometry": {"type": "Point", "coordinates": [-79.3797292, 43.9421572]}}, {"type": "Feature", "properties": {"id": 2580320055, "name": "Pioneer", "brand": "Pioneer", "opening_hours": "24/7"}, "geometry": {"type": "Point", "coordinates": [-79.8506286, 43.2524995]}}, {"type": "Feature", "properties": {"id": 2583992245, "name": "Petro-Canada", "brand": "Petro-Canada", "opening_hours": null}, "geometry": {"type": "Point", "coordinates": [-81.2613036, 43.0461365]}}, {"type": "Feature", "properties": {"id": 2606919844, "name": "Esso", "brand": "Esso", "opening_hours": null}, "geometry": {"type": "Point", "coordinates": [-80.291127, 43.3573137]}}, {"type": "Feature", "properties": {"id": 2606920023, "name": null, "brand": null, "opening_hours": null}, "geometry": {"type": "Point", "coordinates": [-80.2897341, 43.3614124]}}, {"type": "Feature", "properties": {"id": 2608921098, "name": "Petro-Canada", "brand": "Petro-Canada", "opening_hours": null}, "geometry": {"type": "Point", "coordinates": [-79.8414827, 43.2576513]}}, {"type": "Feature", "properties": {"id": 2608961726, "name": "Pioneer", "brand": "Pioneer", "opening_hours": null}, "geometry": {"type": "Point", "coordinates": [-79.7950192, 43.2462978]}}, {"type": "Feature", "properties": {"id": 2617410486, "name": "Esso", "brand": "Esso", "opening_hours": null}, "geometry": {"type": "Point", "coordinates": [-79.8826085, 43.2253688]}}, {"type": "Feature", "properties": {"id": 2617410500, "name": "Esso", "brand": "Esso", "opening_hours": null}, "geometry": {"type": "Point", "coordinates": [-79.882955, 43.2268678]}}, {"type": "Feature", "properties": {"id": 2617410504, "name": "Pioneer", "brand": "Pioneer", "opening_hours": null}, "geometry": {"type": "Point", "coordinates": [-79.881909, 43.2272352]}}, {"type": "Feature", "properties": {"id": 2624293634, "name": "Petro-Canada", "brand": "Petro-Canada", "opening_hours": null}, "geometry": {"type": "Point", "coordinates": [-79.2523498, 43.1901254]}}, {"type": "Feature", "properties": {"id": 2626688106, "name": "Amco", "brand": null, "opening_hours": null}, "geometry": {"type": "Point", "coordinates": [-79.3303536, 43.660456]}}, {"type": "Feature", "properties": {"id": 2627790481, "name": "Jantzi Fuels", "brand": null, "opening_hours": null}, "geometry": {"type": "Point", "coordinates": [-80.9589808, 43.3648047]}}, {"type": "Feature", "properties": {"id": 2645024137, "name": "Esso", "brand": "Esso", "opening_hours": null}, "geometry": {"type": "Point", "coordinates": [-79.8107527, 47.3261996]}}, {"type": "Feature", "properties": {"id": 2647639773, "name": "Esso", "brand": "Esso", "opening_hours": null}, "geometry": {"type": "Point", "coordinates": [-80.5577763, 43.5155645]}}, {"type": "Feature", "properties": {"id": 2649093837, "name": "Core Fuels", "brand": null, "opening_hours": null}, "geometry": {"type": "Point", "coordinates": [-80.9892505, 43.3526953]}}, {"type": "Feature", "properties": {"id": 2651710249, "name": "Pioneer", "brand": "Pioneer", "opening_hours": null}, "geometry": {"type": "Point", "coordinates": [-79.734395, 43.5609043]}}, {"type": "Feature", "properties": {"id": 2653160508, "name": "Mobil", "brand": "Mobil", "opening_hours": "24/7"}, "geometry": {"type": "Point", "coordinates": [-79.288969, 43.7321704]}}, {"type": "Feature", "properties": {"id": 2655075015, "name": "Pioneer", "brand": "Pioneer", "opening_hours": null}, "geometry": {"type": "Point", "coordinates": [-79.9180546, 43.2181151]}}, {"type": "Feature", "properties": {"id": 2655075079, "name": "Esso", "brand": "Esso", "opening_hours": null}, "geometry": {"type": "Point", "coordinates": [-79.9179216, 43.2187491]}}, {"type": "Feature", "properties": {"id": 2669220153, "name": "Circle K", "brand": "Circle K", "opening_hours": null}, "geometry": {"type": "Point", "coordinates": [-79.8151017, 43.7260107]}}, {"type": "Feature", "properties": {"id": 2678014908, "name": "Pioneer", "brand": "Pioneer", "opening_hours": null}, "geometry": {"type": "Point", "coordinates": [-79.7193813, 44.3760552]}}, {"type": "Feature", "properties": {"id": 2686066963, "name": "Petro-Canada", "brand": "Petro-Canada", "opening_hours": null}, "geometry": {"type": "Point", "coordinates": [-79.9472217, 43.2649932]}}, {"type": "Feature", "properties": {"id": 2686066965, "name": "Pioneer", "brand": "Pioneer", "opening_hours": null}, "geometry": {"type": "Point", "coordinates": [-79.9468978, 43.2655537]}}, {"type": "Feature", "properties": {"id": 2691153082, "name": "Pioneer", "brand": "Pioneer", "opening_hours": null}, "geometry": {"type": "Point", "coordinates": [-79.7272994, 43.2190013]}}, {"type": "Feature", "properties": {"id": 2694832533, "name": "Shell", "brand": "Shell", "opening_hours": null}, "geometry": {"type": "Point", "coordinates": [-79.1160579, 43.8189787]}}, {"type": "Feature", "properties": {"id": 2695525106, "name": "Circle K", "brand": "Circle K", "opening_hours": "24/7"}, "geometry": {"type": "Point", "coordinates": [-76.5831414, 44.2599686]}}, {"type": "Feature", "properties": {"id": 2697001354, "name": "Esso", "brand": "Esso", "opening_hours": null}, "geometry": {"type": "Point", "coordinates": [-79.4147052, 43.8758064]}}, {"type": "Feature", "properties": {"id": 2701386787, "name": "Ultramar", "brand": "Ultramar", "opening_hours": null}, "geometry": {"type": "Point", "coordinates": [-78.9121951, 43.8862253]}}, {"type": "Feature", "properties": {"id": 2710834770, "name": "Petro-Canada", "brand": "Petro-Canada", "opening_hours": null}, "geometry": {"type": "Point", "coordinates": [-78.9582256, 43.9146562]}}, {"type": "Feature", "properties": {"id": 2714008831, "name": "Canadian Tire", "brand": "Canadian Tire", "opening_hours": null}, "geometry": {"type": "Point", "coordinates": [-78.948223, 43.9178459]}}, {"type": "Feature", "properties": {"id": 2716390379, "name": "Shell", "brand": "Shell", "opening_hours": null}, "geometry": {"type": "Point", "coordinates": [-79.6845822, 43.7539616]}}, {"type": "Feature", "properties": {"id": 2719387929, "name": "Husky", "brand": "Husky", "opening_hours": null}, "geometry": {"type": "Point", "coordinates": [-79.7016719, 43.4327883]}}, {"type": "Feature", "properties": {"id": 2719412349, "name": "Petro-Canada", "brand": "Petro-Canada", "opening_hours": null}, "geometry": {"type": "Point", "coordinates": [-79.5086504, 43.7227789]}}, {"type": "Feature", "properties": {"id": 2734071900, "name": "Shell", "brand": "Shell", "opening_hours": null}, "geometry": {"type": "Point", "coordinates": [-79.4158901, 43.8763538]}}, {"type": "Feature", "properties": {"id": 2742703873, "name": "BNS Corner Gas", "brand": "ESSO", "opening_hours": null}, "geometry": {"type": "Point", "coordinates": [-79.8652324, 47.8193766]}}, {"type": "Feature", "properties": {"id": 2742769615, "name": "Mobil", "brand": "Mobil", "opening_hours": null}, "geometry": {"type": "Point", "coordinates": [-79.8879366, 47.8273335]}}, {"type": "Feature", "properties": {"id": 2743089946, "name": "Esso", "brand": "Esso", "opening_hours": null}, "geometry": {"type": "Point", "coordinates": [-80.0317043, 48.1531312]}}, {"type": "Feature", "properties": {"id": 2745515833, "name": "Esso", "brand": "Esso", "opening_hours": null}, "geometry": {"type": "Point", "coordinates": [-83.2198559, 46.2788286]}}, {"type": "Feature", "properties": {"id": 2745654777, "name": "Esso", "brand": "ESSO", "opening_hours": null}, "geometry": {"type": "Point", "coordinates": [-82.3454651, 46.1960425]}}, {"type": "Feature", "properties": {"id": 2747559037, "name": "Petro-Canada", "brand": "Petro-Canada", "opening_hours": null}, "geometry": {"type": "Point", "coordinates": [-78.9507841, 43.8592349]}}, {"type": "Feature", "properties": {"id": 2750962489, "name": "Petro-Canada", "brand": "Petro-Canada", "opening_hours": null}, "geometry": {"type": "Point", "coordinates": [-79.7301842, 43.7682329]}}, {"type": "Feature", "properties": {"id": 2758562625, "name": "Esso", "brand": "Esso", "opening_hours": "24/7"}, "geometry": {"type": "Point", "coordinates": [-78.9273839, 43.9224632]}}, {"type": "Feature", "properties": {"id": 2758562656, "name": "Shell", "brand": "Shell", "opening_hours": null}, "geometry": {"type": "Point", "coordinates": [-78.9287911, 43.9212484]}}, {"type": "Feature", "properties": {"id": 2760778274, "name": null, "brand": null, "opening_hours": null}, "geometry": {"type": "Point", "coordinates": [-79.5151923, 43.9559957]}}, {"type": "Feature", "properties": {"id": 2767096643, "name": "Global", "brand": "Global", "opening_hours": null}, "geometry": {"type": "Point", "coordinates": [-79.5850191, 43.7966184]}}, {"type": "Feature", "properties": {"id": 2781978896, "name": "Esso", "brand": "Esso", "opening_hours": null}, "geometry": {"type": "Point", "coordinates": [-79.4290049, 44.0660608]}}, {"type": "Feature", "properties": {"id": 2800073649, "name": "Pioneer", "brand": "Pioneer", "opening_hours": null}, "geometry": {"type": "Point", "coordinates": [-75.6251792, 45.3479327]}}, {"type": "Feature", "properties": {"id": 2808645874, "name": "Esso", "brand": "Esso", "opening_hours": null}, "geometry": {"type": "Point", "coordinates": [-79.3783548, 43.901887]}}, {"type": "Feature", "properties": {"id": 2811491501, "name": "Esso", "brand": "Esso", "opening_hours": null}, "geometry": {"type": "Point", "coordinates": [-79.8291726, 43.2549445]}}, {"type": "Feature", "properties": {"id": 2815770628, "name": "Pump", "brand": null, "opening_hours": null}, "geometry": {"type": "Point", "coordinates": [-79.7610907, 43.2366262]}}, {"type": "Feature", "properties": {"id": 2815788614, "name": "Husky", "brand": "Husky", "opening_hours": null}, "geometry": {"type": "Point", "coordinates": [-79.7602286, 43.2363552]}}, {"type": "Feature", "properties": {"id": 2818785210, "name": "Shell", "brand": "Shell", "opening_hours": null}, "geometry": {"type": "Point", "coordinates": [-79.7421772, 43.7248279]}}, {"type": "Feature", "properties": {"id": 2824600179, "name": "Esso", "brand": "Esso", "opening_hours": null}, "geometry": {"type": "Point", "coordinates": [-79.5126065, 43.7392407]}}, {"type": "Feature", "properties": {"id": 2827067202, "name": "Husky", "brand": "Husky", "opening_hours": null}, "geometry": {"type": "Point", "coordinates": [-79.5964633, 43.5720048]}}, {"type": "Feature", "properties": {"id": 2836997556, "name": "Petro-Canada", "brand": "Petro-Canada", "opening_hours": null}, "geometry": {"type": "Point", "coordinates": [-79.1120363, 43.8121409]}}, {"type": "Feature", "properties": {"id": 2853061641, "name": "Canadian Tire", "brand": "Canadian Tire", "opening_hours": null}, "geometry": {"type": "Point", "coordinates": [-79.2534938, 43.7352654]}}, {"type": "Feature", "properties": {"id": 2887459899, "name": "RaceTrac", "brand": "RaceTrac", "opening_hours": null}, "geometry": {"type": "Point", "coordinates": [-79.5110406, 43.6984477]}}, {"type": "Feature", "properties": {"id": 2893873771, "name": "Esso", "brand": "Esso", "opening_hours": null}, "geometry": {"type": "Point", "coordinates": [-79.3493282, 43.8143513]}}, {"type": "Feature", "properties": {"id": 2901436294, "name": "Petro-Canada", "brand": "Petro-Canada", "opening_hours": null}, "geometry": {"type": "Point", "coordinates": [-79.5129249, 43.6601691]}}, {"type": "Feature", "properties": {"id": 2904500120, "name": "Pioneer", "brand": "Pioneer", "opening_hours": null}, "geometry": {"type": "Point", "coordinates": [-82.991413, 42.2984202]}}, {"type": "Feature", "properties": {"id": 2908425705, "name": "Canadian Tire", "brand": "Canadian Tire", "opening_hours": null}, "geometry": {"type": "Point", "coordinates": [-79.2553956, 43.8522366]}}, {"type": "Feature", "properties": {"id": 2916658802, "name": "Ultramar", "brand": "Ultramar", "opening_hours": null}, "geometry": {"type": "Point", "coordinates": [-79.7721989, 43.2198057]}}, {"type": "Feature", "properties": {"id": 2916659469, "name": "Canadian Tire", "brand": "Canadian Tire", "opening_hours": null}, "geometry": {"type": "Point", "coordinates": [-79.7722815, 43.2292803]}}, {"type": "Feature", "properties": {"id": 2917504016, "name": "Pioneer", "brand": "Pioneer", "opening_hours": null}, "geometry": {"type": "Point", "coordinates": [-79.7709474, 43.229705]}}, {"type": "Feature", "properties": {"id": 2921236614, "name": "Petro-Canada", "brand": "Petro-Canada", "opening_hours": null}, "geometry": {"type": "Point", "coordinates": [-79.2821463, 43.7701243]}}, {"type": "Feature", "properties": {"id": 2928434022, "name": "Fas Gas", "brand": "Fas Gas", "opening_hours": null}, "geometry": {"type": "Point", "coordinates": [-79.2939444, 43.7176682]}}, {"type": "Feature", "properties": {"id": 2940851774, "name": "Shell", "brand": "Shell", "opening_hours": null}, "geometry": {"type": "Point", "coordinates": [-82.3765694, 42.9638724]}}, {"type": "Feature", "properties": {"id": 2955345296, "name": "Shell", "brand": "Shell", "opening_hours": null}, "geometry": {"type": "Point", "coordinates": [-79.6987368, 43.2282593]}}, {"type": "Feature", "properties": {"id": 2958844969, "name": "Esso", "brand": "Esso", "opening_hours": null}, "geometry": {"type": "Point", "coordinates": [-80.672964, 43.1425026]}}, {"type": "Feature", "properties": {"id": 2961189186, "name": "Stinson", "brand": "Stinson", "opening_hours": null}, "geometry": {"type": "Point", "coordinates": [-76.7310065, 45.2942832]}}, {"type": "Feature", "properties": {"id": 2962876926, "name": "Shell", "brand": "Shell", "opening_hours": null}, "geometry": {"type": "Point", "coordinates": [-78.9405217, 43.8764959]}}, {"type": "Feature", "properties": {"id": 2962878748, "name": "Petro-Canada Cardlock", "brand": "Petro-Canada", "opening_hours": null}, "geometry": {"type": "Point", "coordinates": [-80.94373, 46.5190002]}}, {"type": "Feature", "properties": {"id": 2964427577, "name": "Petro-Canada", "brand": "Petro-Canada", "opening_hours": null}, "geometry": {"type": "Point", "coordinates": [-78.9383045, 43.8700417]}}, {"type": "Feature", "properties": {"id": 2966355742, "name": "Petro-Canada", "brand": "Petro-Canada", "opening_hours": null}, "geometry": {"type": "Point", "coordinates": [-79.708917, 43.7539427]}}, {"type": "Feature", "properties": {"id": 2966437931, "name": "Econo", "brand": null, "opening_hours": null}, "geometry": {"type": "Point", "coordinates": [-79.6548112, 43.7125918]}}, {"type": "Feature", "properties": {"id": 2972030401, "name": "Petro-Canada", "brand": "Petro-Canada", "opening_hours": null}, "geometry": {"type": "Point", "coordinates": [-79.7773439, 43.6993427]}}, {"type": "Feature", "properties": {"id": 2983139709, "name": "Stinson", "brand": "Stinson", "opening_hours": null}, "geometry": {"type": "Point", "coordinates": [-76.4459219, 45.0826976]}}, {"type": "Feature", "properties": {"id": 2987900086, "name": "Ultramar", "brand": "Ultramar", "opening_hours": null}, "geometry": {"type": "Point", "coordinates": [-77.4492749, 46.0190869]}}, {"type": "Feature", "properties": {"id": 3006904646, "name": "Shell", "brand": "Shell", "opening_hours": null}, "geometry": {"type": "Point", "coordinates": [-87.0956006, 48.7846175]}}, {"type": "Feature", "properties": {"id": 3006906523, "name": "Esso", "brand": "Esso", "opening_hours": null}, "geometry": {"type": "Point", "coordinates": [-87.2639346, 48.8119309]}}, {"type": "Feature", "properties": {"id": 3007020741, "name": "Pioneer", "brand": "Pioneer", "opening_hours": null}, "geometry": {"type": "Point", "coordinates": [-81.1879994, 43.0274006]}}, {"type": "Feature", "properties": {"id": 3016320032, "name": "Esso", "brand": "Esso", "opening_hours": null}, "geometry": {"type": "Point", "coordinates": [-79.3562018, 43.8447922]}}, {"type": "Feature", "properties": {"id": 3040192809, "name": "Petro-Canada", "brand": "Petro-Canada", "opening_hours": null}, "geometry": {"type": "Point", "coordinates": [-79.016541, 43.8627749]}}, {"type": "Feature", "properties": {"id": 3040192959, "name": "Shell", "brand": "Shell", "opening_hours": null}, "geometry": {"type": "Point", "coordinates": [-79.0422979, 43.8570703]}}, {"type": "Feature", "properties": {"id": 3040199499, "name": "Petro-Canada", "brand": "Petro-Canada", "opening_hours": null}, "geometry": {"type": "Point", "coordinates": [-78.8457809, 43.8742736]}}, {"type": "Feature", "properties": {"id": 3040201112, "name": "Petro-Canada", "brand": "Petro-Canada", "opening_hours": null}, "geometry": {"type": "Point", "coordinates": [-78.9478584, 43.8783579]}}, {"type": "Feature", "properties": {"id": 3042155065, "name": "Petro-Canada", "brand": "Petro-Canada", "opening_hours": null}, "geometry": {"type": "Point", "coordinates": [-78.9570179, 43.9158676]}}, {"type": "Feature", "properties": {"id": 3053996872, "name": "Ultramar", "brand": "Ultramar", "opening_hours": null}, "geometry": {"type": "Point", "coordinates": [-79.2967806, 44.03769]}}, {"type": "Feature", "properties": {"id": 3054008737, "name": "Petro-Canada", "brand": "Petro-Canada", "opening_hours": null}, "geometry": {"type": "Point", "coordinates": [-79.3957689, 44.0155674]}}, {"type": "Feature", "properties": {"id": 3054233704, "name": "Global", "brand": "Global", "opening_hours": null}, "geometry": {"type": "Point", "coordinates": [-79.2969426, 44.0381969]}}, {"type": "Feature", "properties": {"id": 3061000565, "name": "Shell", "brand": "Shell", "opening_hours": null}, "geometry": {"type": "Point", "coordinates": [-79.4576101, 43.752181]}}, {"type": "Feature", "properties": {"id": 3081075746, "name": "Esso", "brand": "Esso", "opening_hours": "24/7"}, "geometry": {"type": "Point", "coordinates": [-79.8127228, 43.240773]}}, {"type": "Feature", "properties": {"id": 3081165813, "name": "Pioneer", "brand": "Pioneer", "opening_hours": null}, "geometry": {"type": "Point", "coordinates": [-79.3806489, 43.9534711]}}, {"type": "Feature", "properties": {"id": 3094300192, "name": "Shell", "brand": "Shell", "opening_hours": null}, "geometry": {"type": "Point", "coordinates": [-75.7015928, 45.3685773]}}, {"type": "Feature", "properties": {"id": 3103152832, "name": "Pioneer", "brand": "Pioneer", "opening_hours": "24/7"}, "geometry": {"type": "Point", "coordinates": [-79.5475746, 43.8081072]}}, {"type": "Feature", "properties": {"id": 3116001977, "name": "Shell", "brand": "Shell", "opening_hours": null}, "geometry": {"type": "Point", "coordinates": [-79.5764654, 43.690025]}}, {"type": "Feature", "properties": {"id": 3126893708, "name": "Esso", "brand": "Esso", "opening_hours": null}, "geometry": {"type": "Point", "coordinates": [-79.3964006, 43.897928]}}, {"type": "Feature", "properties": {"id": 3129537488, "name": "XTR", "brand": "XTR", "opening_hours": null}, "geometry": {"type": "Point", "coordinates": [-80.107375, 44.3308227]}}, {"type": "Feature", "properties": {"id": 3132410475, "name": "Petroleum Plus", "brand": null, "opening_hours": null}, "geometry": {"type": "Point", "coordinates": [-79.6388588, 43.7079185]}}, {"type": "Feature", "properties": {"id": 3143180938, "name": "Husky", "brand": "Husky", "opening_hours": null}, "geometry": {"type": "Point", "coordinates": [-79.7406329, 43.2329156]}}, {"type": "Feature", "properties": {"id": 3144546731, "name": "Shell Gas", "brand": "Shell", "opening_hours": null}, "geometry": {"type": "Point", "coordinates": [-80.3830225, 44.1766496]}}, {"type": "Feature", "properties": {"id": 3146864579, "name": "Khalsa Gas Bar", "brand": null, "opening_hours": null}, "geometry": {"type": "Point", "coordinates": [-80.7378746, 43.9829821]}}, {"type": "Feature", "properties": {"id": 3176887908, "name": null, "brand": null, "opening_hours": null}, "geometry": {"type": "Point", "coordinates": [-79.8052835, 44.0213512]}}, {"type": "Feature", "properties": {"id": 3181246669, "name": "Pioneer", "brand": "Pioneer", "opening_hours": null}, "geometry": {"type": "Point", "coordinates": [-80.2778254, 43.1720238]}}, {"type": "Feature", "properties": {"id": 3191834741, "name": "Esso", "brand": "Esso", "opening_hours": null}, "geometry": {"type": "Point", "coordinates": [-80.281732, 43.562178]}}, {"type": "Feature", "properties": {"id": 3191834742, "name": "Pioneer", "brand": "Pioneer", "opening_hours": null}, "geometry": {"type": "Point", "coordinates": [-80.2863339, 43.5771343]}}, {"type": "Feature", "properties": {"id": 3192278886, "name": "Esso", "brand": "Esso", "opening_hours": null}, "geometry": {"type": "Point", "coordinates": [-80.2209881, 43.5535021]}}, {"type": "Feature", "properties": {"id": 3192278892, "name": "Petro-Canada", "brand": "Petro-Canada", "opening_hours": null}, "geometry": {"type": "Point", "coordinates": [-80.2473504, 43.5682749]}}, {"type": "Feature", "properties": {"id": 3194309609, "name": "Canadian Tire", "brand": "Canadian Tire", "opening_hours": null}, "geometry": {"type": "Point", "coordinates": [-75.6688975, 45.37803]}}, {"type": "Feature", "properties": {"id": 3213352030, "name": "Husky", "brand": "Husky", "opening_hours": null}, "geometry": {"type": "Point", "coordinates": [-80.2728698, 43.1609099]}}, {"type": "Feature", "properties": {"id": 3213352031, "name": "Esso", "brand": "Esso", "opening_hours": null}, "geometry": {"type": "Point", "coordinates": [-80.2732141, 43.1619009]}}, {"type": "Feature", "properties": {"id": 3237108611, "name": "Petro-Canada", "brand": "Petro-Canada", "opening_hours": null}, "geometry": {"type": "Point", "coordinates": [-79.0511988, 43.8926883]}}, {"type": "Feature", "properties": {"id": 3237118714, "name": "Shell", "brand": "Shell", "opening_hours": null}, "geometry": {"type": "Point", "coordinates": [-79.0300216, 43.8976636]}}, {"type": "Feature", "properties": {"id": 3237393676, "name": "Esso", "brand": "Esso", "opening_hours": "24/7"}, "geometry": {"type": "Point", "coordinates": [-79.7184823, 43.7230776]}}, {"type": "Feature", "properties": {"id": 3238255587, "name": "Esso", "brand": "Esso", "opening_hours": null}, "geometry": {"type": "Point", "coordinates": [-80.3073335, 43.5439262]}}, {"type": "Feature", "properties": {"id": 3255783106, "name": "Petro-Canada", "brand": "Petro-Canada", "opening_hours": null}, "geometry": {"type": "Point", "coordinates": [-78.3301581, 44.2855354]}}, {"type": "Feature", "properties": {"id": 3258816461, "name": "Petro-Canada", "brand": "Petro-Canada", "opening_hours": null}, "geometry": {"type": "Point", "coordinates": [-79.3530614, 43.8320615]}}, {"type": "Feature", "properties": {"id": 3277420485, "name": null, "brand": null, "opening_hours": null}, "geometry": {"type": "Point", "coordinates": [-79.812983, 43.2646426]}}, {"type": "Feature", "properties": {"id": 3281224245, "name": "Stinson", "brand": "Stinson", "opening_hours": null}, "geometry": {"type": "Point", "coordinates": [-76.326456, 45.1918788]}}, {"type": "Feature", "properties": {"id": 3296562081, "name": "Esso", "brand": "Esso", "opening_hours": null}, "geometry": {"type": "Point", "coordinates": [-80.2475363, 43.1727778]}}, {"type": "Feature", "properties": {"id": 3297984570, "name": "Costco Gasoline", "brand": "Costco", "opening_hours": null}, "geometry": {"type": "Point", "coordinates": [-79.2964702, 43.7598306]}}, {"type": "Feature", "properties": {"id": 3297996069, "name": "Esso", "brand": "Esso", "opening_hours": null}, "geometry": {"type": "Point", "coordinates": [-79.8515505, 43.220892]}}, {"type": "Feature", "properties": {"id": 3301710261, "name": "Esso", "brand": "Esso", "opening_hours": "24/7"}, "geometry": {"type": "Point", "coordinates": [-79.5034699, 43.8191522]}}, {"type": "Feature", "properties": {"id": 3303403720, "name": "Esso", "brand": "Esso", "opening_hours": null}, "geometry": {"type": "Point", "coordinates": [-79.3650362, 43.7786333]}}, {"type": "Feature", "properties": {"id": 3319443219, "name": "Norstar", "brand": null, "opening_hours": null}, "geometry": {"type": "Point", "coordinates": [-81.3413838, 46.5863337]}}, {"type": "Feature", "properties": {"id": 3344690041, "name": "Esso", "brand": "Esso", "opening_hours": null}, "geometry": {"type": "Point", "coordinates": [-79.9821973, 43.4875155]}}, {"type": "Feature", "properties": {"id": 3347132022, "name": "Petro-Canada", "brand": "Petro-Canada", "opening_hours": null}, "geometry": {"type": "Point", "coordinates": [-80.3062783, 43.5446754]}}, {"type": "Feature", "properties": {"id": 3352505644, "name": "Pioneer", "brand": "Pioneer", "opening_hours": null}, "geometry": {"type": "Point", "coordinates": [-79.9111926, 43.532853]}}, {"type": "Feature", "properties": {"id": 3354815732, "name": "Esso", "brand": "Esso", "opening_hours": null}, "geometry": {"type": "Point", "coordinates": [-79.3319451, 43.6813125]}}, {"type": "Feature", "properties": {"id": 3363696139, "name": "Pioneer", "brand": "Pioneer", "opening_hours": null}, "geometry": {"type": "Point", "coordinates": [-79.7886112, 43.2565127]}}, {"type": "Feature", "properties": {"id": 3364858031, "name": "Esso", "brand": "Esso", "opening_hours": null}, "geometry": {"type": "Point", "coordinates": [-79.4901816, 43.6677146]}}, {"type": "Feature", "properties": {"id": 3367395188, "name": "Esso", "brand": "Esso", "opening_hours": "24/7"}, "geometry": {"type": "Point", "coordinates": [-79.8885035, 43.2116455]}}, {"type": "Feature", "properties": {"id": 3379686948, "name": "Pioneer", "brand": "Pioneer", "opening_hours": null}, "geometry": {"type": "Point", "coordinates": [-79.7769715, 43.2478194]}}, {"type": "Feature", "properties": {"id": 3382674448, "name": "Petro-Pass", "brand": null, "opening_hours": null}, "geometry": {"type": "Point", "coordinates": [-79.6785179, 43.7316561]}}, {"type": "Feature", "properties": {"id": 3384376121, "name": "Shell", "brand": "Shell", "opening_hours": null}, "geometry": {"type": "Point", "coordinates": [-79.4761942, 43.183043]}}, {"type": "Feature", "properties": {"id": 3390555441, "name": "Pioneer", "brand": "Pioneer", "opening_hours": null}, "geometry": {"type": "Point", "coordinates": [-79.8278952, 43.2249944]}}, {"type": "Feature", "properties": {"id": 3391923045, "name": null, "brand": null, "opening_hours": null}, "geometry": {"type": "Point", "coordinates": [-79.7343379, 43.6951858]}}, {"type": "Feature", "properties": {"id": 3391925513, "name": "Petro-Canada", "brand": "Petro-Canada", "opening_hours": null}, "geometry": {"type": "Point", "coordinates": [-79.6838473, 43.7176114]}}, {"type": "Feature", "properties": {"id": 3403043336, "name": "Pipeline Commercial", "brand": null, "opening_hours": null}, "geometry": {"type": "Point", "coordinates": [-79.6731559, 43.7326071]}}, {"type": "Feature", "properties": {"id": 3404825249, "name": "Pioneer", "brand": "Pioneer", "opening_hours": null}, "geometry": {"type": "Point", "coordinates": [-78.9087027, 43.9265654]}}, {"type": "Feature", "properties": {"id": 3412097761, "name": "Superior Propane", "brand": null, "opening_hours": null}, "geometry": {"type": "Point", "coordinates": [-79.5840972, 43.1286032]}}, {"type": "Feature", "properties": {"id": 3424110159, "name": "Pioneer", "brand": "Pioneer", "opening_hours": null}, "geometry": {"type": "Point", "coordinates": [-78.9161277, 43.8854042]}}, {"type": "Feature", "properties": {"id": 3424223369, "name": "Ultramar", "brand": "Ultramar", "opening_hours": null}, "geometry": {"type": "Point", "coordinates": [-79.4181913, 44.0113914]}}, {"type": "Feature", "properties": {"id": 3425955425, "name": "Global", "brand": "Global", "opening_hours": null}, "geometry": {"type": "Point", "coordinates": [-79.1563263, 43.7922139]}}, {"type": "Feature", "properties": {"id": 3425981588, "name": "7-Eleven", "brand": "7-Eleven", "opening_hours": "Mo-Fr 00:00-24:00"}, "geometry": {"type": "Point", "coordinates": [-79.096532, 43.0705756]}}, {"type": "Feature", "properties": {"id": 3426852735, "name": "Global", "brand": "Global", "opening_hours": null}, "geometry": {"type": "Point", "coordinates": [-80.7372419, 43.9827197]}}, {"type": "Feature", "properties": {"id": 3427043155, "name": "Pioneer", "brand": "Pioneer", "opening_hours": null}, "geometry": {"type": "Point", "coordinates": [-79.297518, 43.7450727]}}, {"type": "Feature", "properties": {"id": 3427074388, "name": "Petro-Canada", "brand": "Petro-Canada", "opening_hours": null}, "geometry": {"type": "Point", "coordinates": [-79.4755293, 43.6808585]}}, {"type": "Feature", "properties": {"id": 3429555797, "name": "Pioneer", "brand": "Pioneer", "opening_hours": null}, "geometry": {"type": "Point", "coordinates": [-79.7867434, 43.7051778]}}, {"type": "Feature", "properties": {"id": 3435117531, "name": "Mobil", "brand": "Mobil", "opening_hours": null}, "geometry": {"type": "Point", "coordinates": [-79.5332765, 43.7082497]}}, {"type": "Feature", "properties": {"id": 3442118556, "name": "Pioneer", "brand": "Pioneer", "opening_hours": "24/7"}, "geometry": {"type": "Point", "coordinates": [-79.8365016, 43.2346747]}}, {"type": "Feature", "properties": {"id": 3442119323, "name": "Husky", "brand": "Husky", "opening_hours": null}, "geometry": {"type": "Point", "coordinates": [-79.8225248, 43.2631348]}}, {"type": "Feature", "properties": {"id": 3452333843, "name": "Shell", "brand": "Shell", "opening_hours": null}, "geometry": {"type": "Point", "coordinates": [-79.4415218, 43.7024166]}}, {"type": "Feature", "properties": {"id": 3464500065, "name": "Shell", "brand": "Shell", "opening_hours": null}, "geometry": {"type": "Point", "coordinates": [-79.5078646, 43.933632]}}, {"type": "Feature", "properties": {"id": 3475966148, "name": "Oxdrift Country Store", "brand": null, "opening_hours": null}, "geometry": {"type": "Point", "coordinates": [-92.9817531, 49.8146858]}}, {"type": "Feature", "properties": {"id": 3487819450, "name": "Husky", "brand": "Husky", "opening_hours": null}, "geometry": {"type": "Point", "coordinates": [-79.6245237, 43.6390589]}}, {"type": "Feature", "properties": {"id": 3496190797, "name": "Rose Service Centre", "brand": "Rose Service Centre", "opening_hours": null}, "geometry": {"type": "Point", "coordinates": [-80.275344, 43.1546754]}}, {"type": "Feature", "properties": {"id": 3547670769, "name": "Esso", "brand": "Esso", "opening_hours": null}, "geometry": {"type": "Point", "coordinates": [-79.6580684, 43.4802895]}}, {"type": "Feature", "properties": {"id": 3563780811, "name": "Petro-Canada", "brand": "Petro-Canada", "opening_hours": null}, "geometry": {"type": "Point", "coordinates": [-83.0191421, 42.2857063]}}, {"type": "Feature", "properties": {"id": 3563797126, "name": "Esso", "brand": "Esso", "opening_hours": null}, "geometry": {"type": "Point", "coordinates": [-83.0571782, 42.2906921]}}, {"type": "Feature", "properties": {"id": 3580471413, "name": "Shell", "brand": "Shell", "opening_hours": null}, "geometry": {"type": "Point", "coordinates": [-79.0845616, 43.0893804]}}, {"type": "Feature", "properties": {"id": 3627390367, "name": "Esso", "brand": "Esso", "opening_hours": null}, "geometry": {"type": "Point", "coordinates": [-79.6976036, 44.3576357]}}, {"type": "Feature", "properties": {"id": 3646915944, "name": "Shell", "brand": "Shell", "opening_hours": null}, "geometry": {"type": "Point", "coordinates": [-80.0109584, 45.3442373]}}, {"type": "Feature", "properties": {"id": 3647451180, "name": null, "brand": null, "opening_hours": null}, "geometry": {"type": "Point", "coordinates": [-79.1636324, 45.6363365]}}, {"type": "Feature", "properties": {"id": 3648187421, "name": "Ultramar", "brand": "Ultramar", "opening_hours": null}, "geometry": {"type": "Point", "coordinates": [-79.2263007, 43.7308475]}}, {"type": "Feature", "properties": {"id": 3649260183, "name": "Sunoco", "brand": "Petro-Canada", "opening_hours": null}, "geometry": {"type": "Point", "coordinates": [-79.4665347, 46.3261453]}}, {"type": "Feature", "properties": {"id": 3651372052, "name": "Fast Stop", "brand": null, "opening_hours": null}, "geometry": {"type": "Point", "coordinates": [-81.2002626, 43.4688895]}}, {"type": "Feature", "properties": {"id": 3651825600, "name": "Econo", "brand": null, "opening_hours": null}, "geometry": {"type": "Point", "coordinates": [-80.5661812, 45.894505]}}, {"type": "Feature", "properties": {"id": 3664689979, "name": "Shell", "brand": "Shell", "opening_hours": null}, "geometry": {"type": "Point", "coordinates": [-78.8749347, 43.9228804]}}, {"type": "Feature", "properties": {"id": 3664705853, "name": "Esso", "brand": "Esso", "opening_hours": null}, "geometry": {"type": "Point", "coordinates": [-78.8472877, 43.8861131]}}, {"type": "Feature", "properties": {"id": 3676739743, "name": "Ultramar", "brand": "Ultramar", "opening_hours": null}, "geometry": {"type": "Point", "coordinates": [-79.946335, 43.8233156]}}, {"type": "Feature", "properties": {"id": 3703259397, "name": "Esso", "brand": "Esso", "opening_hours": null}, "geometry": {"type": "Point", "coordinates": [-81.5887039, 46.3295907]}}, {"type": "Feature", "properties": {"id": 3713668547, "name": "Esso", "brand": "Esso", "opening_hours": null}, "geometry": {"type": "Point", "coordinates": [-79.8413964, 43.5689772]}}, {"type": "Feature", "properties": {"id": 3723360358, "name": "Ultramar", "brand": "Ultramar", "opening_hours": null}, "geometry": {"type": "Point", "coordinates": [-79.7007435, 44.3776836]}}, {"type": "Feature", "properties": {"id": 3725469735, "name": null, "brand": null, "opening_hours": null}, "geometry": {"type": "Point", "coordinates": [-74.5906855, 45.0876346]}}, {"type": "Feature", "properties": {"id": 3734835538, "name": "Petro-Canada", "brand": "Petro-Canada", "opening_hours": null}, "geometry": {"type": "Point", "coordinates": [-80.0358512, 43.5249019]}}, {"type": "Feature", "properties": {"id": 3738298739, "name": "Oshawa Gas Bar", "brand": null, "opening_hours": null}, "geometry": {"type": "Point", "coordinates": [-78.8543787, 43.881036]}}, {"type": "Feature", "properties": {"id": 3739892456, "name": "Esso", "brand": "Esso", "opening_hours": "24/7"}, "geometry": {"type": "Point", "coordinates": [-79.5756212, 43.764551]}}, {"type": "Feature", "properties": {"id": 3742422015, "name": "Diva", "brand": null, "opening_hours": null}, "geometry": {"type": "Point", "coordinates": [-80.3139987, 43.3538778]}}, {"type": "Feature", "properties": {"id": 3743507963, "name": "Esso", "brand": "Esso", "opening_hours": null}, "geometry": {"type": "Point", "coordinates": [-79.4452081, 43.7921609]}}, {"type": "Feature", "properties": {"id": 3750036338, "name": "Esso", "brand": "Esso", "opening_hours": null}, "geometry": {"type": "Point", "coordinates": [-79.4215356, 44.0492786]}}, {"type": "Feature", "properties": {"id": 3756153077, "name": "Global Gas", "brand": "Global", "opening_hours": null}, "geometry": {"type": "Point", "coordinates": [-78.860563, 43.896018]}}, {"type": "Feature", "properties": {"id": 3759021240, "name": "7-Eleven", "brand": "7-Eleven", "opening_hours": null}, "geometry": {"type": "Point", "coordinates": [-79.783878, 43.5763783]}}, {"type": "Feature", "properties": {"id": 3762074104, "name": "Petro-Canada", "brand": "Petro-Canada", "opening_hours": null}, "geometry": {"type": "Point", "coordinates": [-79.7653022, 43.4011094]}}, {"type": "Feature", "properties": {"id": 3765259267, "name": "Aubrey Falls Trading Post & Resort", "brand": null, "opening_hours": null}, "geometry": {"type": "Point", "coordinates": [-83.3238663, 46.8511272]}}, {"type": "Feature", "properties": {"id": 3768270274, "name": "Sportsman's Inn", "brand": null, "opening_hours": null}, "geometry": {"type": "Point", "coordinates": [-81.5157909, 45.9715006]}}, {"type": "Feature", "properties": {"id": 3768270275, "name": null, "brand": null, "opening_hours": null}, "geometry": {"type": "Point", "coordinates": [-81.1499202, 46.0848093]}}, {"type": "Feature", "properties": {"id": 3769471432, "name": "Shell", "brand": "Shell", "opening_hours": null}, "geometry": {"type": "Point", "coordinates": [-81.8076077, 45.7443249]}}, {"type": "Feature", "properties": {"id": 3769818469, "name": "Shell", "brand": "shell", "opening_hours": null}, "geometry": {"type": "Point", "coordinates": [-81.9162323, 45.8828293]}}, {"type": "Feature", "properties": {"id": 3781465603, "name": "Petro-Canada", "brand": "Petro-Canada", "opening_hours": null}, "geometry": {"type": "Point", "coordinates": [-78.8049764, 43.9495146]}}, {"type": "Feature", "properties": {"id": 3781519082, "name": "Canadian Tire", "brand": "Canadian Tire", "opening_hours": null}, "geometry": {"type": "Point", "coordinates": [-78.8583766, 43.9371956]}}, {"type": "Feature", "properties": {"id": 3781519084, "name": "Husky", "brand": "Husky", "opening_hours": null}, "geometry": {"type": "Point", "coordinates": [-78.859834, 43.9369501]}}, {"type": "Feature", "properties": {"id": 3787889001, "name": "Esso", "brand": "Esso", "opening_hours": null}, "geometry": {"type": "Point", "coordinates": [-79.7158062, 43.3898424]}}, {"type": "Feature", "properties": {"id": 3789291722, "name": "Petro-Canada", "brand": "Petro-Canada", "opening_hours": null}, "geometry": {"type": "Point", "coordinates": [-82.4645586, 45.9143881]}}, {"type": "Feature", "properties": {"id": 3802921010, "name": "7-Eleven", "brand": "7-Eleven", "opening_hours": null}, "geometry": {"type": "Point", "coordinates": [-79.7067975, 43.3992817]}}, {"type": "Feature", "properties": {"id": 3811461047, "name": "Esso", "brand": "Esso", "opening_hours": null}, "geometry": {"type": "Point", "coordinates": [-79.6248839, 43.9915788]}}, {"type": "Feature", "properties": {"id": 3814743663, "name": "Ultramar", "brand": "Ultramar", "opening_hours": null}, "geometry": {"type": "Point", "coordinates": [-79.697245, 43.74316]}}, {"type": "Feature", "properties": {"id": 3819381731, "name": "Petro-Canada", "brand": "Petro-Canada", "opening_hours": "Mo-Su 00:00-23:55+"}, "geometry": {"type": "Point", "coordinates": [-79.8251518, 43.7343245]}}, {"type": "Feature", "properties": {"id": 3823655289, "name": "Petro V-Plus", "brand": null, "opening_hours": "24/7"}, "geometry": {"type": "Point", "coordinates": [-79.5689024, 43.7155525]}}, {"type": "Feature", "properties": {"id": 3824986910, "name": "Ultramar", "brand": "Ultramar", "opening_hours": null}, "geometry": {"type": "Point", "coordinates": [-77.5023508, 46.1011415]}}, {"type": "Feature", "properties": {"id": 3830134591, "name": "Petro-Canada", "brand": "Petro-Canada", "opening_hours": null}, "geometry": {"type": "Point", "coordinates": [-79.7043734, 43.4497626]}}, {"type": "Feature", "properties": {"id": 3833671279, "name": "Esso", "brand": "Esso", "opening_hours": null}, "geometry": {"type": "Point", "coordinates": [-79.0065897, 43.846291]}}, {"type": "Feature", "properties": {"id": 3836564786, "name": "Esso Commercial Cardlock", "brand": "Esso", "opening_hours": null}, "geometry": {"type": "Point", "coordinates": [-79.5579431, 43.8758229]}}, {"type": "Feature", "properties": {"id": 3843687022, "name": "Pioneer", "brand": "Pioneer", "opening_hours": null}, "geometry": {"type": "Point", "coordinates": [-79.5677116, 43.7130211]}}, {"type": "Feature", "properties": {"id": 3843753497, "name": "Petro-Canada", "brand": "Petro-Canada", "opening_hours": null}, "geometry": {"type": "Point", "coordinates": [-79.5653137, 43.7124848]}}, {"type": "Feature", "properties": {"id": 3853525641, "name": "Ultramar", "brand": "Ultramar", "opening_hours": null}, "geometry": {"type": "Point", "coordinates": [-78.3617188, 44.2782328]}}, {"type": "Feature", "properties": {"id": 3853537153, "name": "Shell", "brand": "Shell", "opening_hours": null}, "geometry": {"type": "Point", "coordinates": [-78.3408764, 44.283419]}}, {"type": "Feature", "properties": {"id": 3853626188, "name": "Canadian Tire", "brand": "Canadian Tire", "opening_hours": null}, "geometry": {"type": "Point", "coordinates": [-78.346201, 44.2820662]}}, {"type": "Feature", "properties": {"id": 3864189064, "name": "Shell", "brand": "Shell", "opening_hours": null}, "geometry": {"type": "Point", "coordinates": [-79.0185411, 43.8307752]}}, {"type": "Feature", "properties": {"id": 3901844307, "name": "Esso", "brand": "Esso", "opening_hours": null}, "geometry": {"type": "Point", "coordinates": [-79.8520157, 43.3067094]}}, {"type": "Feature", "properties": {"id": 3906538779, "name": "Pioneer", "brand": "Pioneer", "opening_hours": "24/7"}, "geometry": {"type": "Point", "coordinates": [-79.6170008, 43.7736839]}}, {"type": "Feature", "properties": {"id": 3906539500, "name": "Esso", "brand": "Esso", "opening_hours": "24/7"}, "geometry": {"type": "Point", "coordinates": [-79.6259503, 43.771339]}}, {"type": "Feature", "properties": {"id": 3914929457, "name": "Shell", "brand": "Shell", "opening_hours": "24/7"}, "geometry": {"type": "Point", "coordinates": [-79.4458479, 46.27932]}}, {"type": "Feature", "properties": {"id": 3918887692, "name": "Esso", "brand": "Esso", "opening_hours": null}, "geometry": {"type": "Point", "coordinates": [-78.3192628, 44.4678673]}}, {"type": "Feature", "properties": {"id": 3928465677, "name": "Esso", "brand": "Esso", "opening_hours": null}, "geometry": {"type": "Point", "coordinates": [-79.0620765, 44.2632486]}}, {"type": "Feature", "properties": {"id": 3942754885, "name": "Petro-Canada", "brand": "Petro-Canada", "opening_hours": "24/7"}, "geometry": {"type": "Point", "coordinates": [-79.6823843, 43.5465485]}}, {"type": "Feature", "properties": {"id": 3942763594, "name": "Shell", "brand": "Shell", "opening_hours": null}, "geometry": {"type": "Point", "coordinates": [-79.549347, 43.6485005]}}, {"type": "Feature", "properties": {"id": 3943793824, "name": "Mobil", "brand": "Mobil", "opening_hours": null}, "geometry": {"type": "Point", "coordinates": [-79.7130681, 43.5539623]}}, {"type": "Feature", "properties": {"id": 3946401262, "name": "Esso", "brand": "Esso", "opening_hours": null}, "geometry": {"type": "Point", "coordinates": [-79.6849399, 43.536473]}}, {"type": "Feature", "properties": {"id": 3946479575, "name": "Petro-Canada", "brand": "Petro-Canada", "opening_hours": null}, "geometry": {"type": "Point", "coordinates": [-79.6906176, 43.5507462]}}, {"type": "Feature", "properties": {"id": 3952010379, "name": "Ultramar", "brand": "Ultramar", "opening_hours": null}, "geometry": {"type": "Point", "coordinates": [-79.5418151, 43.7525189]}}, {"type": "Feature", "properties": {"id": 3960430037, "name": "Esso", "brand": "Esso", "opening_hours": "24/7"}, "geometry": {"type": "Point", "coordinates": [-79.5417913, 43.8680345]}}, {"type": "Feature", "properties": {"id": 3969298213, "name": null, "brand": null, "opening_hours": null}, "geometry": {"type": "Point", "coordinates": [-89.8887938, 53.8195602]}}, {"type": "Feature", "properties": {"id": 3981162657, "name": "miFuel", "brand": null, "opening_hours": null}, "geometry": {"type": "Point", "coordinates": [-79.6303831, 43.81492]}}, {"type": "Feature", "properties": {"id": 3989280859, "name": "Petro-Canada", "brand": "Petro-Canada", "opening_hours": null}, "geometry": {"type": "Point", "coordinates": [-79.5584952, 43.8955549]}}, {"type": "Feature", "properties": {"id": 4000878733, "name": "Ultramar", "brand": "Ultramar", "opening_hours": null}, "geometry": {"type": "Point", "coordinates": [-75.9115489, 45.3378123]}}, {"type": "Feature", "properties": {"id": 4008636155, "name": "Gas+", "brand": "Canadian Tire", "opening_hours": null}, "geometry": {"type": "Point", "coordinates": [-80.2923816, 43.3579167]}}, {"type": "Feature", "properties": {"id": 4033356770, "name": "MacEwen", "brand": "MacEwen", "opening_hours": "Mo-Fr 05:00-23:00; Sa 06:00-23:00; Su 07:00-22:00"}, "geometry": {"type": "Point", "coordinates": [-74.7247571, 45.0351881]}}, {"type": "Feature", "properties": {"id": 4033358699, "name": "GTS Gas", "brand": null, "opening_hours": "Mo-Sa 08:30-18:30"}, "geometry": {"type": "Point", "coordinates": [-74.7369376, 45.0507852]}}, {"type": "Feature", "properties": {"id": 4034935332, "name": null, "brand": null, "opening_hours": null}, "geometry": {"type": "Point", "coordinates": [-81.2749484, 42.8504099]}}, {"type": "Feature", "properties": {"id": 4056676533, "name": "Ultramar", "brand": "Ultramar", "opening_hours": null}, "geometry": {"type": "Point", "coordinates": [-78.8898263, 43.9432494]}}, {"type": "Feature", "properties": {"id": 4058593146, "name": "Esso", "brand": "Esso", "opening_hours": null}, "geometry": {"type": "Point", "coordinates": [-78.8516093, 43.8697693]}}, {"type": "Feature", "properties": {"id": 4062830290, "name": "Esso", "brand": "Esso", "opening_hours": "24/7"}, "geometry": {"type": "Point", "coordinates": [-74.7550153, 45.0305856]}}, {"type": "Feature", "properties": {"id": 4069812729, "name": "Ultramar", "brand": "Ultramar", "opening_hours": null}, "geometry": {"type": "Point", "coordinates": [-79.2525466, 43.7361609]}}, {"type": "Feature", "properties": {"id": 4082016335, "name": null, "brand": null, "opening_hours": null}, "geometry": {"type": "Point", "coordinates": [-80.56112, 43.5764079]}}, {"type": "Feature", "properties": {"id": 4083501973, "name": "Crevier", "brand": "Crevier", "opening_hours": null}, "geometry": {"type": "Point", "coordinates": [-81.0345854, 49.0591908]}}, {"type": "Feature", "properties": {"id": 4088621277, "name": "BVD", "brand": null, "opening_hours": null}, "geometry": {"type": "Point", "coordinates": [-79.9148807, 43.5343997]}}, {"type": "Feature", "properties": {"id": 4088621278, "name": "Petro-Canada", "brand": "Petro-Canada", "opening_hours": null}, "geometry": {"type": "Point", "coordinates": [-79.9146165, 43.5342168]}}, {"type": "Feature", "properties": {"id": 4090349576, "name": "Esso", "brand": "Esso", "opening_hours": null}, "geometry": {"type": "Point", "coordinates": [-82.3696705, 49.3971306]}}, {"type": "Feature", "properties": {"id": 4090367790, "name": "Shell", "brand": "Shell", "opening_hours": null}, "geometry": {"type": "Point", "coordinates": [-82.4204788, 49.4131721]}}, {"type": "Feature", "properties": {"id": 4090475259, "name": null, "brand": null, "opening_hours": null}, "geometry": {"type": "Point", "coordinates": [-82.5344609, 49.4416604]}}, {"type": "Feature", "properties": {"id": 4091541122, "name": "Pump", "brand": null, "opening_hours": null}, "geometry": {"type": "Point", "coordinates": [-80.4686336, 48.5326009]}}, {"type": "Feature", "properties": {"id": 4095565474, "name": "Esso", "brand": "Esso", "opening_hours": "24/7"}, "geometry": {"type": "Point", "coordinates": [-83.6858593, 49.6911244]}}, {"type": "Feature", "properties": {"id": 4095565476, "name": "Shell", "brand": "Shell", "opening_hours": null}, "geometry": {"type": "Point", "coordinates": [-83.6728081, 49.6907134]}}, {"type": "Feature", "properties": {"id": 4105393369, "name": "Esso", "brand": "Esso", "opening_hours": null}, "geometry": {"type": "Point", "coordinates": [-77.4935748, 46.0971921]}}, {"type": "Feature", "properties": {"id": 4106807207, "name": "Melanson's Groceries", "brand": null, "opening_hours": null}, "geometry": {"type": "Point", "coordinates": [-87.9601568, 49.6013393]}}, {"type": "Feature", "properties": {"id": 4107994418, "name": "Petro-Canada", "brand": "Petro-Canada", "opening_hours": null}, "geometry": {"type": "Point", "coordinates": [-86.361925, 48.7626042]}}, {"type": "Feature", "properties": {"id": 4109567277, "name": "Co-op", "brand": "Federated Co-operatives", "opening_hours": null}, "geometry": {"type": "Point", "coordinates": [-80.1341852, 46.4150242]}}, {"type": "Feature", "properties": {"id": 4114563289, "name": "Esso", "brand": "Esso", "opening_hours": null}, "geometry": {"type": "Point", "coordinates": [-79.0406789, 46.2702624]}}, {"type": "Feature", "properties": {"id": 4122005632, "name": "Eganville Self Serve", "brand": null, "opening_hours": null}, "geometry": {"type": "Point", "coordinates": [-77.1025191, 45.5416513]}}, {"type": "Feature", "properties": {"id": 4149819186, "name": "Husky", "brand": "Husky", "opening_hours": null}, "geometry": {"type": "Point", "coordinates": [-79.0657188, 43.8339149]}}, {"type": "Feature", "properties": {"id": 4149832260, "name": "Flying J", "brand": "Flying J", "opening_hours": null}, "geometry": {"type": "Point", "coordinates": [-79.0487757, 43.8292706]}}, {"type": "Feature", "properties": {"id": 4153944042, "name": "Madawaska Country Store", "brand": null, "opening_hours": null}, "geometry": {"type": "Point", "coordinates": [-77.9842284, 45.5020947]}}, {"type": "Feature", "properties": {"id": 4169891775, "name": "Loone's Variety & Gas Bar", "brand": null, "opening_hours": null}, "geometry": {"type": "Point", "coordinates": [-81.6905343, 52.2070054]}}, {"type": "Feature", "properties": {"id": 4207039830, "name": "Esso", "brand": "Esso", "opening_hours": null}, "geometry": {"type": "Point", "coordinates": [-79.6426955, 43.6542713]}}, {"type": "Feature", "properties": {"id": 4207054156, "name": "Pipeline Commercial", "brand": null, "opening_hours": null}, "geometry": {"type": "Point", "coordinates": [-79.6389246, 43.6571724]}}, {"type": "Feature", "properties": {"id": 4207054167, "name": null, "brand": null, "opening_hours": null}, "geometry": {"type": "Point", "coordinates": [-79.637076, 43.6524045]}}, {"type": "Feature", "properties": {"id": 4218513090, "name": "Esso", "brand": "Esso", "opening_hours": "24/7"}, "geometry": {"type": "Point", "coordinates": [-79.0195654, 43.8821013]}}, {"type": "Feature", "properties": {"id": 4227504189, "name": "Pump", "brand": null, "opening_hours": null}, "geometry": {"type": "Point", "coordinates": [-79.5581564, 43.7675867]}}, {"type": "Feature", "properties": {"id": 4227517105, "name": "Esso", "brand": "Esso", "opening_hours": "24/7"}, "geometry": {"type": "Point", "coordinates": [-79.547745, 43.7696867]}}, {"type": "Feature", "properties": {"id": 4227518320, "name": "Petro-Canada", "brand": "Petro-Canada", "opening_hours": null}, "geometry": {"type": "Point", "coordinates": [-79.5399348, 43.7712755]}}, {"type": "Feature", "properties": {"id": 4231982279, "name": "Broken Canoe Trading Post and Gas Station", "brand": null, "opening_hours": null}, "geometry": {"type": "Point", "coordinates": [-83.0120484, 46.1947504]}}, {"type": "Feature", "properties": {"id": 4237818600, "name": "Global", "brand": "Global", "opening_hours": null}, "geometry": {"type": "Point", "coordinates": [-80.2277817, 43.5492743]}}, {"type": "Feature", "properties": {"id": 4238108536, "name": "Esso", "brand": "Esso", "opening_hours": null}, "geometry": {"type": "Point", "coordinates": [-80.3214264, 43.3884722]}}, {"type": "Feature", "properties": {"id": 4244877682, "name": "Shell", "brand": "Shell", "opening_hours": null}, "geometry": {"type": "Point", "coordinates": [-79.424017, 44.5947152]}}, {"type": "Feature", "properties": {"id": 4245247559, "name": "Petro V Plus", "brand": null, "opening_hours": null}, "geometry": {"type": "Point", "coordinates": [-79.5027375, 43.6998603]}}, {"type": "Feature", "properties": {"id": 4264649372, "name": "Global", "brand": "Global", "opening_hours": null}, "geometry": {"type": "Point", "coordinates": [-79.3000712, 43.8263588]}}, {"type": "Feature", "properties": {"id": 4273742415, "name": "Henvey's Gas Bar", "brand": null, "opening_hours": null}, "geometry": {"type": "Point", "coordinates": [-80.5619559, 45.9757167]}}, {"type": "Feature", "properties": {"id": 4278370108, "name": "Esso", "brand": "Esso", "opening_hours": null}, "geometry": {"type": "Point", "coordinates": [-79.2375533, 43.7892203]}}, {"type": "Feature", "properties": {"id": 4288667314, "name": "Diane's Gas Bar", "brand": "Esso", "opening_hours": null}, "geometry": {"type": "Point", "coordinates": [-93.7449549, 51.0549849]}}, {"type": "Feature", "properties": {"id": 4293733402, "name": "Esso", "brand": "Esso", "opening_hours": null}, "geometry": {"type": "Point", "coordinates": [-79.2189548, 43.1730688]}}, {"type": "Feature", "properties": {"id": 4314426655, "name": "Esso", "brand": "Esso", "opening_hours": null}, "geometry": {"type": "Point", "coordinates": [-79.4187359, 44.607501]}}, {"type": "Feature", "properties": {"id": 4314426656, "name": "Circle K", "brand": "Circle K", "opening_hours": null}, "geometry": {"type": "Point", "coordinates": [-79.4245303, 44.5989655]}}, {"type": "Feature", "properties": {"id": 4315827390, "name": "UPI Energy", "brand": null, "opening_hours": "Mo-Sa 07:00-21:00; Su 09:00-20:00"}, "geometry": {"type": "Point", "coordinates": [-77.8038509, 44.3030235]}}, {"type": "Feature", "properties": {"id": 4318986209, "name": "Esso", "brand": "Esso", "opening_hours": null}, "geometry": {"type": "Point", "coordinates": [-84.3205231, 46.5679846]}}, {"type": "Feature", "properties": {"id": 4319705820, "name": "17E Trading Post", "brand": null, "opening_hours": null}, "geometry": {"type": "Point", "coordinates": [-84.0122856, 46.337463]}}, {"type": "Feature", "properties": {"id": 4321692279, "name": "Shell", "brand": "Shell", "opening_hours": null}, "geometry": {"type": "Point", "coordinates": [-81.2763499, 43.0288679]}}, {"type": "Feature", "properties": {"id": 4322029768, "name": "Jiffy Gas Bar", "brand": null, "opening_hours": null}, "geometry": {"type": "Point", "coordinates": [-79.5244775, 43.7372248]}}, {"type": "Feature", "properties": {"id": 4328104036, "name": "Esso", "brand": "Esso", "opening_hours": null}, "geometry": {"type": "Point", "coordinates": [-79.5315389, 43.7745163]}}, {"type": "Feature", "properties": {"id": 4333068689, "name": "Esso", "brand": "Esso", "opening_hours": null}, "geometry": {"type": "Point", "coordinates": [-79.1903287, 43.7663425]}}, {"type": "Feature", "properties": {"id": 4335709130, "name": "Ultramar", "brand": "Ultramar", "opening_hours": "24/7"}, "geometry": {"type": "Point", "coordinates": [-74.7375506, 45.0498384]}}, {"type": "Feature", "properties": {"id": 4337899869, "name": "Esso", "brand": "Esso", "opening_hours": null}, "geometry": {"type": "Point", "coordinates": [-74.6423283, 45.0354673]}}, {"type": "Feature", "properties": {"id": 4345288428, "name": "Seaway Gas", "brand": null, "opening_hours": null}, "geometry": {"type": "Point", "coordinates": [-74.6857174, 45.0576993]}}, {"type": "Feature", "properties": {"id": 4345288429, "name": "Esso", "brand": "Esso", "opening_hours": null}, "geometry": {"type": "Point", "coordinates": [-74.6865512, 45.0600458]}}, {"type": "Feature", "properties": {"id": 4351271365, "name": "Pilot", "brand": "Pilot", "opening_hours": "24/7"}, "geometry": {"type": "Point", "coordinates": [-88.7819898, 48.6037546]}}, {"type": "Feature", "properties": {"id": 4351271372, "name": "Flying J", "brand": "Flying J", "opening_hours": "24/7"}, "geometry": {"type": "Point", "coordinates": [-88.7819892, 48.6039477]}}, {"type": "Feature", "properties": {"id": 4355754679, "name": "Petro-Canada", "brand": "Petro-Canada", "opening_hours": null}, "geometry": {"type": "Point", "coordinates": [-79.5576504, 43.8457136]}}, {"type": "Feature", "properties": {"id": 4359481386, "name": "RaceTrac", "brand": "RaceTrac", "opening_hours": null}, "geometry": {"type": "Point", "coordinates": [-79.7633993, 43.2373065]}}, {"type": "Feature", "properties": {"id": 4359481877, "name": "Husky", "brand": "Husky", "opening_hours": null}, "geometry": {"type": "Point", "coordinates": [-79.5159711, 43.795781]}}, {"type": "Feature", "properties": {"id": 4370134708, "name": "Shell", "brand": "Shell", "opening_hours": null}, "geometry": {"type": "Point", "coordinates": [-81.4319137, 42.9450787]}}, {"type": "Feature", "properties": {"id": 4407360291, "name": "Mobil", "brand": "Mobil", "opening_hours": null}, "geometry": {"type": "Point", "coordinates": [-79.482585, 43.686241]}}, {"type": "Feature", "properties": {"id": 4408195706, "name": "Esso", "brand": "Esso", "opening_hours": null}, "geometry": {"type": "Point", "coordinates": [-89.1824696, 48.4682564]}}, {"type": "Feature", "properties": {"id": 4408698385, "name": "XTR", "brand": "XTR", "opening_hours": null}, "geometry": {"type": "Point", "coordinates": [-85.2727671, 48.5920548]}}, {"type": "Feature", "properties": {"id": 4408698456, "name": "XTR", "brand": "XTR", "opening_hours": null}, "geometry": {"type": "Point", "coordinates": [-87.2687344, 48.8143946]}}, {"type": "Feature", "properties": {"id": 4409606303, "name": "CAN-OP", "brand": null, "opening_hours": null}, "geometry": {"type": "Point", "coordinates": [-84.3493613, 46.7334395]}}, {"type": "Feature", "properties": {"id": 4413423185, "name": "Shell", "brand": "Shell", "opening_hours": null}, "geometry": {"type": "Point", "coordinates": [-79.5669657, 43.6257111]}}, {"type": "Feature", "properties": {"id": 4414873068, "name": "Circle K", "brand": "Circle K", "opening_hours": null}, "geometry": {"type": "Point", "coordinates": [-79.7707978, 43.7634476]}}, {"type": "Feature", "properties": {"id": 4423107507, "name": "BVD Petroleum", "brand": null, "opening_hours": null}, "geometry": {"type": "Point", "coordinates": [-79.6503449, 43.656819]}}, {"type": "Feature", "properties": {"id": 4423107512, "name": null, "brand": null, "opening_hours": null}, "geometry": {"type": "Point", "coordinates": [-79.6516834, 43.6561476]}}, {"type": "Feature", "properties": {"id": 4424319787, "name": "Shell", "brand": "Shell", "opening_hours": null}, "geometry": {"type": "Point", "coordinates": [-81.8696154, 42.8214386]}}, {"type": "Feature", "properties": {"id": 4425071119, "name": "Esso", "brand": "Esso", "opening_hours": null}, "geometry": {"type": "Point", "coordinates": [-79.6953202, 43.6551881]}}, {"type": "Feature", "properties": {"id": 4425125467, "name": "Esso", "brand": "Esso", "opening_hours": null}, "geometry": {"type": "Point", "coordinates": [-79.6825826, 43.680563]}}, {"type": "Feature", "properties": {"id": 4425128111, "name": null, "brand": null, "opening_hours": null}, "geometry": {"type": "Point", "coordinates": [-79.6832478, 43.6797754]}}, {"type": "Feature", "properties": {"id": 4425476479, "name": "Petro-Canada", "brand": "Petro-Canada", "opening_hours": "Mo-Sa 05:00-00:00; Su 07:00-00:00"}, "geometry": {"type": "Point", "coordinates": [-79.7467489, 43.2340575]}}, {"type": "Feature", "properties": {"id": 4464227610, "name": "Petro-Canada", "brand": "Petro-Canada", "opening_hours": null}, "geometry": {"type": "Point", "coordinates": [-79.8833203, 43.2257579]}}, {"type": "Feature", "properties": {"id": 4465157201, "name": "Costco Gasoline", "brand": "Costco", "opening_hours": null}, "geometry": {"type": "Point", "coordinates": [-80.2923798, 43.522525]}}, {"type": "Feature", "properties": {"id": 4465521413, "name": null, "brand": null, "opening_hours": null}, "geometry": {"type": "Point", "coordinates": [-80.5230016, 44.319098]}}, {"type": "Feature", "properties": {"id": 4465522260, "name": "Esso", "brand": "Esso", "opening_hours": null}, "geometry": {"type": "Point", "coordinates": [-80.2139636, 43.8948654]}}, {"type": "Feature", "properties": {"id": 4467120050, "name": "Petro-Canada", "brand": "Petro-Canada", "opening_hours": null}, "geometry": {"type": "Point", "coordinates": [-79.2097277, 43.1763656]}}, {"type": "Feature", "properties": {"id": 4484783194, "name": null, "brand": null, "opening_hours": null}, "geometry": {"type": "Point", "coordinates": [-83.0320884, 42.3097529]}}, {"type": "Feature", "properties": {"id": 4487454039, "name": "Pioneer", "brand": "Pioneer", "opening_hours": null}, "geometry": {"type": "Point", "coordinates": [-79.2666552, 43.1760656]}}, {"type": "Feature", "properties": {"id": 4512736085, "name": "Shell", "brand": "Shell", "opening_hours": "24/7"}, "geometry": {"type": "Point", "coordinates": [-79.757368, 43.7548526]}}, {"type": "Feature", "properties": {"id": 4560695300, "name": "Pioneer", "brand": "Pioneer", "opening_hours": null}, "geometry": {"type": "Point", "coordinates": [-79.246332, 43.8240518]}}, {"type": "Feature", "properties": {"id": 4562865268, "name": "Petro-Canada", "brand": "Petro-Canada", "opening_hours": null}, "geometry": {"type": "Point", "coordinates": [-79.083956, 43.8219851]}}, {"type": "Feature", "properties": {"id": 4599667134, "name": "Esso", "brand": "Esso", "opening_hours": null}, "geometry": {"type": "Point", "coordinates": [-82.3798476, 42.5896826]}}, {"type": "Feature", "properties": {"id": 4599667135, "name": "Superior Propane", "brand": null, "opening_hours": null}, "geometry": {"type": "Point", "coordinates": [-82.3797186, 42.5896965]}}, {"type": "Feature", "properties": {"id": 4687866861, "name": null, "brand": null, "opening_hours": null}, "geometry": {"type": "Point", "coordinates": [-80.6669577, 43.3939289]}}, {"type": "Feature", "properties": {"id": 4696445640, "name": null, "brand": null, "opening_hours": null}, "geometry": {"type": "Point", "coordinates": [-79.2745692, 43.1736092]}}, {"type": "Feature", "properties": {"id": 4721647721, "name": "MacEwen", "brand": "MacEwen", "opening_hours": null}, "geometry": {"type": "Point", "coordinates": [-79.7328022, 44.3658796]}}, {"type": "Feature", "properties": {"id": 4727288572, "name": "Petro-Canada", "brand": "Petro-Canada", "opening_hours": null}, "geometry": {"type": "Point", "coordinates": [-82.9696863, 42.2625835]}}, {"type": "Feature", "properties": {"id": 4727875119, "name": "Costco Gasoline", "brand": "Costco", "opening_hours": null}, "geometry": {"type": "Point", "coordinates": [-81.2931383, 42.9889574]}}, {"type": "Feature", "properties": {"id": 4728956129, "name": "Shell", "brand": "Shell", "opening_hours": null}, "geometry": {"type": "Point", "coordinates": [-79.3792444, 45.8397281]}}, {"type": "Feature", "properties": {"id": 4737209724, "name": "Shell", "brand": "Shell", "opening_hours": null}, "geometry": {"type": "Point", "coordinates": [-84.3193532, 46.5570302]}}, {"type": "Feature", "properties": {"id": 4751789476, "name": "UPI Energy", "brand": null, "opening_hours": null}, "geometry": {"type": "Point", "coordinates": [-79.9348813, 43.3598421]}}, {"type": "Feature", "properties": {"id": 4756328858, "name": "Petro-Canada", "brand": "Petro-Canada", "opening_hours": null}, "geometry": {"type": "Point", "coordinates": [-82.3760556, 42.9846665]}}, {"type": "Feature", "properties": {"id": 4762024826, "name": "Mr Gas", "brand": null, "opening_hours": null}, "geometry": {"type": "Point", "coordinates": [-78.7086614, 46.3106322]}}, {"type": "Feature", "properties": {"id": 4783633045, "name": "Shell", "brand": "Shell", "opening_hours": null}, "geometry": {"type": "Point", "coordinates": [-84.3079549, 46.5220016]}}, {"type": "Feature", "properties": {"id": 4788444343, "name": "Davis Fuels", "brand": null, "opening_hours": null}, "geometry": {"type": "Point", "coordinates": [-80.411374, 43.1064248]}}, {"type": "Feature", "properties": {"id": 4794496521, "name": "Pioneer", "brand": "Pioneer", "opening_hours": null}, "geometry": {"type": "Point", "coordinates": [-82.3684429, 42.9607932]}}, {"type": "Feature", "properties": {"id": 4807965818, "name": "Ultramar", "brand": "Ultramar", "opening_hours": null}, "geometry": {"type": "Point", "coordinates": [-83.0610827, 42.2478231]}}, {"type": "Feature", "properties": {"id": 4816487983, "name": null, "brand": null, "opening_hours": null}, "geometry": {"type": "Point", "coordinates": [-81.366104, 43.8176491]}}, {"type": "Feature", "properties": {"id": 4821799130, "name": "Petro-Pass Cardlock", "brand": "Petro-Canada", "opening_hours": null}, "geometry": {"type": "Point", "coordinates": [-79.7823662, 43.2575607]}}, {"type": "Feature", "properties": {"id": 4828889334, "name": "Mobil", "brand": "Mobil", "opening_hours": null}, "geometry": {"type": "Point", "coordinates": [-82.9644058, 42.2393228]}}, {"type": "Feature", "properties": {"id": 4834814824, "name": "MacEwen", "brand": "MacEwen", "opening_hours": null}, "geometry": {"type": "Point", "coordinates": [-76.1214676, 44.611711]}}, {"type": "Feature", "properties": {"id": 4867956394, "name": "Petro-Canada", "brand": "Petro-Canada", "opening_hours": null}, "geometry": {"type": "Point", "coordinates": [-83.050501, 42.2746008]}}, {"type": "Feature", "properties": {"id": 4871058942, "name": "Esso", "brand": "Esso", "opening_hours": null}, "geometry": {"type": "Point", "coordinates": [-80.1899566, 44.4996463]}}, {"type": "Feature", "properties": {"id": 4879504139, "name": "Shell", "brand": "Shell", "opening_hours": null}, "geometry": {"type": "Point", "coordinates": [-81.2620593, 42.9670678]}}, {"type": "Feature", "properties": {"id": 4884514821, "name": "Esso", "brand": "Esso", "opening_hours": null}, "geometry": {"type": "Point", "coordinates": [-79.5824946, 43.7134022]}}, {"type": "Feature", "properties": {"id": 4884607474, "name": "BM Gas", "brand": null, "opening_hours": null}, "geometry": {"type": "Point", "coordinates": [-81.1876425, 43.0284237]}}, {"type": "Feature", "properties": {"id": 4928883128, "name": "Mike's One Stop", "brand": null, "opening_hours": null}, "geometry": {"type": "Point", "coordinates": [-79.6374389, 47.4419835]}}, {"type": "Feature", "properties": {"id": 4948826288, "name": "Ultramar", "brand": "Ultramar", "opening_hours": null}, "geometry": {"type": "Point", "coordinates": [-78.3438452, 44.2901797]}}, {"type": "Feature", "properties": {"id": 4948897194, "name": "Petro-Canada", "brand": "Petro-Canada", "opening_hours": null}, "geometry": {"type": "Point", "coordinates": [-79.4899786, 43.7571004]}}, {"type": "Feature", "properties": {"id": 4949497461, "name": "Mr Gas", "brand": null, "opening_hours": null}, "geometry": {"type": "Point", "coordinates": [-77.475071, 46.056169]}}, {"type": "Feature", "properties": {"id": 4949537496, "name": "MacEwen", "brand": "MacEwen", "opening_hours": null}, "geometry": {"type": "Point", "coordinates": [-79.0882993, 46.6494964]}}, {"type": "Feature", "properties": {"id": 4949602741, "name": "Petro-Canada", "brand": "Petro-Canada", "opening_hours": null}, "geometry": {"type": "Point", "coordinates": [-79.6867559, 47.5084543]}}, {"type": "Feature", "properties": {"id": 4949602742, "name": "BNS Corner Gas", "brand": null, "opening_hours": null}, "geometry": {"type": "Point", "coordinates": [-79.6450663, 47.4272377]}}, {"type": "Feature", "properties": {"id": 4949602743, "name": "Mr Gas", "brand": null, "opening_hours": null}, "geometry": {"type": "Point", "coordinates": [-79.6717374, 47.5102395]}}, {"type": "Feature", "properties": {"id": 4950859580, "name": "UPI Energy", "brand": null, "opening_hours": null}, "geometry": {"type": "Point", "coordinates": [-81.7688591, 46.2640725]}}, {"type": "Feature", "properties": {"id": 4950866758, "name": "Serpent River Trading Post", "brand": null, "opening_hours": null}, "geometry": {"type": "Point", "coordinates": [-82.4209661, 46.2057388]}}, {"type": "Feature", "properties": {"id": 4950871400, "name": "Voyageur Pump", "brand": null, "opening_hours": null}, "geometry": {"type": "Point", "coordinates": [-84.5746767, 46.946283]}}, {"type": "Feature", "properties": {"id": 4950891233, "name": "Damco Fuels", "brand": null, "opening_hours": null}, "geometry": {"type": "Point", "coordinates": [-82.1666229, 49.3458283]}}, {"type": "Feature", "properties": {"id": 4951411788, "name": "LeClair Fuels", "brand": null, "opening_hours": null}, "geometry": {"type": "Point", "coordinates": [-84.3472012, 46.7220646]}}, {"type": "Feature", "properties": {"id": 4951424531, "name": "MF", "brand": null, "opening_hours": null}, "geometry": {"type": "Point", "coordinates": [-82.938452, 46.201666]}}, {"type": "Feature", "properties": {"id": 4951619335, "name": "Tim's Convenience", "brand": null, "opening_hours": null}, "geometry": {"type": "Point", "coordinates": [-79.8714533, 46.3257849]}}, {"type": "Feature", "properties": {"id": 4951629054, "name": "Chez St Pierre General Store", "brand": null, "opening_hours": null}, "geometry": {"type": "Point", "coordinates": [-80.1707793, 46.3252066]}}, {"type": "Feature", "properties": {"id": 4951660777, "name": "Swipe, Pump Go", "brand": null, "opening_hours": null}, "geometry": {"type": "Point", "coordinates": [-86.3767144, 48.7264568]}}, {"type": "Feature", "properties": {"id": 4951660778, "name": "Mobile", "brand": "Mobil", "opening_hours": null}, "geometry": {"type": "Point", "coordinates": [-86.3737956, 48.7213593]}}, {"type": "Feature", "properties": {"id": 4951668943, "name": "Esso", "brand": "Esso", "opening_hours": null}, "geometry": {"type": "Point", "coordinates": [-87.1027291, 48.7819902]}}, {"type": "Feature", "properties": {"id": 4951826998, "name": "Top Valu", "brand": null, "opening_hours": null}, "geometry": {"type": "Point", "coordinates": [-89.8882274, 48.5936425]}}, {"type": "Feature", "properties": {"id": 4951829571, "name": "Pine Point Resort", "brand": null, "opening_hours": null}, "geometry": {"type": "Point", "coordinates": [-90.469923, 48.838396]}}, {"type": "Feature", "properties": {"id": 4951830995, "name": "Willard Lake Resort", "brand": null, "opening_hours": null}, "geometry": {"type": "Point", "coordinates": [-93.976364, 49.826827]}}, {"type": "Feature", "properties": {"id": 4951833926, "name": "Esso", "brand": "Esso", "opening_hours": null}, "geometry": {"type": "Point", "coordinates": [-93.3649597, 49.8541169]}}, {"type": "Feature", "properties": {"id": 4951833927, "name": "Shell", "brand": null, "opening_hours": null}, "geometry": {"type": "Point", "coordinates": [-93.388681, 49.859788]}}, {"type": "Feature", "properties": {"id": 4951838886, "name": "PR Gas", "brand": null, "opening_hours": null}, "geometry": {"type": "Point", "coordinates": [-93.0573427, 49.7359598]}}, {"type": "Feature", "properties": {"id": 4951843162, "name": "Shell", "brand": "Shell", "opening_hours": null}, "geometry": {"type": "Point", "coordinates": [-91.6596799, 49.4167932]}}, {"type": "Feature", "properties": {"id": 4951844522, "name": "Esso", "brand": "Esso", "opening_hours": null}, "geometry": {"type": "Point", "coordinates": [-80.650678, 51.266104]}}, {"type": "Feature", "properties": {"id": 4951844540, "name": "Norm's Gas Bar", "brand": null, "opening_hours": null}, "geometry": {"type": "Point", "coordinates": [-84.1348508, 49.796661]}}, {"type": "Feature", "properties": {"id": 4953844608, "name": "CAN-OP", "brand": null, "opening_hours": null}, "geometry": {"type": "Point", "coordinates": [-86.5873503, 48.7809956]}}, {"type": "Feature", "properties": {"id": 4953849550, "name": "Fertengiger's Gas Variety", "brand": null, "opening_hours": null}, "geometry": {"type": "Point", "coordinates": [-87.5562236, 48.8819645]}}, {"type": "Feature", "properties": {"id": 4953852026, "name": "CAN-OP", "brand": null, "opening_hours": null}, "geometry": {"type": "Point", "coordinates": [-87.772222, 48.921822]}}, {"type": "Feature", "properties": {"id": 4953859183, "name": "Pelletier's Gas Bar", "brand": null, "opening_hours": null}, "geometry": {"type": "Point", "coordinates": [-88.2431452, 49.025263]}}, {"type": "Feature", "properties": {"id": 4953859184, "name": "Red Rock Marina", "brand": null, "opening_hours": null}, "geometry": {"type": "Point", "coordinates": [-88.254247, 48.946773]}}, {"type": "Feature", "properties": {"id": 4954746542, "name": "White Lake Lodge", "brand": null, "opening_hours": null}, "geometry": {"type": "Point", "coordinates": [-85.5539368, 48.7057513]}}, {"type": "Feature", "properties": {"id": 4954770916, "name": "Dubreuil Lumber Inc", "brand": null, "opening_hours": null}, "geometry": {"type": "Point", "coordinates": [-84.543915, 48.352428]}}, {"type": "Feature", "properties": {"id": 4954790111, "name": "101 Gas Trading Post", "brand": null, "opening_hours": null}, "geometry": {"type": "Point", "coordinates": [-83.3443213, 47.8349437]}}, {"type": "Feature", "properties": {"id": 4954790112, "name": "Esso", "brand": "Esso", "opening_hours": null}, "geometry": {"type": "Point", "coordinates": [-83.3975951, 47.8196298]}}, {"type": "Feature", "properties": {"id": 4954790113, "name": "MF", "brand": null, "opening_hours": null}, "geometry": {"type": "Point", "coordinates": [-83.40198, 47.837559]}}, {"type": "Feature", "properties": {"id": 4954790114, "name": "Pimii Kamik", "brand": null, "opening_hours": null}, "geometry": {"type": "Point", "coordinates": [-83.4363076, 47.8255113]}}, {"type": "Feature", "properties": {"id": 4959148772, "name": "Gowganda Lake Camp", "brand": null, "opening_hours": null}, "geometry": {"type": "Point", "coordinates": [-80.777149, 47.652235]}}, {"type": "Feature", "properties": {"id": 4959148773, "name": "Dog Star Services", "brand": null, "opening_hours": null}, "geometry": {"type": "Point", "coordinates": [-80.6424407, 47.9401398]}}, {"type": "Feature", "properties": {"id": 4959196800, "name": "Cobalt Truck Stop", "brand": null, "opening_hours": null}, "geometry": {"type": "Point", "coordinates": [-79.7606559, 47.3716861]}}, {"type": "Feature", "properties": {"id": 4959196801, "name": "Wayne's Corner Garage", "brand": null, "opening_hours": null}, "geometry": {"type": "Point", "coordinates": [-79.685426, 47.394747]}}, {"type": "Feature", "properties": {"id": 4959200617, "name": "Northroute Fuels", "brand": null, "opening_hours": null}, "geometry": {"type": "Point", "coordinates": [-80.340142, 47.732714]}}, {"type": "Feature", "properties": {"id": 4959206053, "name": "Alfie Lil-LuLu's", "brand": null, "opening_hours": null}, "geometry": {"type": "Point", "coordinates": [-80.3315493, 47.7305523]}}, {"type": "Feature", "properties": {"id": 4986648043, "name": "Mobil", "brand": "Mobil", "opening_hours": null}, "geometry": {"type": "Point", "coordinates": [-80.2405411, 43.1408433]}}, {"type": "Feature", "properties": {"id": 5000865817, "name": "Esso", "brand": "Esso", "opening_hours": "Mo-Fr 06:00-23:00; Sa 07:00-22:30; Su 07:30-22:30"}, "geometry": {"type": "Point", "coordinates": [-80.2556634, 43.2447279]}}, {"type": "Feature", "properties": {"id": 5007382205, "name": "Canadian Tire", "brand": "Canadian Tire", "opening_hours": null}, "geometry": {"type": "Point", "coordinates": [-80.2446502, 43.1725094]}}, {"type": "Feature", "properties": {"id": 5046706049, "name": "Long Lake 58 General Store", "brand": null, "opening_hours": null}, "geometry": {"type": "Point", "coordinates": [-86.5729406, 49.7858505]}}, {"type": "Feature", "properties": {"id": 5046706050, "name": "Shell", "brand": "Shell", "opening_hours": null}, "geometry": {"type": "Point", "coordinates": [-86.5342428, 49.7823515]}}, {"type": "Feature", "properties": {"id": 5046706052, "name": "Husky Route Commander", "brand": "Husky", "opening_hours": null}, "geometry": {"type": "Point", "coordinates": [-86.5344438, 49.7733432]}}, {"type": "Feature", "properties": {"id": 5046814329, "name": "Esso", "brand": "Esso", "opening_hours": null}, "geometry": {"type": "Point", "coordinates": [-81.356378, 48.49508]}}, {"type": "Feature", "properties": {"id": 5046840267, "name": "Krakana's", "brand": null, "opening_hours": null}, "geometry": {"type": "Point", "coordinates": [-81.2088678, 48.4854331]}}, {"type": "Feature", "properties": {"id": 5046890089, "name": "Rock Pine Motel", "brand": null, "opening_hours": null}, "geometry": {"type": "Point", "coordinates": [-79.7690633, 46.6963079]}}, {"type": "Feature", "properties": {"id": 5048101500, "name": "Fifth Wheel", "brand": null, "opening_hours": null}, "geometry": {"type": "Point", "coordinates": [-79.3872072, 46.2586138]}}, {"type": "Feature", "properties": {"id": 5048140966, "name": "Duchesnay Store", "brand": null, "opening_hours": null}, "geometry": {"type": "Point", "coordinates": [-79.527926, 46.331314]}}, {"type": "Feature", "properties": {"id": 5048140967, "name": "Necessities", "brand": null, "opening_hours": null}, "geometry": {"type": "Point", "coordinates": [-79.5224948, 46.3336302]}}, {"type": "Feature", "properties": {"id": 5048140968, "name": "MacEwen", "brand": "MacEwen", "opening_hours": null}, "geometry": {"type": "Point", "coordinates": [-79.527926, 46.331314]}}, {"type": "Feature", "properties": {"id": 5048502914, "name": "Formula 21", "brand": null, "opening_hours": null}, "geometry": {"type": "Point", "coordinates": [-81.005888, 49.0656]}}, {"type": "Feature", "properties": {"id": 5048597757, "name": "Formula 21", "brand": null, "opening_hours": null}, "geometry": {"type": "Point", "coordinates": [-82.4223674, 49.4186997]}}, {"type": "Feature", "properties": {"id": 5048597758, "name": "Shell", "brand": "Shell", "opening_hours": null}, "geometry": {"type": "Point", "coordinates": [-82.4198441, 49.413366]}}, {"type": "Feature", "properties": {"id": 5048597759, "name": "Petro-Canada", "brand": "Petro-Canada", "opening_hours": null}, "geometry": {"type": "Point", "coordinates": [-82.424798, 49.413151]}}, {"type": "Feature", "properties": {"id": 5049120989, "name": "A-One Variety", "brand": null, "opening_hours": null}, "geometry": {"type": "Point", "coordinates": [-80.0382049, 48.1492375]}}, {"type": "Feature", "properties": {"id": 5049120990, "name": "Joe Rent All", "brand": null, "opening_hours": null}, "geometry": {"type": "Point", "coordinates": [-80.0298124, 48.1513247]}}, {"type": "Feature", "properties": {"id": 5049165575, "name": "Little Fox Lodge Gas Station", "brand": null, "opening_hours": null}, "geometry": {"type": "Point", "coordinates": [-80.1067789, 48.5343607]}}, {"type": "Feature", "properties": {"id": 5049627094, "name": "Little Rapids General Store", "brand": null, "opening_hours": null}, "geometry": {"type": "Point", "coordinates": [-83.549726, 46.3027463]}}, {"type": "Feature", "properties": {"id": 5049684115, "name": "CAN-OP", "brand": null, "opening_hours": null}, "geometry": {"type": "Point", "coordinates": [-84.162784, 46.545609]}}, {"type": "Feature", "properties": {"id": 5051697856, "name": "F/S", "brand": null, "opening_hours": null}, "geometry": {"type": "Point", "coordinates": [-80.4165983, 46.3640979]}}, {"type": "Feature", "properties": {"id": 5051741161, "name": "CAN-OP", "brand": null, "opening_hours": null}, "geometry": {"type": "Point", "coordinates": [-92.6858003, 49.7670363]}}, {"type": "Feature", "properties": {"id": 5051741162, "name": "Esso", "brand": "Esso", "opening_hours": null}, "geometry": {"type": "Point", "coordinates": [-92.799625, 49.786141]}}, {"type": "Feature", "properties": {"id": 5051741163, "name": "Co-Op", "brand": null, "opening_hours": null}, "geometry": {"type": "Point", "coordinates": [-92.8101209, 49.7853366]}}, {"type": "Feature", "properties": {"id": 5052215235, "name": "2 Bears Marina", "brand": null, "opening_hours": null}, "geometry": {"type": "Point", "coordinates": [-94.5525271, 49.762278]}}, {"type": "Feature", "properties": {"id": 5052215236, "name": "Husky", "brand": "Husky", "opening_hours": null}, "geometry": {"type": "Point", "coordinates": [-94.4878227, 49.7672116]}}, {"type": "Feature", "properties": {"id": 5052215237, "name": "Devil's Gap Marina", "brand": null, "opening_hours": null}, "geometry": {"type": "Point", "coordinates": [-94.4812586, 49.7472917]}}, {"type": "Feature", "properties": {"id": 5052215238, "name": "CAN-OP", "brand": null, "opening_hours": null}, "geometry": {"type": "Point", "coordinates": [-94.5535008, 49.7612571]}}, {"type": "Feature", "properties": {"id": 5052215239, "name": "Shell", "brand": "Shell", "opening_hours": null}, "geometry": {"type": "Point", "coordinates": [-94.4869334, 49.7651116]}}, {"type": "Feature", "properties": {"id": 5052331185, "name": "Bluewave Cardlock", "brand": null, "opening_hours": null}, "geometry": {"type": "Point", "coordinates": [-87.258739, 48.804037]}}, {"type": "Feature", "properties": {"id": 5052340320, "name": "Shell", "brand": "Shell", "opening_hours": null}, "geometry": {"type": "Point", "coordinates": [-87.2661696, 48.811839]}}, {"type": "Feature", "properties": {"id": 5054893082, "name": "CAN-OP", "brand": null, "opening_hours": null}, "geometry": {"type": "Point", "coordinates": [-86.720594, 50.1824769]}}, {"type": "Feature", "properties": {"id": 5054893083, "name": "XTR", "brand": null, "opening_hours": null}, "geometry": {"type": "Point", "coordinates": [-86.7054586, 50.1848501]}}, {"type": "Feature", "properties": {"id": 5056189725, "name": "Maxine Gas Stop", "brand": null, "opening_hours": null}, "geometry": {"type": "Point", "coordinates": [-90.2295265, 51.2298033]}}, {"type": "Feature", "properties": {"id": 5056197356, "name": "Casuals' Convenience", "brand": null, "opening_hours": null}, "geometry": {"type": "Point", "coordinates": [-90.19792, 51.467259]}}, {"type": "Feature", "properties": {"id": 5056203930, "name": "Frontier Foods", "brand": null, "opening_hours": null}, "geometry": {"type": "Point", "coordinates": [-90.158014, 51.484857]}}, {"type": "Feature", "properties": {"id": 5056223455, "name": "XTR", "brand": "XTR", "opening_hours": null}, "geometry": {"type": "Point", "coordinates": [-93.824744, 51.02018]}}, {"type": "Feature", "properties": {"id": 5056306123, "name": "CAN-OP", "brand": null, "opening_hours": null}, "geometry": {"type": "Point", "coordinates": [-89.182506, 48.463987]}}, {"type": "Feature", "properties": {"id": 5056486474, "name": "Flying J", "brand": "Flying J", "opening_hours": null}, "geometry": {"type": "Point", "coordinates": [-84.3185452, 46.5569703]}}, {"type": "Feature", "properties": {"id": 5056486478, "name": "Jiffy Car Wash", "brand": null, "opening_hours": null}, "geometry": {"type": "Point", "coordinates": [-84.340839, 46.516085]}}, {"type": "Feature", "properties": {"id": 5056486480, "name": "Esso", "brand": "Esso", "opening_hours": null}, "geometry": {"type": "Point", "coordinates": [-84.2487, 46.533979]}}, {"type": "Feature", "properties": {"id": 5056688447, "name": "UPI Energy", "brand": null, "opening_hours": null}, "geometry": {"type": "Point", "coordinates": [-81.182763, 46.5830468]}}, {"type": "Feature", "properties": {"id": 5056688448, "name": "Petro-Canada", "brand": "Petro-Canada", "opening_hours": null}, "geometry": {"type": "Point", "coordinates": [-81.2039071, 46.5690607]}}, {"type": "Feature", "properties": {"id": 5057052165, "name": "Shell", "brand": "Shell", "opening_hours": null}, "geometry": {"type": "Point", "coordinates": [-89.3012573, 48.373898]}}, {"type": "Feature", "properties": {"id": 5057052167, "name": "Esso", "brand": "Esso", "opening_hours": null}, "geometry": {"type": "Point", "coordinates": [-89.2975783, 48.3811026]}}, {"type": "Feature", "properties": {"id": 5057052169, "name": "First Class Gas", "brand": null, "opening_hours": null}, "geometry": {"type": "Point", "coordinates": [-89.3029807, 48.3453128]}}, {"type": "Feature", "properties": {"id": 5057079267, "name": "Esso", "brand": "Esso", "opening_hours": null}, "geometry": {"type": "Point", "coordinates": [-85.838456, 49.122085]}}, {"type": "Feature", "properties": {"id": 5057089675, "name": "Miros Gas More", "brand": null, "opening_hours": null}, "geometry": {"type": "Point", "coordinates": [-81.7249426, 47.6754405]}}, {"type": "Feature", "properties": {"id": 5057091506, "name": "Esso", "brand": "Esso", "opening_hours": null}, "geometry": {"type": "Point", "coordinates": [-81.846685, 47.471677]}}, {"type": "Feature", "properties": {"id": 5057582463, "name": "Stinson", "brand": "Stinson", "opening_hours": null}, "geometry": {"type": "Point", "coordinates": [-75.5086336, 45.4537507]}}, {"type": "Feature", "properties": {"id": 5058296299, "name": "Hope's Gas Bar", "brand": null, "opening_hours": null}, "geometry": {"type": "Point", "coordinates": [-79.2474456, 45.450972]}}, {"type": "Feature", "properties": {"id": 5058314815, "name": "Red Pine Lodge", "brand": null, "opening_hours": null}, "geometry": {"type": "Point", "coordinates": [-82.5049393, 48.1828705]}}, {"type": "Feature", "properties": {"id": 5058350363, "name": "Husky", "brand": "Husky", "opening_hours": null}, "geometry": {"type": "Point", "coordinates": [-79.673507, 47.5362283]}}, {"type": "Feature", "properties": {"id": 5058524564, "name": "Stinson", "brand": "Stinson", "opening_hours": null}, "geometry": {"type": "Point", "coordinates": [-76.4912317, 45.3550475]}}, {"type": "Feature", "properties": {"id": 5058920062, "name": "Cloverleaf Gasoline", "brand": null, "opening_hours": null}, "geometry": {"type": "Point", "coordinates": [-93.8340627, 48.6323522]}}, {"type": "Feature", "properties": {"id": 5058937751, "name": "C C Complex", "brand": null, "opening_hours": null}, "geometry": {"type": "Point", "coordinates": [-93.3613118, 48.6332965]}}, {"type": "Feature", "properties": {"id": 5060102085, "name": "Esso", "brand": "Esso", "opening_hours": null}, "geometry": {"type": "Point", "coordinates": [-91.9105856, 50.0930833]}}, {"type": "Feature", "properties": {"id": 5060105038, "name": "Petro-Canada", "brand": "Petro-Canada", "opening_hours": null}, "geometry": {"type": "Point", "coordinates": [-91.9775205, 50.0580014]}}, {"type": "Feature", "properties": {"id": 5060128553, "name": "Rita's Cafe and Gas Bar", "brand": null, "opening_hours": null}, "geometry": {"type": "Point", "coordinates": [-89.2372519, 48.3093486]}}, {"type": "Feature", "properties": {"id": 5060128554, "name": "Grandpa's Store Gas Bar", "brand": null, "opening_hours": null}, "geometry": {"type": "Point", "coordinates": [-89.2369181, 48.3088332]}}, {"type": "Feature", "properties": {"id": 5060141274, "name": "Superette", "brand": null, "opening_hours": null}, "geometry": {"type": "Point", "coordinates": [-82.341671, 46.193765]}}, {"type": "Feature", "properties": {"id": 5063010331, "name": "Co-op", "brand": "Federated Co-operatives", "opening_hours": null}, "geometry": {"type": "Point", "coordinates": [-80.4319426, 46.1341576]}}, {"type": "Feature", "properties": {"id": 5063012765, "name": "Young\u2019s South Shore Centre", "brand": null, "opening_hours": null}, "geometry": {"type": "Point", "coordinates": [-79.5067581, 46.1613825]}}, {"type": "Feature", "properties": {"id": 5063048919, "name": "Shell", "brand": "Shell", "opening_hours": null}, "geometry": {"type": "Point", "coordinates": [-82.4646276, 45.9182772]}}, {"type": "Feature", "properties": {"id": 5064205064, "name": "Petro-Canada", "brand": "Petro-Canada", "opening_hours": null}, "geometry": {"type": "Point", "coordinates": [-89.255912, 48.404691]}}, {"type": "Feature", "properties": {"id": 5064205065, "name": "Esso", "brand": "Esso", "opening_hours": null}, "geometry": {"type": "Point", "coordinates": [-89.2659115, 48.444828]}}, {"type": "Feature", "properties": {"id": 5064205066, "name": "Central Car Wash", "brand": null, "opening_hours": null}, "geometry": {"type": "Point", "coordinates": [-89.259946, 48.411514]}}, {"type": "Feature", "properties": {"id": 5065209122, "name": "Sunys", "brand": null, "opening_hours": null}, "geometry": {"type": "Point", "coordinates": [-89.2732231, 48.3648493]}}, {"type": "Feature", "properties": {"id": 5065209124, "name": "Shell", "brand": "Shell", "opening_hours": null}, "geometry": {"type": "Point", "coordinates": [-89.2882861, 48.3648172]}}, {"type": "Feature", "properties": {"id": 5065211499, "name": "CAN-OP", "brand": null, "opening_hours": null}, "geometry": {"type": "Point", "coordinates": [-89.205401, 48.445187]}}, {"type": "Feature", "properties": {"id": 5067549378, "name": "St.Amant's", "brand": null, "opening_hours": null}, "geometry": {"type": "Point", "coordinates": [-80.5669204, 45.7719698]}}, {"type": "Feature", "properties": {"id": 5067550168, "name": "Esso", "brand": "Esso", "opening_hours": null}, "geometry": {"type": "Point", "coordinates": [-80.497211, 45.7704402]}}, {"type": "Feature", "properties": {"id": 5069033002, "name": "PEACEMAKERS GAS BAR", "brand": "Centex", "opening_hours": null}, "geometry": {"type": "Point", "coordinates": [-77.0864546, 44.1798619]}}, {"type": "Feature", "properties": {"id": 5069178133, "name": "Algonquin Outfitters", "brand": null, "opening_hours": null}, "geometry": {"type": "Point", "coordinates": [-78.3601056, 45.6355533]}}, {"type": "Feature", "properties": {"id": 5071481067, "name": "CO Video", "brand": null, "opening_hours": null}, "geometry": {"type": "Point", "coordinates": [-77.6188932, 45.3796073]}}, {"type": "Feature", "properties": {"id": 5071508967, "name": "Petro-Canada", "brand": "Petro-Canada", "opening_hours": null}, "geometry": {"type": "Point", "coordinates": [-82.162499, 45.819827]}}, {"type": "Feature", "properties": {"id": 5078844098, "name": "Snug Harbour Marine", "brand": null, "opening_hours": null}, "geometry": {"type": "Point", "coordinates": [-80.2997452, 45.3747123]}}, {"type": "Feature", "properties": {"id": 5079272954, "name": "Ultramar", "brand": "Ultramar", "opening_hours": null}, "geometry": {"type": "Point", "coordinates": [-76.0313077, 44.90637]}}, {"type": "Feature", "properties": {"id": 5079875121, "name": "MacEwen", "brand": "MacEwen", "opening_hours": null}, "geometry": {"type": "Point", "coordinates": [-76.141307, 44.8491675]}}, {"type": "Feature", "properties": {"id": 5081922587, "name": "Woods", "brand": null, "opening_hours": null}, "geometry": {"type": "Point", "coordinates": [-77.6304683, 44.8083286]}}, {"type": "Feature", "properties": {"id": 5082244363, "name": "John Francis Fuels", "brand": null, "opening_hours": null}, "geometry": {"type": "Point", "coordinates": [-78.7390481, 44.8848823]}}, {"type": "Feature", "properties": {"id": 5084423053, "name": "Pikwakanagan Fuels", "brand": null, "opening_hours": null}, "geometry": {"type": "Point", "coordinates": [-77.2546314, 45.5742882]}}, {"type": "Feature", "properties": {"id": 5084564155, "name": "Kelly's Landing", "brand": null, "opening_hours": null}, "geometry": {"type": "Point", "coordinates": [-75.6373903, 45.1985181]}}, {"type": "Feature", "properties": {"id": 5084718683, "name": "Shell", "brand": "Shell", "opening_hours": null}, "geometry": {"type": "Point", "coordinates": [-77.1860736, 44.8202621]}}, {"type": "Feature", "properties": {"id": 5086163177, "name": "Sunset Country Campground", "brand": null, "opening_hours": null}, "geometry": {"type": "Point", "coordinates": [-76.6402792, 44.6453661]}}, {"type": "Feature", "properties": {"id": 5086163178, "name": "Buck Bay Marina", "brand": null, "opening_hours": null}, "geometry": {"type": "Point", "coordinates": [-76.62642, 44.640995]}}, {"type": "Feature", "properties": {"id": 5089328386, "name": "Shell", "brand": "Shell", "opening_hours": null}, "geometry": {"type": "Point", "coordinates": [-78.3843356, 44.3803925]}}, {"type": "Feature", "properties": {"id": 5089946478, "name": "Otter Gas Marine", "brand": null, "opening_hours": null}, "geometry": {"type": "Point", "coordinates": [-78.3697784, 44.4883358]}}, {"type": "Feature", "properties": {"id": 5089975481, "name": "Shell", "brand": "Shell", "opening_hours": null}, "geometry": {"type": "Point", "coordinates": [-77.5395172, 44.2950898]}}, {"type": "Feature", "properties": {"id": 5090080972, "name": "Jody Campbell Fuels", "brand": null, "opening_hours": null}, "geometry": {"type": "Point", "coordinates": [-76.4794238, 44.3766926]}}, {"type": "Feature", "properties": {"id": 5090080973, "name": "Shell", "brand": "Shell", "opening_hours": null}, "geometry": {"type": "Point", "coordinates": [-76.5970923, 44.4106643]}}, {"type": "Feature", "properties": {"id": 5090685866, "name": "Shell", "brand": "Shell", "opening_hours": null}, "geometry": {"type": "Point", "coordinates": [-82.167993, 45.83161]}}, {"type": "Feature", "properties": {"id": 5090702449, "name": "Green Acres", "brand": null, "opening_hours": null}, "geometry": {"type": "Point", "coordinates": [-81.9210092, 45.8896717]}}, {"type": "Feature", "properties": {"id": 5090716308, "name": "Petro-Canada", "brand": "Petro-Canada", "opening_hours": null}, "geometry": {"type": "Point", "coordinates": [-82.326179, 45.731647]}}, {"type": "Feature", "properties": {"id": 5091711216, "name": "Ahmic Marine", "brand": null, "opening_hours": null}, "geometry": {"type": "Point", "coordinates": [-79.6406404, 45.6628579]}}, {"type": "Feature", "properties": {"id": 5091739547, "name": "Sound Boat Works", "brand": null, "opening_hours": null}, "geometry": {"type": "Point", "coordinates": [-80.0359802, 45.3292237]}}, {"type": "Feature", "properties": {"id": 5091901871, "name": "Muskoka Gas Restaurant", "brand": null, "opening_hours": null}, "geometry": {"type": "Point", "coordinates": [-79.7758457, 45.1084669]}}, {"type": "Feature", "properties": {"id": 5091913709, "name": "Moon River Marine", "brand": null, "opening_hours": null}, "geometry": {"type": "Point", "coordinates": [-79.985018, 45.141973]}}, {"type": "Feature", "properties": {"id": 5096092834, "name": "Esso", "brand": "Esso", "opening_hours": null}, "geometry": {"type": "Point", "coordinates": [-77.220454, 45.858545]}}, {"type": "Feature", "properties": {"id": 5099001277, "name": "Picnic Island Resort", "brand": null, "opening_hours": null}, "geometry": {"type": "Point", "coordinates": [-79.8270504, 44.8637167]}}, {"type": "Feature", "properties": {"id": 5100671366, "name": "Fast Stop", "brand": null, "opening_hours": null}, "geometry": {"type": "Point", "coordinates": [-80.3797234, 44.1793952]}}, {"type": "Feature", "properties": {"id": 5102208138, "name": "Esso", "brand": "Esso", "opening_hours": null}, "geometry": {"type": "Point", "coordinates": [-79.6546742, 43.6484579]}}, {"type": "Feature", "properties": {"id": 5103244240, "name": "Esso", "brand": "Esso", "opening_hours": null}, "geometry": {"type": "Point", "coordinates": [-78.7640007, 44.3487761]}}, {"type": "Feature", "properties": {"id": 5108262017, "name": "Ultramar", "brand": "Ultramar", "opening_hours": null}, "geometry": {"type": "Point", "coordinates": [-78.741245, 44.528852]}}, {"type": "Feature", "properties": {"id": 5108280392, "name": "F/S", "brand": null, "opening_hours": null}, "geometry": {"type": "Point", "coordinates": [-80.8164116, 44.1700227]}}, {"type": "Feature", "properties": {"id": 5108507931, "name": "Pioneer", "brand": "Pioneer", "opening_hours": null}, "geometry": {"type": "Point", "coordinates": [-76.9480796, 44.2446912]}}, {"type": "Feature", "properties": {"id": 5108531473, "name": "O'Neil's", "brand": null, "opening_hours": null}, "geometry": {"type": "Point", "coordinates": [-76.715212, 44.277132]}}, {"type": "Feature", "properties": {"id": 5109315795, "name": "Shell", "brand": "Shell", "opening_hours": null}, "geometry": {"type": "Point", "coordinates": [-81.6985124, 43.7366782]}}, {"type": "Feature", "properties": {"id": 5109337199, "name": "F/S", "brand": null, "opening_hours": null}, "geometry": {"type": "Point", "coordinates": [-81.284966, 43.992845]}}, {"type": "Feature", "properties": {"id": 5109343465, "name": "Roote's Gas Bar", "brand": null, "opening_hours": null}, "geometry": {"type": "Point", "coordinates": [-81.286769, 44.516613]}}, {"type": "Feature", "properties": {"id": 5109380988, "name": "Econo-Gas", "brand": null, "opening_hours": null}, "geometry": {"type": "Point", "coordinates": [-80.946809, 44.5735235]}}, {"type": "Feature", "properties": {"id": 5109625039, "name": "Pioneer", "brand": "Pioneer", "opening_hours": null}, "geometry": {"type": "Point", "coordinates": [-79.2510657, 42.9747689]}}, {"type": "Feature", "properties": {"id": 5111806525, "name": "Esso", "brand": "Esso", "opening_hours": null}, "geometry": {"type": "Point", "coordinates": [-81.5058224, 43.9568369]}}, {"type": "Feature", "properties": {"id": 5111806526, "name": "F/S", "brand": null, "opening_hours": null}, "geometry": {"type": "Point", "coordinates": [-81.5294957, 43.9466567]}}, {"type": "Feature", "properties": {"id": 5113095161, "name": "Shell", "brand": "Shell", "opening_hours": null}, "geometry": {"type": "Point", "coordinates": [-80.5473055, 44.2641744]}}, {"type": "Feature", "properties": {"id": 5113321491, "name": "Ultramar", "brand": "Ultramar", "opening_hours": null}, "geometry": {"type": "Point", "coordinates": [-80.4565196, 44.5641686]}}, {"type": "Feature", "properties": {"id": 5113340812, "name": "F/S", "brand": null, "opening_hours": null}, "geometry": {"type": "Point", "coordinates": [-81.0132129, 44.1540881]}}, {"type": "Feature", "properties": {"id": 5113757647, "name": "Newham Auto Sales", "brand": null, "opening_hours": null}, "geometry": {"type": "Point", "coordinates": [-82.232451, 42.2411]}}, {"type": "Feature", "properties": {"id": 5115584096, "name": "Fast Stop Express", "brand": null, "opening_hours": null}, "geometry": {"type": "Point", "coordinates": [-80.9287637, 43.5562927]}}, {"type": "Feature", "properties": {"id": 5115937954, "name": "GOCO", "brand": null, "opening_hours": null}, "geometry": {"type": "Point", "coordinates": [-81.888013, 42.438249]}}, {"type": "Feature", "properties": {"id": 5115937955, "name": "Ridgetown Feed Supply", "brand": null, "opening_hours": null}, "geometry": {"type": "Point", "coordinates": [-81.8939166, 42.4402697]}}, {"type": "Feature", "properties": {"id": 5117209411, "name": "Canadian Tire", "brand": "Canadian Tire", "opening_hours": null}, "geometry": {"type": "Point", "coordinates": [-82.3913376, 42.5926913]}}, {"type": "Feature", "properties": {"id": 5120089484, "name": "UPI Energy", "brand": null, "opening_hours": null}, "geometry": {"type": "Point", "coordinates": [-80.943317, 43.744406]}}, {"type": "Feature", "properties": {"id": 5120348350, "name": "Kettle Stony Point First Nat", "brand": null, "opening_hours": null}, "geometry": {"type": "Point", "coordinates": [-81.9890439, 43.1762392]}}, {"type": "Feature", "properties": {"id": 5122643438, "name": "Cross Roads", "brand": null, "opening_hours": null}, "geometry": {"type": "Point", "coordinates": [-82.6214303, 42.047598]}}, {"type": "Feature", "properties": {"id": 5122643439, "name": "XTR", "brand": "XTR", "opening_hours": null}, "geometry": {"type": "Point", "coordinates": [-82.6347048, 42.0481295]}}, {"type": "Feature", "properties": {"id": 5123021828, "name": "Sunys", "brand": null, "opening_hours": null}, "geometry": {"type": "Point", "coordinates": [-79.9433548, 44.7643322]}}, {"type": "Feature", "properties": {"id": 5123021829, "name": "Beacon Bay Marina", "brand": null, "opening_hours": null}, "geometry": {"type": "Point", "coordinates": [-79.948497, 44.767242]}}, {"type": "Feature", "properties": {"id": 5123021830, "name": "Hindson Marina Gas", "brand": null, "opening_hours": null}, "geometry": {"type": "Point", "coordinates": [-79.953861, 44.771081]}}, {"type": "Feature", "properties": {"id": 5124261450, "name": "Petro-Canada", "brand": "Petro-Canada", "opening_hours": null}, "geometry": {"type": "Point", "coordinates": [-82.9646261, 42.2565647]}}, {"type": "Feature", "properties": {"id": 5124774106, "name": "Flying J", "brand": "Flying J", "opening_hours": null}, "geometry": {"type": "Point", "coordinates": [-82.4613536, 42.2624906]}}, {"type": "Feature", "properties": {"id": 5125081570, "name": "Mohawk Marina", "brand": null, "opening_hours": null}, "geometry": {"type": "Point", "coordinates": [-79.471965, 42.859105]}}, {"type": "Feature", "properties": {"id": 5126383802, "name": "Costco Gasoline", "brand": "Costco", "opening_hours": null}, "geometry": {"type": "Point", "coordinates": [-79.4546653, 44.5940731]}}, {"type": "Feature", "properties": {"id": 5126416342, "name": "Ure's Country Kitchen", "brand": null, "opening_hours": null}, "geometry": {"type": "Point", "coordinates": [-83.0364703, 42.0599835]}}, {"type": "Feature", "properties": {"id": 5127041254, "name": "Sugarloaf Marina Fuel Dock", "brand": null, "opening_hours": null}, "geometry": {"type": "Point", "coordinates": [-79.2525689, 42.8754506]}}, {"type": "Feature", "properties": {"id": 5127118857, "name": "Gales", "brand": null, "opening_hours": null}, "geometry": {"type": "Point", "coordinates": [-78.9274818, 42.9204822]}}, {"type": "Feature", "properties": {"id": 5128317298, "name": "LAS Gas", "brand": null, "opening_hours": null}, "geometry": {"type": "Point", "coordinates": [-79.669032, 44.728229]}}, {"type": "Feature", "properties": {"id": 5128470854, "name": "Fast Stop Express", "brand": null, "opening_hours": null}, "geometry": {"type": "Point", "coordinates": [-79.861164, 44.570996]}}, {"type": "Feature", "properties": {"id": 5130593640, "name": "UPI Energy", "brand": null, "opening_hours": null}, "geometry": {"type": "Point", "coordinates": [-81.611566, 42.9458329]}}, {"type": "Feature", "properties": {"id": 5130964038, "name": "Fast Stop", "brand": null, "opening_hours": null}, "geometry": {"type": "Point", "coordinates": [-80.495839, 43.725119]}}, {"type": "Feature", "properties": {"id": 5130973744, "name": "Esso", "brand": "Esso", "opening_hours": null}, "geometry": {"type": "Point", "coordinates": [-80.7660474, 43.4774706]}}, {"type": "Feature", "properties": {"id": 5130973745, "name": "Crosshill Country Gas Bar", "brand": null, "opening_hours": null}, "geometry": {"type": "Point", "coordinates": [-80.7437515, 43.5315417]}}, {"type": "Feature", "properties": {"id": 5132952649, "name": "Esso", "brand": "Esso", "opening_hours": null}, "geometry": {"type": "Point", "coordinates": [-81.162658, 43.257393]}}, {"type": "Feature", "properties": {"id": 5133052703, "name": "Esso", "brand": "Esso", "opening_hours": null}, "geometry": {"type": "Point", "coordinates": [-80.556564, 43.599973]}}, {"type": "Feature", "properties": {"id": 5133271518, "name": "Esso", "brand": "Esso", "opening_hours": "Mo-Su 06:00-23:59"}, "geometry": {"type": "Point", "coordinates": [-79.8294802, 44.3434815]}}, {"type": "Feature", "properties": {"id": 5133713558, "name": "Fast Stop", "brand": "Fast Stop Services", "opening_hours": null}, "geometry": {"type": "Point", "coordinates": [-81.383414, 43.079013]}}, {"type": "Feature", "properties": {"id": 5135379579, "name": "Virginia Beach Marina", "brand": null, "opening_hours": null}, "geometry": {"type": "Point", "coordinates": [-79.287, 44.327716]}}, {"type": "Feature", "properties": {"id": 5135592114, "name": "Old Railroad Stop", "brand": null, "opening_hours": null}, "geometry": {"type": "Point", "coordinates": [-78.2035766, 44.1784591]}}, {"type": "Feature", "properties": {"id": 5136074762, "name": "Esso", "brand": "Esso", "opening_hours": null}, "geometry": {"type": "Point", "coordinates": [-79.161258, 44.205035]}}, {"type": "Feature", "properties": {"id": 5136258522, "name": "Esso", "brand": "Esso", "opening_hours": null}, "geometry": {"type": "Point", "coordinates": [-82.9997101, 42.3010758]}}, {"type": "Feature", "properties": {"id": 5136265915, "name": "Petro-Canada", "brand": "Petro-Canada", "opening_hours": null}, "geometry": {"type": "Point", "coordinates": [-83.0261707, 42.2965114]}}, {"type": "Feature", "properties": {"id": 5138247144, "name": "Go Joe Gas", "brand": null, "opening_hours": null}, "geometry": {"type": "Point", "coordinates": [-77.2549684, 44.1910499]}}, {"type": "Feature", "properties": {"id": 5138247145, "name": "Smoke N' Country General Store", "brand": null, "opening_hours": null}, "geometry": {"type": "Point", "coordinates": [-77.2555603, 44.1914973]}}, {"type": "Feature", "properties": {"id": 5139750633, "name": "Ultramar", "brand": "Ultramar", "opening_hours": null}, "geometry": {"type": "Point", "coordinates": [-78.9597423, 43.9707082]}}, {"type": "Feature", "properties": {"id": 5141243801, "name": "Esso", "brand": "Esso", "opening_hours": null}, "geometry": {"type": "Point", "coordinates": [-80.5562209, 43.2365001]}}, {"type": "Feature", "properties": {"id": 5141796854, "name": "Sylvite", "brand": null, "opening_hours": null}, "geometry": {"type": "Point", "coordinates": [-80.9514915, 42.9872867]}}, {"type": "Feature", "properties": {"id": 5143730814, "name": "Esso", "brand": "Esso", "opening_hours": null}, "geometry": {"type": "Point", "coordinates": [-81.0558887, 42.9885257]}}, {"type": "Feature", "properties": {"id": 5148114634, "name": "Shell", "brand": "Shell", "opening_hours": null}, "geometry": {"type": "Point", "coordinates": [-78.5818244, 43.9187984]}}, {"type": "Feature", "properties": {"id": 5148648423, "name": "Shell", "brand": "Shell", "opening_hours": null}, "geometry": {"type": "Point", "coordinates": [-79.5361045, 43.8500592]}}, {"type": "Feature", "properties": {"id": 5178701066, "name": "Shell", "brand": "Shell", "opening_hours": null}, "geometry": {"type": "Point", "coordinates": [-80.6061584, 43.2303599]}}, {"type": "Feature", "properties": {"id": 5197183075, "name": "Gas King", "brand": null, "opening_hours": "24/7"}, "geometry": {"type": "Point", "coordinates": [-74.6050945, 45.6116648]}}, {"type": "Feature", "properties": {"id": 5198337730, "name": "Petro-Pass", "brand": null, "opening_hours": null}, "geometry": {"type": "Point", "coordinates": [-91.6704744, 49.4183004]}}, {"type": "Feature", "properties": {"id": 5206789958, "name": "Shell", "brand": "Shell", "opening_hours": null}, "geometry": {"type": "Point", "coordinates": [-79.3873921, 43.8618911]}}, {"type": "Feature", "properties": {"id": 5256711180, "name": "Costco Gasoline", "brand": "Costco", "opening_hours": null}, "geometry": {"type": "Point", "coordinates": [-79.6398745, 43.7694571]}}, {"type": "Feature", "properties": {"id": 5274228567, "name": "Morgan Fuels", "brand": "Esso", "opening_hours": null}, "geometry": {"type": "Point", "coordinates": [-93.7693338, 51.06345]}}, {"type": "Feature", "properties": {"id": 5277850623, "name": "Esso", "brand": "Esso", "opening_hours": null}, "geometry": {"type": "Point", "coordinates": [-81.9056618, 42.4777371]}}, {"type": "Feature", "properties": {"id": 5280584627, "name": "Dundas Gas Bars", "brand": null, "opening_hours": null}, "geometry": {"type": "Point", "coordinates": [-79.4385324, 43.6499581]}}, {"type": "Feature", "properties": {"id": 5305547314, "name": "Petro-line", "brand": null, "opening_hours": null}, "geometry": {"type": "Point", "coordinates": [-81.3314693, 42.9527712]}}, {"type": "Feature", "properties": {"id": 5305779802, "name": "Canadian Tire", "brand": "Canadian Tire", "opening_hours": null}, "geometry": {"type": "Point", "coordinates": [-78.7067226, 43.9094259]}}, {"type": "Feature", "properties": {"id": 5309303915, "name": "Petro-Canada", "brand": "Petro-Canada", "opening_hours": null}, "geometry": {"type": "Point", "coordinates": [-79.8449689, 43.6803622]}}, {"type": "Feature", "properties": {"id": 5312334489, "name": "Crevier", "brand": "Crevier", "opening_hours": null}, "geometry": {"type": "Point", "coordinates": [-78.702836, 46.316762]}}, {"type": "Feature", "properties": {"id": 5312338969, "name": "Perkins", "brand": null, "opening_hours": null}, "geometry": {"type": "Point", "coordinates": [-77.1421194, 45.8309998]}}, {"type": "Feature", "properties": {"id": 5312350655, "name": "Lacroix Store", "brand": null, "opening_hours": null}, "geometry": {"type": "Point", "coordinates": [-76.7694948, 45.8135217]}}, {"type": "Feature", "properties": {"id": 5355856075, "name": "Circle K", "brand": "Circle K", "opening_hours": "24/7"}, "geometry": {"type": "Point", "coordinates": [-79.6795169, 43.7136629]}}, {"type": "Feature", "properties": {"id": 5360719069, "name": "Kenny's Store", "brand": null, "opening_hours": null}, "geometry": {"type": "Point", "coordinates": [-76.8901969, 45.8193461]}}, {"type": "Feature", "properties": {"id": 5360735910, "name": "Petro-Canada", "brand": "Petro-Canada", "opening_hours": null}, "geometry": {"type": "Point", "coordinates": [-80.0255971, 43.6402844]}}, {"type": "Feature", "properties": {"id": 5360735911, "name": "MBH Petroleum", "brand": null, "opening_hours": null}, "geometry": {"type": "Point", "coordinates": [-80.0472321, 43.6331091]}}, {"type": "Feature", "properties": {"id": 5360735912, "name": "Esso", "brand": "Esso", "opening_hours": null}, "geometry": {"type": "Point", "coordinates": [-80.1478301, 43.6155518]}}, {"type": "Feature", "properties": {"id": 5360735913, "name": "Petro-Canada", "brand": "Petro-Canada", "opening_hours": null}, "geometry": {"type": "Point", "coordinates": [-80.1486047, 43.6139174]}}, {"type": "Feature", "properties": {"id": 5360735914, "name": "Esso", "brand": "Esso", "opening_hours": null}, "geometry": {"type": "Point", "coordinates": [-80.133204, 43.699031]}}, {"type": "Feature", "properties": {"id": 5360903244, "name": "Esso", "brand": "Esso", "opening_hours": null}, "geometry": {"type": "Point", "coordinates": [-80.620343, 43.520704]}}, {"type": "Feature", "properties": {"id": 5360909170, "name": "UPI Energy", "brand": null, "opening_hours": null}, "geometry": {"type": "Point", "coordinates": [-80.55459, 43.531143]}}, {"type": "Feature", "properties": {"id": 5360909171, "name": "Esso", "brand": "Esso", "opening_hours": null}, "geometry": {"type": "Point", "coordinates": [-80.563731, 43.575883]}}, {"type": "Feature", "properties": {"id": 5360917276, "name": "Petro-Canada", "brand": "Petro-Canada", "opening_hours": null}, "geometry": {"type": "Point", "coordinates": [-80.2802557, 43.201974]}}, {"type": "Feature", "properties": {"id": 5360917277, "name": "Pioneer", "brand": "Pioneer", "opening_hours": null}, "geometry": {"type": "Point", "coordinates": [-80.2876945, 43.2352084]}}, {"type": "Feature", "properties": {"id": 5360917278, "name": "Petro King", "brand": null, "opening_hours": null}, "geometry": {"type": "Point", "coordinates": [-80.3117738, 43.29826]}}, {"type": "Feature", "properties": {"id": 5361641502, "name": "Gales", "brand": null, "opening_hours": null}, "geometry": {"type": "Point", "coordinates": [-79.0573549, 43.0613473]}}, {"type": "Feature", "properties": {"id": 5361665539, "name": "Pioneer", "brand": "Pioneer", "opening_hours": null}, "geometry": {"type": "Point", "coordinates": [-79.1986716, 43.0798469]}}, {"type": "Feature", "properties": {"id": 5361665540, "name": "Esso", "brand": "Esso", "opening_hours": null}, "geometry": {"type": "Point", "coordinates": [-79.1985606, 43.080393]}}, {"type": "Feature", "properties": {"id": 5361665541, "name": "7-Eleven", "brand": "7-Eleven", "opening_hours": null}, "geometry": {"type": "Point", "coordinates": [-79.1994345, 43.1233879]}}, {"type": "Feature", "properties": {"id": 5361665542, "name": "Keniry's Service Station", "brand": null, "opening_hours": null}, "geometry": {"type": "Point", "coordinates": [-79.19971, 43.129381]}}, {"type": "Feature", "properties": {"id": 5361665544, "name": "Gales", "brand": null, "opening_hours": null}, "geometry": {"type": "Point", "coordinates": [-79.2154479, 43.1098888]}}, {"type": "Feature", "properties": {"id": 5361665545, "name": "Shell", "brand": "Shell", "opening_hours": null}, "geometry": {"type": "Point", "coordinates": [-79.242926, 43.111307]}}, {"type": "Feature", "properties": {"id": 5361707557, "name": "Canadian Tire", "brand": "Canadian Tire", "opening_hours": null}, "geometry": {"type": "Point", "coordinates": [-79.1087303, 43.0703355]}}, {"type": "Feature", "properties": {"id": 5361707558, "name": "Esso", "brand": "Esso", "opening_hours": null}, "geometry": {"type": "Point", "coordinates": [-79.1093613, 43.0707658]}}, {"type": "Feature", "properties": {"id": 5361707559, "name": "Petro-Canada", "brand": "Petro-Canada", "opening_hours": null}, "geometry": {"type": "Point", "coordinates": [-79.1180041, 43.0691475]}}, {"type": "Feature", "properties": {"id": 5361707560, "name": "Gales", "brand": null, "opening_hours": null}, "geometry": {"type": "Point", "coordinates": [-79.1058382, 43.0891154]}}, {"type": "Feature", "properties": {"id": 5361707561, "name": "Petro-Canada", "brand": "Petro-Canada", "opening_hours": null}, "geometry": {"type": "Point", "coordinates": [-79.1293512, 43.0697731]}}, {"type": "Feature", "properties": {"id": 5361707562, "name": "Esso", "brand": "Esso", "opening_hours": null}, "geometry": {"type": "Point", "coordinates": [-79.1353487, 43.0886268]}}, {"type": "Feature", "properties": {"id": 5361707563, "name": "Gulf", "brand": "Gulf", "opening_hours": null}, "geometry": {"type": "Point", "coordinates": [-79.1355631, 43.08909]}}, {"type": "Feature", "properties": {"id": 5361707564, "name": "Shell", "brand": "Shell", "opening_hours": null}, "geometry": {"type": "Point", "coordinates": [-79.110791, 43.1038518]}}, {"type": "Feature", "properties": {"id": 5361707565, "name": "Petro-Canada", "brand": "Petro-Canada", "opening_hours": null}, "geometry": {"type": "Point", "coordinates": [-79.111347, 43.114816]}}, {"type": "Feature", "properties": {"id": 5361707566, "name": "Gales", "brand": null, "opening_hours": null}, "geometry": {"type": "Point", "coordinates": [-79.123728, 43.114831]}}, {"type": "Feature", "properties": {"id": 5361707567, "name": "Circle K", "brand": "Circle K", "opening_hours": null}, "geometry": {"type": "Point", "coordinates": [-79.136706, 43.1144926]}}, {"type": "Feature", "properties": {"id": 5361707568, "name": "Petro-Canada", "brand": "Petro-Canada", "opening_hours": null}, "geometry": {"type": "Point", "coordinates": [-79.1768531, 43.1143351]}}, {"type": "Feature", "properties": {"id": 5361760991, "name": "Global", "brand": "Global", "opening_hours": null}, "geometry": {"type": "Point", "coordinates": [-79.2659509, 43.7025817]}}, {"type": "Feature", "properties": {"id": 5361779071, "name": "Pioneer", "brand": "Pioneer", "opening_hours": null}, "geometry": {"type": "Point", "coordinates": [-80.380182, 43.503149]}}, {"type": "Feature", "properties": {"id": 5361779073, "name": "Petro-Canada", "brand": "Petro-Canada", "opening_hours": null}, "geometry": {"type": "Point", "coordinates": [-80.4600271, 43.4658821]}}, {"type": "Feature", "properties": {"id": 5361779075, "name": "Esso", "brand": "Esso", "opening_hours": null}, "geometry": {"type": "Point", "coordinates": [-80.4757033, 43.4604468]}}, {"type": "Feature", "properties": {"id": 5361779076, "name": "Shell", "brand": "Shell", "opening_hours": null}, "geometry": {"type": "Point", "coordinates": [-80.482192, 43.458962]}}, {"type": "Feature", "properties": {"id": 5361779077, "name": "Shell", "brand": "Shell", "opening_hours": null}, "geometry": {"type": "Point", "coordinates": [-80.4839166, 43.4761027]}}, {"type": "Feature", "properties": {"id": 5361779078, "name": "Esso", "brand": "Esso", "opening_hours": "24/7"}, "geometry": {"type": "Point", "coordinates": [-80.4937149, 43.4630521]}}, {"type": "Feature", "properties": {"id": 5361779079, "name": "Ultramar", "brand": "Ultramar", "opening_hours": null}, "geometry": {"type": "Point", "coordinates": [-80.5047812, 43.4652433]}}, {"type": "Feature", "properties": {"id": 5361779080, "name": "Esso", "brand": "Esso", "opening_hours": null}, "geometry": {"type": "Point", "coordinates": [-80.4929696, 43.4891629]}}, {"type": "Feature", "properties": {"id": 5361779081, "name": "Shell", "brand": "Shell", "opening_hours": null}, "geometry": {"type": "Point", "coordinates": [-80.50159, 43.495896]}}, {"type": "Feature", "properties": {"id": 5362090340, "name": "Petro-Canada", "brand": "Petro-Canada", "opening_hours": "24/7"}, "geometry": {"type": "Point", "coordinates": [-80.4127323, 43.3865665]}}, {"type": "Feature", "properties": {"id": 5362090342, "name": "RaceTrac", "brand": "RaceTrac", "opening_hours": null}, "geometry": {"type": "Point", "coordinates": [-80.346408, 43.4047116]}}, {"type": "Feature", "properties": {"id": 5362090344, "name": "Shell", "brand": "Shell", "opening_hours": null}, "geometry": {"type": "Point", "coordinates": [-80.3853723, 43.4045384]}}, {"type": "Feature", "properties": {"id": 5362090345, "name": "Petro-Canada", "brand": "Petro-Canada", "opening_hours": "24/7"}, "geometry": {"type": "Point", "coordinates": [-80.3978232, 43.4080958]}}, {"type": "Feature", "properties": {"id": 5362090346, "name": "Flying J", "brand": "Flying J", "opening_hours": null}, "geometry": {"type": "Point", "coordinates": [-80.4328297, 43.3347947]}}, {"type": "Feature", "properties": {"id": 5362090347, "name": "Esso", "brand": "Esso", "opening_hours": null}, "geometry": {"type": "Point", "coordinates": [-80.48202, 43.357481]}}, {"type": "Feature", "properties": {"id": 5362090349, "name": "Esso", "brand": "Esso", "opening_hours": "24/7"}, "geometry": {"type": "Point", "coordinates": [-80.447388, 43.398593]}}, {"type": "Feature", "properties": {"id": 5362090350, "name": "Petro-Canada", "brand": "Petro-Canada", "opening_hours": null}, "geometry": {"type": "Point", "coordinates": [-80.4449827, 43.4332927]}}, {"type": "Feature", "properties": {"id": 5362090351, "name": "Esso", "brand": "Esso", "opening_hours": null}, "geometry": {"type": "Point", "coordinates": [-80.443783, 43.450582]}}, {"type": "Feature", "properties": {"id": 5362090352, "name": "Petro-Canada", "brand": "Petro-Canada", "opening_hours": "Mo-Fr 06:30-21:00; Sa 07:00-21:00; Su 08:00-21:00"}, "geometry": {"type": "Point", "coordinates": [-80.4445818, 43.4504363]}}, {"type": "Feature", "properties": {"id": 5362090353, "name": "Shell", "brand": "Shell", "opening_hours": "24/7"}, "geometry": {"type": "Point", "coordinates": [-80.4697482, 43.4190106]}}, {"type": "Feature", "properties": {"id": 5362090354, "name": "Petro-Canada", "brand": "Petro-Canada", "opening_hours": null}, "geometry": {"type": "Point", "coordinates": [-80.499659, 43.406762]}}, {"type": "Feature", "properties": {"id": 5430390456, "name": "Esso", "brand": "Esso", "opening_hours": null}, "geometry": {"type": "Point", "coordinates": [-80.7940705, 43.1961319]}}, {"type": "Feature", "properties": {"id": 5430435523, "name": null, "brand": null, "opening_hours": null}, "geometry": {"type": "Point", "coordinates": [-91.6040007, 51.1489325]}}, {"type": "Feature", "properties": {"id": 5452619153, "name": "Esso", "brand": "Esso", "opening_hours": null}, "geometry": {"type": "Point", "coordinates": [-79.2510277, 43.1810873]}}, {"type": "Feature", "properties": {"id": 5506503838, "name": null, "brand": null, "opening_hours": null}, "geometry": {"type": "Point", "coordinates": [-93.8623306, 51.0327725]}}, {"type": "Feature", "properties": {"id": 5552445881, "name": "Shell", "brand": "Shell", "opening_hours": "24/7"}, "geometry": {"type": "Point", "coordinates": [-80.9243509, 46.7011401]}}, {"type": "Feature", "properties": {"id": 5688115078, "name": "Petro-Canada", "brand": "Petro-Canada", "opening_hours": null}, "geometry": {"type": "Point", "coordinates": [-78.8503712, 43.9399234]}}, {"type": "Feature", "properties": {"id": 5732870182, "name": "Shell", "brand": "Shell", "opening_hours": null}, "geometry": {"type": "Point", "coordinates": [-80.2756742, 43.1541578]}}, {"type": "Feature", "properties": {"id": 5852240785, "name": "Marina Gas", "brand": null, "opening_hours": null}, "geometry": {"type": "Point", "coordinates": [-79.470383, 46.3109475]}}, {"type": "Feature", "properties": {"id": 5919299100, "name": "Petro-Canada", "brand": "Petro-Canada", "opening_hours": null}, "geometry": {"type": "Point", "coordinates": [-79.7937296, 43.7602255]}}, {"type": "Feature", "properties": {"id": 5929771871, "name": "Pipeline Commercial", "brand": null, "opening_hours": null}, "geometry": {"type": "Point", "coordinates": [-76.3748825, 45.4183311]}}, {"type": "Feature", "properties": {"id": 5955621600, "name": "Costco Gasoline", "brand": "Costco", "opening_hours": null}, "geometry": {"type": "Point", "coordinates": [-79.690811, 43.6113464]}}, {"type": "Feature", "properties": {"id": 5964793637, "name": "Esso", "brand": "Esso", "opening_hours": null}, "geometry": {"type": "Point", "coordinates": [-80.5861604, 44.5983906]}}, {"type": "Feature", "properties": {"id": 5965048242, "name": "Petro-Canada", "brand": "Petro-Canada", "opening_hours": null}, "geometry": {"type": "Point", "coordinates": [-79.7197163, 44.376471]}}, {"type": "Feature", "properties": {"id": 5965062870, "name": "K&A Variety & Gas Bar", "brand": null, "opening_hours": null}, "geometry": {"type": "Point", "coordinates": [-89.2738536, 48.3563611]}}, {"type": "Feature", "properties": {"id": 6007626189, "name": "Ultramar", "brand": "Ultramar", "opening_hours": null}, "geometry": {"type": "Point", "coordinates": [-75.1770857, 44.9035013]}}, {"type": "Feature", "properties": {"id": 6076887408, "name": "Pioneer", "brand": "Pioneer", "opening_hours": null}, "geometry": {"type": "Point", "coordinates": [-75.6171517, 45.4069744]}}, {"type": "Feature", "properties": {"id": 6076970779, "name": "Petro-Pass", "brand": "Petro", "opening_hours": null}, "geometry": {"type": "Point", "coordinates": [-75.6122084, 45.4121546]}}, {"type": "Feature", "properties": {"id": 6131774041, "name": "Inver", "brand": "Inver", "opening_hours": null}, "geometry": {"type": "Point", "coordinates": [-80.9876081, 43.3652801]}}, {"type": "Feature", "properties": {"id": 6133296220, "name": "Shell", "brand": "Shell", "opening_hours": null}, "geometry": {"type": "Point", "coordinates": [-80.9893518, 43.3641478]}}, {"type": "Feature", "properties": {"id": 6133304373, "name": "7-Eleven", "brand": "7-Eleven", "opening_hours": null}, "geometry": {"type": "Point", "coordinates": [-80.9887188, 43.3639958]}}, {"type": "Feature", "properties": {"id": 6151794817, "name": "Pioneer", "brand": "Pioneer", "opening_hours": null}, "geometry": {"type": "Point", "coordinates": [-76.5422932, 44.2578286]}}, {"type": "Feature", "properties": {"id": 6174188301, "name": "Petro-Canada", "brand": "Petro-Canada", "opening_hours": null}, "geometry": {"type": "Point", "coordinates": [-79.2804283, 43.8484885]}}, {"type": "Feature", "properties": {"id": 6214707276, "name": "Canco", "brand": null, "opening_hours": null}, "geometry": {"type": "Point", "coordinates": [-79.2505445, 43.0595778]}}, {"type": "Feature", "properties": {"id": 6340882009, "name": "Mr Gas", "brand": "Mr Gas", "opening_hours": null}, "geometry": {"type": "Point", "coordinates": [-75.5122237, 44.7109415]}}, {"type": "Feature", "properties": {"id": 6352773228, "name": "A1 Petro Biz", "brand": null, "opening_hours": null}, "geometry": {"type": "Point", "coordinates": [-79.5694369, 43.7558516]}}, {"type": "Feature", "properties": {"id": 6401409429, "name": "Pioneer", "brand": "Pioneer", "opening_hours": null}, "geometry": {"type": "Point", "coordinates": [-80.4111431, 43.3858964]}}, {"type": "Feature", "properties": {"id": 6415245496, "name": "Petro-Pass", "brand": "Petro-Canada", "opening_hours": null}, "geometry": {"type": "Point", "coordinates": [-79.5391515, 43.6231375]}}, {"type": "Feature", "properties": {"id": 6417069172, "name": "Pioneer", "brand": "Pioneer", "opening_hours": null}, "geometry": {"type": "Point", "coordinates": [-79.9470904, 43.3019393]}}, {"type": "Feature", "properties": {"id": 6434027455, "name": "Drummond's Gas", "brand": null, "opening_hours": null}, "geometry": {"type": "Point", "coordinates": [-75.836437, 44.9146528]}}, {"type": "Feature", "properties": {"id": 6434733100, "name": "MacEwen", "brand": "MacEwen", "opening_hours": null}, "geometry": {"type": "Point", "coordinates": [-75.7386477, 44.7612511]}}, {"type": "Feature", "properties": {"id": 6453647407, "name": "MacEwen", "brand": "MacEwen", "opening_hours": null}, "geometry": {"type": "Point", "coordinates": [-75.9377327, 44.8345695]}}, {"type": "Feature", "properties": {"id": 6463223476, "name": "Gourley's Gas Bar", "brand": null, "opening_hours": null}, "geometry": {"type": "Point", "coordinates": [-76.7371684, 45.4573048]}}, {"type": "Feature", "properties": {"id": 6468638864, "name": "XTR", "brand": "XTR", "opening_hours": null}, "geometry": {"type": "Point", "coordinates": [-75.9479579, 44.6275107]}}, {"type": "Feature", "properties": {"id": 6468699866, "name": "Stinson", "brand": "Stinson", "opening_hours": null}, "geometry": {"type": "Point", "coordinates": [-76.0177249, 44.3934411]}}, {"type": "Feature", "properties": {"id": 6471141817, "name": "Shell", "brand": "Shell", "opening_hours": null}, "geometry": {"type": "Point", "coordinates": [-76.9472471, 44.248792]}}, {"type": "Feature", "properties": {"id": 6481525274, "name": "XTR", "brand": "XTR", "opening_hours": null}, "geometry": {"type": "Point", "coordinates": [-75.2442884, 44.9754027]}}, {"type": "Feature", "properties": {"id": 6488565173, "name": "Ultramar", "brand": "Ultramar", "opening_hours": null}, "geometry": {"type": "Point", "coordinates": [-74.6398245, 45.3146683]}}, {"type": "Feature", "properties": {"id": 6499838059, "name": "Fast Stop", "brand": null, "opening_hours": null}, "geometry": {"type": "Point", "coordinates": [-81.1882515, 43.0279845]}}, {"type": "Feature", "properties": {"id": 6499842867, "name": "S&W Service Centre", "brand": null, "opening_hours": null}, "geometry": {"type": "Point", "coordinates": [-79.2589947, 43.1957489]}}, {"type": "Feature", "properties": {"id": 6501208518, "name": "7-Eleven", "brand": "7-Eleven", "opening_hours": null}, "geometry": {"type": "Point", "coordinates": [-79.2514565, 43.1862341]}}, {"type": "Feature", "properties": {"id": 6506591979, "name": "Drummond's Gas", "brand": null, "opening_hours": null}, "geometry": {"type": "Point", "coordinates": [-75.6066562, 45.1458871]}}, {"type": "Feature", "properties": {"id": 6507419331, "name": null, "brand": null, "opening_hours": null}, "geometry": {"type": "Point", "coordinates": [-79.2262932, 43.1896305]}}, {"type": "Feature", "properties": {"id": 6509376096, "name": "Canadian Tire", "brand": "Canadian Tire", "opening_hours": null}, "geometry": {"type": "Point", "coordinates": [-79.2156004, 43.175167]}}, {"type": "Feature", "properties": {"id": 6513327976, "name": "Esso", "brand": "Esso", "opening_hours": null}, "geometry": {"type": "Point", "coordinates": [-79.266238, 43.1771663]}}, {"type": "Feature", "properties": {"id": 6516868325, "name": "Petro-Canada", "brand": "Petro-Canada", "opening_hours": null}, "geometry": {"type": "Point", "coordinates": [-79.2641154, 43.1699228]}}, {"type": "Feature", "properties": {"id": 6516973493, "name": "Gales", "brand": null, "opening_hours": null}, "geometry": {"type": "Point", "coordinates": [-79.2604791, 43.1647229]}}, {"type": "Feature", "properties": {"id": 6533029143, "name": "Shell", "brand": "Shell", "opening_hours": null}, "geometry": {"type": "Point", "coordinates": [-77.4108504, 44.1458761]}}, {"type": "Feature", "properties": {"id": 6592216123, "name": "Petro-Canada", "brand": "Petro-Canada", "opening_hours": null}, "geometry": {"type": "Point", "coordinates": [-79.2397558, 43.142792]}}, {"type": "Feature", "properties": {"id": 6592278224, "name": "Gales", "brand": null, "opening_hours": null}, "geometry": {"type": "Point", "coordinates": [-79.2602546, 43.1446579]}}, {"type": "Feature", "properties": {"id": 6594726533, "name": "Esso", "brand": "Esso", "opening_hours": null}, "geometry": {"type": "Point", "coordinates": [-79.2306174, 43.7463247]}}, {"type": "Feature", "properties": {"id": 6603983758, "name": "Elgin Gas & Wash", "brand": null, "opening_hours": null}, "geometry": {"type": "Point", "coordinates": [-80.3025957, 43.3734112]}}, {"type": "Feature", "properties": {"id": 6621000655, "name": "Circle K", "brand": "Circle K", "opening_hours": null}, "geometry": {"type": "Point", "coordinates": [-79.4532447, 44.6122759]}}, {"type": "Feature", "properties": {"id": 6621131221, "name": "Petro-Canada", "brand": "Petro-Canada", "opening_hours": null}, "geometry": {"type": "Point", "coordinates": [-79.4369507, 44.609243]}}, {"type": "Feature", "properties": {"id": 6647339449, "name": "Canadian Tire", "brand": "Canadian Tire", "opening_hours": null}, "geometry": {"type": "Point", "coordinates": [-79.2659781, 42.9059274]}}, {"type": "Feature", "properties": {"id": 6648386630, "name": "Esso", "brand": "Esso", "opening_hours": null}, "geometry": {"type": "Point", "coordinates": [-76.1237915, 45.1294821]}}, {"type": "Feature", "properties": {"id": 6658835108, "name": "Gales", "brand": null, "opening_hours": null}, "geometry": {"type": "Point", "coordinates": [-79.1014602, 43.115513]}}, {"type": "Feature", "properties": {"id": 6665970467, "name": "MacEwen", "brand": "MacEwen", "opening_hours": null}, "geometry": {"type": "Point", "coordinates": [-75.3595269, 44.939383]}}, {"type": "Feature", "properties": {"id": 6672931684, "name": "Canadian Tire", "brand": "Canadian Tire", "opening_hours": null}, "geometry": {"type": "Point", "coordinates": [-81.1716728, 43.0055744]}}, {"type": "Feature", "properties": {"id": 6673021430, "name": "Pioneer", "brand": "Pioneer", "opening_hours": null}, "geometry": {"type": "Point", "coordinates": [-81.1829792, 43.002432]}}, {"type": "Feature", "properties": {"id": 6682273475, "name": "Esso", "brand": "Esso", "opening_hours": null}, "geometry": {"type": "Point", "coordinates": [-75.9183745, 45.3101075]}}, {"type": "Feature", "properties": {"id": 6682295816, "name": "Esso", "brand": "Esso", "opening_hours": null}, "geometry": {"type": "Point", "coordinates": [-75.9278065, 45.2941771]}}, {"type": "Feature", "properties": {"id": 6688351956, "name": "Esso", "brand": "Esso", "opening_hours": null}, "geometry": {"type": "Point", "coordinates": [-79.1241655, 43.8131028]}}, {"type": "Feature", "properties": {"id": 6688480298, "name": "Canadian Tire", "brand": "Canadian Tire", "opening_hours": null}, "geometry": {"type": "Point", "coordinates": [-82.3549023, 42.980518]}}, {"type": "Feature", "properties": {"id": 6689567884, "name": "Petro-Canada", "brand": "Petro-Canada", "opening_hours": null}, "geometry": {"type": "Point", "coordinates": [-82.355853, 42.9797433]}}, {"type": "Feature", "properties": {"id": 6689630541, "name": "Mobil", "brand": "Mobil", "opening_hours": null}, "geometry": {"type": "Point", "coordinates": [-82.3649895, 42.9788704]}}, {"type": "Feature", "properties": {"id": 6689630551, "name": "Petro-Canada", "brand": "Petro-Canada", "opening_hours": null}, "geometry": {"type": "Point", "coordinates": [-82.3661589, 42.9792888]}}, {"type": "Feature", "properties": {"id": 6689630570, "name": "Esso", "brand": "Esso", "opening_hours": null}, "geometry": {"type": "Point", "coordinates": [-82.3671534, 42.9791473]}}, {"type": "Feature", "properties": {"id": 6691710809, "name": "Esso", "brand": "Esso", "opening_hours": null}, "geometry": {"type": "Point", "coordinates": [-82.3766358, 42.9610297]}}, {"type": "Feature", "properties": {"id": 6693525509, "name": "Esso", "brand": "Esso", "opening_hours": null}, "geometry": {"type": "Point", "coordinates": [-82.3908275, 42.9850246]}}, {"type": "Feature", "properties": {"id": 6693547935, "name": "Shell", "brand": "Shell", "opening_hours": null}, "geometry": {"type": "Point", "coordinates": [-82.3998161, 42.9851926]}}, {"type": "Feature", "properties": {"id": 6693575554, "name": "Esso", "brand": "Esso", "opening_hours": null}, "geometry": {"type": "Point", "coordinates": [-82.4036402, 42.9798267]}}, {"type": "Feature", "properties": {"id": 6693578788, "name": "7-Eleven", "brand": "7-Eleven", "opening_hours": null}, "geometry": {"type": "Point", "coordinates": [-82.4037342, 42.9785559]}}, {"type": "Feature", "properties": {"id": 6720040514, "name": "Shell", "brand": "Shell", "opening_hours": null}, "geometry": {"type": "Point", "coordinates": [-83.0107916, 42.2688731]}}, {"type": "Feature", "properties": {"id": 6720062929, "name": "Canadian Tire", "brand": "Canadian Tire", "opening_hours": null}, "geometry": {"type": "Point", "coordinates": [-83.0015465, 42.2549056]}}, {"type": "Feature", "properties": {"id": 6769308680, "name": null, "brand": null, "opening_hours": null}, "geometry": {"type": "Point", "coordinates": [-82.9656339, 42.2686652]}}, {"type": "Feature", "properties": {"id": 6831432904, "name": "DK - London Fuel Access Centre", "brand": null, "opening_hours": "Su-Mo"}, "geometry": {"type": "Point", "coordinates": [-81.1545464, 43.0272512]}}, {"type": "Feature", "properties": {"id": 6842506585, "name": "Pioneer", "brand": "Pioneer", "opening_hours": "24/7"}, "geometry": {"type": "Point", "coordinates": [-81.6139203, 42.9484206]}}, {"type": "Feature", "properties": {"id": 6871904386, "name": "Canadian Tire Gas Bar", "brand": "Canadian Tire", "opening_hours": null}, "geometry": {"type": "Point", "coordinates": [-81.045014, 49.0592677]}}, {"type": "Feature", "properties": {"id": 6871977985, "name": "Canadian Tire", "brand": "Canadian Tire", "opening_hours": null}, "geometry": {"type": "Point", "coordinates": [-81.2200546, 42.9298691]}}, {"type": "Feature", "properties": {"id": 6900045389, "name": "Pioneer", "brand": "Pioneer", "opening_hours": null}, "geometry": {"type": "Point", "coordinates": [-81.4841097, 43.3621124]}}, {"type": "Feature", "properties": {"id": 6913302115, "name": "Francis Fuels", "brand": null, "opening_hours": null}, "geometry": {"type": "Point", "coordinates": [-76.2905229, 45.3332345]}}, {"type": "Feature", "properties": {"id": 6961269053, "name": null, "brand": null, "opening_hours": null}, "geometry": {"type": "Point", "coordinates": [-79.8462577, 43.6973533]}}, {"type": "Feature", "properties": {"id": 6973008088, "name": "Canadian Tire", "brand": "Canadian Tire", "opening_hours": "Mo-Fr 06:00-22:00; Su 07:00-22:00; Sa 08:00-22:00"}, "geometry": {"type": "Point", "coordinates": [-83.6777815, 49.6910912]}}, {"type": "Feature", "properties": {"id": 6983908739, "name": "Pioneer", "brand": null, "opening_hours": null}, "geometry": {"type": "Point", "coordinates": [-81.2147735, 43.0198358]}}, {"type": "Feature", "properties": {"id": 6983908749, "name": "Petro-Canada", "brand": "Petro-Canada", "opening_hours": null}, "geometry": {"type": "Point", "coordinates": [-81.2156197, 43.0193349]}}, {"type": "Feature", "properties": {"id": 6983986974, "name": "Petro-Canada", "brand": "Petro-Canada", "opening_hours": null}, "geometry": {"type": "Point", "coordinates": [-81.1696965, 42.9929017]}}, {"type": "Feature", "properties": {"id": 6984705080, "name": "Esso", "brand": "Esso", "opening_hours": null}, "geometry": {"type": "Point", "coordinates": [-81.29339, 42.9840154]}}, {"type": "Feature", "properties": {"id": 6984803443, "name": "Shell", "brand": "Shell", "opening_hours": null}, "geometry": {"type": "Point", "coordinates": [-81.2158611, 42.9255763]}}, {"type": "Feature", "properties": {"id": 6985722566, "name": "Petro-Canada", "brand": "Petro-Canada", "opening_hours": null}, "geometry": {"type": "Point", "coordinates": [-81.2810294, 42.9393688]}}, {"type": "Feature", "properties": {"id": 6985774041, "name": "Husky", "brand": "Husky", "opening_hours": null}, "geometry": {"type": "Point", "coordinates": [-81.2627313, 42.9569795]}}, {"type": "Feature", "properties": {"id": 6985859798, "name": "Petro-Canada", "brand": "Petro-Canada", "opening_hours": null}, "geometry": {"type": "Point", "coordinates": [-81.2011531, 42.9617528]}}, {"type": "Feature", "properties": {"id": 6985859810, "name": "Husky", "brand": "Husky", "opening_hours": null}, "geometry": {"type": "Point", "coordinates": [-81.2000185, 42.9613655]}}, {"type": "Feature", "properties": {"id": 6985879141, "name": "Esso", "brand": "Esso", "opening_hours": null}, "geometry": {"type": "Point", "coordinates": [-81.21515, 42.9441211]}}, {"type": "Feature", "properties": {"id": 6985899385, "name": "Petro-Canada", "brand": "Petro-Canada", "opening_hours": null}, "geometry": {"type": "Point", "coordinates": [-81.2032524, 42.9965444]}}, {"type": "Feature", "properties": {"id": 6997675672, "name": "Esso", "brand": "Esso", "opening_hours": null}, "geometry": {"type": "Point", "coordinates": [-81.1542851, 43.0101423]}}, {"type": "Feature", "properties": {"id": 6997699482, "name": "Petro-Canada", "brand": "Petro-Canada", "opening_hours": null}, "geometry": {"type": "Point", "coordinates": [-81.1586068, 43.0098029]}}, {"type": "Feature", "properties": {"id": 7003391557, "name": "Esso", "brand": "Esso", "opening_hours": null}, "geometry": {"type": "Point", "coordinates": [-81.2132993, 42.9697453]}}, {"type": "Feature", "properties": {"id": 7012447200, "name": "Esso", "brand": "Esso", "opening_hours": null}, "geometry": {"type": "Point", "coordinates": [-79.6554297, 43.6915326]}}, {"type": "Feature", "properties": {"id": 7015001322, "name": "Esso", "brand": "Esso", "opening_hours": null}, "geometry": {"type": "Point", "coordinates": [-82.199913, 42.4145693]}}, {"type": "Feature", "properties": {"id": 7015171950, "name": "Shell", "brand": "Shell", "opening_hours": null}, "geometry": {"type": "Point", "coordinates": [-82.2020658, 42.3881403]}}, {"type": "Feature", "properties": {"id": 7015173116, "name": "Esso", "brand": "Esso", "opening_hours": null}, "geometry": {"type": "Point", "coordinates": [-82.2168068, 42.3791032]}}, {"type": "Feature", "properties": {"id": 7015515927, "name": "Esso", "brand": "Esso", "opening_hours": null}, "geometry": {"type": "Point", "coordinates": [-82.1777125, 42.3966888]}}, {"type": "Feature", "properties": {"id": 7015588639, "name": "Esso", "brand": "Esso", "opening_hours": null}, "geometry": {"type": "Point", "coordinates": [-82.182087, 42.3481065]}}, {"type": "Feature", "properties": {"id": 7020463028, "name": "XTR", "brand": "XTR", "opening_hours": null}, "geometry": {"type": "Point", "coordinates": [-82.1792643, 42.592125]}}, {"type": "Feature", "properties": {"id": 7020474807, "name": "Global", "brand": "Global", "opening_hours": null}, "geometry": {"type": "Point", "coordinates": [-82.179955, 42.5916551]}}, {"type": "Feature", "properties": {"id": 7020586632, "name": "Esso", "brand": "Esso", "opening_hours": null}, "geometry": {"type": "Point", "coordinates": [-82.3311861, 42.9842176]}}, {"type": "Feature", "properties": {"id": 7020603176, "name": "Petro Pass", "brand": null, "opening_hours": null}, "geometry": {"type": "Point", "coordinates": [-82.3266077, 42.9832703]}}, {"type": "Feature", "properties": {"id": 7020618359, "name": "De Sena's Gas Bar", "brand": null, "opening_hours": null}, "geometry": {"type": "Point", "coordinates": [-82.2544187, 43.0277959]}}, {"type": "Feature", "properties": {"id": 7020868320, "name": "Pioneer", "brand": "Pioneer", "opening_hours": null}, "geometry": {"type": "Point", "coordinates": [-82.3656124, 42.9954019]}}, {"type": "Feature", "properties": {"id": 7020957731, "name": "Petro-Canada", "brand": "Petro-Canada", "opening_hours": null}, "geometry": {"type": "Point", "coordinates": [-82.877007, 42.3118847]}}, {"type": "Feature", "properties": {"id": 7021026354, "name": "Petro-Canada", "brand": "Petro-Canada", "opening_hours": null}, "geometry": {"type": "Point", "coordinates": [-82.8696081, 42.3119368]}}, {"type": "Feature", "properties": {"id": 7022580425, "name": "7-Eleven", "brand": "7-Eleven", "opening_hours": null}, "geometry": {"type": "Point", "coordinates": [-82.9637294, 42.3084056]}}, {"type": "Feature", "properties": {"id": 7022695665, "name": "7-Eleven", "brand": "7-Eleven", "opening_hours": null}, "geometry": {"type": "Point", "coordinates": [-83.0213366, 42.2973948]}}, {"type": "Feature", "properties": {"id": 7022736223, "name": "Mobil", "brand": "Mobil", "opening_hours": null}, "geometry": {"type": "Point", "coordinates": [-83.0240217, 42.2896118]}}, {"type": "Feature", "properties": {"id": 7022756501, "name": "Esso", "brand": "Esso", "opening_hours": null}, "geometry": {"type": "Point", "coordinates": [-83.0082224, 42.2796067]}}, {"type": "Feature", "properties": {"id": 7022776432, "name": "Shell", "brand": "Shell", "opening_hours": null}, "geometry": {"type": "Point", "coordinates": [-83.0849511, 42.2600236]}}, {"type": "Feature", "properties": {"id": 7022947739, "name": "7-Eleven", "brand": "7-Eleven", "opening_hours": null}, "geometry": {"type": "Point", "coordinates": [-79.7564231, 43.7716785]}}, {"type": "Feature", "properties": {"id": 7027672210, "name": "Petro-Canada", "brand": "Petro-Canada", "opening_hours": null}, "geometry": {"type": "Point", "coordinates": [-82.1916219, 42.4079159]}}, {"type": "Feature", "properties": {"id": 7039666619, "name": "MacEwen", "brand": "MacEwen", "opening_hours": null}, "geometry": {"type": "Point", "coordinates": [-75.2302773, 45.1030649]}}, {"type": "Feature", "properties": {"id": 7039962000, "name": "Stinson", "brand": "Stinson", "opening_hours": null}, "geometry": {"type": "Point", "coordinates": [-75.2291675, 45.101352]}}, {"type": "Feature", "properties": {"id": 7041083174, "name": "Francis", "brand": null, "opening_hours": null}, "geometry": {"type": "Point", "coordinates": [-75.1091158, 45.1758477]}}, {"type": "Feature", "properties": {"id": 7041096420, "name": "Esso", "brand": "Esso", "opening_hours": null}, "geometry": {"type": "Point", "coordinates": [-82.9941389, 42.3243952]}}, {"type": "Feature", "properties": {"id": 7041123917, "name": "Petro-Line", "brand": null, "opening_hours": null}, "geometry": {"type": "Point", "coordinates": [-82.954332, 42.3315449]}}, {"type": "Feature", "properties": {"id": 7041699397, "name": null, "brand": null, "opening_hours": null}, "geometry": {"type": "Point", "coordinates": [-85.4229096, 54.9967048]}}, {"type": "Feature", "properties": {"id": 7047856262, "name": "Esso", "brand": "Esso", "opening_hours": null}, "geometry": {"type": "Point", "coordinates": [-82.4528975, 42.8922057]}}, {"type": "Feature", "properties": {"id": 7047917635, "name": "Mobil", "brand": "Mobil", "opening_hours": null}, "geometry": {"type": "Point", "coordinates": [-82.4557838, 42.8761774]}}, {"type": "Feature", "properties": {"id": 7055897133, "name": "Esso", "brand": "Esso", "opening_hours": null}, "geometry": {"type": "Point", "coordinates": [-79.2402636, 43.737949]}}, {"type": "Feature", "properties": {"id": 7055903114, "name": "Ultramar", "brand": "Ultramar", "opening_hours": null}, "geometry": {"type": "Point", "coordinates": [-77.446969, 44.1814785]}}, {"type": "Feature", "properties": {"id": 7055903116, "name": "Esso", "brand": "Esso", "opening_hours": null}, "geometry": {"type": "Point", "coordinates": [-77.445436, 44.177875]}}, {"type": "Feature", "properties": {"id": 7055909404, "name": "Petro-Canada", "brand": "Petro-Canada", "opening_hours": null}, "geometry": {"type": "Point", "coordinates": [-77.3854603, 44.1895727]}}, {"type": "Feature", "properties": {"id": 7056994949, "name": "Esso", "brand": "Esso", "opening_hours": null}, "geometry": {"type": "Point", "coordinates": [-77.5437934, 44.2973837]}}, {"type": "Feature", "properties": {"id": 7057050601, "name": "Oasis Gas Bar", "brand": null, "opening_hours": null}, "geometry": {"type": "Point", "coordinates": [-77.5911399, 44.2027352]}}, {"type": "Feature", "properties": {"id": 7057065675, "name": "Pioneer", "brand": "Pioneer", "opening_hours": null}, "geometry": {"type": "Point", "coordinates": [-77.5795125, 44.1294573]}}, {"type": "Feature", "properties": {"id": 7057096009, "name": "Ultramar", "brand": "Ultramar", "opening_hours": null}, "geometry": {"type": "Point", "coordinates": [-77.5685455, 44.1051422]}}, {"type": "Feature", "properties": {"id": 7057106302, "name": "Esso", "brand": "Esso", "opening_hours": null}, "geometry": {"type": "Point", "coordinates": [-77.5766484, 44.1188832]}}, {"type": "Feature", "properties": {"id": 7057146932, "name": "Esso", "brand": "Esso", "opening_hours": null}, "geometry": {"type": "Point", "coordinates": [-77.602122, 44.0939084]}}, {"type": "Feature", "properties": {"id": 7057163670, "name": "Esso", "brand": "Esso", "opening_hours": null}, "geometry": {"type": "Point", "coordinates": [-77.9548233, 44.3034851]}}, {"type": "Feature", "properties": {"id": 7057223841, "name": "Ultramar", "brand": "Ultramar", "opening_hours": "24/7"}, "geometry": {"type": "Point", "coordinates": [-78.2873473, 43.9727024]}}, {"type": "Feature", "properties": {"id": 7058458008, "name": "MacEwen", "brand": "MacEwen", "opening_hours": null}, "geometry": {"type": "Point", "coordinates": [-76.1600029, 44.3314815]}}, {"type": "Feature", "properties": {"id": 7058499834, "name": "Petro-Canada", "brand": "Petro-Canada", "opening_hours": null}, "geometry": {"type": "Point", "coordinates": [-78.2777836, 44.4202577]}}, {"type": "Feature", "properties": {"id": 7058928408, "name": "Tas Fuel", "brand": null, "opening_hours": null}, "geometry": {"type": "Point", "coordinates": [-74.7027199, 45.018771]}}, {"type": "Feature", "properties": {"id": 7058930414, "name": "Esso", "brand": "Esso", "opening_hours": null}, "geometry": {"type": "Point", "coordinates": [-74.7143626, 45.035042]}}, {"type": "Feature", "properties": {"id": 7058943529, "name": "Canadian Tire", "brand": "Canadian Tire", "opening_hours": null}, "geometry": {"type": "Point", "coordinates": [-74.7322052, 45.0297667]}}, {"type": "Feature", "properties": {"id": 7058993934, "name": "Shell", "brand": "Shell", "opening_hours": null}, "geometry": {"type": "Point", "coordinates": [-74.7183904, 45.0209839]}}, {"type": "Feature", "properties": {"id": 7061309882, "name": "Woods", "brand": null, "opening_hours": null}, "geometry": {"type": "Point", "coordinates": [-76.9850072, 44.9565145]}}, {"type": "Feature", "properties": {"id": 7061980461, "name": "Ultramar", "brand": "Ultramar", "opening_hours": null}, "geometry": {"type": "Point", "coordinates": [-78.3844307, 44.3823895]}}, {"type": "Feature", "properties": {"id": 7062003253, "name": "Premium Fuels", "brand": null, "opening_hours": null}, "geometry": {"type": "Point", "coordinates": [-78.4478341, 44.1520378]}}, {"type": "Feature", "properties": {"id": 7072792769, "name": "RaceTrac", "brand": "RaceTrac", "opening_hours": null}, "geometry": {"type": "Point", "coordinates": [-78.9585533, 44.0973439]}}, {"type": "Feature", "properties": {"id": 7072968587, "name": "Pioneer", "brand": "Pioneer", "opening_hours": "PH,Mo-Su 00:00-12:00+"}, "geometry": {"type": "Point", "coordinates": [-78.6764859, 43.9014108]}}, {"type": "Feature", "properties": {"id": 7076344847, "name": "Ultramar", "brand": "Ultramar", "opening_hours": null}, "geometry": {"type": "Point", "coordinates": [-78.9612483, 43.8752734]}}, {"type": "Feature", "properties": {"id": 7077857017, "name": "Esso", "brand": "Esso", "opening_hours": null}, "geometry": {"type": "Point", "coordinates": [-80.0790065, 44.3372168]}}, {"type": "Feature", "properties": {"id": 7081473755, "name": "Canadian Tire", "brand": "Canadian Tire", "opening_hours": null}, "geometry": {"type": "Point", "coordinates": [-80.9843319, 46.6531898]}}, {"type": "Feature", "properties": {"id": 7081500338, "name": "Petro-Canada", "brand": "Petro-Canada", "opening_hours": null}, "geometry": {"type": "Point", "coordinates": [-80.9895085, 46.6525258]}}, {"type": "Feature", "properties": {"id": 7082573474, "name": "Esso", "brand": "Esso", "opening_hours": null}, "geometry": {"type": "Point", "coordinates": [-81.2005137, 46.5691286]}}, {"type": "Feature", "properties": {"id": 7083074409, "name": "Circle K", "brand": "Circle K", "opening_hours": null}, "geometry": {"type": "Point", "coordinates": [-81.1405281, 46.4222971]}}, {"type": "Feature", "properties": {"id": 7086513317, "name": "Esso", "brand": "Esso", "opening_hours": null}, "geometry": {"type": "Point", "coordinates": [-79.3672434, 44.3155427]}}, {"type": "Feature", "properties": {"id": 7086956070, "name": "Esso", "brand": "Esso", "opening_hours": null}, "geometry": {"type": "Point", "coordinates": [-80.9232379, 46.7028014]}}, {"type": "Feature", "properties": {"id": 7086970658, "name": "Shell", "brand": "Shell", "opening_hours": null}, "geometry": {"type": "Point", "coordinates": [-81.0100237, 46.4628538]}}, {"type": "Feature", "properties": {"id": 7087012690, "name": "Esso", "brand": "Esso", "opening_hours": null}, "geometry": {"type": "Point", "coordinates": [-81.005399, 46.4532295]}}, {"type": "Feature", "properties": {"id": 7090006985, "name": "Petro-Canada", "brand": "Petro-Canada", "opening_hours": null}, "geometry": {"type": "Point", "coordinates": [-81.2112521, 48.4854392]}}, {"type": "Feature", "properties": {"id": 7091020260, "name": "Ultramar", "brand": "Ultramar", "opening_hours": null}, "geometry": {"type": "Point", "coordinates": [-79.2821224, 43.9744968]}}, {"type": "Feature", "properties": {"id": 7091579090, "name": "Canadian Tire", "brand": "Canadian Tire", "opening_hours": null}, "geometry": {"type": "Point", "coordinates": [-81.40527, 48.4719774]}}, {"type": "Feature", "properties": {"id": 7091579092, "name": "Esso", "brand": "Esso", "opening_hours": null}, "geometry": {"type": "Point", "coordinates": [-81.4012286, 48.4728416]}}, {"type": "Feature", "properties": {"id": 7091579129, "name": "Pioneer", "brand": "Pioneer", "opening_hours": null}, "geometry": {"type": "Point", "coordinates": [-81.3802299, 48.4722136]}}, {"type": "Feature", "properties": {"id": 7091928429, "name": "Esso", "brand": "Esso", "opening_hours": null}, "geometry": {"type": "Point", "coordinates": [-79.4304541, 46.3241177]}}, {"type": "Feature", "properties": {"id": 7091969165, "name": "Shell", "brand": "Shell", "opening_hours": null}, "geometry": {"type": "Point", "coordinates": [-79.4658613, 46.3313475]}}, {"type": "Feature", "properties": {"id": 7092066306, "name": "Esso", "brand": "Esso", "opening_hours": null}, "geometry": {"type": "Point", "coordinates": [-82.4189813, 49.4132344]}}, {"type": "Feature", "properties": {"id": 7118344529, "name": null, "brand": null, "opening_hours": null}, "geometry": {"type": "Point", "coordinates": [-77.0975744, 45.5321556]}}, {"type": "Feature", "properties": {"id": 7124550776, "name": "Canadian Tire", "brand": "Canadian Tire", "opening_hours": null}, "geometry": {"type": "Point", "coordinates": [-75.592977, 45.3179341]}}, {"type": "Feature", "properties": {"id": 7125213314, "name": "Petro-Canada", "brand": "Petro-Canada", "opening_hours": null}, "geometry": {"type": "Point", "coordinates": [-78.7809071, 44.377795]}}, {"type": "Feature", "properties": {"id": 7125213315, "name": "Petro-Canada", "brand": "Petro-Canada", "opening_hours": null}, "geometry": {"type": "Point", "coordinates": [-77.8936806, 44.4332742]}}, {"type": "Feature", "properties": {"id": 7141975371, "name": "Husky", "brand": "Husky", "opening_hours": null}, "geometry": {"type": "Point", "coordinates": [-78.8394678, 43.893012]}}, {"type": "Feature", "properties": {"id": 7158840234, "name": null, "brand": null, "opening_hours": null}, "geometry": {"type": "Point", "coordinates": [-79.8902902, 43.0209097]}}, {"type": "Feature", "properties": {"id": 7161325057, "name": "U Plus Gas", "brand": null, "opening_hours": null}, "geometry": {"type": "Point", "coordinates": [-79.8207147, 43.2390044]}}, {"type": "Feature", "properties": {"id": 7178233685, "name": "Ultramar", "brand": "Ultramar", "opening_hours": null}, "geometry": {"type": "Point", "coordinates": [-76.6829821, 44.7971172]}}, {"type": "Feature", "properties": {"id": 7179884380, "name": "Petro Canada", "brand": "Petro-Canada", "opening_hours": null}, "geometry": {"type": "Point", "coordinates": [-79.4171247, 44.604409]}}, {"type": "Feature", "properties": {"id": 7179939547, "name": "Ultramar", "brand": "Ultramar", "opening_hours": "24/7"}, "geometry": {"type": "Point", "coordinates": [-79.433513, 44.624483]}}, {"type": "Feature", "properties": {"id": 7179939558, "name": "Pioneer", "brand": "Pioneer", "opening_hours": null}, "geometry": {"type": "Point", "coordinates": [-79.4320902, 44.6225429]}}, {"type": "Feature", "properties": {"id": 7188845537, "name": "Esso", "brand": "Esso", "opening_hours": null}, "geometry": {"type": "Point", "coordinates": [-80.7000409, 43.1379214]}}, {"type": "Feature", "properties": {"id": 7195635307, "name": "Shell", "brand": "Shell", "opening_hours": "24/7"}, "geometry": {"type": "Point", "coordinates": [-79.5876054, 43.623708]}}, {"type": "Feature", "properties": {"id": 7196332560, "name": "Esso", "brand": "Esso", "opening_hours": null}, "geometry": {"type": "Point", "coordinates": [-79.7051491, 44.3831333]}}, {"type": "Feature", "properties": {"id": 7196406386, "name": "Circle K", "brand": "Circle K", "opening_hours": null}, "geometry": {"type": "Point", "coordinates": [-79.6627908, 44.3401253]}}, {"type": "Feature", "properties": {"id": 7196420118, "name": "Pioneer", "brand": "Pioneer", "opening_hours": "24/7"}, "geometry": {"type": "Point", "coordinates": [-79.6512572, 44.3588649]}}, {"type": "Feature", "properties": {"id": 7213957550, "name": "Esso", "brand": "Esso", "opening_hours": null}, "geometry": {"type": "Point", "coordinates": [-80.4713448, 43.305358]}}, {"type": "Feature", "properties": {"id": 7214338470, "name": "Mobil", "brand": "Mobil", "opening_hours": null}, "geometry": {"type": "Point", "coordinates": [-81.2272373, 43.0025954]}}, {"type": "Feature", "properties": {"id": 7216852278, "name": "Pioneer", "brand": "Pioneer", "opening_hours": null}, "geometry": {"type": "Point", "coordinates": [-80.2669287, 43.5441116]}}, {"type": "Feature", "properties": {"id": 7216853121, "name": "Shell", "brand": "Shell", "opening_hours": null}, "geometry": {"type": "Point", "coordinates": [-80.277742, 43.551988]}}, {"type": "Feature", "properties": {"id": 7235526733, "name": "Canadian Tire", "brand": "Canadian Tire", "opening_hours": null}, "geometry": {"type": "Point", "coordinates": [-79.7121807, 43.8616548]}}, {"type": "Feature", "properties": {"id": 7236021758, "name": "PetroPlus Travel Station", "brand": null, "opening_hours": null}, "geometry": {"type": "Point", "coordinates": [-80.0547659, 43.0448329]}}, {"type": "Feature", "properties": {"id": 7237675008, "name": "Esso", "brand": "Esso", "opening_hours": null}, "geometry": {"type": "Point", "coordinates": [-79.9887156, 43.2172273]}}, {"type": "Feature", "properties": {"id": 7238041530, "name": "Shell", "brand": "Shell", "opening_hours": null}, "geometry": {"type": "Point", "coordinates": [-82.4322651, 42.2635491]}}, {"type": "Feature", "properties": {"id": 7238041531, "name": "Circle K", "brand": "Circle K", "opening_hours": null}, "geometry": {"type": "Point", "coordinates": [-82.4315291, 42.2637317]}}, {"type": "Feature", "properties": {"id": 7296770085, "name": "UPI Energy", "brand": null, "opening_hours": "Mo-Fr 06:00-21:00; Sa 08:00-20:00; Su 08:00-19:00"}, "geometry": {"type": "Point", "coordinates": [-82.1704966, 42.4017131]}}, {"type": "Feature", "properties": {"id": 7297736491, "name": "UPI Energy", "brand": null, "opening_hours": null}, "geometry": {"type": "Point", "coordinates": [-74.751564, 45.0272955]}}, {"type": "Feature", "properties": {"id": 7308055334, "name": "Esso", "brand": "Esso", "opening_hours": null}, "geometry": {"type": "Point", "coordinates": [-80.3886202, 43.7130435]}}, {"type": "Feature", "properties": {"id": 7319584162, "name": "Circle K", "brand": "Circle K", "opening_hours": null}, "geometry": {"type": "Point", "coordinates": [-79.8657834, 44.583397]}}, {"type": "Feature", "properties": {"id": 7333024696, "name": "Petro-Canada", "brand": "Petro-Canada", "opening_hours": null}, "geometry": {"type": "Point", "coordinates": [-80.7723162, 43.1516996]}}, {"type": "Feature", "properties": {"id": 7343726945, "name": "XTR", "brand": "XTR", "opening_hours": null}, "geometry": {"type": "Point", "coordinates": [-76.8733094, 44.3215166]}}, {"type": "Feature", "properties": {"id": 7347892919, "name": "Ultramar", "brand": "Ultramar", "opening_hours": null}, "geometry": {"type": "Point", "coordinates": [-77.4809225, 44.5125575]}}, {"type": "Feature", "properties": {"id": 7348100901, "name": "Canadian Tire", "brand": "Canadian Tire", "opening_hours": null}, "geometry": {"type": "Point", "coordinates": [-79.9129159, 44.7400471]}}, {"type": "Feature", "properties": {"id": 7349730988, "name": "Canadian Tire", "brand": "Canadian Tire", "opening_hours": null}, "geometry": {"type": "Point", "coordinates": [-78.9250299, 42.9057889]}}, {"type": "Feature", "properties": {"id": 7349731027, "name": "Pioneer", "brand": "Pioneer", "opening_hours": null}, "geometry": {"type": "Point", "coordinates": [-78.920394, 42.9058701]}}, {"type": "Feature", "properties": {"id": 7357044911, "name": "Esso", "brand": "Esso", "opening_hours": null}, "geometry": {"type": "Point", "coordinates": [-78.0254619, 43.9919929]}}, {"type": "Feature", "properties": {"id": 7370548722, "name": "Ultramar", "brand": "Ultramar", "opening_hours": null}, "geometry": {"type": "Point", "coordinates": [-77.9841995, 44.3778138]}}, {"type": "Feature", "properties": {"id": 7377592277, "name": "Pioneer", "brand": "Pioneer", "opening_hours": null}, "geometry": {"type": "Point", "coordinates": [-82.9764144, 42.2747774]}}, {"type": "Feature", "properties": {"id": 7392961345, "name": "Esso", "brand": "Esso", "opening_hours": null}, "geometry": {"type": "Point", "coordinates": [-82.9635465, 42.2371235]}}, {"type": "Feature", "properties": {"id": 7407606238, "name": "Shell", "brand": "Shell", "opening_hours": null}, "geometry": {"type": "Point", "coordinates": [-80.9520547, 43.7332574]}}, {"type": "Feature", "properties": {"id": 7407736565, "name": "Petro-Canada", "brand": "Petro-Canada", "opening_hours": null}, "geometry": {"type": "Point", "coordinates": [-80.9650259, 43.7360833]}}, {"type": "Feature", "properties": {"id": 7409295313, "name": "MacEwen", "brand": "MacEwen", "opening_hours": null}, "geometry": {"type": "Point", "coordinates": [-76.1414538, 45.1500611]}}, {"type": "Feature", "properties": {"id": 7469223107, "name": "Petro-Canada", "brand": "Petro-Canada", "opening_hours": null}, "geometry": {"type": "Point", "coordinates": [-83.1024769, 42.229431]}}, {"type": "Feature", "properties": {"id": 7477556401, "name": "Shell", "brand": "Shell", "opening_hours": null}, "geometry": {"type": "Point", "coordinates": [-77.1205674, 45.8082461]}}, {"type": "Feature", "properties": {"id": 7488013101, "name": "Ultramar", "brand": "Ultramar", "opening_hours": null}, "geometry": {"type": "Point", "coordinates": [-77.1388614, 45.8173763]}}, {"type": "Feature", "properties": {"id": 7520590781, "name": "Esso", "brand": "Esso", "opening_hours": null}, "geometry": {"type": "Point", "coordinates": [-80.2788699, 43.1767638]}}, {"type": "Feature", "properties": {"id": 7528843414, "name": "Petro-Canada", "brand": "Petro-Canada", "opening_hours": null}, "geometry": {"type": "Point", "coordinates": [-79.3077974, 43.6744812]}}, {"type": "Feature", "properties": {"id": 7529366206, "name": "Petro-Pass Truck Stop", "brand": "Petro", "opening_hours": "Mo-Th 07:00-16:30, Fr 08:00-16:30"}, "geometry": {"type": "Point", "coordinates": [-79.6753138, 44.371519]}}, {"type": "Feature", "properties": {"id": 7551789404, "name": "Esso", "brand": "Esso", "opening_hours": null}, "geometry": {"type": "Point", "coordinates": [-81.1186914, 43.2615217]}}, {"type": "Feature", "properties": {"id": 7561257025, "name": "Esso", "brand": "Esso", "opening_hours": null}, "geometry": {"type": "Point", "coordinates": [-79.5875868, 43.1189291]}}, {"type": "Feature", "properties": {"id": 7567745581, "name": "Petro-Canada", "brand": "Petro-Canada", "opening_hours": null}, "geometry": {"type": "Point", "coordinates": [-79.3948654, 43.1831523]}}, {"type": "Feature", "properties": {"id": 7571636401, "name": "Esso", "brand": "Esso", "opening_hours": null}, "geometry": {"type": "Point", "coordinates": [-79.3684369, 43.1451243]}}, {"type": "Feature", "properties": {"id": 7571850957, "name": "Pioneer", "brand": "Pioneer", "opening_hours": null}, "geometry": {"type": "Point", "coordinates": [-79.4789777, 43.6698125]}}, {"type": "Feature", "properties": {"id": 7595985255, "name": "Pioneer", "brand": "Pioneer", "opening_hours": null}, "geometry": {"type": "Point", "coordinates": [-80.9991884, 43.0577738]}}, {"type": "Feature", "properties": {"id": 7596905383, "name": "Pioneer", "brand": "Pioneer", "opening_hours": null}, "geometry": {"type": "Point", "coordinates": [-79.2139276, 43.150428]}}, {"type": "Feature", "properties": {"id": 7599156106, "name": "Stinson", "brand": "Stinson", "opening_hours": null}, "geometry": {"type": "Point", "coordinates": [-76.0596097, 45.0389217]}}, {"type": "Feature", "properties": {"id": 7613852712, "name": "Circle K", "brand": "Circle K", "opening_hours": null}, "geometry": {"type": "Point", "coordinates": [-79.2858226, 43.0215981]}}, {"type": "Feature", "properties": {"id": 7613853756, "name": "BB", "brand": null, "opening_hours": null}, "geometry": {"type": "Point", "coordinates": [-79.2744605, 43.0498094]}}, {"type": "Feature", "properties": {"id": 7613863387, "name": "Pioneer", "brand": "Pioneer", "opening_hours": null}, "geometry": {"type": "Point", "coordinates": [-79.2857087, 43.0077649]}}, {"type": "Feature", "properties": {"id": 7613874380, "name": "Mobil", "brand": "Mobil", "opening_hours": "24/7"}, "geometry": {"type": "Point", "coordinates": [-79.2551821, 43.0038799]}}, {"type": "Feature", "properties": {"id": 7613879384, "name": "Petro-Canada", "brand": "Petro-Canada", "opening_hours": null}, "geometry": {"type": "Point", "coordinates": [-79.250102, 43.0217688]}}, {"type": "Feature", "properties": {"id": 7613885009, "name": "Esso", "brand": "Esso", "opening_hours": null}, "geometry": {"type": "Point", "coordinates": [-79.2503431, 43.0125296]}}, {"type": "Feature", "properties": {"id": 7613918810, "name": "Esso", "brand": "Esso", "opening_hours": null}, "geometry": {"type": "Point", "coordinates": [-79.2359737, 42.9744649]}}, {"type": "Feature", "properties": {"id": 7616503065, "name": "Circle K", "brand": "Circle K", "opening_hours": null}, "geometry": {"type": "Point", "coordinates": [-84.3822382, 46.5367245]}}, {"type": "Feature", "properties": {"id": 7616546026, "name": "Petro-Canada", "brand": "Petro-Canada", "opening_hours": null}, "geometry": {"type": "Point", "coordinates": [-84.3202384, 46.5545059]}}, {"type": "Feature", "properties": {"id": 7617193595, "name": "Petro-Canada", "brand": "Petro-Canada", "opening_hours": null}, "geometry": {"type": "Point", "coordinates": [-79.1304566, 43.0891744]}}, {"type": "Feature", "properties": {"id": 7618880180, "name": "Esso", "brand": "Esso", "opening_hours": null}, "geometry": {"type": "Point", "coordinates": [-84.3200632, 46.5201199]}}, {"type": "Feature", "properties": {"id": 7620178973, "name": "Petro-Canada", "brand": "Petro-Canada", "opening_hours": null}, "geometry": {"type": "Point", "coordinates": [-84.2703427, 46.522906]}}, {"type": "Feature", "properties": {"id": 7630761687, "name": "Mobil", "brand": "Mobil", "opening_hours": null}, "geometry": {"type": "Point", "coordinates": [-79.0854438, 43.0919784]}}, {"type": "Feature", "properties": {"id": 7632644035, "name": "XTR", "brand": "XTR", "opening_hours": null}, "geometry": {"type": "Point", "coordinates": [-79.7553274, 43.226232]}}, {"type": "Feature", "properties": {"id": 7640517541, "name": "Esso", "brand": "Esso", "opening_hours": null}, "geometry": {"type": "Point", "coordinates": [-78.5840848, 43.9188917]}}, {"type": "Feature", "properties": {"id": 7640661319, "name": "Ultramar", "brand": "Ultramar", "opening_hours": null}, "geometry": {"type": "Point", "coordinates": [-78.6024611, 43.9419193]}}, {"type": "Feature", "properties": {"id": 7641167084, "name": "Esso", "brand": "Esso", "opening_hours": null}, "geometry": {"type": "Point", "coordinates": [-78.6088876, 43.9943707]}}, {"type": "Feature", "properties": {"id": 7644613340, "name": "MacEwen", "brand": "MacEwen", "opening_hours": null}, "geometry": {"type": "Point", "coordinates": [-75.9949891, 44.740055]}}, {"type": "Feature", "properties": {"id": 7644698709, "name": "Shell", "brand": "Shell", "opening_hours": null}, "geometry": {"type": "Point", "coordinates": [-76.6689679, 44.4400817]}}, {"type": "Feature", "properties": {"id": 7644698711, "name": "Stinson", "brand": "Stinson", "opening_hours": null}, "geometry": {"type": "Point", "coordinates": [-76.6792864, 44.5427635]}}, {"type": "Feature", "properties": {"id": 7644745743, "name": "Stinson", "brand": "Stinson", "opening_hours": null}, "geometry": {"type": "Point", "coordinates": [-77.5311667, 45.6139886]}}, {"type": "Feature", "properties": {"id": 7644745748, "name": "Esso", "brand": "Esso", "opening_hours": null}, "geometry": {"type": "Point", "coordinates": [-77.6972571, 46.1715004]}}, {"type": "Feature", "properties": {"id": 7644782187, "name": "Esso", "brand": "Esso", "opening_hours": null}, "geometry": {"type": "Point", "coordinates": [-76.8332492, 44.3356047]}}, {"type": "Feature", "properties": {"id": 7644898384, "name": "Esso", "brand": "Esso", "opening_hours": null}, "geometry": {"type": "Point", "coordinates": [-77.6814101, 44.4833608]}}, {"type": "Feature", "properties": {"id": 7644901980, "name": "Village Variety", "brand": null, "opening_hours": null}, "geometry": {"type": "Point", "coordinates": [-77.2304564, 44.1974918]}}, {"type": "Feature", "properties": {"id": 7644909306, "name": "Shell", "brand": "Shell", "opening_hours": null}, "geometry": {"type": "Point", "coordinates": [-77.5796876, 44.0481987]}}, {"type": "Feature", "properties": {"id": 7644934485, "name": "Roblin Gasbar", "brand": null, "opening_hours": null}, "geometry": {"type": "Point", "coordinates": [-77.0212051, 44.3786069]}}, {"type": "Feature", "properties": {"id": 7644952412, "name": "Free Flow", "brand": null, "opening_hours": null}, "geometry": {"type": "Point", "coordinates": [-77.6972207, 44.1496914]}}, {"type": "Feature", "properties": {"id": 7646483612, "name": "Shell", "brand": "Shell", "opening_hours": null}, "geometry": {"type": "Point", "coordinates": [-78.086992, 44.7535244]}}, {"type": "Feature", "properties": {"id": 7646497229, "name": "Econo", "brand": null, "opening_hours": null}, "geometry": {"type": "Point", "coordinates": [-78.3534252, 44.1322538]}}, {"type": "Feature", "properties": {"id": 7646536361, "name": "Esso", "brand": "Esso", "opening_hours": null}, "geometry": {"type": "Point", "coordinates": [-78.3866934, 44.2041146]}}, {"type": "Feature", "properties": {"id": 7646541488, "name": "Olco", "brand": null, "opening_hours": null}, "geometry": {"type": "Point", "coordinates": [-78.4310971, 44.410202]}}, {"type": "Feature", "properties": {"id": 7646549035, "name": "Woods", "brand": null, "opening_hours": null}, "geometry": {"type": "Point", "coordinates": [-77.6536543, 44.8413827]}}, {"type": "Feature", "properties": {"id": 7646565358, "name": "Esso", "brand": "Esso", "opening_hours": null}, "geometry": {"type": "Point", "coordinates": [-77.8858067, 44.4333772]}}, {"type": "Feature", "properties": {"id": 7646565359, "name": "Havelock Gas Bar", "brand": null, "opening_hours": null}, "geometry": {"type": "Point", "coordinates": [-77.8878186, 44.4332562]}}, {"type": "Feature", "properties": {"id": 7647131585, "name": "Pioneer", "brand": "Pioneer", "opening_hours": null}, "geometry": {"type": "Point", "coordinates": [-79.3012097, 43.6835395]}}, {"type": "Feature", "properties": {"id": 7647241386, "name": "Woods", "brand": null, "opening_hours": null}, "geometry": {"type": "Point", "coordinates": [-77.5769387, 45.1266365]}}, {"type": "Feature", "properties": {"id": 7647283557, "name": "Eagle Lake Country Market", "brand": null, "opening_hours": null}, "geometry": {"type": "Point", "coordinates": [-78.5101385, 45.1291208]}}, {"type": "Feature", "properties": {"id": 7647326937, "name": "Not Just Gas", "brand": null, "opening_hours": null}, "geometry": {"type": "Point", "coordinates": [-78.3781474, 44.9068154]}}, {"type": "Feature", "properties": {"id": 7647333934, "name": "Irondale Country Store", "brand": null, "opening_hours": null}, "geometry": {"type": "Point", "coordinates": [-78.5245593, 44.8759508]}}, {"type": "Feature", "properties": {"id": 7647347275, "name": "Ultramar", "brand": "Ultramar", "opening_hours": null}, "geometry": {"type": "Point", "coordinates": [-78.9889297, 44.3087824]}}, {"type": "Feature", "properties": {"id": 7647376676, "name": "Amco", "brand": null, "opening_hours": null}, "geometry": {"type": "Point", "coordinates": [-78.859431, 44.285031]}}, {"type": "Feature", "properties": {"id": 7647391004, "name": "Amco", "brand": null, "opening_hours": null}, "geometry": {"type": "Point", "coordinates": [-78.9945409, 44.4014221]}}, {"type": "Feature", "properties": {"id": 7647648243, "name": "Shell", "brand": "Shell", "opening_hours": "24/7"}, "geometry": {"type": "Point", "coordinates": [-78.6778633, 43.9042739]}}, {"type": "Feature", "properties": {"id": 7658697423, "name": "Free Flow", "brand": null, "opening_hours": null}, "geometry": {"type": "Point", "coordinates": [-77.2492551, 44.1929165]}}, {"type": "Feature", "properties": {"id": 7685953788, "name": "Esso", "brand": "Esso", "opening_hours": null}, "geometry": {"type": "Point", "coordinates": [-78.9838269, 44.0779957]}}, {"type": "Feature", "properties": {"id": 7707553317, "name": "Bethany Premium Fuels", "brand": null, "opening_hours": null}, "geometry": {"type": "Point", "coordinates": [-78.5700202, 44.1814327]}}, {"type": "Feature", "properties": {"id": 7707583154, "name": "XTR", "brand": "XTR", "opening_hours": null}, "geometry": {"type": "Point", "coordinates": [-79.265154, 44.2014587]}}, {"type": "Feature", "properties": {"id": 7708051315, "name": "Esso", "brand": "Esso", "opening_hours": null}, "geometry": {"type": "Point", "coordinates": [-79.7068258, 44.7490382]}}, {"type": "Feature", "properties": {"id": 7714620688, "name": "Black Creek Outfitters", "brand": null, "opening_hours": null}, "geometry": {"type": "Point", "coordinates": [-83.3235556, 46.8394329]}}, {"type": "Feature", "properties": {"id": 7714639885, "name": "Tunnel Lake Trading Post", "brand": null, "opening_hours": null}, "geometry": {"type": "Point", "coordinates": [-83.340514, 46.4501254]}}, {"type": "Feature", "properties": {"id": 7722739347, "name": "Esso", "brand": "Esso", "opening_hours": null}, "geometry": {"type": "Point", "coordinates": [-78.3140016, 44.3176498]}}, {"type": "Feature", "properties": {"id": 7728742245, "name": "Drumbo Convenience", "brand": null, "opening_hours": null}, "geometry": {"type": "Point", "coordinates": [-80.5519261, 43.2358057]}}, {"type": "Feature", "properties": {"id": 7732203608, "name": "Innerkip Kommunity Food Market", "brand": null, "opening_hours": null}, "geometry": {"type": "Point", "coordinates": [-80.6969512, 43.2082442]}}, {"type": "Feature", "properties": {"id": 7732239511, "name": "Petro-Canada", "brand": "Petro-Canada", "opening_hours": null}, "geometry": {"type": "Point", "coordinates": [-80.7031457, 43.1376002]}}, {"type": "Feature", "properties": {"id": 7732408491, "name": "GOCO", "brand": null, "opening_hours": null}, "geometry": {"type": "Point", "coordinates": [-80.6978846, 43.0179034]}}, {"type": "Feature", "properties": {"id": 7732454053, "name": "Shell", "brand": "Shell", "opening_hours": null}, "geometry": {"type": "Point", "coordinates": [-80.6065379, 42.986095]}}, {"type": "Feature", "properties": {"id": 7732584273, "name": "Esso", "brand": "Esso", "opening_hours": null}, "geometry": {"type": "Point", "coordinates": [-80.6703785, 42.9170393]}}, {"type": "Feature", "properties": {"id": 7734396225, "name": "Esso", "brand": "Esso", "opening_hours": null}, "geometry": {"type": "Point", "coordinates": [-80.7311305, 43.1335774]}}, {"type": "Feature", "properties": {"id": 7734403291, "name": "Canadian Tire", "brand": "Canadian Tire", "opening_hours": null}, "geometry": {"type": "Point", "coordinates": [-80.7371601, 43.1154754]}}, {"type": "Feature", "properties": {"id": 7734505029, "name": "Ultramar", "brand": "Ultramar", "opening_hours": null}, "geometry": {"type": "Point", "coordinates": [-79.2301141, 43.7959862]}}, {"type": "Feature", "properties": {"id": 7735260926, "name": "Esso", "brand": "Esso", "opening_hours": null}, "geometry": {"type": "Point", "coordinates": [-80.7384181, 43.1455842]}}, {"type": "Feature", "properties": {"id": 7735307261, "name": "Esso", "brand": "Esso", "opening_hours": null}, "geometry": {"type": "Point", "coordinates": [-80.7388888, 43.120005]}}, {"type": "Feature", "properties": {"id": 7737191756, "name": "Petro-Canada", "brand": "Petro-Canada", "opening_hours": null}, "geometry": {"type": "Point", "coordinates": [-80.6931639, 42.8543053]}}, {"type": "Feature", "properties": {"id": 7737318307, "name": "Shell", "brand": "Shell", "opening_hours": null}, "geometry": {"type": "Point", "coordinates": [-80.7512055, 43.1436854]}}, {"type": "Feature", "properties": {"id": 7742165807, "name": "Shell", "brand": "Shell", "opening_hours": null}, "geometry": {"type": "Point", "coordinates": [-80.7691287, 43.1281288]}}, {"type": "Feature", "properties": {"id": 7742165808, "name": "Esso", "brand": "Esso", "opening_hours": null}, "geometry": {"type": "Point", "coordinates": [-80.7693735, 43.1284474]}}, {"type": "Feature", "properties": {"id": 7742290599, "name": "Diva Petroleum", "brand": null, "opening_hours": null}, "geometry": {"type": "Point", "coordinates": [-80.8998794, 43.1538044]}}, {"type": "Feature", "properties": {"id": 7745528565, "name": "Ward's", "brand": null, "opening_hours": null}, "geometry": {"type": "Point", "coordinates": [-80.7596873, 42.902549]}}, {"type": "Feature", "properties": {"id": 7745583736, "name": "Pioneer", "brand": "Pioneer", "opening_hours": null}, "geometry": {"type": "Point", "coordinates": [-80.7102737, 42.8583832]}}, {"type": "Feature", "properties": {"id": 7745864403, "name": "Shell", "brand": "Shell", "opening_hours": null}, "geometry": {"type": "Point", "coordinates": [-81.4064307, 43.1891631]}}, {"type": "Feature", "properties": {"id": 7752510385, "name": "Petro-Canada", "brand": "Petro-Canada", "opening_hours": null}, "geometry": {"type": "Point", "coordinates": [-80.7426399, 42.8743503]}}, {"type": "Feature", "properties": {"id": 7752510447, "name": "Pioneer", "brand": "Pioneer", "opening_hours": null}, "geometry": {"type": "Point", "coordinates": [-80.7496002, 42.8821083]}}, {"type": "Feature", "properties": {"id": 7752580403, "name": "Esso", "brand": "Esso", "opening_hours": null}, "geometry": {"type": "Point", "coordinates": [-79.4583058, 46.3034742]}}, {"type": "Feature", "properties": {"id": 7757294344, "name": "Esso", "brand": "Esso", "opening_hours": null}, "geometry": {"type": "Point", "coordinates": [-80.8137882, 43.0574583]}}, {"type": "Feature", "properties": {"id": 7757509365, "name": "Esso", "brand": "Esso", "opening_hours": null}, "geometry": {"type": "Point", "coordinates": [-80.7902665, 42.9560142]}}, {"type": "Feature", "properties": {"id": 7757570942, "name": "Petro-Canada", "brand": "Petro-Canada", "opening_hours": null}, "geometry": {"type": "Point", "coordinates": [-80.8675095, 43.0372513]}}, {"type": "Feature", "properties": {"id": 7759667638, "name": "Esso", "brand": "Esso", "opening_hours": null}, "geometry": {"type": "Point", "coordinates": [-80.8888645, 43.0430849]}}, {"type": "Feature", "properties": {"id": 7761651646, "name": "Circle K", "brand": "Circle K", "opening_hours": null}, "geometry": {"type": "Point", "coordinates": [-81.0063721, 43.0554955]}}, {"type": "Feature", "properties": {"id": 7761651647, "name": "Shell", "brand": "Shell", "opening_hours": null}, "geometry": {"type": "Point", "coordinates": [-81.004284, 43.0562672]}}, {"type": "Feature", "properties": {"id": 7771721530, "name": "F/S North Wellington", "brand": null, "opening_hours": null}, "geometry": {"type": "Point", "coordinates": [-80.87244, 43.9100809]}}, {"type": "Feature", "properties": {"id": 7778761857, "name": "Canadian Tire Gas Bar", "brand": "Canadian Tire", "opening_hours": null}, "geometry": {"type": "Point", "coordinates": [-79.2052923, 45.3353277]}}, {"type": "Feature", "properties": {"id": 7779338871, "name": "Pioneer", "brand": "Pioneer", "opening_hours": null}, "geometry": {"type": "Point", "coordinates": [-80.9689312, 43.7324606]}}, {"type": "Feature", "properties": {"id": 7779349808, "name": "Top Valu", "brand": null, "opening_hours": null}, "geometry": {"type": "Point", "coordinates": [-80.9434623, 43.7277489]}}, {"type": "Feature", "properties": {"id": 7779754087, "name": "Esso", "brand": "Esso", "opening_hours": null}, "geometry": {"type": "Point", "coordinates": [-80.8626124, 43.833126]}}, {"type": "Feature", "properties": {"id": 7779787022, "name": "Petro-Canada", "brand": "Petro-Canada", "opening_hours": null}, "geometry": {"type": "Point", "coordinates": [-80.8428126, 43.8352555]}}, {"type": "Feature", "properties": {"id": 7794874047, "name": "Tara Gas Bar Variety", "brand": null, "opening_hours": null}, "geometry": {"type": "Point", "coordinates": [-81.1465591, 44.4804648]}}, {"type": "Feature", "properties": {"id": 7795355157, "name": "Ultramar", "brand": "Ultramar", "opening_hours": null}, "geometry": {"type": "Point", "coordinates": [-81.1687528, 42.7789445]}}, {"type": "Feature", "properties": {"id": 7795666675, "name": "Petro-Canada", "brand": "Petro-Canada", "opening_hours": null}, "geometry": {"type": "Point", "coordinates": [-79.9592954, 43.3429879]}}, {"type": "Feature", "properties": {"id": 7795802172, "name": null, "brand": null, "opening_hours": null}, "geometry": {"type": "Point", "coordinates": [-80.986735, 43.3524655]}}, {"type": "Feature", "properties": {"id": 7795843717, "name": "Esso", "brand": "Esso", "opening_hours": null}, "geometry": {"type": "Point", "coordinates": [-79.9957627, 43.3688325]}}, {"type": "Feature", "properties": {"id": 7796851397, "name": "Pioneer", "brand": "Pioneer", "opening_hours": null}, "geometry": {"type": "Point", "coordinates": [-80.0066109, 43.3770456]}}, {"type": "Feature", "properties": {"id": 7798815044, "name": "Husky", "brand": "Husky", "opening_hours": null}, "geometry": {"type": "Point", "coordinates": [-81.0576915, 42.9883774]}}, {"type": "Feature", "properties": {"id": 7798869900, "name": "MacEwen", "brand": "MacEwen", "opening_hours": null}, "geometry": {"type": "Point", "coordinates": [-81.3967633, 43.1853153]}}, {"type": "Feature", "properties": {"id": 7798891683, "name": "GOCO", "brand": null, "opening_hours": "Mo-Fr 06:00-19:00, Sa 07:00-19:00, Su 08:00-19:00"}, "geometry": {"type": "Point", "coordinates": [-81.5383407, 43.1479434]}}, {"type": "Feature", "properties": {"id": 7799221688, "name": "Fast Stop", "brand": null, "opening_hours": null}, "geometry": {"type": "Point", "coordinates": [-80.676504, 43.7574006]}}, {"type": "Feature", "properties": {"id": 7802211525, "name": "Esso", "brand": "Esso", "opening_hours": null}, "geometry": {"type": "Point", "coordinates": [-81.479319, 43.3420152]}}, {"type": "Feature", "properties": {"id": 7802225146, "name": "Canco", "brand": null, "opening_hours": null}, "geometry": {"type": "Point", "coordinates": [-81.4830374, 43.3577732]}}, {"type": "Feature", "properties": {"id": 7802225170, "name": "Shell", "brand": "Shell", "opening_hours": null}, "geometry": {"type": "Point", "coordinates": [-81.4832898, 43.3595458]}}, {"type": "Feature", "properties": {"id": 7802225183, "name": "MacEwen", "brand": "MacEwen", "opening_hours": null}, "geometry": {"type": "Point", "coordinates": [-81.4830273, 43.3612683]}}, {"type": "Feature", "properties": {"id": 7804190111, "name": "Pioneer", "brand": "Pioneer", "opening_hours": null}, "geometry": {"type": "Point", "coordinates": [-80.021174, 43.1958836]}}, {"type": "Feature", "properties": {"id": 7804744769, "name": "Canadian Tire", "brand": "Canadian Tire", "opening_hours": null}, "geometry": {"type": "Point", "coordinates": [-83.1076227, 42.0965417]}}, {"type": "Feature", "properties": {"id": 7804744770, "name": "Shell", "brand": "Shell", "opening_hours": null}, "geometry": {"type": "Point", "coordinates": [-83.1106831, 42.1112817]}}, {"type": "Feature", "properties": {"id": 7804744771, "name": "Edgewater Gas", "brand": null, "opening_hours": null}, "geometry": {"type": "Point", "coordinates": [-83.1109044, 42.1493914]}}, {"type": "Feature", "properties": {"id": 7804744780, "name": "Petro Line", "brand": null, "opening_hours": null}, "geometry": {"type": "Point", "coordinates": [-83.0707853, 42.1872845]}}, {"type": "Feature", "properties": {"id": 7804744781, "name": "UPI Energy", "brand": null, "opening_hours": null}, "geometry": {"type": "Point", "coordinates": [-82.7013123, 42.2927755]}}, {"type": "Feature", "properties": {"id": 7804744782, "name": "Petro-Canada", "brand": "Petro-Canada", "opening_hours": null}, "geometry": {"type": "Point", "coordinates": [-82.7619208, 42.2975451]}}, {"type": "Feature", "properties": {"id": 7804744783, "name": "Shell", "brand": "Shell", "opening_hours": null}, "geometry": {"type": "Point", "coordinates": [-82.8463501, 42.2793528]}}, {"type": "Feature", "properties": {"id": 7804744784, "name": "Pioneer", "brand": "Pioneer", "opening_hours": null}, "geometry": {"type": "Point", "coordinates": [-82.8713804, 42.280233]}}, {"type": "Feature", "properties": {"id": 7804758085, "name": "Petro-Canada", "brand": "Petro-Canada", "opening_hours": null}, "geometry": {"type": "Point", "coordinates": [-82.8717667, 42.279589]}}, {"type": "Feature", "properties": {"id": 7804758086, "name": "UPI Energy", "brand": null, "opening_hours": null}, "geometry": {"type": "Point", "coordinates": [-82.8787525, 42.2792874]}}, {"type": "Feature", "properties": {"id": 7804785074, "name": "Petro-Canada", "brand": "Petro-Canada", "opening_hours": null}, "geometry": {"type": "Point", "coordinates": [-82.9161948, 42.2165093]}}, {"type": "Feature", "properties": {"id": 7804785076, "name": "Esso", "brand": "Esso", "opening_hours": null}, "geometry": {"type": "Point", "coordinates": [-82.8744516, 42.219774]}}, {"type": "Feature", "properties": {"id": 7804785077, "name": "Mobil", "brand": "Mobil", "opening_hours": null}, "geometry": {"type": "Point", "coordinates": [-82.8039202, 42.1774322]}}, {"type": "Feature", "properties": {"id": 7804785078, "name": "Esso", "brand": "Esso", "opening_hours": "24/7"}, "geometry": {"type": "Point", "coordinates": [-82.826715, 42.1782541]}}, {"type": "Feature", "properties": {"id": 7804785080, "name": "Jack's Auto Service Gas Bar", "brand": null, "opening_hours": null}, "geometry": {"type": "Point", "coordinates": [-82.8138886, 42.1686211]}}, {"type": "Feature", "properties": {"id": 7804785084, "name": null, "brand": null, "opening_hours": null}, "geometry": {"type": "Point", "coordinates": [-82.6584348, 41.8118297]}}, {"type": "Feature", "properties": {"id": 7804789185, "name": "Esso", "brand": "Esso", "opening_hours": null}, "geometry": {"type": "Point", "coordinates": [-82.9314713, 41.9865074]}}, {"type": "Feature", "properties": {"id": 7804789186, "name": "Petro Line", "brand": null, "opening_hours": null}, "geometry": {"type": "Point", "coordinates": [-82.9698645, 42.1465815]}}, {"type": "Feature", "properties": {"id": 7804794475, "name": "Chatham Fuels", "brand": null, "opening_hours": null}, "geometry": {"type": "Point", "coordinates": [-82.1669881, 42.4223052]}}, {"type": "Feature", "properties": {"id": 7804794476, "name": "UPI Energy", "brand": null, "opening_hours": null}, "geometry": {"type": "Point", "coordinates": [-82.1973011, 42.4033479]}}, {"type": "Feature", "properties": {"id": 7804794477, "name": "Esso", "brand": "Esso", "opening_hours": null}, "geometry": {"type": "Point", "coordinates": [-82.6732215, 42.0400643]}}, {"type": "Feature", "properties": {"id": 7806920424, "name": "Esso", "brand": "Esso", "opening_hours": null}, "geometry": {"type": "Point", "coordinates": [-80.0436321, 43.2846957]}}, {"type": "Feature", "properties": {"id": 7806948662, "name": "Shell", "brand": "Shell", "opening_hours": null}, "geometry": {"type": "Point", "coordinates": [-80.0649436, 43.2813783]}}, {"type": "Feature", "properties": {"id": 7813787834, "name": "Centex", "brand": "Centex", "opening_hours": null}, "geometry": {"type": "Point", "coordinates": [-76.5023437, 44.3190315]}}, {"type": "Feature", "properties": {"id": 7814401908, "name": "Esso", "brand": "Esso", "opening_hours": null}, "geometry": {"type": "Point", "coordinates": [-80.1353489, 43.784322]}}, {"type": "Feature", "properties": {"id": 7815950851, "name": "Ultramar", "brand": "Ultramar", "opening_hours": null}, "geometry": {"type": "Point", "coordinates": [-78.7244439, 44.5417465]}}, {"type": "Feature", "properties": {"id": 7817984940, "name": "Hamilton Terminal (Industrial)", "brand": "Shell", "opening_hours": null}, "geometry": {"type": "Point", "coordinates": [-79.8460311, 43.2695695]}}, {"type": "Feature", "properties": {"id": 7818709212, "name": "GO Campbell Petroleum Ltd", "brand": null, "opening_hours": null}, "geometry": {"type": "Point", "coordinates": [-74.5398427, 45.5863434]}}, {"type": "Feature", "properties": {"id": 7820763285, "name": "Petro-Pass Truck Stop", "brand": null, "opening_hours": null}, "geometry": {"type": "Point", "coordinates": [-80.9700965, 44.5608238]}}, {"type": "Feature", "properties": {"id": 7824695241, "name": "Esso", "brand": "Esso", "opening_hours": null}, "geometry": {"type": "Point", "coordinates": [-77.8792785, 44.0075205]}}, {"type": "Feature", "properties": {"id": 7824704467, "name": "Hockneys Harwood Auto", "brand": null, "opening_hours": null}, "geometry": {"type": "Point", "coordinates": [-78.1804892, 44.1381262]}}, {"type": "Feature", "properties": {"id": 7824789501, "name": "Ultramar", "brand": "Ultramar", "opening_hours": null}, "geometry": {"type": "Point", "coordinates": [-78.4683828, 44.1995109]}}, {"type": "Feature", "properties": {"id": 7830858296, "name": "Costco Gasoline", "brand": "Costco", "opening_hours": null}, "geometry": {"type": "Point", "coordinates": [-75.6015509, 45.4354523]}}, {"type": "Feature", "properties": {"id": 7832978946, "name": "Esso", "brand": "Esso", "opening_hours": null}, "geometry": {"type": "Point", "coordinates": [-79.8171745, 43.1927031]}}, {"type": "Feature", "properties": {"id": 7832978947, "name": "Circle K", "brand": "Circle K", "opening_hours": null}, "geometry": {"type": "Point", "coordinates": [-79.841136, 43.1988938]}}, {"type": "Feature", "properties": {"id": 7833041120, "name": "Husky", "brand": "Husky", "opening_hours": null}, "geometry": {"type": "Point", "coordinates": [-79.8326971, 43.2170083]}}, {"type": "Feature", "properties": {"id": 7834058050, "name": "XTR", "brand": "XTR", "opening_hours": null}, "geometry": {"type": "Point", "coordinates": [-75.6935571, 44.6328945]}}, {"type": "Feature", "properties": {"id": 7834063831, "name": "Seeway Gas", "brand": null, "opening_hours": null}, "geometry": {"type": "Point", "coordinates": [-75.7201137, 44.6055723]}}, {"type": "Feature", "properties": {"id": 7846595025, "name": "Esso", "brand": "Esso", "opening_hours": null}, "geometry": {"type": "Point", "coordinates": [-79.0848095, 43.0950403]}}, {"type": "Feature", "properties": {"id": 7853911220, "name": "Esso", "brand": "Esso", "opening_hours": null}, "geometry": {"type": "Point", "coordinates": [-78.3232135, 44.3063997]}}, {"type": "Feature", "properties": {"id": 7855778992, "name": "Esso", "brand": "Esso", "opening_hours": null}, "geometry": {"type": "Point", "coordinates": [-76.67806, 44.7984058]}}, {"type": "Feature", "properties": {"id": 7901119536, "name": "Shell", "brand": "Shell", "opening_hours": null}, "geometry": {"type": "Point", "coordinates": [-77.8739708, 45.0521915]}}, {"type": "Feature", "properties": {"id": 7902837977, "name": "Ultramar", "brand": "Ultramar", "opening_hours": null}, "geometry": {"type": "Point", "coordinates": [-78.2165301, 44.507334]}}, {"type": "Feature", "properties": {"id": 7926528631, "name": "Shell", "brand": "Shell", "opening_hours": null}, "geometry": {"type": "Point", "coordinates": [-78.7345545, 44.3545245]}}, {"type": "Feature", "properties": {"id": 7926549118, "name": "Petro-Canada", "brand": "Petro-Canada", "opening_hours": null}, "geometry": {"type": "Point", "coordinates": [-78.7209436, 44.3235526]}}, {"type": "Feature", "properties": {"id": 7926549119, "name": "Esso", "brand": "Esso", "opening_hours": null}, "geometry": {"type": "Point", "coordinates": [-78.7201738, 44.3237828]}}, {"type": "Feature", "properties": {"id": 7926563973, "name": "Ultramar", "brand": "Ultramar", "opening_hours": null}, "geometry": {"type": "Point", "coordinates": [-78.409112, 44.267469]}}, {"type": "Feature", "properties": {"id": 7926563980, "name": "Ultramar", "brand": "Ultramar", "opening_hours": null}, "geometry": {"type": "Point", "coordinates": [-78.4421025, 44.3276118]}}, {"type": "Feature", "properties": {"id": 7929481710, "name": null, "brand": null, "opening_hours": null}, "geometry": {"type": "Point", "coordinates": [-79.5917791, 43.6718993]}}, {"type": "Feature", "properties": {"id": 7929481711, "name": null, "brand": null, "opening_hours": null}, "geometry": {"type": "Point", "coordinates": [-79.5919025, 43.6721826]}}, {"type": "Feature", "properties": {"id": 7961126735, "name": "Transit Fuels", "brand": null, "opening_hours": null}, "geometry": {"type": "Point", "coordinates": [-80.4668707, 43.3983418]}}, {"type": "Feature", "properties": {"id": 7966426485, "name": "Petro-Canada", "brand": "Petro-Canada", "opening_hours": null}, "geometry": {"type": "Point", "coordinates": [-79.2608605, 43.7163975]}}, {"type": "Feature", "properties": {"id": 7993881940, "name": "Pioneer", "brand": "Pioneer", "opening_hours": null}, "geometry": {"type": "Point", "coordinates": [-77.9719555, 44.3942835]}}, {"type": "Feature", "properties": {"id": 8018683670, "name": "Esso", "brand": "Esso", "opening_hours": null}, "geometry": {"type": "Point", "coordinates": [-79.8809132, 43.2913847]}}, {"type": "Feature", "properties": {"id": 8035845648, "name": "Mobil", "brand": "Mobil", "opening_hours": null}, "geometry": {"type": "Point", "coordinates": [-80.1884524, 43.5014795]}}, {"type": "Feature", "properties": {"id": 8069934714, "name": "Stinson", "brand": "Stinson", "opening_hours": null}, "geometry": {"type": "Point", "coordinates": [-74.9554159, 45.5437908]}}, {"type": "Feature", "properties": {"id": 8076186152, "name": "Ultramar", "brand": "Ultramar", "opening_hours": null}, "geometry": {"type": "Point", "coordinates": [-74.8696858, 45.5619128]}}, {"type": "Feature", "properties": {"id": 8093874218, "name": "Econo", "brand": null, "opening_hours": null}, "geometry": {"type": "Point", "coordinates": [-77.7589801, 44.4583857]}}, {"type": "Feature", "properties": {"id": 8094457218, "name": "Pioneer", "brand": "Pioneer", "opening_hours": null}, "geometry": {"type": "Point", "coordinates": [-77.6904041, 44.4790964]}}, {"type": "Feature", "properties": {"id": 8098730187, "name": "Shell", "brand": "Shell", "opening_hours": null}, "geometry": {"type": "Point", "coordinates": [-78.8444822, 43.8742213]}}, {"type": "Feature", "properties": {"id": 8127456116, "name": "Petro-Canada", "brand": "Petro-Canada", "opening_hours": null}, "geometry": {"type": "Point", "coordinates": [-75.0787492, 45.2993798]}}, {"type": "Feature", "properties": {"id": 8156069001, "name": "Ultramar", "brand": "Ultramar", "opening_hours": null}, "geometry": {"type": "Point", "coordinates": [-74.9022008, 45.3757819]}}, {"type": "Feature", "properties": {"id": 8158774597, "name": "Esso", "brand": "Esso", "opening_hours": null}, "geometry": {"type": "Point", "coordinates": [-74.8963805, 45.3403407]}}, {"type": "Feature", "properties": {"id": 8241489470, "name": "Francis", "brand": null, "opening_hours": null}, "geometry": {"type": "Point", "coordinates": [-75.3412919, 45.0757519]}}, {"type": "Feature", "properties": {"id": 8265543716, "name": "Centex", "brand": "Centex", "opening_hours": null}, "geometry": {"type": "Point", "coordinates": [-77.1748594, 45.2425348]}}, {"type": "Feature", "properties": {"id": 8292083206, "name": "Circle K", "brand": null, "opening_hours": "Mo-Su 00:00+"}, "geometry": {"type": "Point", "coordinates": [-80.2649815, 43.5556824]}}, {"type": "Feature", "properties": {"id": 8365368312, "name": "Shell", "brand": "Shell", "opening_hours": null}, "geometry": {"type": "Point", "coordinates": [-79.7006034, 43.8518213]}}, {"type": "Feature", "properties": {"id": 8416022295, "name": "Shell", "brand": "Shell", "opening_hours": "24/7"}, "geometry": {"type": "Point", "coordinates": [-75.9329455, 45.3120956]}}, {"type": "Feature", "properties": {"id": 8436112016, "name": "Shell", "brand": "Shell", "opening_hours": null}, "geometry": {"type": "Point", "coordinates": [-74.8720045, 45.197355]}}, {"type": "Feature", "properties": {"id": 8491114521, "name": "Petro-Canada", "brand": "Petro-Canada", "opening_hours": null}, "geometry": {"type": "Point", "coordinates": [-78.2924713, 44.3215131]}}, {"type": "Feature", "properties": {"id": 8534076308, "name": "Esso", "brand": "Esso", "opening_hours": null}, "geometry": {"type": "Point", "coordinates": [-79.2405814, 43.177918]}}, {"type": "Feature", "properties": {"id": 8680834487, "name": "Esso", "brand": "Esso", "opening_hours": "24/7"}, "geometry": {"type": "Point", "coordinates": [-79.65032, 43.7862697]}}, {"type": "Feature", "properties": {"id": 8680834488, "name": "Esso Commercial Cardlock", "brand": "Esso", "opening_hours": "24/7"}, "geometry": {"type": "Point", "coordinates": [-79.65011, 43.7857039]}}, {"type": "Feature", "properties": {"id": 8719975883, "name": "Free Flow", "brand": null, "opening_hours": null}, "geometry": {"type": "Point", "coordinates": [-76.768958, 44.1849435]}}, {"type": "Feature", "properties": {"id": 8735944317, "name": "Circle K", "brand": "Circle K", "opening_hours": null}, "geometry": {"type": "Point", "coordinates": [-77.9778412, 44.384326]}}, {"type": "Feature", "properties": {"id": 8999042301, "name": "Esso", "brand": "Esso", "opening_hours": null}, "geometry": {"type": "Point", "coordinates": [-75.4828414, 44.7598017]}}, {"type": "Feature", "properties": {"id": 9000015848, "name": "Esso", "brand": "Esso", "opening_hours": null}, "geometry": {"type": "Point", "coordinates": [-82.9277842, 46.185085]}}, {"type": "Feature", "properties": {"id": 9006845802, "name": "Esso", "brand": "Esso", "opening_hours": null}, "geometry": {"type": "Point", "coordinates": [-79.4536511, 43.9421164]}}, {"type": "Feature", "properties": {"id": 9010666816, "name": "Esso", "brand": "Esso", "opening_hours": null}, "geometry": {"type": "Point", "coordinates": [-79.5738178, 44.0051396]}}, {"type": "Feature", "properties": {"id": 9024016504, "name": "UPI Energy", "brand": null, "opening_hours": null}, "geometry": {"type": "Point", "coordinates": [-79.1834926, 44.2570291]}}, {"type": "Feature", "properties": {"id": 9028634215, "name": "Petro-Canada", "brand": "Petro-Canada", "opening_hours": null}, "geometry": {"type": "Point", "coordinates": [-80.1382995, 44.0909248]}}, {"type": "Feature", "properties": {"id": 9046464745, "name": "Esso", "brand": "Esso", "opening_hours": null}, "geometry": {"type": "Point", "coordinates": [-75.5979416, 45.3744001]}}, {"type": "Feature", "properties": {"id": 9057002537, "name": "MacEwen", "brand": "MacEwen", "opening_hours": null}, "geometry": {"type": "Point", "coordinates": [-74.6925621, 45.6191798]}}, {"type": "Feature", "properties": {"id": 9061013394, "name": "GT's Gas", "brand": null, "opening_hours": null}, "geometry": {"type": "Point", "coordinates": [-74.7957936, 45.0948677]}}, {"type": "Feature", "properties": {"id": 9085022913, "name": "Canadian Tire", "brand": "Canadian Tire", "opening_hours": null}, "geometry": {"type": "Point", "coordinates": [-75.7468196, 45.2725372]}}, {"type": "Feature", "properties": {"id": 9103871469, "name": "Pioneer", "brand": "Pioneer", "opening_hours": null}, "geometry": {"type": "Point", "coordinates": [-79.0854573, 43.0926904]}}, {"type": "Feature", "properties": {"id": 9118926590, "name": "Petro-Canada", "brand": "Petro-Canada", "opening_hours": "24/7"}, "geometry": {"type": "Point", "coordinates": [-79.6466482, 44.3569003]}}, {"type": "Feature", "properties": {"id": 9141774273, "name": "Gen 7 Fuel", "brand": null, "opening_hours": null}, "geometry": {"type": "Point", "coordinates": [-78.3528906, 44.4959751]}}, {"type": "Feature", "properties": {"id": 9162768225, "name": "Pioneer", "brand": "Pioneer", "opening_hours": null}, "geometry": {"type": "Point", "coordinates": [-80.1288333, 43.4557429]}}, {"type": "Feature", "properties": {"id": 9163909051, "name": "MacEwen", "brand": "MacEwen", "opening_hours": null}, "geometry": {"type": "Point", "coordinates": [-75.4691032, 44.7419535]}}, {"type": "Feature", "properties": {"id": 9193193928, "name": "Costco Gasoline", "brand": "Costco", "opening_hours": null}, "geometry": {"type": "Point", "coordinates": [-79.1280051, 43.0645518]}}, {"type": "Feature", "properties": {"id": 9197565774, "name": "Circle K", "brand": "Circle K", "opening_hours": null}, "geometry": {"type": "Point", "coordinates": [-75.8571813, 45.2703066]}}, {"type": "Feature", "properties": {"id": 9197828572, "name": "Esso", "brand": "Esso", "opening_hours": null}, "geometry": {"type": "Point", "coordinates": [-79.656648, 43.9203987]}}, {"type": "Feature", "properties": {"id": 9225535870, "name": "Flying J Travel Center", "brand": "Flying J", "opening_hours": null}, "geometry": {"type": "Point", "coordinates": [-79.6488618, 43.6535028]}}, {"type": "Feature", "properties": {"id": 9236140133, "name": "Petro-Pass", "brand": null, "opening_hours": null}, "geometry": {"type": "Point", "coordinates": [-78.3372253, 44.2776971]}}, {"type": "Feature", "properties": {"id": 9239012845, "name": "Ultramar", "brand": "Ultramar", "opening_hours": null}, "geometry": {"type": "Point", "coordinates": [-75.3120072, 45.2708496]}}, {"type": "Feature", "properties": {"id": 9247069251, "name": "Drummond", "brand": null, "opening_hours": null}, "geometry": {"type": "Point", "coordinates": [-75.6751113, 45.2339915]}}, {"type": "Feature", "properties": {"id": 9269246767, "name": "Mobil", "brand": "Mobil", "opening_hours": null}, "geometry": {"type": "Point", "coordinates": [-80.285271, 43.5577178]}}, {"type": "Feature", "properties": {"id": 9289291003, "name": "Centex", "brand": "Centex", "opening_hours": null}, "geometry": {"type": "Point", "coordinates": [-80.4504906, 43.4683441]}}, {"type": "Feature", "properties": {"id": 9322537455, "name": "Canadian Tire", "brand": "Canadian Tire", "opening_hours": null}, "geometry": {"type": "Point", "coordinates": [-79.7888591, 43.1756967]}}, {"type": "Feature", "properties": {"id": 9330985710, "name": "Rankin Gen7 Fuel", "brand": null, "opening_hours": null}, "geometry": {"type": "Point", "coordinates": [-84.2569665, 46.5326032]}}, {"type": "Feature", "properties": {"id": 9438046636, "name": "Esso", "brand": "Esso", "opening_hours": null}, "geometry": {"type": "Point", "coordinates": [-79.2508705, 43.1747261]}}, {"type": "Feature", "properties": {"id": 9438046657, "name": "Esso", "brand": "Esso", "opening_hours": null}, "geometry": {"type": "Point", "coordinates": [-79.2546114, 43.146603]}}, {"type": "Feature", "properties": {"id": 9501933347, "name": "Esso", "brand": "Esso", "opening_hours": null}, "geometry": {"type": "Point", "coordinates": [-76.4601305, 44.2560565]}}, {"type": "Feature", "properties": {"id": 9530509847, "name": "Costco", "brand": "Costco", "opening_hours": "Mo-Fr 06:00-21:30; Sa 06:00-20:30; Su 06:00-20:30"}, "geometry": {"type": "Point", "coordinates": [-78.9017506, 43.9649595]}}, {"type": "Feature", "properties": {"id": 9576999244, "name": "Mac's", "brand": "Mac's", "opening_hours": null}, "geometry": {"type": "Point", "coordinates": [-89.2707462, 48.3745588]}}, {"type": "Feature", "properties": {"id": 9685554596, "name": "Propane Plus Service Center", "brand": null, "opening_hours": "Mo-Fr 08:00-18:00; Sa 09:00-17:00"}, "geometry": {"type": "Point", "coordinates": [-84.3188808, 46.5260267]}}, {"type": "Feature", "properties": {"id": 9710499526, "name": "Pioneer", "brand": "Pioneer", "opening_hours": null}, "geometry": {"type": "Point", "coordinates": [-76.1538161, 44.3355337]}}, {"type": "Feature", "properties": {"id": 9711739179, "name": "Esso", "brand": "Esso", "opening_hours": null}, "geometry": {"type": "Point", "coordinates": [-76.1690846, 44.3377716]}}, {"type": "Feature", "properties": {"id": 9723416222, "name": "Petro-Canada", "brand": "Petro-Canada", "opening_hours": null}, "geometry": {"type": "Point", "coordinates": [-79.4247355, 43.8159638]}}, {"type": "Feature", "properties": {"id": 9741324626, "name": "Grandpas Gas Bar", "brand": null, "opening_hours": null}, "geometry": {"type": "Point", "coordinates": [-81.4090054, 42.8321984]}}, {"type": "Feature", "properties": {"id": 9741324627, "name": "Wampum Fuels", "brand": null, "opening_hours": null}, "geometry": {"type": "Point", "coordinates": [-81.3799895, 42.8396703]}}, {"type": "Feature", "properties": {"id": 9741325183, "name": "Bear Creek Express", "brand": null, "opening_hours": null}, "geometry": {"type": "Point", "coordinates": [-81.4906975, 42.7707755]}}, {"type": "Feature", "properties": {"id": 9783585999, "name": "Shell", "brand": "Shell", "opening_hours": null}, "geometry": {"type": "Point", "coordinates": [-79.4791157, 43.8234742]}}, {"type": "Feature", "properties": {"id": 9787421770, "name": "Esso", "brand": "Esso", "opening_hours": null}, "geometry": {"type": "Point", "coordinates": [-80.2443673, 43.5432675]}}, {"type": "Feature", "properties": {"id": 9846593723, "name": "Esso", "brand": "Esso", "opening_hours": null}, "geometry": {"type": "Point", "coordinates": [-79.0883256, 43.8289909]}}, {"type": "Feature", "properties": {"id": 9847070502, "name": "Petro Gas", "brand": null, "opening_hours": "Mo-Su 07:00-19:00"}, "geometry": {"type": "Point", "coordinates": [-79.0254418, 43.8465655]}}, {"type": "Feature", "properties": {"id": 9864851394, "name": null, "brand": null, "opening_hours": null}, "geometry": {"type": "Point", "coordinates": [-79.237681, 42.9936522]}}, {"type": "Feature", "properties": {"id": 9869366175, "name": "7-Eleven", "brand": "7-Eleven", "opening_hours": null}, "geometry": {"type": "Point", "coordinates": [-79.2545793, 42.8862729]}}, {"type": "Feature", "properties": {"id": 9871060349, "name": "Esso", "brand": "Esso", "opening_hours": null}, "geometry": {"type": "Point", "coordinates": [-76.5688024, 44.2793644]}}, {"type": "Feature", "properties": {"id": 9876551886, "name": "Husky", "brand": "Husky", "opening_hours": null}, "geometry": {"type": "Point", "coordinates": [-79.7279993, 43.6792842]}}, {"type": "Feature", "properties": {"id": 9893247889, "name": null, "brand": null, "opening_hours": null}, "geometry": {"type": "Point", "coordinates": [-79.7189426, 43.235022]}}, {"type": "Feature", "properties": {"id": 9918175294, "name": "Esso", "brand": "Esso", "opening_hours": "24/7"}, "geometry": {"type": "Point", "coordinates": [-79.2623062, 43.7992521]}}, {"type": "Feature", "properties": {"id": 9923012087, "name": "Amco", "brand": null, "opening_hours": null}, "geometry": {"type": "Point", "coordinates": [-80.4233398, 43.6846904]}}, {"type": "Feature", "properties": {"id": 9937489976, "name": "Drummond's Gas", "brand": "Drummond's Gas", "opening_hours": null}, "geometry": {"type": "Point", "coordinates": [-76.0274699, 44.8941322]}}, {"type": "Feature", "properties": {"id": 9973586314, "name": "Petro-Canada", "brand": "Petro-Canada", "opening_hours": "24/7"}, "geometry": {"type": "Point", "coordinates": [-80.4749048, 43.4606053]}}, {"type": "Feature", "properties": {"id": 9995528910, "name": "Pioneer", "brand": "Pioneer", "opening_hours": null}, "geometry": {"type": "Point", "coordinates": [-79.8839233, 44.3324714]}}, {"type": "Feature", "properties": {"id": 10004701439, "name": "Econo Gas Bar", "brand": null, "opening_hours": null}, "geometry": {"type": "Point", "coordinates": [-74.5976377, 45.6105536]}}, {"type": "Feature", "properties": {"id": 10009610566, "name": "Shell", "brand": "Shell", "opening_hours": "24/7"}, "geometry": {"type": "Point", "coordinates": [-79.7673091, 44.3569018]}}, {"type": "Feature", "properties": {"id": 10014153625, "name": "Pioneer", "brand": "Pioneer", "opening_hours": null}, "geometry": {"type": "Point", "coordinates": [-81.708109, 43.7458704]}}, {"type": "Feature", "properties": {"id": 10084319910, "name": null, "brand": null, "opening_hours": null}, "geometry": {"type": "Point", "coordinates": [-79.6488058, 43.5737067]}}, {"type": "Feature", "properties": {"id": 10240451065, "name": "Mobil", "brand": "Mobil", "opening_hours": null}, "geometry": {"type": "Point", "coordinates": [-81.3234204, 42.9752961]}}, {"type": "Feature", "properties": {"id": 10240584048, "name": "Esso", "brand": "Esso", "opening_hours": null}, "geometry": {"type": "Point", "coordinates": [-81.3406333, 43.0101397]}}, {"type": "Feature", "properties": {"id": 10253170104, "name": "Petro-Canada", "brand": "Petro-Canada", "opening_hours": null}, "geometry": {"type": "Point", "coordinates": [-78.9045418, 43.965091]}}, {"type": "Feature", "properties": {"id": 10268860351, "name": "Little Arrows", "brand": null, "opening_hours": null}, "geometry": {"type": "Point", "coordinates": [-81.3799711, 42.8400459]}}, {"type": "Feature", "properties": {"id": 10271970972, "name": "Flying J", "brand": "Flying J", "opening_hours": null}, "geometry": {"type": "Point", "coordinates": [-74.4958905, 45.1389972]}}, {"type": "Feature", "properties": {"id": 10271970973, "name": "Esso", "brand": "Shell", "opening_hours": null}, "geometry": {"type": "Point", "coordinates": [-74.3833558, 45.1943677]}}, {"type": "Feature", "properties": {"id": 10289881145, "name": "Shawanaga Gas & Variety", "brand": null, "opening_hours": null}, "geometry": {"type": "Point", "coordinates": [-80.2642877, 45.5367065]}}, {"type": "Feature", "properties": {"id": 10312241382, "name": "Esso", "brand": "Esso", "opening_hours": null}, "geometry": {"type": "Point", "coordinates": [-79.4671846, 43.752351]}}, {"type": "Feature", "properties": {"id": 10557792427, "name": "S.N. Gas & Convenience", "brand": null, "opening_hours": null}, "geometry": {"type": "Point", "coordinates": [-80.5621134, 45.8509571]}}, {"type": "Feature", "properties": {"id": 10570731305, "name": "Pioneer", "brand": "Pioneer", "opening_hours": null}, "geometry": {"type": "Point", "coordinates": [-79.2281635, 43.7680358]}}, {"type": "Feature", "properties": {"id": 10694774799, "name": "Shell", "brand": "Shell", "opening_hours": null}, "geometry": {"type": "Point", "coordinates": [-74.6520285, 45.520582]}}, {"type": "Feature", "properties": {"id": 10694774820, "name": "MacEwen", "brand": "MacEwen", "opening_hours": null}, "geometry": {"type": "Point", "coordinates": [-74.650788, 45.5217364]}}, {"type": "Feature", "properties": {"id": 10695370523, "name": "Esso", "brand": "Esso", "opening_hours": null}, "geometry": {"type": "Point", "coordinates": [-77.5975132, 44.117353]}}, {"type": "Feature", "properties": {"id": 10695413947, "name": "Ultramar", "brand": "Ultramar", "opening_hours": null}, "geometry": {"type": "Point", "coordinates": [-77.6214239, 44.1081283]}}, {"type": "Feature", "properties": {"id": 10730749559, "name": "Free Flow", "brand": null, "opening_hours": null}, "geometry": {"type": "Point", "coordinates": [-77.6000572, 44.0611364]}}, {"type": "Feature", "properties": {"id": 10760358672, "name": "Ultramar", "brand": "Ultramar", "opening_hours": null}, "geometry": {"type": "Point", "coordinates": [-77.4573155, 44.1283027]}}, {"type": "Feature", "properties": {"id": 10788752523, "name": "Esso", "brand": "Esso", "opening_hours": null}, "geometry": {"type": "Point", "coordinates": [-77.3789291, 44.1799447]}}, {"type": "Feature", "properties": {"id": 10792741053, "name": null, "brand": null, "opening_hours": null}, "geometry": {"type": "Point", "coordinates": [-79.6823301, 44.3625902]}}, {"type": "Feature", "properties": {"id": 10844867954, "name": "Esso", "brand": "Esso", "opening_hours": null}, "geometry": {"type": "Point", "coordinates": [-79.5274756, 43.7170066]}}, {"type": "Feature", "properties": {"id": 10869287655, "name": "Pro One Stop", "brand": null, "opening_hours": null}, "geometry": {"type": "Point", "coordinates": [-77.5505137, 44.3014363]}}, {"type": "Feature", "properties": {"id": 10872159973, "name": "Petro-Canada", "brand": "Petro-Canada", "opening_hours": null}, "geometry": {"type": "Point", "coordinates": [-77.1640626, 44.7411137]}}, {"type": "Feature", "properties": {"id": 10884224175, "name": "Circle K", "brand": "Circle K", "opening_hours": null}, "geometry": {"type": "Point", "coordinates": [-79.8209472, 43.6995844]}}, {"type": "Feature", "properties": {"id": 10897278497, "name": "Esso", "brand": "Esso", "opening_hours": null}, "geometry": {"type": "Point", "coordinates": [-78.7326972, 44.3503891]}}, {"type": "Feature", "properties": {"id": 10903739027, "name": "Ultramar", "brand": "Ultramar", "opening_hours": null}, "geometry": {"type": "Point", "coordinates": [-78.7181546, 44.3594828]}}, {"type": "Feature", "properties": {"id": 10912081391, "name": "Circle K", "brand": "Circle K", "opening_hours": null}, "geometry": {"type": "Point", "coordinates": [-77.4717306, 44.5004123]}}, {"type": "Feature", "properties": {"id": 10934091641, "name": "Esso Commercial Cardlock", "brand": null, "opening_hours": null}, "geometry": {"type": "Point", "coordinates": [-79.862764, 43.5465237]}}, {"type": "Feature", "properties": {"id": 10965316023, "name": "Esso", "brand": "Esso", "opening_hours": null}, "geometry": {"type": "Point", "coordinates": [-83.06181, 42.2348281]}}, {"type": "Feature", "properties": {"id": 10969667349, "name": "Shell", "brand": "Shell", "opening_hours": null}, "geometry": {"type": "Point", "coordinates": [-78.7233038, 44.9162366]}}, {"type": "Feature", "properties": {"id": 10975266426, "name": "Esso", "brand": "Esso", "opening_hours": "Mo-Sa 06:00-22:00; Su 07:00-22:00"}, "geometry": {"type": "Point", "coordinates": [-80.9260395, 46.6505944]}}, {"type": "Feature", "properties": {"id": 10998437429, "name": "Shell", "brand": "Shell", "opening_hours": null}, "geometry": {"type": "Point", "coordinates": [-80.9997094, 46.4673424]}}, {"type": "Feature", "properties": {"id": 11047302819, "name": "Shell", "brand": "Shell", "opening_hours": null}, "geometry": {"type": "Point", "coordinates": [-81.0629685, 42.9884979]}}, {"type": "Feature", "properties": {"id": 11060620674, "name": null, "brand": null, "opening_hours": null}, "geometry": {"type": "Point", "coordinates": [-81.9922637, 45.960669]}}, {"type": "Feature", "properties": {"id": 11060620720, "name": "Petro-Canada", "brand": "Petro-Canada", "opening_hours": null}, "geometry": {"type": "Point", "coordinates": [-81.7602434, 46.2479311]}}, {"type": "Feature", "properties": {"id": 11060620823, "name": "Esso", "brand": "Esso", "opening_hours": null}, "geometry": {"type": "Point", "coordinates": [-81.5887141, 46.3293011]}}, {"type": "Feature", "properties": {"id": 11060620957, "name": "General\u2019s Store and Gas Pump", "brand": null, "opening_hours": null}, "geometry": {"type": "Point", "coordinates": [-81.7756526, 46.0459755]}}, {"type": "Feature", "properties": {"id": 11062607601, "name": "Esso", "brand": "Esso", "opening_hours": null}, "geometry": {"type": "Point", "coordinates": [-79.5404431, 43.6227784]}}, {"type": "Feature", "properties": {"id": 11106957953, "name": "Canadian Tire", "brand": "Canadian Tire", "opening_hours": null}, "geometry": {"type": "Point", "coordinates": [-81.1746234, 42.782511]}}, {"type": "Feature", "properties": {"id": 11191210530, "name": "Petro-Canada", "brand": "Petro-Canada", "opening_hours": null}, "geometry": {"type": "Point", "coordinates": [-79.306367, 43.8233624]}}, {"type": "Feature", "properties": {"id": 11274575473, "name": "Esso", "brand": "Esso", "opening_hours": null}, "geometry": {"type": "Point", "coordinates": [-79.3046665, 43.7969089]}}, {"type": "Feature", "properties": {"id": 11356360320, "name": "Pioneer", "brand": "Pioneer", "opening_hours": null}, "geometry": {"type": "Point", "coordinates": [-80.2156478, 43.1714699]}}, {"type": "Feature", "properties": {"id": 11483822722, "name": "Mobil", "brand": "Mobil", "opening_hours": null}, "geometry": {"type": "Point", "coordinates": [-80.8787835, 46.548492]}}, {"type": "Feature", "properties": {"id": 11483822723, "name": "Esso", "brand": "Esso", "opening_hours": null}, "geometry": {"type": "Point", "coordinates": [-80.8662851, 46.552856]}}, {"type": "Feature", "properties": {"id": 11492690860, "name": null, "brand": null, "opening_hours": null}, "geometry": {"type": "Point", "coordinates": [-79.8616871, 43.2561459]}}, {"type": "Feature", "properties": {"id": 11558197609, "name": "Esso Cardlocks", "brand": "Esso", "opening_hours": null}, "geometry": {"type": "Point", "coordinates": [-82.182764, 42.347767]}}, {"type": "Feature", "properties": {"id": 11558448507, "name": "Petro-Canada", "brand": "Petro-Canada", "opening_hours": null}, "geometry": {"type": "Point", "coordinates": [-75.7390771, 45.3611682]}}, {"type": "Feature", "properties": {"id": 11565765872, "name": null, "brand": null, "opening_hours": null}, "geometry": {"type": "Point", "coordinates": [-83.0228716, 42.3188984]}}, {"type": "Feature", "properties": {"id": 11565766934, "name": null, "brand": null, "opening_hours": null}, "geometry": {"type": "Point", "coordinates": [-83.0166087, 42.3081145]}}, {"type": "Feature", "properties": {"id": 11584788303, "name": "Esso", "brand": "Esso", "opening_hours": null}, "geometry": {"type": "Point", "coordinates": [-82.7793816, 42.2994647]}}, {"type": "Feature", "properties": {"id": 11618498041, "name": "Petro-Canada", "brand": "Petro-Canada", "opening_hours": null}, "geometry": {"type": "Point", "coordinates": [-80.1942225, 43.1478059]}}, {"type": "Feature", "properties": {"id": 11709001182, "name": "Rocky's Gas Bar", "brand": null, "opening_hours": null}, "geometry": {"type": "Point", "coordinates": [-80.80977, 46.7720384]}}, {"type": "Feature", "properties": {"id": 11848489874, "name": "Esso", "brand": "Esso", "opening_hours": null}, "geometry": {"type": "Point", "coordinates": [-82.951844, 42.244974]}}, {"type": "Feature", "properties": {"id": 11918195592, "name": "Mobil", "brand": "Mobil", "opening_hours": null}, "geometry": {"type": "Point", "coordinates": [-79.8783235, 44.1518318]}}, {"type": "Feature", "properties": {"id": 11920374024, "name": "Ultramar", "brand": "Ultramar", "opening_hours": null}, "geometry": {"type": "Point", "coordinates": [-81.5201873, 43.9632638]}}, {"type": "Feature", "properties": {"id": 11954810904, "name": null, "brand": null, "opening_hours": null}, "geometry": {"type": "Point", "coordinates": [-83.0520906, 42.2769641]}}, {"type": "Feature", "properties": {"id": 11955780289, "name": "Pioneer", "brand": "Pioneer", "opening_hours": null}, "geometry": {"type": "Point", "coordinates": [-82.9173105, 42.3137184]}}, {"type": "Feature", "properties": {"id": 11968086970, "name": "Esso", "brand": "Esso", "opening_hours": null}, "geometry": {"type": "Point", "coordinates": [-80.8617349, 43.9085314]}}, {"type": "Feature", "properties": {"id": 12020613837, "name": "Foleyet General Store", "brand": null, "opening_hours": null}, "geometry": {"type": "Point", "coordinates": [-82.4410085, 48.2446832]}}, {"type": "Feature", "properties": {"id": 12051795035, "name": "Esso", "brand": "Esso", "opening_hours": null}, "geometry": {"type": "Point", "coordinates": [-89.250006, 48.4478582]}}, {"type": "Feature", "properties": {"id": 12080128401, "name": "Pioneer", "brand": "Pioneer", "opening_hours": null}, "geometry": {"type": "Point", "coordinates": [-79.252231, 43.005953]}}, {"type": "Feature", "properties": {"id": 12088021634, "name": "Esso", "brand": "Esso", "opening_hours": null}, "geometry": {"type": "Point", "coordinates": [-80.9616095, 44.5664017]}}, {"type": "Feature", "properties": {"id": 12092274580, "name": "Petro-Canada", "brand": "Petro-Canada", "opening_hours": null}, "geometry": {"type": "Point", "coordinates": [-79.5384371, 43.0946449]}}, {"type": "Feature", "properties": {"id": 12092359413, "name": "Mobil", "brand": "Mobil", "opening_hours": null}, "geometry": {"type": "Point", "coordinates": [-79.2492142, 43.0166443]}}, {"type": "Feature", "properties": {"id": 12098481262, "name": null, "brand": null, "opening_hours": null}, "geometry": {"type": "Point", "coordinates": [-82.9635733, 42.2308013]}}, {"type": "Feature", "properties": {"id": 12098481263, "name": null, "brand": null, "opening_hours": null}, "geometry": {"type": "Point", "coordinates": [-82.9626989, 42.2308867]}}, {"type": "Feature", "properties": {"id": 12117250874, "name": "Pioneer", "brand": "Pioneer", "opening_hours": null}, "geometry": {"type": "Point", "coordinates": [-80.7402737, 43.1217694]}}, {"type": "Feature", "properties": {"id": 12125447836, "name": null, "brand": null, "opening_hours": null}, "geometry": {"type": "Point", "coordinates": [-74.4965758, 45.1385704]}}, {"type": "Feature", "properties": {"id": 12128173265, "name": "Shell", "brand": "Shell", "opening_hours": null}, "geometry": {"type": "Point", "coordinates": [-75.71702, 44.6052672]}}, {"type": "Feature", "properties": {"id": 12136187312, "name": null, "brand": null, "opening_hours": null}, "geometry": {"type": "Point", "coordinates": [-80.5591285, 45.9123679]}}, {"type": "Feature", "properties": {"id": 12138513075, "name": "Gen7", "brand": null, "opening_hours": null}, "geometry": {"type": "Point", "coordinates": [-79.7591557, 46.367994]}}, {"type": "Feature", "properties": {"id": 12139028430, "name": null, "brand": null, "opening_hours": null}, "geometry": {"type": "Point", "coordinates": [-81.5559581, 46.7008042]}}, {"type": "Feature", "properties": {"id": 12162540410, "name": "Esso", "brand": "Esso", "opening_hours": null}, "geometry": {"type": "Point", "coordinates": [-81.2263495, 43.042949]}}, {"type": "Feature", "properties": {"id": 12173537290, "name": "Stop & Save Gas and Variety", "brand": null, "opening_hours": null}, "geometry": {"type": "Point", "coordinates": [-80.0970672, 42.9790547]}}, {"type": "Feature", "properties": {"id": 12216243583, "name": null, "brand": null, "opening_hours": null}, "geometry": {"type": "Point", "coordinates": [-84.3992459, 46.8168769]}}, {"type": "Feature", "properties": {"id": 12222307362, "name": null, "brand": null, "opening_hours": null}, "geometry": {"type": "Point", "coordinates": [-82.3699929, 49.3975466]}}, {"type": "Feature", "properties": {"id": 12244421306, "name": null, "brand": null, "opening_hours": null}, "geometry": {"type": "Point", "coordinates": [-80.4323512, 43.3345604]}}, {"type": "Feature", "properties": {"id": 12244445738, "name": null, "brand": null, "opening_hours": null}, "geometry": {"type": "Point", "coordinates": [-78.9672321, 42.9210984]}}, {"type": "Feature", "properties": {"id": 12252896776, "name": "Gen7 Fuel", "brand": "Gen7 Fuel", "opening_hours": null}, "geometry": {"type": "Point", "coordinates": [-82.4765325, 42.5897416]}}, {"type": "Feature", "properties": {"id": 12285071882, "name": "Esso", "brand": "Esso", "opening_hours": null}, "geometry": {"type": "Point", "coordinates": [-80.695996, 43.623852]}}, {"type": "Feature", "properties": {"id": 12307616899, "name": "Canadian Tire", "brand": "Canadian Tire", "opening_hours": null}, "geometry": {"type": "Point", "coordinates": [-79.5821605, 44.1099717]}}, {"type": "Feature", "properties": {"id": 12319875801, "name": "MacEwen Cardlock", "brand": "MacEwen", "opening_hours": "24/7"}, "geometry": {"type": "Point", "coordinates": [-75.5221488, 44.7157895]}}, {"type": "Feature", "properties": {"id": 12346230599, "name": "Petro-Canada", "brand": "Petro-Canada", "opening_hours": "24/7"}, "geometry": {"type": "Point", "coordinates": [-79.6571121, 44.3973622]}}, {"type": "Feature", "properties": {"id": 12346349275, "name": "Esso", "brand": "Esso", "opening_hours": "24/7"}, "geometry": {"type": "Point", "coordinates": [-79.625748, 43.7920761]}}, {"type": "Feature", "properties": {"id": 12407593204, "name": "UPI Energy", "brand": null, "opening_hours": null}, "geometry": {"type": "Point", "coordinates": [-81.6314216, 44.1814159]}}, {"type": "Feature", "properties": {"id": 12461337041, "name": "Esso", "brand": "Esso", "opening_hours": null}, "geometry": {"type": "Point", "coordinates": [-79.6916607, 44.3722125]}}, {"type": "Feature", "properties": {"id": 12474231639, "name": "Esso", "brand": "Esso", "opening_hours": null}, "geometry": {"type": "Point", "coordinates": [-79.6162471, 43.709062]}}, {"type": "Feature", "properties": {"id": 12551283905, "name": "Petro-Canada", "brand": "Petro-Canada", "opening_hours": null}, "geometry": {"type": "Point", "coordinates": [-79.6063774, 43.6862784]}}, {"type": "Feature", "properties": {"id": 12572435640, "name": "Magee's Gas Bar", "brand": null, "opening_hours": null}, "geometry": {"type": "Point", "coordinates": [-80.5423531, 44.2687838]}}, {"type": "Feature", "properties": {"id": 12585446104, "name": "Shell", "brand": "Shell", "opening_hours": null}, "geometry": {"type": "Point", "coordinates": [-79.2203811, 43.8192949]}}, {"type": "Feature", "properties": {"id": 12585810589, "name": "Shell", "brand": "Shell", "opening_hours": null}, "geometry": {"type": "Point", "coordinates": [-79.8337046, 43.5746021]}}, {"type": "Feature", "properties": {"id": 12585942004, "name": "Petro-Pass Cardlock", "brand": "Petro-Canada", "opening_hours": null}, "geometry": {"type": "Point", "coordinates": [-79.7988711, 43.7024023]}}, {"type": "Feature", "properties": {"id": 12596426909, "name": "Esso", "brand": "Esso", "opening_hours": null}, "geometry": {"type": "Point", "coordinates": [-80.847791, 46.4939658]}}, {"type": "Feature", "properties": {"id": 12608028143, "name": "Petro Canada", "brand": "Petro-Canada", "opening_hours": null}, "geometry": {"type": "Point", "coordinates": [-75.4425595, 45.3447812]}}, {"type": "Feature", "properties": {"id": 12645022883, "name": "Gen7 Fuel Couchiching", "brand": null, "opening_hours": null}, "geometry": {"type": "Point", "coordinates": [-93.323584, 48.6518192]}}, {"type": "Feature", "properties": {"id": 12648062772, "name": "Flying J", "brand": "Flying J", "opening_hours": null}, "geometry": {"type": "Point", "coordinates": [-79.0488232, 43.8287504]}}, {"type": "Feature", "properties": {"id": 12648123942, "name": null, "brand": null, "opening_hours": null}, "geometry": {"type": "Point", "coordinates": [-79.6427058, 43.6538181]}}, {"type": "Feature", "properties": {"id": 12648129355, "name": null, "brand": null, "opening_hours": null}, "geometry": {"type": "Point", "coordinates": [-79.6823993, 43.647206]}}, {"type": "Feature", "properties": {"id": 12648131039, "name": null, "brand": null, "opening_hours": null}, "geometry": {"type": "Point", "coordinates": [-80.432483, 43.3355589]}}, {"type": "Feature", "properties": {"id": 12673378673, "name": null, "brand": null, "opening_hours": null}, "geometry": {"type": "Point", "coordinates": [-82.3110254, 42.9930811]}}, {"type": "Feature", "properties": {"id": 12673402010, "name": "Petro-Pass", "brand": null, "opening_hours": null}, "geometry": {"type": "Point", "coordinates": [-79.6901491, 43.741442]}}, {"type": "Feature", "properties": {"id": 12673403630, "name": null, "brand": null, "opening_hours": null}, "geometry": {"type": "Point", "coordinates": [-79.3844041, 46.2577181]}}, {"type": "Feature", "properties": {"id": 12673414594, "name": null, "brand": null, "opening_hours": null}, "geometry": {"type": "Point", "coordinates": [-75.482356, 44.7596875]}}, {"type": "Feature", "properties": {"id": 12673416740, "name": null, "brand": null, "opening_hours": null}, "geometry": {"type": "Point", "coordinates": [-74.6860483, 45.0607487]}}, {"type": "Feature", "properties": {"id": 12686259942, "name": "Esso", "brand": "Esso", "opening_hours": null}, "geometry": {"type": "Point", "coordinates": [-81.0309103, 49.0520861]}}, {"type": "Feature", "properties": {"id": 12686259947, "name": "Esso", "brand": "Esso", "opening_hours": null}, "geometry": {"type": "Point", "coordinates": [-81.0312203, 49.0516938]}}, {"type": "Feature", "properties": {"id": 12686259965, "name": "Esso", "brand": "Esso", "opening_hours": null}, "geometry": {"type": "Point", "coordinates": [-81.0306501, 49.0558652]}}, {"type": "Feature", "properties": {"id": 12692043559, "name": "Petro-Canada", "brand": "Petro-Canada", "opening_hours": null}, "geometry": {"type": "Point", "coordinates": [-79.8176898, 43.6589857]}}, {"type": "Feature", "properties": {"id": 12708465147, "name": "MacEwen", "brand": "MacEwen", "opening_hours": null}, "geometry": {"type": "Point", "coordinates": [-74.4980486, 45.1387361]}}, {"type": "Feature", "properties": {"id": 12714549600, "name": "Shell", "brand": "Shell", "opening_hours": null}, "geometry": {"type": "Point", "coordinates": [-74.5049727, 45.1468614]}}, {"type": "Feature", "properties": {"id": 12716437178, "name": "Costco Gasoline", "brand": "Costco", "opening_hours": null}, "geometry": {"type": "Point", "coordinates": [-79.5550281, 43.7111719]}}, {"type": "Feature", "properties": {"id": 12808201573, "name": "Esso", "brand": "Esso", "opening_hours": null}, "geometry": {"type": "Point", "coordinates": [-80.455246, 44.5633385]}}, {"type": "Feature", "properties": {"id": 12808347316, "name": "Esso", "brand": "Esso", "opening_hours": null}, "geometry": {"type": "Point", "coordinates": [-76.7681509, 44.1849864]}}, {"type": "Feature", "properties": {"id": 12823837542, "name": "Esso", "brand": "Esso", "opening_hours": null}, "geometry": {"type": "Point", "coordinates": [-83.5716763, 46.2654038]}}, {"type": "Feature", "properties": {"id": 12828267298, "name": "Esso", "brand": "Esso", "opening_hours": null}, "geometry": {"type": "Point", "coordinates": [-84.3009304, 46.5096908]}}, {"type": "Feature", "properties": {"id": 12847032733, "name": "Esso", "brand": "Esso", "opening_hours": null}, "geometry": {"type": "Point", "coordinates": [-79.7315755, 43.4036732]}}, {"type": "Feature", "properties": {"id": 12856439169, "name": "Circle K", "brand": "Circle K", "opening_hours": null}, "geometry": {"type": "Point", "coordinates": [-78.8471041, 43.8861572]}}, {"type": "Feature", "properties": {"id": 12856461597, "name": "Circle K", "brand": "Circle K", "opening_hours": null}, "geometry": {"type": "Point", "coordinates": [-80.8615373, 43.9087593]}}, {"type": "Feature", "properties": {"id": 12856479905, "name": "Circle K", "brand": "Circle K", "opening_hours": null}, "geometry": {"type": "Point", "coordinates": [-80.492393, 42.8500911]}}, {"type": "Feature", "properties": {"id": 12856482809, "name": "Esso", "brand": "Esso", "opening_hours": null}, "geometry": {"type": "Point", "coordinates": [-81.7073912, 43.7400873]}}, {"type": "Feature", "properties": {"id": 12898460189, "name": "Esso", "brand": "Esso", "opening_hours": null}, "geometry": {"type": "Point", "coordinates": [-79.7612711, 43.7750835]}}, {"type": "Feature", "properties": {"id": 12926648048, "name": "Esso", "brand": "Esso", "opening_hours": null}, "geometry": {"type": "Point", "coordinates": [-82.4180769, 42.266364]}}, {"type": "Feature", "properties": {"id": 12943900862, "name": "Pioneer", "brand": "Pioneer", "opening_hours": null}, "geometry": {"type": "Point", "coordinates": [-78.7234233, 44.3313638]}}, {"type": "Feature", "properties": {"id": 12947596010, "name": "Esso @ 5007", "brand": "Esso", "opening_hours": null}, "geometry": {"type": "Point", "coordinates": [-78.5332612, 45.0469545]}}, {"type": "Feature", "properties": {"id": 12950338994, "name": "Esso", "brand": "Esso", "opening_hours": null}, "geometry": {"type": "Point", "coordinates": [-94.795735, 49.7157246]}}, {"type": "Feature", "properties": {"id": 12952940982, "name": "Esso", "brand": "Esso", "opening_hours": null}, "geometry": {"type": "Point", "coordinates": [-80.2771617, 43.5516022]}}, {"type": "Feature", "properties": {"id": 13012110394, "name": "Shell", "brand": "Shell", "opening_hours": "24/7"}, "geometry": {"type": "Point", "coordinates": [-79.5670908, 43.7112208]}}, {"type": "Feature", "properties": {"id": 13025722270, "name": "Hilltop Shell", "brand": "Shell", "opening_hours": null}, "geometry": {"type": "Point", "coordinates": [-81.9242234, 45.9781873]}}, {"type": "Feature", "properties": {"id": 13025768726, "name": "Highway 6 Shell", "brand": "Shell", "opening_hours": null}, "geometry": {"type": "Point", "coordinates": [-81.9224321, 45.9729368]}}, {"type": "Feature", "properties": {"id": 13026464929, "name": "Lake Helen Gas & Variety", "brand": null, "opening_hours": null}, "geometry": {"type": "Point", "coordinates": [-88.2431053, 49.0263848]}}, {"type": "Feature", "properties": {"id": 13033262224, "name": "Mobil", "brand": "Mobil", "opening_hours": null}, "geometry": {"type": "Point", "coordinates": [-82.9624199, 42.2494761]}}, {"type": "Feature", "properties": {"id": 13039382190, "name": "Inver", "brand": "Inver", "opening_hours": null}, "geometry": {"type": "Point", "coordinates": [-91.5969271, 48.7368601]}}, {"type": "Feature", "properties": {"id": 13046761472, "name": "Petro Canada", "brand": "Petro-Canada", "opening_hours": null}, "geometry": {"type": "Point", "coordinates": [-75.9408846, 45.29722]}}, {"type": "Feature", "properties": {"id": 13047403956, "name": null, "brand": "Petro-Canada", "opening_hours": null}, "geometry": {"type": "Point", "coordinates": [-81.2388325, 43.0662768]}}, {"type": "Feature", "properties": {"id": 13048692799, "name": "South Paw", "brand": null, "opening_hours": null}, "geometry": {"type": "Point", "coordinates": [-80.2342277, 43.0291741]}}, {"type": "Feature", "properties": {"id": 13055471541, "name": "On The Run", "brand": null, "opening_hours": null}, "geometry": {"type": "Point", "coordinates": [-81.7485348, 43.3092608]}}, {"type": "Feature", "properties": {"id": 13099187736, "name": "Petro-Canada", "brand": "Petro-Canada", "opening_hours": null}, "geometry": {"type": "Point", "coordinates": [-80.8667072, 46.4955497]}}, {"type": "Feature", "properties": {"id": 13099187871, "name": "Byrnes", "brand": null, "opening_hours": null}, "geometry": {"type": "Point", "coordinates": [-81.1068294, 46.5513995]}}, {"type": "Feature", "properties": {"id": 13104487095, "name": "Esso", "brand": "Esso", "opening_hours": null}, "geometry": {"type": "Point", "coordinates": [-83.1014625, 42.2400063]}}, {"type": "Feature", "properties": {"id": 13109344095, "name": "Global", "brand": "Global", "opening_hours": null}, "geometry": {"type": "Point", "coordinates": [-79.1894113, 43.7686128]}}, {"type": "Feature", "properties": {"id": 13109867978, "name": "Mobil", "brand": "Mobil", "opening_hours": null}, "geometry": {"type": "Point", "coordinates": [-76.3687296, 45.4231891]}}, {"type": "Feature", "properties": {"id": 13146185995, "name": "Shell Propane Refill", "brand": "Shell", "opening_hours": null}, "geometry": {"type": "Point", "coordinates": [-80.37082, 43.697494]}}, {"type": "Feature", "properties": {"id": 13281522474, "name": "UPI Energy", "brand": null, "opening_hours": null}, "geometry": {"type": "Point", "coordinates": [-82.4304563, 42.2635875]}}, {"type": "Feature", "properties": {"id": 13284339031, "name": "Esso", "brand": "Esso", "opening_hours": null}, "geometry": {"type": "Point", "coordinates": [-82.4410517, 42.2629385]}}, {"type": "Feature", "properties": {"id": 13370644928, "name": "Petro Queen", "brand": null, "opening_hours": null}, "geometry": {"type": "Point", "coordinates": [-79.1304326, 43.8091397]}}, {"type": "Feature", "properties": {"id": 13372619918, "name": null, "brand": null, "opening_hours": null}, "geometry": {"type": "Point", "coordinates": [-81.3178859, 44.4379269]}}, {"type": "Feature", "properties": {"id": 13399024943, "name": "Canadian Tire", "brand": "Canadian Tire", "opening_hours": null}, "geometry": {"type": "Point", "coordinates": [-79.4497171, 44.2356878]}}, {"type": "Feature", "properties": {"id": 13459562901, "name": "Mobil", "brand": null, "opening_hours": "Mo-Su 07:00-22:00"}, "geometry": {"type": "Point", "coordinates": [-82.3980568, 42.9689438]}}, {"type": "Feature", "properties": {"id": 13612538201, "name": "Caldwell Gas & Variety", "brand": null, "opening_hours": "Mo-Su 07:00-20:00"}, "geometry": {"type": "Point", "coordinates": [-82.5729888, 42.0322995]}}, {"type": "Feature", "properties": {"id": 13621026601, "name": null, "brand": null, "opening_hours": null}, "geometry": {"type": "Point", "coordinates": [-79.9211224, 45.4401247]}}, {"type": "Feature", "properties": {"id": 13630054142, "name": "Pickle's Pumps", "brand": null, "opening_hours": null}, "geometry": {"type": "Point", "coordinates": [-79.5167131, 46.3330715]}}, {"type": "Feature", "properties": {"id": 13667787911, "name": "Arrowhead Gas Bar", "brand": null, "opening_hours": null}, "geometry": {"type": "Point", "coordinates": [-79.5713918, 46.3389971]}}, {"type": "Feature", "properties": {"id": 13706616999, "name": "Canco", "brand": null, "opening_hours": null}, "geometry": {"type": "Point", "coordinates": [-80.2114433, 44.4964758]}}, {"type": "Feature", "properties": {"id": 13887504155, "name": null, "brand": null, "opening_hours": null}, "geometry": {"type": "Point", "coordinates": [-79.6448345, 43.6585172]}}, {"type": "Feature", "properties": {"id": 13898063585, "name": "Esso", "brand": "Esso", "opening_hours": null}, "geometry": {"type": "Point", "coordinates": [-78.9174119, 44.3248622]}}, {"type": "Feature", "properties": {"id": 13923595667, "name": "Esso", "brand": "Esso", "opening_hours": null}, "geometry": {"type": "Point", "coordinates": [-79.2924961, 43.8141625]}}, {"type": "Feature", "properties": {"id": 13946395493, "name": "Flying J", "brand": "Flying J", "opening_hours": null}, "geometry": {"type": "Point", "coordinates": [-79.6083012, 43.7437415]}}, {"type": "Feature", "properties": {"id": 14065095982, "name": "Shell", "brand": null, "opening_hours": null}, "geometry": {"type": "Point", "coordinates": [-76.8778548, 45.6262462]}}, {"type": "Feature", "properties": {"id": 28250466, "name": "Shell", "brand": "Shell", "opening_hours": null}, "geometry": {"type": "Point", "coordinates": [-79.6034633, 43.6225058]}}, {"type": "Feature", "properties": {"id": 32605357, "name": "Esso", "brand": "Esso", "opening_hours": null}, "geometry": {"type": "Point", "coordinates": [-79.369743, 43.799311]}}, {"type": "Feature", "properties": {"id": 32894826, "name": "MacEwen", "brand": "MacEwen", "opening_hours": null}, "geometry": {"type": "Point", "coordinates": [-75.9694817, 45.3831463]}}, {"type": "Feature", "properties": {"id": 33184393, "name": "Esso", "brand": "Esso", "opening_hours": null}, "geometry": {"type": "Point", "coordinates": [-79.6809578, 43.5227062]}}, {"type": "Feature", "properties": {"id": 33743058, "name": "Esso", "brand": "Esso", "opening_hours": "24/7"}, "geometry": {"type": "Point", "coordinates": [-79.4149565, 43.7790166]}}, {"type": "Feature", "properties": {"id": 34342098, "name": "Pioneer", "brand": "Pioneer", "opening_hours": null}, "geometry": {"type": "Point", "coordinates": [-79.769918, 43.676014]}}, {"type": "Feature", "properties": {"id": 42377181, "name": "Husky", "brand": "Husky", "opening_hours": null}, "geometry": {"type": "Point", "coordinates": [-79.7047562, 43.5754736]}}, {"type": "Feature", "properties": {"id": 54622332, "name": "Petro-Canada", "brand": "Petro-Canada", "opening_hours": null}, "geometry": {"type": "Point", "coordinates": [-76.9675737, 44.2686624]}}, {"type": "Feature", "properties": {"id": 56187694, "name": "Petro-Canada", "brand": "Petro-Canada", "opening_hours": null}, "geometry": {"type": "Point", "coordinates": [-78.9343588, 43.8676367]}}, {"type": "Feature", "properties": {"id": 56238530, "name": "Petro-Canada", "brand": "Petro-Canada", "opening_hours": null}, "geometry": {"type": "Point", "coordinates": [-79.5693395, 43.7844964]}}, {"type": "Feature", "properties": {"id": 56675278, "name": "Petro-Canada", "brand": "Petro-Canada", "opening_hours": null}, "geometry": {"type": "Point", "coordinates": [-79.4084709, 43.8444401]}}, {"type": "Feature", "properties": {"id": 56997809, "name": "Esso", "brand": "Esso", "opening_hours": null}, "geometry": {"type": "Point", "coordinates": [-76.4981305, 44.265772]}}, {"type": "Feature", "properties": {"id": 58559286, "name": "Petro-Canada", "brand": "Petro-Canada", "opening_hours": null}, "geometry": {"type": "Point", "coordinates": [-79.5459174, 43.6169053]}}, {"type": "Feature", "properties": {"id": 58755134, "name": "Esso", "brand": "Esso", "opening_hours": "24/7"}, "geometry": {"type": "Point", "coordinates": [-79.463787, 43.826618]}}, {"type": "Feature", "properties": {"id": 59161782, "name": "Petro-Canada", "brand": "Petro-Canada", "opening_hours": null}, "geometry": {"type": "Point", "coordinates": [-79.6953357, 43.4812968]}}, {"type": "Feature", "properties": {"id": 59257217, "name": "Canadian Tire", "brand": "Canadian Tire", "opening_hours": null}, "geometry": {"type": "Point", "coordinates": [-79.230546, 43.1871101]}}, {"type": "Feature", "properties": {"id": 59257234, "name": "Petro-Canada", "brand": "Petro-Canada", "opening_hours": "24/7"}, "geometry": {"type": "Point", "coordinates": [-79.2262233, 43.189708]}}, {"type": "Feature", "properties": {"id": 59304945, "name": "Petro-Canada", "brand": "Petro-Canada", "opening_hours": null}, "geometry": {"type": "Point", "coordinates": [-76.4992696, 44.2655736]}}, {"type": "Feature", "properties": {"id": 61952180, "name": "Petro-Canada", "brand": "Petro-Canada", "opening_hours": null}, "geometry": {"type": "Point", "coordinates": [-79.3931544, 43.792889]}}, {"type": "Feature", "properties": {"id": 67794939, "name": "Petro-Canada", "brand": "Petro-Canada", "opening_hours": null}, "geometry": {"type": "Point", "coordinates": [-80.7146375, 43.3820174]}}, {"type": "Feature", "properties": {"id": 67973311, "name": "Esso", "brand": "Esso", "opening_hours": null}, "geometry": {"type": "Point", "coordinates": [-78.9600832, 42.9199414]}}, {"type": "Feature", "properties": {"id": 68586673, "name": "Esso", "brand": "Esso", "opening_hours": null}, "geometry": {"type": "Point", "coordinates": [-75.6675671, 45.3777191]}}, {"type": "Feature", "properties": {"id": 69013052, "name": "Canadian Tire Gas Bar", "brand": "Canadian Tire", "opening_hours": null}, "geometry": {"type": "Point", "coordinates": [-80.5243779, 43.4844772]}}, {"type": "Feature", "properties": {"id": 71032262, "name": "Canadian Tire Gas+", "brand": "Canadian Tire", "opening_hours": null}, "geometry": {"type": "Point", "coordinates": [-79.3726994, 43.7695775]}}, {"type": "Feature", "properties": {"id": 73147005, "name": "Ultramar", "brand": "Ultramar", "opening_hours": null}, "geometry": {"type": "Point", "coordinates": [-77.5942001, 44.1206571]}}, {"type": "Feature", "properties": {"id": 73799498, "name": null, "brand": null, "opening_hours": null}, "geometry": {"type": "Point", "coordinates": [-79.3541885, 43.7932005]}}, {"type": "Feature", "properties": {"id": 74270043, "name": "Petro-Canada", "brand": "Petro-Canada", "opening_hours": null}, "geometry": {"type": "Point", "coordinates": [-79.6860161, 43.464534]}}, {"type": "Feature", "properties": {"id": 74582021, "name": "Esso", "brand": "Esso", "opening_hours": null}, "geometry": {"type": "Point", "coordinates": [-76.074472, 45.4626288]}}, {"type": "Feature", "properties": {"id": 76804080, "name": "Global", "brand": "Global", "opening_hours": null}, "geometry": {"type": "Point", "coordinates": [-78.7369254, 43.9659924]}}, {"type": "Feature", "properties": {"id": 89754302, "name": "Circle K", "brand": "Circle K", "opening_hours": null}, "geometry": {"type": "Point", "coordinates": [-79.7987054, 43.6956991]}}, {"type": "Feature", "properties": {"id": 92381176, "name": "Herb's Travel Plaza", "brand": null, "opening_hours": null}, "geometry": {"type": "Point", "coordinates": [-74.6770354, 45.4662735]}}, {"type": "Feature", "properties": {"id": 92428175, "name": "Shell", "brand": "Shell", "opening_hours": null}, "geometry": {"type": "Point", "coordinates": [-80.3623425, 43.3975407]}}, {"type": "Feature", "properties": {"id": 92506720, "name": "Irving", "brand": "Irving", "opening_hours": null}, "geometry": {"type": "Point", "coordinates": [-74.7759482, 45.0537197]}}, {"type": "Feature", "properties": {"id": 93672233, "name": "Petro-Canada", "brand": "Petro-Canada", "opening_hours": null}, "geometry": {"type": "Point", "coordinates": [-79.4665481, 43.8838653]}}, {"type": "Feature", "properties": {"id": 96906285, "name": "Shell", "brand": "Shell", "opening_hours": null}, "geometry": {"type": "Point", "coordinates": [-79.4302432, 43.8386534]}}, {"type": "Feature", "properties": {"id": 109975124, "name": "Shell", "brand": "Shell", "opening_hours": "24/7"}, "geometry": {"type": "Point", "coordinates": [-79.6995405, 44.4007542]}}, {"type": "Feature", "properties": {"id": 109975151, "name": "Petro-Canada", "brand": "Petro-Canada", "opening_hours": null}, "geometry": {"type": "Point", "coordinates": [-79.7017548, 44.403413]}}, {"type": "Feature", "properties": {"id": 109975154, "name": "Canadian Tire", "brand": "Canadian Tire", "opening_hours": null}, "geometry": {"type": "Point", "coordinates": [-79.7014378, 44.4016335]}}, {"type": "Feature", "properties": {"id": 109975160, "name": "Petro-Canada", "brand": "Petro-Canada", "opening_hours": null}, "geometry": {"type": "Point", "coordinates": [-79.7036988, 44.4044471]}}, {"type": "Feature", "properties": {"id": 110105633, "name": "Canadian Tire", "brand": "Canadian Tire", "opening_hours": null}, "geometry": {"type": "Point", "coordinates": [-79.6931484, 44.3331207]}}, {"type": "Feature", "properties": {"id": 112652188, "name": "Esso", "brand": "Esso", "opening_hours": null}, "geometry": {"type": "Point", "coordinates": [-79.39971, 43.6361685]}}, {"type": "Feature", "properties": {"id": 112654728, "name": "Petro-Canada", "brand": "Petro-Canada", "opening_hours": null}, "geometry": {"type": "Point", "coordinates": [-79.4109976, 43.6456165]}}, {"type": "Feature", "properties": {"id": 116632870, "name": "Pioneer", "brand": "Pioneer", "opening_hours": null}, "geometry": {"type": "Point", "coordinates": [-79.5814981, 43.5560759]}}, {"type": "Feature", "properties": {"id": 118726637, "name": "Shell", "brand": "Shell", "opening_hours": null}, "geometry": {"type": "Point", "coordinates": [-81.2988993, 42.9949159]}}, {"type": "Feature", "properties": {"id": 119859508, "name": "Canadian Tire", "brand": "Canadian Tire", "opening_hours": null}, "geometry": {"type": "Point", "coordinates": [-81.2389295, 42.9815866]}}, {"type": "Feature", "properties": {"id": 119868846, "name": "Shell", "brand": "Shell", "opening_hours": null}, "geometry": {"type": "Point", "coordinates": [-81.2489518, 42.9971278]}}, {"type": "Feature", "properties": {"id": 119977884, "name": "Petro-Canada", "brand": "Petro-Canada", "opening_hours": null}, "geometry": {"type": "Point", "coordinates": [-80.1229585, 43.9132323]}}, {"type": "Feature", "properties": {"id": 120081199, "name": "Petro-Canada", "brand": "Petro-Canada", "opening_hours": null}, "geometry": {"type": "Point", "coordinates": [-81.3107883, 43.0179243]}}, {"type": "Feature", "properties": {"id": 120176904, "name": "Esso", "brand": "Esso", "opening_hours": null}, "geometry": {"type": "Point", "coordinates": [-80.0879549, 43.9215745]}}, {"type": "Feature", "properties": {"id": 120893622, "name": null, "brand": null, "opening_hours": null}, "geometry": {"type": "Point", "coordinates": [-79.4432379, 43.7734352]}}, {"type": "Feature", "properties": {"id": 121144635, "name": "Esso", "brand": "Esso", "opening_hours": null}, "geometry": {"type": "Point", "coordinates": [-80.0991722, 43.9279351]}}, {"type": "Feature", "properties": {"id": 121190049, "name": "Pioneer", "brand": "Pioneer", "opening_hours": "24/7"}, "geometry": {"type": "Point", "coordinates": [-79.8865739, 43.2619839]}}, {"type": "Feature", "properties": {"id": 123477993, "name": "Sunoco", "brand": "Sunoco", "opening_hours": null}, "geometry": {"type": "Point", "coordinates": [-81.2876047, 42.985666]}}, {"type": "Feature", "properties": {"id": 125243567, "name": "Petro-Canada", "brand": "Petro-Canada", "opening_hours": null}, "geometry": {"type": "Point", "coordinates": [-81.217857, 42.9261989]}}, {"type": "Feature", "properties": {"id": 125243581, "name": "Esso", "brand": "Esso", "opening_hours": null}, "geometry": {"type": "Point", "coordinates": [-81.2182076, 42.9265373]}}, {"type": "Feature", "properties": {"id": 125308534, "name": "Petro-Canada", "brand": "Petro-Canada", "opening_hours": null}, "geometry": {"type": "Point", "coordinates": [-79.387928, 43.7022698]}}, {"type": "Feature", "properties": {"id": 125693066, "name": "7-Eleven", "brand": "7-Eleven", "opening_hours": null}, "geometry": {"type": "Point", "coordinates": [-81.2630519, 42.9842816]}}, {"type": "Feature", "properties": {"id": 127012570, "name": "Parkway Gas", "brand": null, "opening_hours": null}, "geometry": {"type": "Point", "coordinates": [-78.9191659, 45.379371]}}, {"type": "Feature", "properties": {"id": 127290879, "name": "Esso", "brand": "Esso", "opening_hours": null}, "geometry": {"type": "Point", "coordinates": [-78.9447152, 44.0997311]}}, {"type": "Feature", "properties": {"id": 127290893, "name": "Pioneer", "brand": "Pioneer", "opening_hours": null}, "geometry": {"type": "Point", "coordinates": [-78.94494, 44.1002555]}}, {"type": "Feature", "properties": {"id": 128093638, "name": "Esso", "brand": "Esso", "opening_hours": null}, "geometry": {"type": "Point", "coordinates": [-79.4440005, 43.7807399]}}, {"type": "Feature", "properties": {"id": 128128621, "name": "Canadian Tire", "brand": "Canadian Tire", "opening_hours": null}, "geometry": {"type": "Point", "coordinates": [-81.2752895, 43.0281645]}}, {"type": "Feature", "properties": {"id": 128231612, "name": "Petro-Canada", "brand": "Petro-Canada", "opening_hours": null}, "geometry": {"type": "Point", "coordinates": [-81.217006, 42.9265333]}}, {"type": "Feature", "properties": {"id": 129021165, "name": "Canadian Tire", "brand": "Canadian Tire", "opening_hours": null}, "geometry": {"type": "Point", "coordinates": [-81.2801179, 42.9363013]}}, {"type": "Feature", "properties": {"id": 129342746, "name": "Petro-Canada", "brand": "Petro-Canada", "opening_hours": null}, "geometry": {"type": "Point", "coordinates": [-81.2360209, 42.9422707]}}, {"type": "Feature", "properties": {"id": 129445136, "name": "Petro-Canada", "brand": "Petro-Canada", "opening_hours": null}, "geometry": {"type": "Point", "coordinates": [-81.2072581, 42.9253271]}}, {"type": "Feature", "properties": {"id": 129468525, "name": "Esso", "brand": "Esso", "opening_hours": null}, "geometry": {"type": "Point", "coordinates": [-81.107826, 42.9453587]}}, {"type": "Feature", "properties": {"id": 129468528, "name": "Flying J", "brand": "Flying J", "opening_hours": null}, "geometry": {"type": "Point", "coordinates": [-81.1748438, 42.9331749]}}, {"type": "Feature", "properties": {"id": 129468535, "name": "Esso Cardlock", "brand": "Esso", "opening_hours": null}, "geometry": {"type": "Point", "coordinates": [-81.1071751, 42.9451184]}}, {"type": "Feature", "properties": {"id": 129468541, "name": null, "brand": null, "opening_hours": null}, "geometry": {"type": "Point", "coordinates": [-81.1740373, 42.9337311]}}, {"type": "Feature", "properties": {"id": 130167633, "name": "Petro-Canada", "brand": "Petro-Canada", "opening_hours": null}, "geometry": {"type": "Point", "coordinates": [-81.2265017, 42.9438495]}}, {"type": "Feature", "properties": {"id": 130211722, "name": "Canadian Tire", "brand": "Canadian Tire", "opening_hours": null}, "geometry": {"type": "Point", "coordinates": [-79.1336476, 44.0892726]}}, {"type": "Feature", "properties": {"id": 130453052, "name": "Petro-Canada", "brand": "Petro-Canada", "opening_hours": null}, "geometry": {"type": "Point", "coordinates": [-79.3694981, 44.9095203]}}, {"type": "Feature", "properties": {"id": 130457927, "name": "Esso", "brand": "Esso", "opening_hours": null}, "geometry": {"type": "Point", "coordinates": [-81.2582422, 42.9412329]}}, {"type": "Feature", "properties": {"id": 131043034, "name": "Pioneer", "brand": "Pioneer", "opening_hours": null}, "geometry": {"type": "Point", "coordinates": [-81.2756386, 42.9558614]}}, {"type": "Feature", "properties": {"id": 131359242, "name": "Shell", "brand": "Shell", "opening_hours": null}, "geometry": {"type": "Point", "coordinates": [-81.2895653, 42.9465573]}}, {"type": "Feature", "properties": {"id": 134585682, "name": null, "brand": null, "opening_hours": null}, "geometry": {"type": "Point", "coordinates": [-81.2251163, 42.9732159]}}, {"type": "Feature", "properties": {"id": 134837865, "name": "Shell", "brand": "Shell", "opening_hours": null}, "geometry": {"type": "Point", "coordinates": [-79.4108055, 43.759483]}}, {"type": "Feature", "properties": {"id": 135618768, "name": null, "brand": null, "opening_hours": null}, "geometry": {"type": "Point", "coordinates": [-81.2266, 42.9783535]}}, {"type": "Feature", "properties": {"id": 135716546, "name": "Petro-Canada", "brand": "Petro-Canada", "opening_hours": null}, "geometry": {"type": "Point", "coordinates": [-79.2316634, 43.9752054]}}, {"type": "Feature", "properties": {"id": 136186885, "name": "Shell", "brand": "Shell", "opening_hours": null}, "geometry": {"type": "Point", "coordinates": [-81.1932901, 42.9771947]}}, {"type": "Feature", "properties": {"id": 136556503, "name": "Esso", "brand": "Esso", "opening_hours": null}, "geometry": {"type": "Point", "coordinates": [-81.1952342, 42.9782441]}}, {"type": "Feature", "properties": {"id": 136631688, "name": "Encore Fuels", "brand": "Encore", "opening_hours": null}, "geometry": {"type": "Point", "coordinates": [-81.1879411, 42.9766451]}}, {"type": "Feature", "properties": {"id": 139943205, "name": null, "brand": null, "opening_hours": null}, "geometry": {"type": "Point", "coordinates": [-81.263115, 42.984986]}}, {"type": "Feature", "properties": {"id": 140281535, "name": "Canadian Tire", "brand": "Canadian Tire", "opening_hours": null}, "geometry": {"type": "Point", "coordinates": [-80.3707321, 43.3977684]}}, {"type": "Feature", "properties": {"id": 140809023, "name": "Shell", "brand": "Shell", "opening_hours": null}, "geometry": {"type": "Point", "coordinates": [-79.6516259, 43.5274787]}}, {"type": "Feature", "properties": {"id": 142218948, "name": "Petro-Canada", "brand": "Petro-Canada", "opening_hours": null}, "geometry": {"type": "Point", "coordinates": [-81.2799798, 42.9210513]}}, {"type": "Feature", "properties": {"id": 143262741, "name": "Pioneer", "brand": "Pioneer", "opening_hours": null}, "geometry": {"type": "Point", "coordinates": [-81.2992, 43.1818466]}}, {"type": "Feature", "properties": {"id": 143780453, "name": "Petro-Canada", "brand": "Petro-Canada", "opening_hours": null}, "geometry": {"type": "Point", "coordinates": [-81.3033169, 43.0041904]}}, {"type": "Feature", "properties": {"id": 144116911, "name": "Esso", "brand": "Esso", "opening_hours": null}, "geometry": {"type": "Point", "coordinates": [-80.5247818, 43.4315371]}}, {"type": "Feature", "properties": {"id": 144116914, "name": "Husky", "brand": "Husky", "opening_hours": null}, "geometry": {"type": "Point", "coordinates": [-80.5252598, 43.4323172]}}, {"type": "Feature", "properties": {"id": 144276935, "name": "Esso", "brand": "Esso", "opening_hours": null}, "geometry": {"type": "Point", "coordinates": [-80.4543365, 43.41879]}}, {"type": "Feature", "properties": {"id": 144397028, "name": "Esso", "brand": "Esso", "opening_hours": null}, "geometry": {"type": "Point", "coordinates": [-80.4792542, 43.4158182]}}, {"type": "Feature", "properties": {"id": 144575025, "name": "Shell", "brand": "Shell", "opening_hours": null}, "geometry": {"type": "Point", "coordinates": [-80.5387951, 43.4630879]}}, {"type": "Feature", "properties": {"id": 145385948, "name": "Petro-Canada", "brand": "Petro-Canada", "opening_hours": null}, "geometry": {"type": "Point", "coordinates": [-80.512908, 43.4372151]}}, {"type": "Feature", "properties": {"id": 145495770, "name": "Esso", "brand": "Esso", "opening_hours": null}, "geometry": {"type": "Point", "coordinates": [-80.5274185, 43.4848177]}}, {"type": "Feature", "properties": {"id": 149936168, "name": "Mobil", "brand": "Mobil", "opening_hours": null}, "geometry": {"type": "Point", "coordinates": [-79.3224477, 45.0421661]}}, {"type": "Feature", "properties": {"id": 149939851, "name": "Canadian Tire", "brand": "Canadian Tire", "opening_hours": null}, "geometry": {"type": "Point", "coordinates": [-79.326098, 45.0443088]}}, {"type": "Feature", "properties": {"id": 151181328, "name": "Esso", "brand": "Esso", "opening_hours": null}, "geometry": {"type": "Point", "coordinates": [-79.5563498, 43.8749275]}}, {"type": "Feature", "properties": {"id": 151563266, "name": "Esso", "brand": "Esso", "opening_hours": "24/7"}, "geometry": {"type": "Point", "coordinates": [-80.4619239, 43.410205]}}, {"type": "Feature", "properties": {"id": 151563620, "name": "Mobil", "brand": "Mobil", "opening_hours": null}, "geometry": {"type": "Point", "coordinates": [-80.4729887, 43.4182017]}}, {"type": "Feature", "properties": {"id": 151675684, "name": "Esso", "brand": "Esso", "opening_hours": null}, "geometry": {"type": "Point", "coordinates": [-75.8198449, 45.3272382]}}, {"type": "Feature", "properties": {"id": 152129829, "name": "Esso", "brand": "Esso", "opening_hours": null}, "geometry": {"type": "Point", "coordinates": [-80.4320601, 43.3959347]}}, {"type": "Feature", "properties": {"id": 153104165, "name": "Circle K", "brand": "Circle K", "opening_hours": "24/7"}, "geometry": {"type": "Point", "coordinates": [-75.7503996, 45.3935143]}}, {"type": "Feature", "properties": {"id": 154261319, "name": "Petro-Canada", "brand": "Petro-Canada", "opening_hours": "24/7"}, "geometry": {"type": "Point", "coordinates": [-80.5329036, 43.5007182]}}, {"type": "Feature", "properties": {"id": 155196278, "name": "Esso", "brand": "Esso", "opening_hours": null}, "geometry": {"type": "Point", "coordinates": [-75.7416992, 45.3972481]}}, {"type": "Feature", "properties": {"id": 156268917, "name": "Esso", "brand": "Esso", "opening_hours": null}, "geometry": {"type": "Point", "coordinates": [-80.5446506, 43.4253484]}}, {"type": "Feature", "properties": {"id": 156269969, "name": "Pioneer", "brand": "Pioneer", "opening_hours": null}, "geometry": {"type": "Point", "coordinates": [-80.5217645, 43.4396841]}}, {"type": "Feature", "properties": {"id": 156574014, "name": "Pioneer", "brand": "Pioneer", "opening_hours": null}, "geometry": {"type": "Point", "coordinates": [-80.4320858, 43.4279829]}}, {"type": "Feature", "properties": {"id": 156575648, "name": "Canadian Tire", "brand": "Canadian Tire", "opening_hours": null}, "geometry": {"type": "Point", "coordinates": [-80.4357292, 43.4293837]}}, {"type": "Feature", "properties": {"id": 156970785, "name": "Mobil", "brand": "Mobil", "opening_hours": null}, "geometry": {"type": "Point", "coordinates": [-80.4555098, 43.4674399]}}, {"type": "Feature", "properties": {"id": 157482383, "name": "Canadian Tire Gas+", "brand": "Canadian Tire", "opening_hours": null}, "geometry": {"type": "Point", "coordinates": [-80.5131638, 43.4156595]}}, {"type": "Feature", "properties": {"id": 160235996, "name": "Shell", "brand": "Shell", "opening_hours": null}, "geometry": {"type": "Point", "coordinates": [-81.2118181, 43.0138137]}}, {"type": "Feature", "properties": {"id": 160391783, "name": "Amco", "brand": null, "opening_hours": null}, "geometry": {"type": "Point", "coordinates": [-79.3703973, 43.7701821]}}, {"type": "Feature", "properties": {"id": 160531110, "name": "Esso", "brand": "Esso", "opening_hours": null}, "geometry": {"type": "Point", "coordinates": [-81.2130385, 43.0143358]}}, {"type": "Feature", "properties": {"id": 161458570, "name": "Petro-Canada", "brand": "Petro-Canada", "opening_hours": "24/7"}, "geometry": {"type": "Point", "coordinates": [-81.2274929, 43.0425252]}}, {"type": "Feature", "properties": {"id": 162520477, "name": "Canadian Tire", "brand": "Canadian Tire", "opening_hours": null}, "geometry": {"type": "Point", "coordinates": [-78.5408794, 43.9206958]}}, {"type": "Feature", "properties": {"id": 165214902, "name": "Petro-Canada", "brand": "Petro-Canada", "opening_hours": null}, "geometry": {"type": "Point", "coordinates": [-79.4534082, 43.9413292]}}, {"type": "Feature", "properties": {"id": 166769241, "name": null, "brand": null, "opening_hours": null}, "geometry": {"type": "Point", "coordinates": [-79.4309057, 43.8427832]}}, {"type": "Feature", "properties": {"id": 166859790, "name": "Ultramar", "brand": "Ultramar", "opening_hours": null}, "geometry": {"type": "Point", "coordinates": [-76.4217225, 44.299037]}}, {"type": "Feature", "properties": {"id": 166859792, "name": "Esso", "brand": "Esso", "opening_hours": null}, "geometry": {"type": "Point", "coordinates": [-76.422806, 44.2992375]}}, {"type": "Feature", "properties": {"id": 167368462, "name": "Petro-Canada", "brand": "Petro-Canada", "opening_hours": "24/7"}, "geometry": {"type": "Point", "coordinates": [-79.7156348, 43.4907898]}}, {"type": "Feature", "properties": {"id": 167704224, "name": "Esso", "brand": "Esso", "opening_hours": null}, "geometry": {"type": "Point", "coordinates": [-75.7862703, 45.3421185]}}, {"type": "Feature", "properties": {"id": 168814654, "name": "Petro-Canada", "brand": "Petro-Canada", "opening_hours": "24/7"}, "geometry": {"type": "Point", "coordinates": [-80.4875669, 43.4223028]}}, {"type": "Feature", "properties": {"id": 169238688, "name": "Petro-Canada", "brand": "Petro-Canada", "opening_hours": "24/7"}, "geometry": {"type": "Point", "coordinates": [-78.59961, 43.9357983]}}, {"type": "Feature", "properties": {"id": 171282885, "name": "Mobil", "brand": "Mobil", "opening_hours": null}, "geometry": {"type": "Point", "coordinates": [-81.0027496, 46.4895297]}}, {"type": "Feature", "properties": {"id": 173000089, "name": "Shell", "brand": "Shell", "opening_hours": null}, "geometry": {"type": "Point", "coordinates": [-80.5531615, 43.4235328]}}, {"type": "Feature", "properties": {"id": 174832116, "name": "Canadian Tire", "brand": "Canadian Tire", "opening_hours": null}, "geometry": {"type": "Point", "coordinates": [-79.716337, 43.4900191]}}, {"type": "Feature", "properties": {"id": 174861997, "name": "Petro-Canada", "brand": "Petro-Canada", "opening_hours": null}, "geometry": {"type": "Point", "coordinates": [-81.2827702, 43.0260899]}}, {"type": "Feature", "properties": {"id": 174940341, "name": "Shell", "brand": "Shell", "opening_hours": "Mo-Fr 05:00-23:00; Sa 06:00-23:00"}, "geometry": {"type": "Point", "coordinates": [-79.8765268, 43.7726204]}}, {"type": "Feature", "properties": {"id": 174940355, "name": "Esso", "brand": "Esso", "opening_hours": null}, "geometry": {"type": "Point", "coordinates": [-80.1025604, 43.9413244]}}, {"type": "Feature", "properties": {"id": 174956088, "name": "Esso", "brand": "Esso", "opening_hours": null}, "geometry": {"type": "Point", "coordinates": [-80.8977833, 44.4565699]}}, {"type": "Feature", "properties": {"id": 174956093, "name": "Esso", "brand": "Esso", "opening_hours": "PH,Mo-Su 05:30-21:00"}, "geometry": {"type": "Point", "coordinates": [-80.5557654, 44.2659518]}}, {"type": "Feature", "properties": {"id": 174956097, "name": "Esso", "brand": "Esso", "opening_hours": null}, "geometry": {"type": "Point", "coordinates": [-80.1874462, 44.0819506]}}, {"type": "Feature", "properties": {"id": 175175514, "name": "Shell", "brand": "Shell", "opening_hours": null}, "geometry": {"type": "Point", "coordinates": [-78.723406, 44.9163244]}}, {"type": "Feature", "properties": {"id": 175175519, "name": "Pioneer", "brand": "Pioneer", "opening_hours": null}, "geometry": {"type": "Point", "coordinates": [-78.7160377, 44.9298725]}}, {"type": "Feature", "properties": {"id": 175176093, "name": "Esso", "brand": "Esso", "opening_hours": null}, "geometry": {"type": "Point", "coordinates": [-78.698549, 45.0448097]}}, {"type": "Feature", "properties": {"id": 175298578, "name": "Esso", "brand": "Esso", "opening_hours": null}, "geometry": {"type": "Point", "coordinates": [-79.3488406, 44.8862115]}}, {"type": "Feature", "properties": {"id": 175362782, "name": "Petro-Canada", "brand": "Petro-Canada", "opening_hours": null}, "geometry": {"type": "Point", "coordinates": [-80.9265913, 44.5734825]}}, {"type": "Feature", "properties": {"id": 175929459, "name": "Husky", "brand": "Husky", "opening_hours": null}, "geometry": {"type": "Point", "coordinates": [-79.8594827, 43.2032729]}}, {"type": "Feature", "properties": {"id": 176108805, "name": "Petro-Canada", "brand": "Petro-Canada", "opening_hours": "24/7"}, "geometry": {"type": "Point", "coordinates": [-80.5670465, 43.4677818]}}, {"type": "Feature", "properties": {"id": 176263508, "name": "Shell", "brand": "Shell", "opening_hours": "24/7"}, "geometry": {"type": "Point", "coordinates": [-79.4845579, 44.0733869]}}, {"type": "Feature", "properties": {"id": 176688439, "name": "Shell", "brand": "Shell", "opening_hours": null}, "geometry": {"type": "Point", "coordinates": [-79.1896445, 44.3374142]}}, {"type": "Feature", "properties": {"id": 178237225, "name": "Free Flow Petroleum", "brand": "FreeFlow", "opening_hours": null}, "geometry": {"type": "Point", "coordinates": [-76.7691619, 44.1850685]}}, {"type": "Feature", "properties": {"id": 178326095, "name": "Mobil", "brand": "Mobil", "opening_hours": null}, "geometry": {"type": "Point", "coordinates": [-79.2282974, 45.3450198]}}, {"type": "Feature", "properties": {"id": 178716446, "name": "Pioneer", "brand": "Pioneer", "opening_hours": null}, "geometry": {"type": "Point", "coordinates": [-79.2671637, 43.1551772]}}, {"type": "Feature", "properties": {"id": 178814418, "name": "Ultramar", "brand": "Ultramar", "opening_hours": null}, "geometry": {"type": "Point", "coordinates": [-78.8559736, 43.8800995]}}, {"type": "Feature", "properties": {"id": 178934276, "name": "Shell", "brand": "Shell", "opening_hours": null}, "geometry": {"type": "Point", "coordinates": [-81.924098, 45.9781292]}}, {"type": "Feature", "properties": {"id": 179074045, "name": "UPI Energy", "brand": null, "opening_hours": null}, "geometry": {"type": "Point", "coordinates": [-81.1337706, 44.6333781]}}, {"type": "Feature", "properties": {"id": 179074050, "name": "Pioneer", "brand": "Pioneer", "opening_hours": null}, "geometry": {"type": "Point", "coordinates": [-80.9164149, 44.5744135]}}, {"type": "Feature", "properties": {"id": 179074072, "name": "Esso", "brand": "Esso", "opening_hours": null}, "geometry": {"type": "Point", "coordinates": [-80.9913245, 44.5592539]}}, {"type": "Feature", "properties": {"id": 179074080, "name": "Mobil", "brand": "Mobil", "opening_hours": null}, "geometry": {"type": "Point", "coordinates": [-80.9249439, 44.5741814]}}, {"type": "Feature", "properties": {"id": 179074084, "name": "Canadian Tire", "brand": "Canadian Tire", "opening_hours": null}, "geometry": {"type": "Point", "coordinates": [-80.9156062, 44.5744384]}}, {"type": "Feature", "properties": {"id": 179310972, "name": "Canadian Tire", "brand": "Canadian Tire", "opening_hours": null}, "geometry": {"type": "Point", "coordinates": [-81.6158057, 44.17479]}}, {"type": "Feature", "properties": {"id": 179492525, "name": "Esso", "brand": "Esso", "opening_hours": null}, "geometry": {"type": "Point", "coordinates": [-79.232472, 45.331836]}}, {"type": "Feature", "properties": {"id": 179540661, "name": "7-Eleven", "brand": "7-Eleven", "opening_hours": null}, "geometry": {"type": "Point", "coordinates": [-80.103639, 43.9174847]}}, {"type": "Feature", "properties": {"id": 179540662, "name": "Shell", "brand": "Shell", "opening_hours": null}, "geometry": {"type": "Point", "coordinates": [-80.0988159, 43.9185228]}}, {"type": "Feature", "properties": {"id": 179548985, "name": "Mobil", "brand": "Mobil", "opening_hours": null}, "geometry": {"type": "Point", "coordinates": [-78.7613587, 44.3500285]}}, {"type": "Feature", "properties": {"id": 180184340, "name": "Canadian Tire", "brand": "Canadian Tire", "opening_hours": null}, "geometry": {"type": "Point", "coordinates": [-79.2703362, 43.1552385]}}, {"type": "Feature", "properties": {"id": 180343987, "name": "Shell", "brand": "Shell", "opening_hours": null}, "geometry": {"type": "Point", "coordinates": [-80.2989672, 43.3794427]}}, {"type": "Feature", "properties": {"id": 180537994, "name": "Petro-Canada", "brand": "Petro-Canada", "opening_hours": null}, "geometry": {"type": "Point", "coordinates": [-79.1220505, 44.4260996]}}, {"type": "Feature", "properties": {"id": 180665738, "name": "Esso", "brand": "Esso", "opening_hours": null}, "geometry": {"type": "Point", "coordinates": [-79.9912226, 43.8562426]}}, {"type": "Feature", "properties": {"id": 183007034, "name": "Petro Canada", "brand": "Petro-Canada", "opening_hours": null}, "geometry": {"type": "Point", "coordinates": [-80.9152796, 44.5753199]}}, {"type": "Feature", "properties": {"id": 183248974, "name": "Petro-Canada", "brand": "Petro-Canada", "opening_hours": null}, "geometry": {"type": "Point", "coordinates": [-79.7951968, 43.1966998]}}, {"type": "Feature", "properties": {"id": 183386604, "name": "Pioneer", "brand": "Pioneer", "opening_hours": null}, "geometry": {"type": "Point", "coordinates": [-79.8757274, 43.217792]}}, {"type": "Feature", "properties": {"id": 183890280, "name": "Esso", "brand": "Esso", "opening_hours": null}, "geometry": {"type": "Point", "coordinates": [-79.8506687, 43.2019227]}}, {"type": "Feature", "properties": {"id": 184081091, "name": "Husky", "brand": "Husky", "opening_hours": null}, "geometry": {"type": "Point", "coordinates": [-79.8349053, 43.2115119]}}, {"type": "Feature", "properties": {"id": 184098314, "name": "Esso", "brand": "Esso", "opening_hours": null}, "geometry": {"type": "Point", "coordinates": [-79.7699778, 43.1898915]}}, {"type": "Feature", "properties": {"id": 184504551, "name": "Alves Auto Centre", "brand": "Esso", "opening_hours": "Mo-Fr 09:00-17:00"}, "geometry": {"type": "Point", "coordinates": [-79.8512322, 45.2892648]}}, {"type": "Feature", "properties": {"id": 184520072, "name": "Esso", "brand": "Esso", "opening_hours": null}, "geometry": {"type": "Point", "coordinates": [-79.4190667, 43.732008]}}, {"type": "Feature", "properties": {"id": 185168540, "name": "VP Racing Fuels", "brand": null, "opening_hours": null}, "geometry": {"type": "Point", "coordinates": [-77.3111123, 44.4759968]}}, {"type": "Feature", "properties": {"id": 185192888, "name": "Pioneer", "brand": "Pioneer", "opening_hours": null}, "geometry": {"type": "Point", "coordinates": [-79.851611, 43.1926332]}}, {"type": "Feature", "properties": {"id": 185548079, "name": "Gales", "brand": null, "opening_hours": null}, "geometry": {"type": "Point", "coordinates": [-79.2439645, 43.164634]}}, {"type": "Feature", "properties": {"id": 186836067, "name": "Canadian Tire", "brand": "Canadian Tire", "opening_hours": null}, "geometry": {"type": "Point", "coordinates": [-75.9164261, 45.308605]}}, {"type": "Feature", "properties": {"id": 186845859, "name": "Esso", "brand": "Esso", "opening_hours": null}, "geometry": {"type": "Point", "coordinates": [-79.4402779, 44.1991577]}}, {"type": "Feature", "properties": {"id": 187796471, "name": "Esso", "brand": "Esso", "opening_hours": null}, "geometry": {"type": "Point", "coordinates": [-75.7053839, 44.6012357]}}, {"type": "Feature", "properties": {"id": 188291054, "name": "Pioneer", "brand": "Pioneer", "opening_hours": null}, "geometry": {"type": "Point", "coordinates": [-78.1682744, 43.9668709]}}, {"type": "Feature", "properties": {"id": 189162455, "name": "Petro-Canada", "brand": "Petro-Canada", "opening_hours": null}, "geometry": {"type": "Point", "coordinates": [-81.0345047, 49.0583306]}}, {"type": "Feature", "properties": {"id": 189162465, "name": "Canadian Tire", "brand": "Canadian Tire", "opening_hours": null}, "geometry": {"type": "Point", "coordinates": [-81.0451026, 49.0592884]}}, {"type": "Feature", "properties": {"id": 189162466, "name": "Canadian Tire", "brand": "Canadian Tire", "opening_hours": null}, "geometry": {"type": "Point", "coordinates": [-81.0453385, 49.0593297]}}, {"type": "Feature", "properties": {"id": 189602979, "name": "Esso", "brand": "Esso", "opening_hours": null}, "geometry": {"type": "Point", "coordinates": [-92.8326182, 49.7868747]}}, {"type": "Feature", "properties": {"id": 189602980, "name": "Co-op", "brand": "Federated Co-operatives", "opening_hours": null}, "geometry": {"type": "Point", "coordinates": [-92.8406533, 49.786442]}}, {"type": "Feature", "properties": {"id": 189602987, "name": "Mobil", "brand": "Mobil", "opening_hours": null}, "geometry": {"type": "Point", "coordinates": [-92.8125938, 49.7864162]}}, {"type": "Feature", "properties": {"id": 189602990, "name": "Petro-Canada", "brand": "Petro-Canada", "opening_hours": null}, "geometry": {"type": "Point", "coordinates": [-92.8437871, 49.7864335]}}, {"type": "Feature", "properties": {"id": 189603518, "name": "Safeway", "brand": "Safeway", "opening_hours": null}, "geometry": {"type": "Point", "coordinates": [-92.8384833, 49.781835]}}, {"type": "Feature", "properties": {"id": 190507628, "name": "Petro-Canada", "brand": "Petro-Canada", "opening_hours": null}, "geometry": {"type": "Point", "coordinates": [-75.9156482, 45.3081982]}}, {"type": "Feature", "properties": {"id": 190690881, "name": "Esso", "brand": "Esso", "opening_hours": "24/7"}, "geometry": {"type": "Point", "coordinates": [-75.757316, 45.3763375]}}, {"type": "Feature", "properties": {"id": 190827968, "name": "Esso", "brand": "Esso", "opening_hours": null}, "geometry": {"type": "Point", "coordinates": [-79.626975, 44.0988398]}}, {"type": "Feature", "properties": {"id": 191518563, "name": "Shell", "brand": "Shell", "opening_hours": "24/7"}, "geometry": {"type": "Point", "coordinates": [-77.3969619, 44.188524]}}, {"type": "Feature", "properties": {"id": 191519398, "name": "Petro-Canada", "brand": "Petro-Canada", "opening_hours": null}, "geometry": {"type": "Point", "coordinates": [-77.4007941, 44.1964375]}}, {"type": "Feature", "properties": {"id": 191519432, "name": "Canadian Tire", "brand": "Canadian Tire", "opening_hours": "Mo-Fr 08:00-21:00; Sa 08:00-18:00; Su 09:00-17:00"}, "geometry": {"type": "Point", "coordinates": [-77.400153, 44.1868243]}}, {"type": "Feature", "properties": {"id": 191520526, "name": "Pioneer", "brand": "Pioneer", "opening_hours": "24/7"}, "geometry": {"type": "Point", "coordinates": [-77.395893, 44.188664]}}, {"type": "Feature", "properties": {"id": 191982940, "name": "Drummond's Gas", "brand": "Drummond's Gas", "opening_hours": null}, "geometry": {"type": "Point", "coordinates": [-75.5707769, 45.2814396]}}, {"type": "Feature", "properties": {"id": 191989050, "name": "MacEwen", "brand": "MacEwen", "opening_hours": null}, "geometry": {"type": "Point", "coordinates": [-75.594504, 45.2697526]}}, {"type": "Feature", "properties": {"id": 193051338, "name": "Stinson", "brand": "Stinson", "opening_hours": null}, "geometry": {"type": "Point", "coordinates": [-75.5966813, 45.3247631]}}, {"type": "Feature", "properties": {"id": 193051339, "name": "Stinson", "brand": "Stinson", "opening_hours": null}, "geometry": {"type": "Point", "coordinates": [-75.5958352, 45.3248629]}}, {"type": "Feature", "properties": {"id": 194836612, "name": "Pioneer", "brand": "Pioneer", "opening_hours": null}, "geometry": {"type": "Point", "coordinates": [-76.6421834, 44.2191719]}}, {"type": "Feature", "properties": {"id": 195441421, "name": "Canadian Tire", "brand": "Canadian Tire", "opening_hours": null}, "geometry": {"type": "Point", "coordinates": [-76.1426563, 45.1369035]}}, {"type": "Feature", "properties": {"id": 195490863, "name": "Irving", "brand": "Irving", "opening_hours": null}, "geometry": {"type": "Point", "coordinates": [-77.1149373, 45.7981202]}}, {"type": "Feature", "properties": {"id": 195516395, "name": "Shell", "brand": "Shell", "opening_hours": null}, "geometry": {"type": "Point", "coordinates": [-80.6062474, 43.2300266]}}, {"type": "Feature", "properties": {"id": 195606054, "name": "Ultramar", "brand": "Ultramar", "opening_hours": null}, "geometry": {"type": "Point", "coordinates": [-79.3842423, 44.7108739]}}, {"type": "Feature", "properties": {"id": 195606056, "name": "Shell", "brand": "Shell", "opening_hours": null}, "geometry": {"type": "Point", "coordinates": [-79.3832958, 44.7118727]}}, {"type": "Feature", "properties": {"id": 195607964, "name": "Husky", "brand": "Husky", "opening_hours": null}, "geometry": {"type": "Point", "coordinates": [-79.3981234, 44.6954329]}}, {"type": "Feature", "properties": {"id": 195607967, "name": "Cardinal Motel Gas", "brand": null, "opening_hours": null}, "geometry": {"type": "Point", "coordinates": [-79.3987051, 44.6962618]}}, {"type": "Feature", "properties": {"id": 195680013, "name": "Shell", "brand": "Shell", "opening_hours": null}, "geometry": {"type": "Point", "coordinates": [-79.3513124, 44.6457637]}}, {"type": "Feature", "properties": {"id": 196944459, "name": "Pioneer", "brand": "Pioneer", "opening_hours": null}, "geometry": {"type": "Point", "coordinates": [-82.3684412, 42.9607921]}}, {"type": "Feature", "properties": {"id": 197548183, "name": "Petro-Canada", "brand": "Petro-Canada", "opening_hours": null}, "geometry": {"type": "Point", "coordinates": [-81.1513518, 42.8105946]}}, {"type": "Feature", "properties": {"id": 197557382, "name": "Ultramar", "brand": "Ultramar", "opening_hours": null}, "geometry": {"type": "Point", "coordinates": [-81.1662377, 42.7925872]}}, {"type": "Feature", "properties": {"id": 197566132, "name": "Mobil", "brand": "Mobil", "opening_hours": "24/7"}, "geometry": {"type": "Point", "coordinates": [-79.928545, 43.2576547]}}, {"type": "Feature", "properties": {"id": 197610903, "name": "Petro-Canada", "brand": "Petro-Canada", "opening_hours": null}, "geometry": {"type": "Point", "coordinates": [-79.7451382, 43.4640632]}}, {"type": "Feature", "properties": {"id": 197983021, "name": "Pioneer", "brand": "Pioneer", "opening_hours": "24/7"}, "geometry": {"type": "Point", "coordinates": [-79.5569231, 44.1155343]}}, {"type": "Feature", "properties": {"id": 197983080, "name": "Petro-Canada", "brand": "Petro-Canada", "opening_hours": null}, "geometry": {"type": "Point", "coordinates": [-79.5598975, 44.1157972]}}, {"type": "Feature", "properties": {"id": 198102507, "name": "Petro-Canada", "brand": "Petro-Canada", "opening_hours": null}, "geometry": {"type": "Point", "coordinates": [-81.196366, 42.7621566]}}, {"type": "Feature", "properties": {"id": 198102511, "name": "Petro-Canada", "brand": "Petro-Canada", "opening_hours": null}, "geometry": {"type": "Point", "coordinates": [-81.1963156, 42.7619282]}}, {"type": "Feature", "properties": {"id": 198405509, "name": "Petro-Canada", "brand": "Petro-Canada", "opening_hours": null}, "geometry": {"type": "Point", "coordinates": [-79.6466058, 44.3569886]}}, {"type": "Feature", "properties": {"id": 198405573, "name": "Shell", "brand": "Shell", "opening_hours": null}, "geometry": {"type": "Point", "coordinates": [-79.6487541, 44.3578435]}}, {"type": "Feature", "properties": {"id": 200341141, "name": "Ultramar", "brand": "Ultramar", "opening_hours": null}, "geometry": {"type": "Point", "coordinates": [-78.2613061, 44.2984745]}}, {"type": "Feature", "properties": {"id": 201179115, "name": "Centex", "brand": "Centex", "opening_hours": null}, "geometry": {"type": "Point", "coordinates": [-79.347161, 43.6840994]}}, {"type": "Feature", "properties": {"id": 201487770, "name": "Petro-Canada", "brand": "Petro-Canada", "opening_hours": "24/7"}, "geometry": {"type": "Point", "coordinates": [-75.7294755, 45.400944]}}, {"type": "Feature", "properties": {"id": 201631225, "name": "Ultramar", "brand": "Ultramar", "opening_hours": null}, "geometry": {"type": "Point", "coordinates": [-75.7355363, 45.3549336]}}, {"type": "Feature", "properties": {"id": 201811719, "name": "Global", "brand": "Global", "opening_hours": null}, "geometry": {"type": "Point", "coordinates": [-79.8525758, 43.2209422]}}, {"type": "Feature", "properties": {"id": 202061087, "name": "Esso", "brand": "Esso", "opening_hours": null}, "geometry": {"type": "Point", "coordinates": [-79.2878603, 43.691027]}}, {"type": "Feature", "properties": {"id": 202442606, "name": "Esso", "brand": "Esso", "opening_hours": null}, "geometry": {"type": "Point", "coordinates": [-80.5174502, 43.4519469]}}, {"type": "Feature", "properties": {"id": 202595742, "name": "Shell", "brand": "Shell", "opening_hours": null}, "geometry": {"type": "Point", "coordinates": [-79.9894336, 43.3650502]}}, {"type": "Feature", "properties": {"id": 203306979, "name": "Mobil", "brand": "Mobil", "opening_hours": null}, "geometry": {"type": "Point", "coordinates": [-79.1243834, 44.4266401]}}, {"type": "Feature", "properties": {"id": 203313667, "name": "Ultramar", "brand": "Ultramar", "opening_hours": null}, "geometry": {"type": "Point", "coordinates": [-79.2781259, 44.3167765]}}, {"type": "Feature", "properties": {"id": 203313669, "name": "Ultramar", "brand": "Ultramar", "opening_hours": null}, "geometry": {"type": "Point", "coordinates": [-79.3437277, 44.3011711]}}, {"type": "Feature", "properties": {"id": 204678682, "name": "Shell", "brand": "Shell", "opening_hours": null}, "geometry": {"type": "Point", "coordinates": [-79.9722019, 43.9466054]}}, {"type": "Feature", "properties": {"id": 204678684, "name": "Petro-Canada", "brand": "Petro-Canada", "opening_hours": null}, "geometry": {"type": "Point", "coordinates": [-79.9712588, 43.947034]}}, {"type": "Feature", "properties": {"id": 205667444, "name": "Ultramar", "brand": "Shell", "opening_hours": null}, "geometry": {"type": "Point", "coordinates": [-77.1215695, 44.6481342]}}, {"type": "Feature", "properties": {"id": 205751710, "name": "Petro-Canada", "brand": "Petro-Canada", "opening_hours": null}, "geometry": {"type": "Point", "coordinates": [-81.035157, 49.058099]}}, {"type": "Feature", "properties": {"id": 206157779, "name": "Esso", "brand": "Esso", "opening_hours": null}, "geometry": {"type": "Point", "coordinates": [-80.0956721, 44.4186898]}}, {"type": "Feature", "properties": {"id": 207602566, "name": "Esso", "brand": "Esso", "opening_hours": null}, "geometry": {"type": "Point", "coordinates": [-80.3100082, 43.4179204]}}, {"type": "Feature", "properties": {"id": 208328446, "name": "Esso", "brand": "Esso", "opening_hours": null}, "geometry": {"type": "Point", "coordinates": [-79.3686752, 43.6670217]}}, {"type": "Feature", "properties": {"id": 208800984, "name": "Petro-Canada", "brand": "Petro-Canada", "opening_hours": null}, "geometry": {"type": "Point", "coordinates": [-80.7362652, 43.1133725]}}, {"type": "Feature", "properties": {"id": 210650367, "name": "Canadian Tire", "brand": "Canadian Tire", "opening_hours": "24/7"}, "geometry": {"type": "Point", "coordinates": [-79.6891891, 43.7053668]}}, {"type": "Feature", "properties": {"id": 212719505, "name": "Petro-Canada", "brand": "Petro-Canada", "opening_hours": null}, "geometry": {"type": "Point", "coordinates": [-81.0295487, 46.4724088]}}, {"type": "Feature", "properties": {"id": 214455683, "name": "GOCO", "brand": null, "opening_hours": null}, "geometry": {"type": "Point", "coordinates": [-82.038452, 43.1442964]}}, {"type": "Feature", "properties": {"id": 214888331, "name": "Esso", "brand": "Esso", "opening_hours": null}, "geometry": {"type": "Point", "coordinates": [-80.2606952, 43.0801911]}}, {"type": "Feature", "properties": {"id": 215082956, "name": "Ultramar", "brand": "Ultramar", "opening_hours": null}, "geometry": {"type": "Point", "coordinates": [-79.3725362, 44.6041224]}}, {"type": "Feature", "properties": {"id": 215499203, "name": "Esso", "brand": "Esso", "opening_hours": null}, "geometry": {"type": "Point", "coordinates": [-79.4865672, 43.6654202]}}, {"type": "Feature", "properties": {"id": 218534094, "name": "Petro V Plus", "brand": null, "opening_hours": null}, "geometry": {"type": "Point", "coordinates": [-79.4874514, 43.6659192]}}, {"type": "Feature", "properties": {"id": 220770912, "name": "Shell", "brand": "Shell", "opening_hours": null}, "geometry": {"type": "Point", "coordinates": [-80.9475432, 46.5052644]}}, {"type": "Feature", "properties": {"id": 221555407, "name": "Petro-Canada", "brand": "Petro-Canada", "opening_hours": null}, "geometry": {"type": "Point", "coordinates": [-79.4102823, 43.7568971]}}, {"type": "Feature", "properties": {"id": 222640141, "name": "Shell", "brand": "Shell", "opening_hours": null}, "geometry": {"type": "Point", "coordinates": [-80.9865722, 46.5039299]}}, {"type": "Feature", "properties": {"id": 222780223, "name": "Mobil", "brand": "Mobil", "opening_hours": null}, "geometry": {"type": "Point", "coordinates": [-80.2938697, 42.8485427]}}, {"type": "Feature", "properties": {"id": 222786218, "name": "Canadian Tire", "brand": "Canadian Tire", "opening_hours": null}, "geometry": {"type": "Point", "coordinates": [-80.2935234, 42.8477873]}}, {"type": "Feature", "properties": {"id": 222927005, "name": "Mac's", "brand": "Mac's", "opening_hours": null}, "geometry": {"type": "Point", "coordinates": [-89.2450518, 48.3897499]}}, {"type": "Feature", "properties": {"id": 223432968, "name": "Petro-Canada", "brand": "Petro-Canada", "opening_hours": null}, "geometry": {"type": "Point", "coordinates": [-80.3089309, 42.8461256]}}, {"type": "Feature", "properties": {"id": 223717915, "name": "Petro-Canada", "brand": "Petro-Canada", "opening_hours": null}, "geometry": {"type": "Point", "coordinates": [-80.9608961, 46.5007241]}}, {"type": "Feature", "properties": {"id": 223721556, "name": "Esso", "brand": "Esso", "opening_hours": null}, "geometry": {"type": "Point", "coordinates": [-80.9637534, 46.4999516]}}, {"type": "Feature", "properties": {"id": 223992568, "name": "Petro-Canada", "brand": "Petro-Canada", "opening_hours": null}, "geometry": {"type": "Point", "coordinates": [-79.3454822, 44.2623183]}}, {"type": "Feature", "properties": {"id": 231284214, "name": "Shell", "brand": "Shell", "opening_hours": null}, "geometry": {"type": "Point", "coordinates": [-76.0501415, 45.3177116]}}, {"type": "Feature", "properties": {"id": 232389354, "name": "Brighton Gas Bar", "brand": null, "opening_hours": null}, "geometry": {"type": "Point", "coordinates": [-77.7451702, 44.0587437]}}, {"type": "Feature", "properties": {"id": 232394852, "name": "GOCO", "brand": null, "opening_hours": null}, "geometry": {"type": "Point", "coordinates": [-80.9595929, 43.371403]}}, {"type": "Feature", "properties": {"id": 232395832, "name": "Mobil", "brand": "Mobil", "opening_hours": "24/7"}, "geometry": {"type": "Point", "coordinates": [-79.8896984, 43.2597714]}}, {"type": "Feature", "properties": {"id": 232849290, "name": "Petro-Canada", "brand": "Petro-Canada", "opening_hours": null}, "geometry": {"type": "Point", "coordinates": [-82.4094314, 42.9346503]}}, {"type": "Feature", "properties": {"id": 233251876, "name": "Ayr Self Serve & Convenience", "brand": "Jutzi", "opening_hours": "Mo-Fr 06:00-22:00; Sa 07:00-22:00; Su 08:00-21:00"}, "geometry": {"type": "Point", "coordinates": [-80.47151, 43.3053256]}}, {"type": "Feature", "properties": {"id": 233577474, "name": "Ultramar", "brand": "Ultramar", "opening_hours": null}, "geometry": {"type": "Point", "coordinates": [-75.8897692, 45.2968681]}}, {"type": "Feature", "properties": {"id": 233809745, "name": "Petro-Canada", "brand": "Petro-Canada", "opening_hours": null}, "geometry": {"type": "Point", "coordinates": [-75.9382229, 45.2679699]}}, {"type": "Feature", "properties": {"id": 233810407, "name": "Esso", "brand": "Esso", "opening_hours": null}, "geometry": {"type": "Point", "coordinates": [-75.8777256, 45.3042506]}}, {"type": "Feature", "properties": {"id": 233898510, "name": "Petro-Canada", "brand": "Petro-Canada", "opening_hours": null}, "geometry": {"type": "Point", "coordinates": [-75.8214955, 45.3273272]}}, {"type": "Feature", "properties": {"id": 233988355, "name": "Shell", "brand": "Shell", "opening_hours": null}, "geometry": {"type": "Point", "coordinates": [-75.7880488, 45.3473472]}}, {"type": "Feature", "properties": {"id": 234898934, "name": "Ultramar", "brand": "Ultramar", "opening_hours": null}, "geometry": {"type": "Point", "coordinates": [-79.3628395, 44.3052595]}}, {"type": "Feature", "properties": {"id": 234954439, "name": "Shell", "brand": "Shell", "opening_hours": null}, "geometry": {"type": "Point", "coordinates": [-79.5811102, 44.1103639]}}, {"type": "Feature", "properties": {"id": 235847406, "name": "Esso", "brand": "Esso", "opening_hours": "Mo-Su 06:00-23:00"}, "geometry": {"type": "Point", "coordinates": [-77.143524, 44.0061558]}}, {"type": "Feature", "properties": {"id": 235865544, "name": "Petro-Canada", "brand": "Petro-Canada", "opening_hours": null}, "geometry": {"type": "Point", "coordinates": [-79.6011991, 44.1064571]}}, {"type": "Feature", "properties": {"id": 236090602, "name": "Esso", "brand": "Esso", "opening_hours": null}, "geometry": {"type": "Point", "coordinates": [-78.8189203, 44.7309145]}}, {"type": "Feature", "properties": {"id": 236328146, "name": "Petro-Canada", "brand": "Petro-Canada", "opening_hours": "Mo-Su 06:00-23:00"}, "geometry": {"type": "Point", "coordinates": [-75.7570745, 45.3757415]}}, {"type": "Feature", "properties": {"id": 236344548, "name": "Shell", "brand": "Shell", "opening_hours": null}, "geometry": {"type": "Point", "coordinates": [-75.7474004, 45.3806165]}}, {"type": "Feature", "properties": {"id": 236356594, "name": "Ultramar", "brand": "Ultramar", "opening_hours": null}, "geometry": {"type": "Point", "coordinates": [-79.3474935, 44.8850714]}}, {"type": "Feature", "properties": {"id": 236433621, "name": "Esso", "brand": "Esso", "opening_hours": null}, "geometry": {"type": "Point", "coordinates": [-78.9468469, 44.5725868]}}, {"type": "Feature", "properties": {"id": 237120698, "name": "Petro-Canada", "brand": "Petro-Canada", "opening_hours": null}, "geometry": {"type": "Point", "coordinates": [-75.7059822, 45.4111069]}}, {"type": "Feature", "properties": {"id": 237319866, "name": "7-Eleven", "brand": "7-Eleven", "opening_hours": null}, "geometry": {"type": "Point", "coordinates": [-80.257884, 43.5665963]}}, {"type": "Feature", "properties": {"id": 237593460, "name": "Shell", "brand": "Shell", "opening_hours": "24/7"}, "geometry": {"type": "Point", "coordinates": [-75.7733278, 45.3685516]}}, {"type": "Feature", "properties": {"id": 237884733, "name": "Pioneer", "brand": "Pioneer", "opening_hours": null}, "geometry": {"type": "Point", "coordinates": [-78.2796934, 43.9506617]}}, {"type": "Feature", "properties": {"id": 238119388, "name": "MacEwen", "brand": "MacEwen", "opening_hours": "Sa 06:00-23:00,Su 07:00-20:00,Mo-Fr 05:30-23:00"}, "geometry": {"type": "Point", "coordinates": [-75.6924474, 45.409652]}}, {"type": "Feature", "properties": {"id": 238465968, "name": "Petro-Pass Cardlock", "brand": "Petro-Canada", "opening_hours": null}, "geometry": {"type": "Point", "coordinates": [-80.9742784, 46.4366977]}}, {"type": "Feature", "properties": {"id": 239062269, "name": "Canadian Tire Gas+", "brand": "Canadian Tire", "opening_hours": null}, "geometry": {"type": "Point", "coordinates": [-80.2766563, 43.5660041]}}, {"type": "Feature", "properties": {"id": 239524119, "name": "Shell", "brand": "Shell", "opening_hours": null}, "geometry": {"type": "Point", "coordinates": [-76.8781721, 45.6262131]}}, {"type": "Feature", "properties": {"id": 239825129, "name": "Esso", "brand": "Esso", "opening_hours": null}, "geometry": {"type": "Point", "coordinates": [-75.7336352, 45.3501726]}}, {"type": "Feature", "properties": {"id": 240295966, "name": "Ultramar", "brand": "Ultramar", "opening_hours": null}, "geometry": {"type": "Point", "coordinates": [-78.9495456, 44.1097611]}}, {"type": "Feature", "properties": {"id": 242032836, "name": "Esso", "brand": "Esso", "opening_hours": null}, "geometry": {"type": "Point", "coordinates": [-76.6982853, 45.5778934]}}, {"type": "Feature", "properties": {"id": 242230806, "name": "Esso", "brand": "Esso", "opening_hours": null}, "geometry": {"type": "Point", "coordinates": [-78.8485534, 43.9392302]}}, {"type": "Feature", "properties": {"id": 242489352, "name": "B F Gas Bar Car Wash", "brand": null, "opening_hours": null}, "geometry": {"type": "Point", "coordinates": [-81.064194, 46.4732546]}}, {"type": "Feature", "properties": {"id": 242888778, "name": "Shell", "brand": "Shell", "opening_hours": "24/7"}, "geometry": {"type": "Point", "coordinates": [-80.0098663, 45.3446551]}}, {"type": "Feature", "properties": {"id": 242899616, "name": "Petro-Canada", "brand": "Petro-Canada", "opening_hours": null}, "geometry": {"type": "Point", "coordinates": [-80.8774999, 43.0158353]}}, {"type": "Feature", "properties": {"id": 242966114, "name": "Stinson", "brand": "Stinson", "opening_hours": null}, "geometry": {"type": "Point", "coordinates": [-75.6401623, 45.0287145]}}, {"type": "Feature", "properties": {"id": 243071067, "name": "MacEwen", "brand": "MacEwen", "opening_hours": null}, "geometry": {"type": "Point", "coordinates": [-75.6375929, 45.0299452]}}, {"type": "Feature", "properties": {"id": 243279135, "name": "Canadian Tire", "brand": "Canadian Tire", "opening_hours": null}, "geometry": {"type": "Point", "coordinates": [-80.9937819, 46.4482636]}}, {"type": "Feature", "properties": {"id": 243581513, "name": "Ultramar", "brand": "Ultramar", "opening_hours": null}, "geometry": {"type": "Point", "coordinates": [-75.8686439, 45.2879348]}}, {"type": "Feature", "properties": {"id": 244243404, "name": "Petro-Canada", "brand": "Petro-Canada", "opening_hours": "24/7"}, "geometry": {"type": "Point", "coordinates": [-75.6391522, 45.4283834]}}, {"type": "Feature", "properties": {"id": 244287878, "name": "CAN-OP", "brand": null, "opening_hours": null}, "geometry": {"type": "Point", "coordinates": [-86.5316361, 49.7818173]}}, {"type": "Feature", "properties": {"id": 244592596, "name": "Shell", "brand": "Shell", "opening_hours": null}, "geometry": {"type": "Point", "coordinates": [-81.184298, 43.4624618]}}, {"type": "Feature", "properties": {"id": 244593677, "name": "Shell", "brand": "Shell", "opening_hours": null}, "geometry": {"type": "Point", "coordinates": [-75.5165305, 45.4759419]}}, {"type": "Feature", "properties": {"id": 245076711, "name": "Esso", "brand": "Esso", "opening_hours": null}, "geometry": {"type": "Point", "coordinates": [-80.4630322, 48.5331894]}}, {"type": "Feature", "properties": {"id": 245452503, "name": "Mobil", "brand": "Mobil", "opening_hours": null}, "geometry": {"type": "Point", "coordinates": [-75.6126475, 45.4333973]}}, {"type": "Feature", "properties": {"id": 245463213, "name": "Esso", "brand": "Esso", "opening_hours": null}, "geometry": {"type": "Point", "coordinates": [-80.9661814, 43.3707932]}}, {"type": "Feature", "properties": {"id": 245475633, "name": "Circle K", "brand": "Circle K", "opening_hours": null}, "geometry": {"type": "Point", "coordinates": [-75.7774463, 45.3236122]}}, {"type": "Feature", "properties": {"id": 246460872, "name": "Petro-Canada", "brand": "Petro-Canada", "opening_hours": null}, "geometry": {"type": "Point", "coordinates": [-79.89635, 45.3062216]}}, {"type": "Feature", "properties": {"id": 248092052, "name": "Pioneer", "brand": "Pioneer", "opening_hours": "24/7"}, "geometry": {"type": "Point", "coordinates": [-79.2584373, 42.9844982]}}, {"type": "Feature", "properties": {"id": 248103627, "name": "Esso", "brand": "Esso", "opening_hours": "24/7"}, "geometry": {"type": "Point", "coordinates": [-79.4147981, 43.6733041]}}, {"type": "Feature", "properties": {"id": 248834899, "name": "Ultramar", "brand": "Ultramar", "opening_hours": null}, "geometry": {"type": "Point", "coordinates": [-81.109278, 46.4365292]}}, {"type": "Feature", "properties": {"id": 248896624, "name": "GOCO", "brand": null, "opening_hours": null}, "geometry": {"type": "Point", "coordinates": [-80.7136654, 43.3824409]}}, {"type": "Feature", "properties": {"id": 249774514, "name": "Shell", "brand": "Shell", "opening_hours": null}, "geometry": {"type": "Point", "coordinates": [-79.4357162, 44.0837461]}}, {"type": "Feature", "properties": {"id": 250894795, "name": "Kahooters Pit Stop", "brand": "Esso", "opening_hours": null}, "geometry": {"type": "Point", "coordinates": [-93.2377816, 50.6402731]}}, {"type": "Feature", "properties": {"id": 251866624, "name": "Canadian Tire", "brand": "Canadian Tire", "opening_hours": null}, "geometry": {"type": "Point", "coordinates": [-80.5722464, 43.4465619]}}, {"type": "Feature", "properties": {"id": 252231587, "name": "Esso", "brand": "Esso", "opening_hours": null}, "geometry": {"type": "Point", "coordinates": [-75.7018695, 45.33358]}}, {"type": "Feature", "properties": {"id": 252844339, "name": "Esso", "brand": "Esso", "opening_hours": "06:00-23:00"}, "geometry": {"type": "Point", "coordinates": [-76.4610195, 44.253235]}}, {"type": "Feature", "properties": {"id": 252987681, "name": "Circle K", "brand": "Circle K", "opening_hours": null}, "geometry": {"type": "Point", "coordinates": [-79.2579152, 43.9691706]}}, {"type": "Feature", "properties": {"id": 253112069, "name": "Esso", "brand": "Esso", "opening_hours": null}, "geometry": {"type": "Point", "coordinates": [-75.6309074, 45.3831286]}}, {"type": "Feature", "properties": {"id": 254642766, "name": "Ultramar", "brand": "Ultramar", "opening_hours": null}, "geometry": {"type": "Point", "coordinates": [-75.537489, 45.479184]}}, {"type": "Feature", "properties": {"id": 254740013, "name": "Canadian Tire", "brand": "Canadian Tire", "opening_hours": null}, "geometry": {"type": "Point", "coordinates": [-80.9433487, 43.3703765]}}, {"type": "Feature", "properties": {"id": 254827449, "name": "Shell", "brand": "Shell", "opening_hours": null}, "geometry": {"type": "Point", "coordinates": [-75.7334963, 45.3812576]}}, {"type": "Feature", "properties": {"id": 254988259, "name": "Esso", "brand": "Esso", "opening_hours": "24/7"}, "geometry": {"type": "Point", "coordinates": [-80.318331, 43.376618]}}, {"type": "Feature", "properties": {"id": 255444251, "name": "Esso", "brand": "Esso", "opening_hours": null}, "geometry": {"type": "Point", "coordinates": [-79.7004777, 43.2239373]}}, {"type": "Feature", "properties": {"id": 255621438, "name": "Mobil", "brand": "Mobil", "opening_hours": null}, "geometry": {"type": "Point", "coordinates": [-81.1719094, 42.779078]}}, {"type": "Feature", "properties": {"id": 255621452, "name": "Canadian Tire", "brand": "Canadian Tire", "opening_hours": null}, "geometry": {"type": "Point", "coordinates": [-81.1746366, 42.7825419]}}, {"type": "Feature", "properties": {"id": 255885761, "name": "CircleK/Shell", "brand": "Shell", "opening_hours": null}, "geometry": {"type": "Point", "coordinates": [-80.0427562, 48.1471817]}}, {"type": "Feature", "properties": {"id": 255976918, "name": "Petrocan", "brand": "Canadian Tire", "opening_hours": null}, "geometry": {"type": "Point", "coordinates": [-80.0453394, 48.1468084]}}, {"type": "Feature", "properties": {"id": 256076359, "name": "Esso", "brand": "Esso", "opening_hours": "24/7"}, "geometry": {"type": "Point", "coordinates": [-79.2239525, 43.1330227]}}, {"type": "Feature", "properties": {"id": 257567507, "name": "Fast Stop", "brand": null, "opening_hours": null}, "geometry": {"type": "Point", "coordinates": [-81.0313928, 49.0520588]}}, {"type": "Feature", "properties": {"id": 257567519, "name": "Girard's Esso", "brand": "Esso", "opening_hours": null}, "geometry": {"type": "Point", "coordinates": [-81.0309476, 49.0557835]}}, {"type": "Feature", "properties": {"id": 258202107, "name": "Ultramar", "brand": "Ultramar", "opening_hours": null}, "geometry": {"type": "Point", "coordinates": [-75.8380249, 45.2811929]}}, {"type": "Feature", "properties": {"id": 258335724, "name": "Esso", "brand": "Esso", "opening_hours": null}, "geometry": {"type": "Point", "coordinates": [-79.673604, 47.5362499]}}, {"type": "Feature", "properties": {"id": 259425425, "name": "Shell", "brand": "Shell", "opening_hours": null}, "geometry": {"type": "Point", "coordinates": [-80.997913, 43.3779481]}}, {"type": "Feature", "properties": {"id": 259981783, "name": "Global", "brand": "Global", "opening_hours": null}, "geometry": {"type": "Point", "coordinates": [-77.2644207, 44.2626237]}}, {"type": "Feature", "properties": {"id": 262377063, "name": "Petro-Canada", "brand": "Petro-Canada", "opening_hours": null}, "geometry": {"type": "Point", "coordinates": [-77.3893548, 44.1592778]}}, {"type": "Feature", "properties": {"id": 262403222, "name": "MacEwen", "brand": "MacEwen", "opening_hours": null}, "geometry": {"type": "Point", "coordinates": [-75.0826695, 45.3064313]}}, {"type": "Feature", "properties": {"id": 262403223, "name": "Esso", "brand": "Esso", "opening_hours": null}, "geometry": {"type": "Point", "coordinates": [-75.0812154, 45.3064205]}}, {"type": "Feature", "properties": {"id": 262603466, "name": "Canadian Tire", "brand": "Canadian Tire", "opening_hours": null}, "geometry": {"type": "Point", "coordinates": [-79.6846338, 43.5257452]}}, {"type": "Feature", "properties": {"id": 263630241, "name": "Pioneer", "brand": "Pioneer", "opening_hours": null}, "geometry": {"type": "Point", "coordinates": [-81.1854383, 46.5682869]}}, {"type": "Feature", "properties": {"id": 264775738, "name": "Ultramar", "brand": "Ultramar", "opening_hours": null}, "geometry": {"type": "Point", "coordinates": [-76.3462346, 45.4337557]}}, {"type": "Feature", "properties": {"id": 264850454, "name": "Shamrock", "brand": null, "opening_hours": null}, "geometry": {"type": "Point", "coordinates": [-79.7050967, 43.8564032]}}, {"type": "Feature", "properties": {"id": 265320565, "name": "Shell", "brand": "Shell", "opening_hours": null}, "geometry": {"type": "Point", "coordinates": [-79.7139545, 43.2161694]}}, {"type": "Feature", "properties": {"id": 265619675, "name": "Esso", "brand": "Esso", "opening_hours": null}, "geometry": {"type": "Point", "coordinates": [-80.9838223, 46.5226739]}}, {"type": "Feature", "properties": {"id": 266168999, "name": "7-Eleven", "brand": "7-Eleven", "opening_hours": "24/7"}, "geometry": {"type": "Point", "coordinates": [-79.8678907, 43.2369713]}}, {"type": "Feature", "properties": {"id": 267741644, "name": "Petro Canada", "brand": "Petro-Canada", "opening_hours": null}, "geometry": {"type": "Point", "coordinates": [-79.7145498, 43.5459915]}}, {"type": "Feature", "properties": {"id": 267907967, "name": "Canadian Tire", "brand": "Canadian Tire", "opening_hours": null}, "geometry": {"type": "Point", "coordinates": [-79.1252378, 43.1143142]}}, {"type": "Feature", "properties": {"id": 269604338, "name": "Canadian Tire", "brand": "Canadian Tire", "opening_hours": "24/7"}, "geometry": {"type": "Point", "coordinates": [-79.881055, 43.2290553]}}, {"type": "Feature", "properties": {"id": 270045224, "name": "shell", "brand": "Shell", "opening_hours": null}, "geometry": {"type": "Point", "coordinates": [-79.8299104, 43.2254375]}}, {"type": "Feature", "properties": {"id": 270150026, "name": "Circle K", "brand": "Circle K", "opening_hours": null}, "geometry": {"type": "Point", "coordinates": [-79.7587602, 43.7034071]}}, {"type": "Feature", "properties": {"id": 270213838, "name": "Mobil", "brand": "Mobil", "opening_hours": "Mo-Sa 07:00-22:00; Su 08:00-21:00"}, "geometry": {"type": "Point", "coordinates": [-75.7341497, 45.3634312]}}, {"type": "Feature", "properties": {"id": 271731272, "name": "Esso", "brand": "Esso", "opening_hours": null}, "geometry": {"type": "Point", "coordinates": [-80.9348963, 46.4908002]}}, {"type": "Feature", "properties": {"id": 271957547, "name": "Petro-Canada", "brand": "Petro-Canada", "opening_hours": null}, "geometry": {"type": "Point", "coordinates": [-80.6059092, 43.4136287]}}, {"type": "Feature", "properties": {"id": 272566830, "name": "On the Run", "brand": "Pioneer", "opening_hours": "24/7"}, "geometry": {"type": "Point", "coordinates": [-79.8367659, 43.2347366]}}, {"type": "Feature", "properties": {"id": 273194406, "name": "Conco", "brand": null, "opening_hours": null}, "geometry": {"type": "Point", "coordinates": [-79.449946, 43.6527814]}}, {"type": "Feature", "properties": {"id": 273194490, "name": "Shell", "brand": "Shell", "opening_hours": "24/7"}, "geometry": {"type": "Point", "coordinates": [-79.4462835, 43.6516547]}}, {"type": "Feature", "properties": {"id": 273501520, "name": "Husky", "brand": "Husky", "opening_hours": null}, "geometry": {"type": "Point", "coordinates": [-79.5966433, 43.571995]}}, {"type": "Feature", "properties": {"id": 275474293, "name": "Petro-Canada", "brand": "Petro-Canada", "opening_hours": null}, "geometry": {"type": "Point", "coordinates": [-75.6627801, 45.3701218]}}, {"type": "Feature", "properties": {"id": 275523460, "name": "Petro-Canada", "brand": "Petro-Canada", "opening_hours": null}, "geometry": {"type": "Point", "coordinates": [-75.627463, 45.405351]}}, {"type": "Feature", "properties": {"id": 275527290, "name": "Pioneer", "brand": "Pioneer", "opening_hours": null}, "geometry": {"type": "Point", "coordinates": [-75.6410229, 45.4110706]}}, {"type": "Feature", "properties": {"id": 275692159, "name": "MacEwen", "brand": "MacEwen", "opening_hours": null}, "geometry": {"type": "Point", "coordinates": [-75.9496065, 45.2756512]}}, {"type": "Feature", "properties": {"id": 275802628, "name": "Canadian Tire", "brand": "Canadian Tire", "opening_hours": null}, "geometry": {"type": "Point", "coordinates": [-80.0068896, 45.3452807]}}, {"type": "Feature", "properties": {"id": 281049684, "name": "Pioneer", "brand": "Pioneer", "opening_hours": "24/7"}, "geometry": {"type": "Point", "coordinates": [-79.4648841, 44.2273931]}}, {"type": "Feature", "properties": {"id": 281405726, "name": "Shell", "brand": "Shell", "opening_hours": null}, "geometry": {"type": "Point", "coordinates": [-79.4656978, 44.2340438]}}, {"type": "Feature", "properties": {"id": 282094537, "name": "Petro-Canada", "brand": "Petro-Canada", "opening_hours": null}, "geometry": {"type": "Point", "coordinates": [-79.7234806, 43.8695843]}}, {"type": "Feature", "properties": {"id": 282095192, "name": "Petro-Canada", "brand": "Petro-Canada", "opening_hours": null}, "geometry": {"type": "Point", "coordinates": [-79.7300908, 43.8734376]}}, {"type": "Feature", "properties": {"id": 282840027, "name": "Woods Gas Bar", "brand": null, "opening_hours": null}, "geometry": {"type": "Point", "coordinates": [-77.9380539, 45.2313581]}}, {"type": "Feature", "properties": {"id": 284629723, "name": "Shell", "brand": "Shell", "opening_hours": null}, "geometry": {"type": "Point", "coordinates": [-79.5262649, 43.651965]}}, {"type": "Feature", "properties": {"id": 285262833, "name": "Shell", "brand": "Shell", "opening_hours": null}, "geometry": {"type": "Point", "coordinates": [-78.6896479, 43.8973967]}}, {"type": "Feature", "properties": {"id": 285499374, "name": "Shell", "brand": "Shell", "opening_hours": null}, "geometry": {"type": "Point", "coordinates": [-80.1301066, 44.0498987]}}, {"type": "Feature", "properties": {"id": 285827348, "name": "Esso", "brand": "Esso", "opening_hours": null}, "geometry": {"type": "Point", "coordinates": [-75.7382394, 45.2745697]}}, {"type": "Feature", "properties": {"id": 285829398, "name": "Petro-Canada", "brand": "Petro-Canada", "opening_hours": null}, "geometry": {"type": "Point", "coordinates": [-75.7194495, 45.2759896]}}, {"type": "Feature", "properties": {"id": 287694757, "name": "Mobil", "brand": "Mobil", "opening_hours": null}, "geometry": {"type": "Point", "coordinates": [-78.3219024, 43.9597789]}}, {"type": "Feature", "properties": {"id": 287694758, "name": "Shell", "brand": "Shell", "opening_hours": null}, "geometry": {"type": "Point", "coordinates": [-78.3219508, 43.958997]}}, {"type": "Feature", "properties": {"id": 288652627, "name": "UPI Energy", "brand": null, "opening_hours": null}, "geometry": {"type": "Point", "coordinates": [-81.7138802, 42.750444]}}, {"type": "Feature", "properties": {"id": 288663536, "name": "Mobil", "brand": "Mobil", "opening_hours": "Mo 07:00-21:00; Tu 07:00-21:00; We 07:00-21:00; Th 07:00-21:00; Fr 07:00-21:00; Sa 07:00-21:00; Su 08:00-21:00"}, "geometry": {"type": "Point", "coordinates": [-79.8850614, 44.3321375]}}, {"type": "Feature", "properties": {"id": 288664033, "name": "Petro-Canada", "brand": "Petro-Canada", "opening_hours": "Mo-Fr 06:30-22:30; Sa,Su 07:00-22:30"}, "geometry": {"type": "Point", "coordinates": [-79.8883314, 44.3235009]}}, {"type": "Feature", "properties": {"id": 288664161, "name": "Circle K", "brand": "Circle K", "opening_hours": "24/7"}, "geometry": {"type": "Point", "coordinates": [-79.8875556, 44.3211342]}}, {"type": "Feature", "properties": {"id": 288818724, "name": "Esso", "brand": "Esso", "opening_hours": null}, "geometry": {"type": "Point", "coordinates": [-80.9853333, 42.7727898]}}, {"type": "Feature", "properties": {"id": 288858949, "name": "Husky", "brand": "Husky", "opening_hours": null}, "geometry": {"type": "Point", "coordinates": [-77.3556573, 44.1672013]}}, {"type": "Feature", "properties": {"id": 289314926, "name": "Husky", "brand": "Husky", "opening_hours": null}, "geometry": {"type": "Point", "coordinates": [-79.70805, 43.8572385]}}, {"type": "Feature", "properties": {"id": 289428799, "name": "Canadian Tire", "brand": "Canadian Tire", "opening_hours": null}, "geometry": {"type": "Point", "coordinates": [-76.6530853, 45.4790926]}}, {"type": "Feature", "properties": {"id": 289429528, "name": "Mobil", "brand": "Mobil", "opening_hours": null}, "geometry": {"type": "Point", "coordinates": [-76.6598681, 45.4752373]}}, {"type": "Feature", "properties": {"id": 289965224, "name": "Petro-Canada", "brand": "Petro-Canada", "opening_hours": null}, "geometry": {"type": "Point", "coordinates": [-81.9943975, 42.3338272]}}, {"type": "Feature", "properties": {"id": 290404173, "name": "Canadian Tire", "brand": "Canadian Tire", "opening_hours": null}, "geometry": {"type": "Point", "coordinates": [-77.6590897, 44.1094747]}}, {"type": "Feature", "properties": {"id": 291174721, "name": "Petro-Canada", "brand": "Petro-Canada", "opening_hours": null}, "geometry": {"type": "Point", "coordinates": [-80.1140073, 43.8989138]}}, {"type": "Feature", "properties": {"id": 291174724, "name": "Shell", "brand": "Shell", "opening_hours": null}, "geometry": {"type": "Point", "coordinates": [-80.1131149, 43.898347]}}, {"type": "Feature", "properties": {"id": 292080643, "name": "Canadian Tire", "brand": "Canadian Tire", "opening_hours": null}, "geometry": {"type": "Point", "coordinates": [-77.5552884, 44.1043646]}}, {"type": "Feature", "properties": {"id": 292082528, "name": "ultramar", "brand": "Ultramar", "opening_hours": null}, "geometry": {"type": "Point", "coordinates": [-77.568606, 44.1051686]}}, {"type": "Feature", "properties": {"id": 292755667, "name": "Canadian Tire", "brand": "Canadian Tire", "opening_hours": null}, "geometry": {"type": "Point", "coordinates": [-80.9438181, 46.520757]}}, {"type": "Feature", "properties": {"id": 292759506, "name": "Petro-Canada", "brand": "Petro-Canada", "opening_hours": null}, "geometry": {"type": "Point", "coordinates": [-80.9434823, 46.5216599]}}, {"type": "Feature", "properties": {"id": 292836122, "name": "Esso", "brand": "Esso", "opening_hours": null}, "geometry": {"type": "Point", "coordinates": [-75.6661635, 45.4340155]}}, {"type": "Feature", "properties": {"id": 293133122, "name": "Fetterley's Garage", "brand": null, "opening_hours": null}, "geometry": {"type": "Point", "coordinates": [-79.2280465, 45.5585902]}}, {"type": "Feature", "properties": {"id": 293194955, "name": "Pioneer", "brand": "Pioneer", "opening_hours": null}, "geometry": {"type": "Point", "coordinates": [-80.9333477, 46.5101643]}}, {"type": "Feature", "properties": {"id": 293455261, "name": "Bearpaw Gas & Convenience", "brand": null, "opening_hours": null}, "geometry": {"type": "Point", "coordinates": [-80.2204048, 43.0646991]}}, {"type": "Feature", "properties": {"id": 293593273, "name": "Esso", "brand": "Esso", "opening_hours": null}, "geometry": {"type": "Point", "coordinates": [-78.7555166, 44.359912]}}, {"type": "Feature", "properties": {"id": 294224920, "name": "Mr Gas", "brand": "Mr.Gas Ltd", "opening_hours": null}, "geometry": {"type": "Point", "coordinates": [-75.2956029, 45.5514179]}}, {"type": "Feature", "properties": {"id": 294255663, "name": "Shell", "brand": "Shell", "opening_hours": null}, "geometry": {"type": "Point", "coordinates": [-75.3017601, 45.5455121]}}, {"type": "Feature", "properties": {"id": 294255664, "name": "Canadian Tire", "brand": "Canadian Tire", "opening_hours": null}, "geometry": {"type": "Point", "coordinates": [-75.3030281, 45.5463764]}}, {"type": "Feature", "properties": {"id": 294268266, "name": "MacEwen", "brand": "MacEwen", "opening_hours": null}, "geometry": {"type": "Point", "coordinates": [-74.911548, 45.5496738]}}, {"type": "Feature", "properties": {"id": 295037321, "name": "Pioneer", "brand": "Pioneer", "opening_hours": null}, "geometry": {"type": "Point", "coordinates": [-81.0069035, 44.1550875]}}, {"type": "Feature", "properties": {"id": 295278835, "name": "Ultramar", "brand": "Ultramar", "opening_hours": null}, "geometry": {"type": "Point", "coordinates": [-75.6490789, 45.0231334]}}, {"type": "Feature", "properties": {"id": 295279779, "name": "Quickie", "brand": "Quickie", "opening_hours": null}, "geometry": {"type": "Point", "coordinates": [-75.6529497, 45.0210038]}}, {"type": "Feature", "properties": {"id": 295539198, "name": "Bannon's Gas Bar", "brand": null, "opening_hours": null}, "geometry": {"type": "Point", "coordinates": [-89.2850318, 48.3544955]}}, {"type": "Feature", "properties": {"id": 295542453, "name": "Chapman's Gas Bar", "brand": null, "opening_hours": null}, "geometry": {"type": "Point", "coordinates": [-89.2790821, 48.3560423]}}, {"type": "Feature", "properties": {"id": 295573803, "name": "Stinson", "brand": "Stinson", "opening_hours": null}, "geometry": {"type": "Point", "coordinates": [-76.8878784, 45.6263356]}}, {"type": "Feature", "properties": {"id": 295581835, "name": "Esso", "brand": "Esso", "opening_hours": null}, "geometry": {"type": "Point", "coordinates": [-89.2558303, 48.381264]}}, {"type": "Feature", "properties": {"id": 296937852, "name": "Petro-Canada", "brand": "Petro-Canada", "opening_hours": null}, "geometry": {"type": "Point", "coordinates": [-74.9000454, 45.3469458]}}, {"type": "Feature", "properties": {"id": 297822181, "name": "Esso", "brand": "Esso", "opening_hours": null}, "geometry": {"type": "Point", "coordinates": [-79.6778607, 44.3363978]}}, {"type": "Feature", "properties": {"id": 297822468, "name": "Costco Gasoline", "brand": "Costco", "opening_hours": null}, "geometry": {"type": "Point", "coordinates": [-79.6814345, 44.3356529]}}, {"type": "Feature", "properties": {"id": 297826361, "name": "Petro-Canada", "brand": "Petro-Canada", "opening_hours": null}, "geometry": {"type": "Point", "coordinates": [-79.69944, 44.3316033]}}, {"type": "Feature", "properties": {"id": 297826373, "name": "Ultramar", "brand": "Ultramar", "opening_hours": null}, "geometry": {"type": "Point", "coordinates": [-79.7155872, 44.3282882]}}, {"type": "Feature", "properties": {"id": 298615890, "name": "Butler Lake Truck Stop", "brand": null, "opening_hours": null}, "geometry": {"type": "Point", "coordinates": [-80.2520641, 48.3424913]}}, {"type": "Feature", "properties": {"id": 299926461, "name": "Pioneer", "brand": "Pioneer", "opening_hours": null}, "geometry": {"type": "Point", "coordinates": [-78.4031548, 44.2403472]}}, {"type": "Feature", "properties": {"id": 300546894, "name": "Ultramar", "brand": "Ultramar", "opening_hours": null}, "geometry": {"type": "Point", "coordinates": [-75.653976, 45.4389597]}}, {"type": "Feature", "properties": {"id": 300577507, "name": "Drummond's Gas", "brand": "Drummond's Gas", "opening_hours": "24/7"}, "geometry": {"type": "Point", "coordinates": [-75.7009332, 45.4036329]}}, {"type": "Feature", "properties": {"id": 300709879, "name": "Esso", "brand": "Esso", "opening_hours": null}, "geometry": {"type": "Point", "coordinates": [-79.8361509, 43.9499023]}}, {"type": "Feature", "properties": {"id": 300962934, "name": "Pioneer", "brand": "Pioneer", "opening_hours": null}, "geometry": {"type": "Point", "coordinates": [-80.5305041, 43.8280773]}}, {"type": "Feature", "properties": {"id": 301010328, "name": "Mobil", "brand": "Mobil", "opening_hours": null}, "geometry": {"type": "Point", "coordinates": [-80.951013, 43.3704709]}}, {"type": "Feature", "properties": {"id": 301289775, "name": "Ultramar", "brand": "Ultramar", "opening_hours": null}, "geometry": {"type": "Point", "coordinates": [-77.1358803, 44.0212321]}}, {"type": "Feature", "properties": {"id": 301594124, "name": "Esso", "brand": "Esso", "opening_hours": null}, "geometry": {"type": "Point", "coordinates": [-77.8571699, 45.0621042]}}, {"type": "Feature", "properties": {"id": 302317496, "name": "Esso", "brand": "Esso", "opening_hours": null}, "geometry": {"type": "Point", "coordinates": [-77.830174, 45.0405032]}}, {"type": "Feature", "properties": {"id": 302411898, "name": "South End Service", "brand": null, "opening_hours": null}, "geometry": {"type": "Point", "coordinates": [-80.9752347, 43.3587187]}}, {"type": "Feature", "properties": {"id": 302727416, "name": "Petro-Canada", "brand": "Petro-Canada", "opening_hours": null}, "geometry": {"type": "Point", "coordinates": [-75.703866, 45.4073815]}}, {"type": "Feature", "properties": {"id": 302863516, "name": "Petro-Canada", "brand": "Petro-Canada", "opening_hours": null}, "geometry": {"type": "Point", "coordinates": [-89.6501694, 48.5338123]}}, {"type": "Feature", "properties": {"id": 302977963, "name": "Petro Pass", "brand": null, "opening_hours": null}, "geometry": {"type": "Point", "coordinates": [-76.5701795, 44.281198]}}, {"type": "Feature", "properties": {"id": 303353639, "name": "Shell", "brand": "Shell", "opening_hours": "Mo-Su 00:00+"}, "geometry": {"type": "Point", "coordinates": [-80.5279993, 43.5032693]}}, {"type": "Feature", "properties": {"id": 303613983, "name": "Mobil", "brand": "Mobil", "opening_hours": null}, "geometry": {"type": "Point", "coordinates": [-77.1601637, 43.9998439]}}, {"type": "Feature", "properties": {"id": 303987862, "name": "Petro-Canada", "brand": "Petro-Canada", "opening_hours": null}, "geometry": {"type": "Point", "coordinates": [-79.0843725, 43.2528785]}}, {"type": "Feature", "properties": {"id": 304438064, "name": "Petro-Canada", "brand": "Petro-Canada", "opening_hours": null}, "geometry": {"type": "Point", "coordinates": [-75.6373153, 45.425252]}}, {"type": "Feature", "properties": {"id": 304866453, "name": "Shell", "brand": "Shell", "opening_hours": null}, "geometry": {"type": "Point", "coordinates": [-80.9740412, 43.3550151]}}, {"type": "Feature", "properties": {"id": 305804538, "name": "McEwen", "brand": null, "opening_hours": null}, "geometry": {"type": "Point", "coordinates": [-75.6403657, 45.4429162]}}, {"type": "Feature", "properties": {"id": 306190126, "name": "Pioneer", "brand": "Pioneer", "opening_hours": null}, "geometry": {"type": "Point", "coordinates": [-75.6442056, 45.4416218]}}, {"type": "Feature", "properties": {"id": 306303832, "name": "MacEwen Rideaucrest", "brand": "MacEwen", "opening_hours": null}, "geometry": {"type": "Point", "coordinates": [-75.7229405, 45.2847824]}}, {"type": "Feature", "properties": {"id": 306971370, "name": "Petro-Canada", "brand": "Petro-Canada", "opening_hours": "24/7"}, "geometry": {"type": "Point", "coordinates": [-75.7563959, 45.3426071]}}, {"type": "Feature", "properties": {"id": 307085783, "name": "Petro-Canada", "brand": "Petro-Canada", "opening_hours": null}, "geometry": {"type": "Point", "coordinates": [-75.8701552, 45.2905094]}}, {"type": "Feature", "properties": {"id": 307963131, "name": "Petro-Canada", "brand": "Petro-Canada", "opening_hours": null}, "geometry": {"type": "Point", "coordinates": [-76.570355, 44.2802305]}}, {"type": "Feature", "properties": {"id": 308472162, "name": "Shell", "brand": "Shell", "opening_hours": null}, "geometry": {"type": "Point", "coordinates": [-79.7014119, 44.1901639]}}, {"type": "Feature", "properties": {"id": 308508741, "name": "Esso", "brand": "Esso", "opening_hours": null}, "geometry": {"type": "Point", "coordinates": [-75.9169479, 45.342159]}}, {"type": "Feature", "properties": {"id": 308889423, "name": "Shell", "brand": "Shell", "opening_hours": null}, "geometry": {"type": "Point", "coordinates": [-78.2892547, 43.9672279]}}, {"type": "Feature", "properties": {"id": 308966823, "name": "Esso", "brand": "Esso", "opening_hours": null}, "geometry": {"type": "Point", "coordinates": [-80.6956625, 43.3770321]}}, {"type": "Feature", "properties": {"id": 308991692, "name": "Pioneer", "brand": "Pioneer", "opening_hours": null}, "geometry": {"type": "Point", "coordinates": [-80.3878476, 43.1863909]}}, {"type": "Feature", "properties": {"id": 310248410, "name": "Ultramar", "brand": "Ultramar", "opening_hours": null}, "geometry": {"type": "Point", "coordinates": [-77.1467948, 44.0047524]}}, {"type": "Feature", "properties": {"id": 310938959, "name": "Esso", "brand": "Esso", "opening_hours": null}, "geometry": {"type": "Point", "coordinates": [-78.1477216, 44.0162955]}}, {"type": "Feature", "properties": {"id": 312021767, "name": "Petro-Canada", "brand": "Petro-Canada", "opening_hours": "24/7"}, "geometry": {"type": "Point", "coordinates": [-78.28926, 43.9667972]}}, {"type": "Feature", "properties": {"id": 312442890, "name": "Pioneer", "brand": "Pioneer", "opening_hours": "24/7"}, "geometry": {"type": "Point", "coordinates": [-80.2400469, 43.1547652]}}, {"type": "Feature", "properties": {"id": 312517987, "name": "Esso", "brand": "Esso", "opening_hours": null}, "geometry": {"type": "Point", "coordinates": [-78.8076092, 43.9067318]}}, {"type": "Feature", "properties": {"id": 312688855, "name": "Shell", "brand": "Shell", "opening_hours": null}, "geometry": {"type": "Point", "coordinates": [-75.4874215, 45.4614766]}}, {"type": "Feature", "properties": {"id": 312839890, "name": "Shell", "brand": "Shell", "opening_hours": "Mo-Fr 05:30-23:00, Fr-Sa 05:30-00:00, Su 05:30-23:00"}, "geometry": {"type": "Point", "coordinates": [-80.3704307, 43.69766]}}, {"type": "Feature", "properties": {"id": 313007337, "name": "Ultramar", "brand": "Ultramar", "opening_hours": null}, "geometry": {"type": "Point", "coordinates": [-79.125343, 44.4284641]}}, {"type": "Feature", "properties": {"id": 313463591, "name": "Shell", "brand": "Shell", "opening_hours": null}, "geometry": {"type": "Point", "coordinates": [-75.618195, 45.3891695]}}, {"type": "Feature", "properties": {"id": 314942088, "name": "Petro-Canada", "brand": "Petro-Canada", "opening_hours": null}, "geometry": {"type": "Point", "coordinates": [-75.8793371, 45.3022239]}}, {"type": "Feature", "properties": {"id": 315236443, "name": "Esso", "brand": "Esso", "opening_hours": null}, "geometry": {"type": "Point", "coordinates": [-79.7611095, 43.896524]}}, {"type": "Feature", "properties": {"id": 315532114, "name": "Esso", "brand": "Esso", "opening_hours": null}, "geometry": {"type": "Point", "coordinates": [-79.9579509, 43.6562098]}}, {"type": "Feature", "properties": {"id": 316851252, "name": "Ultramar", "brand": "Ultramar", "opening_hours": null}, "geometry": {"type": "Point", "coordinates": [-75.621441, 45.3954218]}}, {"type": "Feature", "properties": {"id": 317230586, "name": "Petro-Canada", "brand": "Petro-Canada", "opening_hours": null}, "geometry": {"type": "Point", "coordinates": [-78.6915507, 43.8980294]}}, {"type": "Feature", "properties": {"id": 318664547, "name": "Ultramar", "brand": "Ultramar", "opening_hours": null}, "geometry": {"type": "Point", "coordinates": [-77.6764964, 44.485416]}}, {"type": "Feature", "properties": {"id": 319196774, "name": "Express Gas", "brand": null, "opening_hours": null}, "geometry": {"type": "Point", "coordinates": [-74.740928, 45.0018149]}}, {"type": "Feature", "properties": {"id": 319204711, "name": "Pioneer", "brand": "Pioneer", "opening_hours": null}, "geometry": {"type": "Point", "coordinates": [-75.3775921, 45.0884656]}}, {"type": "Feature", "properties": {"id": 319340211, "name": "Shell", "brand": "Shell", "opening_hours": null}, "geometry": {"type": "Point", "coordinates": [-75.6766794, 45.4394108]}}, {"type": "Feature", "properties": {"id": 320730547, "name": "Esso", "brand": "Esso", "opening_hours": null}, "geometry": {"type": "Point", "coordinates": [-79.7802336, 43.1737574]}}, {"type": "Feature", "properties": {"id": 320909879, "name": "Esso", "brand": "Esso", "opening_hours": null}, "geometry": {"type": "Point", "coordinates": [-75.6479109, 45.4285559]}}, {"type": "Feature", "properties": {"id": 320911527, "name": "Petro-Canada", "brand": "Petro-Canada", "opening_hours": null}, "geometry": {"type": "Point", "coordinates": [-75.6683993, 45.4331995]}}, {"type": "Feature", "properties": {"id": 321072597, "name": "Stinson", "brand": "Stinson", "opening_hours": null}, "geometry": {"type": "Point", "coordinates": [-75.610231, 45.4186405]}}, {"type": "Feature", "properties": {"id": 323163454, "name": "Petro-Canada", "brand": "Petro-Canada", "opening_hours": null}, "geometry": {"type": "Point", "coordinates": [-80.2474651, 43.1721464]}}, {"type": "Feature", "properties": {"id": 324109656, "name": "Esso", "brand": "Esso", "opening_hours": null}, "geometry": {"type": "Point", "coordinates": [-76.1791127, 45.2364631]}}, {"type": "Feature", "properties": {"id": 326974180, "name": "MacEwen", "brand": "MacEwen", "opening_hours": null}, "geometry": {"type": "Point", "coordinates": [-75.6302867, 45.4122917]}}, {"type": "Feature", "properties": {"id": 328677116, "name": "Esso", "brand": "Esso", "opening_hours": null}, "geometry": {"type": "Point", "coordinates": [-80.7601857, 43.8455016]}}, {"type": "Feature", "properties": {"id": 328886555, "name": "Shell", "brand": "Shell", "opening_hours": null}, "geometry": {"type": "Point", "coordinates": [-80.9436472, 46.5223931]}}, {"type": "Feature", "properties": {"id": 329505238, "name": "Shell", "brand": "Shell", "opening_hours": null}, "geometry": {"type": "Point", "coordinates": [-75.7360406, 45.3542651]}}, {"type": "Feature", "properties": {"id": 330933395, "name": "Petro-Canada", "brand": "Petro-Canada", "opening_hours": null}, "geometry": {"type": "Point", "coordinates": [-79.9326946, 43.1147416]}}, {"type": "Feature", "properties": {"id": 331012865, "name": "Shell", "brand": "Shell", "opening_hours": "Mo-Fr 06:30-21:00; Sa,Su 07:00-21:00"}, "geometry": {"type": "Point", "coordinates": [-80.3675456, 43.7104439]}}, {"type": "Feature", "properties": {"id": 332145832, "name": "Esso", "brand": "Esso", "opening_hours": null}, "geometry": {"type": "Point", "coordinates": [-80.0759469, 44.4743422]}}, {"type": "Feature", "properties": {"id": 332962539, "name": "Esso", "brand": "Esso", "opening_hours": null}, "geometry": {"type": "Point", "coordinates": [-79.9327944, 44.5546726]}}, {"type": "Feature", "properties": {"id": 333364228, "name": "Canadian Tire", "brand": "Canadian Tire", "opening_hours": null}, "geometry": {"type": "Point", "coordinates": [-94.4731007, 49.7596565]}}, {"type": "Feature", "properties": {"id": 333521924, "name": "Canadian Tire", "brand": "Canadian Tire", "opening_hours": null}, "geometry": {"type": "Point", "coordinates": [-81.3388705, 48.4774304]}}, {"type": "Feature", "properties": {"id": 333879481, "name": "Shell", "brand": "Shell", "opening_hours": null}, "geometry": {"type": "Point", "coordinates": [-79.7321459, 44.7326148]}}, {"type": "Feature", "properties": {"id": 334275592, "name": "Esso", "brand": "Esso", "opening_hours": null}, "geometry": {"type": "Point", "coordinates": [-84.2507009, 46.5309522]}}, {"type": "Feature", "properties": {"id": 334790117, "name": "Olco", "brand": null, "opening_hours": null}, "geometry": {"type": "Point", "coordinates": [-77.0637166, 44.196521]}}, {"type": "Feature", "properties": {"id": 335489233, "name": "Pioneer", "brand": "Pioneer", "opening_hours": null}, "geometry": {"type": "Point", "coordinates": [-79.097405, 43.0710958]}}, {"type": "Feature", "properties": {"id": 335589252, "name": "Mobil", "brand": "Mobil", "opening_hours": null}, "geometry": {"type": "Point", "coordinates": [-80.7433574, 43.9875226]}}, {"type": "Feature", "properties": {"id": 336860307, "name": "Skylite Plaza", "brand": null, "opening_hours": null}, "geometry": {"type": "Point", "coordinates": [-80.0358072, 43.0391025]}}, {"type": "Feature", "properties": {"id": 336929354, "name": "Ultramar", "brand": "Ultramar", "opening_hours": "24/7"}, "geometry": {"type": "Point", "coordinates": [-80.1293547, 43.4562152]}}, {"type": "Feature", "properties": {"id": 336929355, "name": "Ultramar Commercial", "brand": null, "opening_hours": "24/7"}, "geometry": {"type": "Point", "coordinates": [-80.1292801, 43.4559674]}}, {"type": "Feature", "properties": {"id": 337454471, "name": "Petro-Canada", "brand": "Petro-Canada", "opening_hours": null}, "geometry": {"type": "Point", "coordinates": [-75.512501, 45.478347]}}, {"type": "Feature", "properties": {"id": 338476631, "name": "Canadian Tire", "brand": "Canadian Tire", "opening_hours": null}, "geometry": {"type": "Point", "coordinates": [-80.7973932, 43.0671982]}}, {"type": "Feature", "properties": {"id": 338648440, "name": "Canadian Tire", "brand": "Canadian Tire", "opening_hours": null}, "geometry": {"type": "Point", "coordinates": [-77.6606967, 44.1102911]}}, {"type": "Feature", "properties": {"id": 338666756, "name": "Canadian Tire", "brand": "Canadian Tire", "opening_hours": null}, "geometry": {"type": "Point", "coordinates": [-76.8053217, 44.2793802]}}, {"type": "Feature", "properties": {"id": 338675114, "name": "Canadian Tire", "brand": "Canadian Tire", "opening_hours": null}, "geometry": {"type": "Point", "coordinates": [-75.0814843, 44.9710035]}}, {"type": "Feature", "properties": {"id": 338680121, "name": "Canadian Tire", "brand": "Canadian Tire", "opening_hours": null}, "geometry": {"type": "Point", "coordinates": [-75.1285587, 44.944979]}}, {"type": "Feature", "properties": {"id": 338688732, "name": "Canadian Tire", "brand": "Canadian Tire", "opening_hours": null}, "geometry": {"type": "Point", "coordinates": [-82.4020809, 42.276157]}}, {"type": "Feature", "properties": {"id": 338688742, "name": "Canadian Tire", "brand": "Canadian Tire", "opening_hours": null}, "geometry": {"type": "Point", "coordinates": [-82.3999149, 42.2749836]}}, {"type": "Feature", "properties": {"id": 338706202, "name": "Shell", "brand": "Shell", "opening_hours": null}, "geometry": {"type": "Point", "coordinates": [-79.6726881, 44.2858575]}}, {"type": "Feature", "properties": {"id": 338831308, "name": "Canadian Tire", "brand": "Canadian Tire", "opening_hours": null}, "geometry": {"type": "Point", "coordinates": [-78.5406097, 43.9206369]}}, {"type": "Feature", "properties": {"id": 339417976, "name": "Ultramar", "brand": "Ultramar", "opening_hours": null}, "geometry": {"type": "Point", "coordinates": [-80.1954502, 44.0797188]}}, {"type": "Feature", "properties": {"id": 339417981, "name": "Petro-Canada", "brand": "Petro-Canada", "opening_hours": null}, "geometry": {"type": "Point", "coordinates": [-80.1962616, 44.0803585]}}, {"type": "Feature", "properties": {"id": 339879068, "name": "Canadian Tire", "brand": "Canadian Tire", "opening_hours": null}, "geometry": {"type": "Point", "coordinates": [-74.3634012, 45.2019886]}}, {"type": "Feature", "properties": {"id": 340139004, "name": "Petro-Canada", "brand": "Petro-Canada", "opening_hours": "24/7"}, "geometry": {"type": "Point", "coordinates": [-78.1944002, 43.9780823]}}, {"type": "Feature", "properties": {"id": 340550667, "name": "Pioneer", "brand": "Pioneer", "opening_hours": "24/7"}, "geometry": {"type": "Point", "coordinates": [-79.5173832, 43.9894964]}}, {"type": "Feature", "properties": {"id": 340656819, "name": "Sit-n-bull Gas & Variety", "brand": null, "opening_hours": null}, "geometry": {"type": "Point", "coordinates": [-79.9905371, 43.0634189]}}, {"type": "Feature", "properties": {"id": 340966298, "name": "Petro-Canada", "brand": "Petro-Canada", "opening_hours": null}, "geometry": {"type": "Point", "coordinates": [-80.0865684, 43.9171508]}}, {"type": "Feature", "properties": {"id": 341228724, "name": null, "brand": null, "opening_hours": null}, "geometry": {"type": "Point", "coordinates": [-80.2125377, 43.0625893]}}, {"type": "Feature", "properties": {"id": 341885312, "name": "Petro-Canada", "brand": "Petro-Canada", "opening_hours": "24/7"}, "geometry": {"type": "Point", "coordinates": [-82.5497817, 42.2389001]}}, {"type": "Feature", "properties": {"id": 341885316, "name": "Petro-Canada", "brand": "Petro-Canada", "opening_hours": "24/7"}, "geometry": {"type": "Point", "coordinates": [-82.5501859, 42.2388533]}}, {"type": "Feature", "properties": {"id": 344362822, "name": "Esso", "brand": "Esso", "opening_hours": "07:00-21:00"}, "geometry": {"type": "Point", "coordinates": [-79.1985871, 44.0361007]}}, {"type": "Feature", "properties": {"id": 345061823, "name": "Canadian Tire Gas+", "brand": "Canadian Tire", "opening_hours": null}, "geometry": {"type": "Point", "coordinates": [-78.430865, 43.9432513]}}, {"type": "Feature", "properties": {"id": 346418539, "name": "Global", "brand": "Global", "opening_hours": null}, "geometry": {"type": "Point", "coordinates": [-79.7807468, 43.1744054]}}, {"type": "Feature", "properties": {"id": 349914252, "name": "Circle K", "brand": "Circle K", "opening_hours": null}, "geometry": {"type": "Point", "coordinates": [-77.1391838, 44.0093432]}}, {"type": "Feature", "properties": {"id": 351184155, "name": "Canadian Tire", "brand": "Canadian Tire", "opening_hours": null}, "geometry": {"type": "Point", "coordinates": [-81.6875974, 43.7298055]}}, {"type": "Feature", "properties": {"id": 353735925, "name": "Shell", "brand": "Shell", "opening_hours": "24/7"}, "geometry": {"type": "Point", "coordinates": [-76.3687213, 45.4238486]}}, {"type": "Feature", "properties": {"id": 357220971, "name": "Petro-Canada", "brand": "Petro-Canada", "opening_hours": null}, "geometry": {"type": "Point", "coordinates": [-79.670522, 44.2456287]}}, {"type": "Feature", "properties": {"id": 358576542, "name": "Coulson's Corner", "brand": null, "opening_hours": null}, "geometry": {"type": "Point", "coordinates": [-93.2399801, 50.6415565]}}, {"type": "Feature", "properties": {"id": 358971489, "name": "Flying J", "brand": "Flying J", "opening_hours": null}, "geometry": {"type": "Point", "coordinates": [-78.9674198, 42.9218236]}}, {"type": "Feature", "properties": {"id": 360211321, "name": "Esso", "brand": "Esso", "opening_hours": null}, "geometry": {"type": "Point", "coordinates": [-79.1980765, 45.3382772]}}, {"type": "Feature", "properties": {"id": 361092586, "name": "Petro Line", "brand": null, "opening_hours": null}, "geometry": {"type": "Point", "coordinates": [-81.1983939, 43.4686119]}}, {"type": "Feature", "properties": {"id": 362265004, "name": "Callander Gas Bar", "brand": null, "opening_hours": null}, "geometry": {"type": "Point", "coordinates": [-79.3646862, 46.2224386]}}, {"type": "Feature", "properties": {"id": 363679052, "name": "MacEwen", "brand": "MacEwen", "opening_hours": null}, "geometry": {"type": "Point", "coordinates": [-77.6781705, 45.4881692]}}, {"type": "Feature", "properties": {"id": 364571568, "name": "Esso", "brand": "Esso", "opening_hours": null}, "geometry": {"type": "Point", "coordinates": [-86.9514243, 49.7164352]}}, {"type": "Feature", "properties": {"id": 364894737, "name": "Little Buffalo Country Store", "brand": null, "opening_hours": null}, "geometry": {"type": "Point", "coordinates": [-80.1662642, 43.0046241]}}, {"type": "Feature", "properties": {"id": 365220463, "name": "Petro-Canada", "brand": "Petro-Canada", "opening_hours": "Mo-Fr 06:00-23:00; Sa 07:00-23:00; Su 08:00-22:00"}, "geometry": {"type": "Point", "coordinates": [-79.6529446, 43.9019644]}}, {"type": "Feature", "properties": {"id": 365258524, "name": "Esso", "brand": "Esso", "opening_hours": null}, "geometry": {"type": "Point", "coordinates": [-81.8148687, 45.7433726]}}, {"type": "Feature", "properties": {"id": 365783674, "name": "shell", "brand": "Shell", "opening_hours": null}, "geometry": {"type": "Point", "coordinates": [-79.9164558, 43.536011]}}, {"type": "Feature", "properties": {"id": 365997444, "name": "Shell", "brand": "Shell", "opening_hours": null}, "geometry": {"type": "Point", "coordinates": [-79.8504439, 43.8583086]}}, {"type": "Feature", "properties": {"id": 366898649, "name": "Danforth Gas & Wash", "brand": null, "opening_hours": null}, "geometry": {"type": "Point", "coordinates": [-79.273891, 43.693984]}}, {"type": "Feature", "properties": {"id": 367700120, "name": "Ultramar", "brand": "Ultramar", "opening_hours": null}, "geometry": {"type": "Point", "coordinates": [-75.3008229, 45.5414256]}}, {"type": "Feature", "properties": {"id": 368848979, "name": "Petro-Canada", "brand": "Petro-Canada", "opening_hours": null}, "geometry": {"type": "Point", "coordinates": [-75.7031512, 44.6006766]}}, {"type": "Feature", "properties": {"id": 369172044, "name": "Speedway Gas", "brand": null, "opening_hours": null}, "geometry": {"type": "Point", "coordinates": [-77.1049601, 44.2178899]}}, {"type": "Feature", "properties": {"id": 369457330, "name": "Shell", "brand": "Shell", "opening_hours": null}, "geometry": {"type": "Point", "coordinates": [-79.1471585, 44.0459949]}}, {"type": "Feature", "properties": {"id": 369606772, "name": "Mohawk Duty Free", "brand": null, "opening_hours": null}, "geometry": {"type": "Point", "coordinates": [-77.1017479, 44.2110419]}}, {"type": "Feature", "properties": {"id": 370345445, "name": "CAN-OP", "brand": null, "opening_hours": null}, "geometry": {"type": "Point", "coordinates": [-89.3589525, 48.3171789]}}, {"type": "Feature", "properties": {"id": 371058689, "name": "Helliar's Resort", "brand": null, "opening_hours": null}, "geometry": {"type": "Point", "coordinates": [-93.9268243, 49.1142478]}}, {"type": "Feature", "properties": {"id": 371426219, "name": "Esso", "brand": "Esso", "opening_hours": null}, "geometry": {"type": "Point", "coordinates": [-80.5304015, 43.8275773]}}, {"type": "Feature", "properties": {"id": 371602216, "name": "Drummond's Gas", "brand": "Drummond's Gas", "opening_hours": null}, "geometry": {"type": "Point", "coordinates": [-76.188644, 45.3915531]}}, {"type": "Feature", "properties": {"id": 372894632, "name": "XTR", "brand": "XTR", "opening_hours": null}, "geometry": {"type": "Point", "coordinates": [-89.2262615, 48.4637442]}}, {"type": "Feature", "properties": {"id": 372906316, "name": "Inver", "brand": "Inver", "opening_hours": null}, "geometry": {"type": "Point", "coordinates": [-89.2948187, 48.4171318]}}, {"type": "Feature", "properties": {"id": 372910140, "name": "CAN-OP", "brand": null, "opening_hours": null}, "geometry": {"type": "Point", "coordinates": [-89.3767227, 48.3628181]}}, {"type": "Feature", "properties": {"id": 372986789, "name": "Esso", "brand": "Esso", "opening_hours": null}, "geometry": {"type": "Point", "coordinates": [-89.3725114, 48.4910892]}}, {"type": "Feature", "properties": {"id": 373023603, "name": "Shell", "brand": "Shell", "opening_hours": null}, "geometry": {"type": "Point", "coordinates": [-89.3066831, 48.3804812]}}, {"type": "Feature", "properties": {"id": 373024380, "name": "Canadian Tire", "brand": "Canadian Tire", "opening_hours": null}, "geometry": {"type": "Point", "coordinates": [-89.2904724, 48.3805359]}}, {"type": "Feature", "properties": {"id": 373034813, "name": "Petro-Canada", "brand": "Petro-Canada", "opening_hours": null}, "geometry": {"type": "Point", "coordinates": [-79.7356679, 44.8060377]}}, {"type": "Feature", "properties": {"id": 373042459, "name": "Petro-Canada", "brand": "Petro-Canada", "opening_hours": null}, "geometry": {"type": "Point", "coordinates": [-89.2548858, 48.4516412]}}, {"type": "Feature", "properties": {"id": 373042992, "name": "Circle K", "brand": "Mac's", "opening_hours": null}, "geometry": {"type": "Point", "coordinates": [-89.2632082, 48.455865]}}, {"type": "Feature", "properties": {"id": 373049838, "name": "Sunys", "brand": null, "opening_hours": null}, "geometry": {"type": "Point", "coordinates": [-89.2525476, 48.451534]}}, {"type": "Feature", "properties": {"id": 373051988, "name": "Petro-Canada", "brand": "Petro-Canada", "opening_hours": null}, "geometry": {"type": "Point", "coordinates": [-89.2808462, 48.3810898]}}, {"type": "Feature", "properties": {"id": 373052201, "name": "Safeway Fuel Station", "brand": "Safeway", "opening_hours": null}, "geometry": {"type": "Point", "coordinates": [-89.2790235, 48.3811442]}}, {"type": "Feature", "properties": {"id": 373052465, "name": "Shell", "brand": "Shell", "opening_hours": null}, "geometry": {"type": "Point", "coordinates": [-89.2835996, 48.3812143]}}, {"type": "Feature", "properties": {"id": 373097874, "name": "Shell", "brand": "Shell", "opening_hours": null}, "geometry": {"type": "Point", "coordinates": [-89.2149213, 48.4565954]}}, {"type": "Feature", "properties": {"id": 373135638, "name": "Esso", "brand": "Esso", "opening_hours": null}, "geometry": {"type": "Point", "coordinates": [-89.2364298, 48.3913165]}}, {"type": "Feature", "properties": {"id": 373143322, "name": "CAN-OP", "brand": null, "opening_hours": null}, "geometry": {"type": "Point", "coordinates": [-89.2481731, 48.3805837]}}, {"type": "Feature", "properties": {"id": 373149483, "name": "Shell", "brand": "Shell", "opening_hours": null}, "geometry": {"type": "Point", "coordinates": [-89.2081371, 48.4431537]}}, {"type": "Feature", "properties": {"id": 373150180, "name": "Husky", "brand": "Husky", "opening_hours": null}, "geometry": {"type": "Point", "coordinates": [-89.1960416, 48.4502868]}}, {"type": "Feature", "properties": {"id": 373155841, "name": "Shell", "brand": "Shell", "opening_hours": null}, "geometry": {"type": "Point", "coordinates": [-89.2478129, 48.444373]}}, {"type": "Feature", "properties": {"id": 373158328, "name": "Shell", "brand": "Shell", "opening_hours": null}, "geometry": {"type": "Point", "coordinates": [-89.2491949, 48.4482029]}}, {"type": "Feature", "properties": {"id": 373214253, "name": "CENTEX", "brand": null, "opening_hours": null}, "geometry": {"type": "Point", "coordinates": [-89.2755064, 48.3564034]}}, {"type": "Feature", "properties": {"id": 373223092, "name": "Superstore", "brand": null, "opening_hours": null}, "geometry": {"type": "Point", "coordinates": [-89.24602, 48.4084352]}}, {"type": "Feature", "properties": {"id": 373224443, "name": "Esso", "brand": "Esso", "opening_hours": null}, "geometry": {"type": "Point", "coordinates": [-89.2440026, 48.4138948]}}, {"type": "Feature", "properties": {"id": 373226838, "name": "Canadian Tire", "brand": "Canadian Tire", "opening_hours": null}, "geometry": {"type": "Point", "coordinates": [-89.2414048, 48.4025826]}}, {"type": "Feature", "properties": {"id": 373227092, "name": "Esso", "brand": "Esso", "opening_hours": null}, "geometry": {"type": "Point", "coordinates": [-89.2571322, 48.4090816]}}, {"type": "Feature", "properties": {"id": 373534494, "name": "Esso", "brand": "Esso", "opening_hours": null}, "geometry": {"type": "Point", "coordinates": [-74.882373, 45.1938986]}}, {"type": "Feature", "properties": {"id": 373915877, "name": "Shell", "brand": "Shell", "opening_hours": null}, "geometry": {"type": "Point", "coordinates": [-82.0114075, 45.5634881]}}, {"type": "Feature", "properties": {"id": 374715752, "name": "Shell", "brand": "Shell", "opening_hours": null}, "geometry": {"type": "Point", "coordinates": [-79.3228433, 44.1384051]}}, {"type": "Feature", "properties": {"id": 374754508, "name": "Esso", "brand": "Esso", "opening_hours": null}, "geometry": {"type": "Point", "coordinates": [-78.6090004, 43.9944685]}}, {"type": "Feature", "properties": {"id": 375278118, "name": "Roxy\u2019s Gas & Variety", "brand": null, "opening_hours": null}, "geometry": {"type": "Point", "coordinates": [-81.5540797, 45.1913018]}}, {"type": "Feature", "properties": {"id": 375278121, "name": "Hoppy's Gas Bar", "brand": null, "opening_hours": null}, "geometry": {"type": "Point", "coordinates": [-81.6608394, 45.2507294]}}, {"type": "Feature", "properties": {"id": 375330078, "name": "What a Convenience", "brand": null, "opening_hours": null}, "geometry": {"type": "Point", "coordinates": [-79.7164959, 44.9875781]}}, {"type": "Feature", "properties": {"id": 375330080, "name": "What a Convenience Store", "brand": null, "opening_hours": null}, "geometry": {"type": "Point", "coordinates": [-79.7164157, 44.9874696]}}, {"type": "Feature", "properties": {"id": 375485978, "name": "Shell", "brand": "Shell", "opening_hours": null}, "geometry": {"type": "Point", "coordinates": [-82.1679065, 45.8317259]}}, {"type": "Feature", "properties": {"id": 375571668, "name": "Gunner's Gas Bar", "brand": null, "opening_hours": null}, "geometry": {"type": "Point", "coordinates": [-81.9803325, 45.9608052]}}, {"type": "Feature", "properties": {"id": 377179717, "name": "Pioneer", "brand": "Pioneer", "opening_hours": null}, "geometry": {"type": "Point", "coordinates": [-80.0378134, 44.1691749]}}, {"type": "Feature", "properties": {"id": 377488200, "name": "Wellington Inn", "brand": null, "opening_hours": null}, "geometry": {"type": "Point", "coordinates": [-91.9183048, 50.0928258]}}, {"type": "Feature", "properties": {"id": 377752677, "name": "Petro-Canada", "brand": "Petro-Canada", "opening_hours": "24/7"}, "geometry": {"type": "Point", "coordinates": [-79.6260614, 43.7879505]}}, {"type": "Feature", "properties": {"id": 377992361, "name": "Petro-Canada", "brand": "Petro-Canada", "opening_hours": null}, "geometry": {"type": "Point", "coordinates": [-79.9959284, 43.8610816]}}, {"type": "Feature", "properties": {"id": 379464823, "name": "MacEwen", "brand": "MacEwen", "opening_hours": "24/7"}, "geometry": {"type": "Point", "coordinates": [-74.587644, 45.589379]}}, {"type": "Feature", "properties": {"id": 380187003, "name": "Canadian Tire", "brand": "Canadian Tire", "opening_hours": null}, "geometry": {"type": "Point", "coordinates": [-81.2215399, 42.9308263]}}, {"type": "Feature", "properties": {"id": 380578461, "name": "Esso", "brand": "Esso", "opening_hours": null}, "geometry": {"type": "Point", "coordinates": [-79.1310758, 44.0928459]}}, {"type": "Feature", "properties": {"id": 382894350, "name": "XTR", "brand": "XTR", "opening_hours": null}, "geometry": {"type": "Point", "coordinates": [-81.1633988, 44.5378354]}}, {"type": "Feature", "properties": {"id": 383301923, "name": "Esso", "brand": null, "opening_hours": null}, "geometry": {"type": "Point", "coordinates": [-93.8328714, 48.6319392]}}, {"type": "Feature", "properties": {"id": 384846360, "name": "York General Store", "brand": null, "opening_hours": null}, "geometry": {"type": "Point", "coordinates": [-79.8901688, 43.0210171]}}, {"type": "Feature", "properties": {"id": 385573595, "name": "Ultramar", "brand": "Ultramar", "opening_hours": null}, "geometry": {"type": "Point", "coordinates": [-79.7147345, 44.4182103]}}, {"type": "Feature", "properties": {"id": 386666907, "name": "Esso", "brand": "Esso", "opening_hours": null}, "geometry": {"type": "Point", "coordinates": [-81.0515095, 43.4031466]}}, {"type": "Feature", "properties": {"id": 387847068, "name": "Petro-Canada", "brand": "Petro-Canada", "opening_hours": null}, "geometry": {"type": "Point", "coordinates": [-79.7223869, 44.2750444]}}, {"type": "Feature", "properties": {"id": 388140039, "name": "Canadian Tire", "brand": "Canadian Tire", "opening_hours": null}, "geometry": {"type": "Point", "coordinates": [-76.9633465, 44.2601527]}}, {"type": "Feature", "properties": {"id": 388891231, "name": "Petro-Canada", "brand": "Petro-Canada", "opening_hours": null}, "geometry": {"type": "Point", "coordinates": [-79.1512631, 44.0827935]}}, {"type": "Feature", "properties": {"id": 389104948, "name": "Petro-Canada", "brand": "Petro-Canada", "opening_hours": null}, "geometry": {"type": "Point", "coordinates": [-79.3751824, 44.6056014]}}, {"type": "Feature", "properties": {"id": 389451462, "name": "UPI Energy", "brand": null, "opening_hours": null}, "geometry": {"type": "Point", "coordinates": [-76.1877487, 45.2078585]}}, {"type": "Feature", "properties": {"id": 389678035, "name": "Esso", "brand": "Esso", "opening_hours": null}, "geometry": {"type": "Point", "coordinates": [-79.0632306, 44.264488]}}, {"type": "Feature", "properties": {"id": 391232022, "name": "Shell", "brand": "Shell", "opening_hours": null}, "geometry": {"type": "Point", "coordinates": [-79.7143937, 43.5474246]}}, {"type": "Feature", "properties": {"id": 392125125, "name": "BB Big 6", "brand": null, "opening_hours": null}, "geometry": {"type": "Point", "coordinates": [-80.0714874, 43.0511018]}}, {"type": "Feature", "properties": {"id": 392125139, "name": "Gord's Gas", "brand": null, "opening_hours": null}, "geometry": {"type": "Point", "coordinates": [-80.1137467, 43.0676553]}}, {"type": "Feature", "properties": {"id": 396336480, "name": "Esso", "brand": "Esso", "opening_hours": null}, "geometry": {"type": "Point", "coordinates": [-79.676337, 44.089288]}}, {"type": "Feature", "properties": {"id": 396567270, "name": "Townline Variety & Gas", "brand": null, "opening_hours": null}, "geometry": {"type": "Point", "coordinates": [-80.2189648, 43.0239134]}}, {"type": "Feature", "properties": {"id": 396621525, "name": "Esso", "brand": "Esso", "opening_hours": null}, "geometry": {"type": "Point", "coordinates": [-80.3314517, 43.0320411]}}, {"type": "Feature", "properties": {"id": 398837013, "name": "Fast Stop", "brand": null, "opening_hours": null}, "geometry": {"type": "Point", "coordinates": [-81.2001959, 43.4689152]}}, {"type": "Feature", "properties": {"id": 399764274, "name": "Petro-Canada", "brand": "Petro-Canada", "opening_hours": null}, "geometry": {"type": "Point", "coordinates": [-79.325012, 44.8656242]}}, {"type": "Feature", "properties": {"id": 402806124, "name": "Esso", "brand": "Esso", "opening_hours": null}, "geometry": {"type": "Point", "coordinates": [-78.9837372, 44.0782203]}}, {"type": "Feature", "properties": {"id": 403830261, "name": "Esso", "brand": "Esso", "opening_hours": null}, "geometry": {"type": "Point", "coordinates": [-75.5204341, 44.7168377]}}, {"type": "Feature", "properties": {"id": 403830275, "name": "MacEwen", "brand": "MacEwen", "opening_hours": null}, "geometry": {"type": "Point", "coordinates": [-75.5215792, 44.7181606]}}, {"type": "Feature", "properties": {"id": 403998551, "name": "MacEwen", "brand": "MacEwen", "opening_hours": null}, "geometry": {"type": "Point", "coordinates": [-74.8969867, 45.0277153]}}, {"type": "Feature", "properties": {"id": 404403670, "name": "Esso", "brand": "Esso", "opening_hours": null}, "geometry": {"type": "Point", "coordinates": [-79.8838971, 43.4869567]}}, {"type": "Feature", "properties": {"id": 405648989, "name": null, "brand": null, "opening_hours": null}, "geometry": {"type": "Point", "coordinates": [-80.7271913, 43.1339246]}}, {"type": "Feature", "properties": {"id": 407226764, "name": "Shell", "brand": "Shell", "opening_hours": null}, "geometry": {"type": "Point", "coordinates": [-80.5593684, 43.5983253]}}, {"type": "Feature", "properties": {"id": 408071168, "name": "Gill's Trading Post", "brand": null, "opening_hours": null}, "geometry": {"type": "Point", "coordinates": [-94.0948406, 49.4071926]}}, {"type": "Feature", "properties": {"id": 408852370, "name": "Jellicoe General Store", "brand": null, "opening_hours": null}, "geometry": {"type": "Point", "coordinates": [-87.5332613, 49.6844934]}}, {"type": "Feature", "properties": {"id": 409087462, "name": null, "brand": null, "opening_hours": null}, "geometry": {"type": "Point", "coordinates": [-82.4283789, 52.9219339]}}, {"type": "Feature", "properties": {"id": 409262807, "name": "Esso", "brand": "Esso", "opening_hours": null}, "geometry": {"type": "Point", "coordinates": [-79.6097107, 43.7755074]}}, {"type": "Feature", "properties": {"id": 409289535, "name": "Toby's Gas Bar", "brand": null, "opening_hours": null}, "geometry": {"type": "Point", "coordinates": [-80.0452457, 42.9796736]}}, {"type": "Feature", "properties": {"id": 409622589, "name": "CAN-OP", "brand": null, "opening_hours": null}, "geometry": {"type": "Point", "coordinates": [-94.0986709, 49.4166867]}}, {"type": "Feature", "properties": {"id": 409792452, "name": "Eagle's Nest", "brand": null, "opening_hours": null}, "geometry": {"type": "Point", "coordinates": [-79.5631688, 46.3379685]}}, {"type": "Feature", "properties": {"id": 409824648, "name": "Wolves Den Gas Bar", "brand": null, "opening_hours": null}, "geometry": {"type": "Point", "coordinates": [-79.7060407, 46.3699625]}}, {"type": "Feature", "properties": {"id": 412582292, "name": "Stinson", "brand": "Stinson", "opening_hours": null}, "geometry": {"type": "Point", "coordinates": [-77.5751383, 45.6454071]}}, {"type": "Feature", "properties": {"id": 412971215, "name": "Superstore", "brand": null, "opening_hours": null}, "geometry": {"type": "Point", "coordinates": [-82.5855924, 42.0568622]}}, {"type": "Feature", "properties": {"id": 414223854, "name": "Ultramar", "brand": "Ultramar", "opening_hours": null}, "geometry": {"type": "Point", "coordinates": [-74.6043218, 45.611746]}}, {"type": "Feature", "properties": {"id": 414288680, "name": "Esso", "brand": "Esso", "opening_hours": null}, "geometry": {"type": "Point", "coordinates": [-80.0291169, 43.8317127]}}, {"type": "Feature", "properties": {"id": 414503459, "name": "Shell", "brand": "Shell", "opening_hours": null}, "geometry": {"type": "Point", "coordinates": [-80.7388721, 43.1194009]}}, {"type": "Feature", "properties": {"id": 414834224, "name": "Ramada Fuels", "brand": null, "opening_hours": null}, "geometry": {"type": "Point", "coordinates": [-79.3208903, 44.5995884]}}, {"type": "Feature", "properties": {"id": 415668416, "name": "Pioneer", "brand": "Pioneer", "opening_hours": null}, "geometry": {"type": "Point", "coordinates": [-75.7364779, 44.6116588]}}, {"type": "Feature", "properties": {"id": 415669199, "name": "Circle K", "brand": "Esso", "opening_hours": null}, "geometry": {"type": "Point", "coordinates": [-75.7149723, 44.6038467]}}, {"type": "Feature", "properties": {"id": 418459361, "name": "Maddisson's Truck Stop", "brand": null, "opening_hours": null}, "geometry": {"type": "Point", "coordinates": [-81.0853242, 43.5885407]}}, {"type": "Feature", "properties": {"id": 419240366, "name": "Shell", "brand": "Shell", "opening_hours": null}, "geometry": {"type": "Point", "coordinates": [-79.723739, 43.5699304]}}, {"type": "Feature", "properties": {"id": 419540255, "name": "Fill-Up Fuels", "brand": null, "opening_hours": null}, "geometry": {"type": "Point", "coordinates": [-78.8850587, 44.1872679]}}, {"type": "Feature", "properties": {"id": 419776355, "name": "Petro-Canada", "brand": "Petro-Canada", "opening_hours": null}, "geometry": {"type": "Point", "coordinates": [-78.7165663, 43.9091655]}}, {"type": "Feature", "properties": {"id": 419861622, "name": "Fast Stop Express", "brand": null, "opening_hours": null}, "geometry": {"type": "Point", "coordinates": [-81.0805703, 43.5905129]}}, {"type": "Feature", "properties": {"id": 421796130, "name": "Petro-Canada", "brand": "Petro-Canada", "opening_hours": null}, "geometry": {"type": "Point", "coordinates": [-80.0766513, 43.7449679]}}, {"type": "Feature", "properties": {"id": 422889138, "name": "Mobil", "brand": "Mobil", "opening_hours": null}, "geometry": {"type": "Point", "coordinates": [-80.0756632, 44.4736248]}}, {"type": "Feature", "properties": {"id": 422903528, "name": "Petro-Canada", "brand": "Petro-Canada", "opening_hours": null}, "geometry": {"type": "Point", "coordinates": [-75.7572795, 45.287451]}}, {"type": "Feature", "properties": {"id": 423416473, "name": "Esso", "brand": "Esso", "opening_hours": null}, "geometry": {"type": "Point", "coordinates": [-80.2271622, 43.1755346]}}, {"type": "Feature", "properties": {"id": 423700095, "name": "Shell", "brand": "Shell", "opening_hours": null}, "geometry": {"type": "Point", "coordinates": [-80.3095211, 43.8749995]}}, {"type": "Feature", "properties": {"id": 424451059, "name": "Shell", "brand": "Shell", "opening_hours": null}, "geometry": {"type": "Point", "coordinates": [-80.7454588, 42.8777305]}}, {"type": "Feature", "properties": {"id": 425775701, "name": "RaceTrac", "brand": "RaceTrac", "opening_hours": null}, "geometry": {"type": "Point", "coordinates": [-78.6245687, 44.0744032]}}, {"type": "Feature", "properties": {"id": 426701424, "name": "QuikStop Gas Bar", "brand": null, "opening_hours": null}, "geometry": {"type": "Point", "coordinates": [-80.6055848, 51.2529303]}}, {"type": "Feature", "properties": {"id": 427388600, "name": "Esso", "brand": "Esso", "opening_hours": null}, "geometry": {"type": "Point", "coordinates": [-80.2069862, 42.7889088]}}, {"type": "Feature", "properties": {"id": 427391278, "name": "Pioneer", "brand": "Pioneer", "opening_hours": null}, "geometry": {"type": "Point", "coordinates": [-80.2001232, 42.7844375]}}, {"type": "Feature", "properties": {"id": 427694296, "name": "Fast Stop", "brand": null, "opening_hours": null}, "geometry": {"type": "Point", "coordinates": [-79.6739601, 47.5267231]}}, {"type": "Feature", "properties": {"id": 427711711, "name": "Esso", "brand": "Petro-Canada", "opening_hours": null}, "geometry": {"type": "Point", "coordinates": [-79.6749644, 47.5274879]}}, {"type": "Feature", "properties": {"id": 428069438, "name": "Canadian Tire", "brand": "Canadian Tire", "opening_hours": null}, "geometry": {"type": "Point", "coordinates": [-80.0408583, 45.3594717]}}, {"type": "Feature", "properties": {"id": 428102309, "name": "Garland's Service Centre", "brand": null, "opening_hours": null}, "geometry": {"type": "Point", "coordinates": [-79.3616641, 46.0816389]}}, {"type": "Feature", "properties": {"id": 428610568, "name": "Esso Travel Centre", "brand": "Husky", "opening_hours": "24/7"}, "geometry": {"type": "Point", "coordinates": [-79.1548447, 43.1562395]}}, {"type": "Feature", "properties": {"id": 428756873, "name": "Petro Canada", "brand": "Petro-Canada", "opening_hours": "06:00-22:00"}, "geometry": {"type": "Point", "coordinates": [-80.2760786, 43.3484304]}}, {"type": "Feature", "properties": {"id": 429383802, "name": "Shell", "brand": "Shell", "opening_hours": null}, "geometry": {"type": "Point", "coordinates": [-81.3753642, 48.4727645]}}, {"type": "Feature", "properties": {"id": 430089512, "name": "Esso", "brand": "Esso", "opening_hours": null}, "geometry": {"type": "Point", "coordinates": [-79.7261257, 44.5297587]}}, {"type": "Feature", "properties": {"id": 430112123, "name": "Petro-Canada", "brand": "Petro-Canada", "opening_hours": null}, "geometry": {"type": "Point", "coordinates": [-79.5383933, 43.0947088]}}, {"type": "Feature", "properties": {"id": 431696994, "name": "Mobil", "brand": "Mobil", "opening_hours": null}, "geometry": {"type": "Point", "coordinates": [-79.5921387, 43.2052529]}}, {"type": "Feature", "properties": {"id": 431799473, "name": "Esso", "brand": "Esso", "opening_hours": "24/7"}, "geometry": {"type": "Point", "coordinates": [-75.4538548, 45.4711233]}}, {"type": "Feature", "properties": {"id": 432284770, "name": "Petro-Canada", "brand": "Petro-Canada", "opening_hours": null}, "geometry": {"type": "Point", "coordinates": [-75.4916358, 45.468138]}}, {"type": "Feature", "properties": {"id": 432284775, "name": "Canadian Tire", "brand": "Canadian Tire", "opening_hours": null}, "geometry": {"type": "Point", "coordinates": [-75.4910771, 45.4673182]}}, {"type": "Feature", "properties": {"id": 434369272, "name": "Esso", "brand": "Esso", "opening_hours": null}, "geometry": {"type": "Point", "coordinates": [-75.7296594, 45.3431775]}}, {"type": "Feature", "properties": {"id": 435888229, "name": "Esso", "brand": "Esso", "opening_hours": null}, "geometry": {"type": "Point", "coordinates": [-74.4944469, 45.1344459]}}, {"type": "Feature", "properties": {"id": 437157825, "name": "Petro-Canada", "brand": "Petro-Canada", "opening_hours": null}, "geometry": {"type": "Point", "coordinates": [-79.4645606, 44.0384342]}}, {"type": "Feature", "properties": {"id": 437527530, "name": "Shell", "brand": "Shell", "opening_hours": null}, "geometry": {"type": "Point", "coordinates": [-79.316005, 44.845439]}}, {"type": "Feature", "properties": {"id": 437544090, "name": "Mobil", "brand": "Mobil", "opening_hours": null}, "geometry": {"type": "Point", "coordinates": [-75.6880656, 44.6125394]}}, {"type": "Feature", "properties": {"id": 437550534, "name": "Canadian Tire", "brand": "Canadian Tire", "opening_hours": null}, "geometry": {"type": "Point", "coordinates": [-75.8574273, 44.4885639]}}, {"type": "Feature", "properties": {"id": 438542148, "name": "Shell", "brand": "Shell", "opening_hours": null}, "geometry": {"type": "Point", "coordinates": [-76.9676654, 44.2669808]}}, {"type": "Feature", "properties": {"id": 438542149, "name": "Flying J", "brand": "Flying J", "opening_hours": null}, "geometry": {"type": "Point", "coordinates": [-76.9686832, 44.2667469]}}, {"type": "Feature", "properties": {"id": 438692457, "name": null, "brand": null, "opening_hours": null}, "geometry": {"type": "Point", "coordinates": [-74.3836001, 45.1957688]}}, {"type": "Feature", "properties": {"id": 440927656, "name": "Pioneer", "brand": "Pioneer", "opening_hours": null}, "geometry": {"type": "Point", "coordinates": [-82.9765759, 42.2751441]}}, {"type": "Feature", "properties": {"id": 440974367, "name": "Mohawk Plaza", "brand": "Mohawk", "opening_hours": null}, "geometry": {"type": "Point", "coordinates": [-77.0930875, 44.1954723]}}, {"type": "Feature", "properties": {"id": 442257203, "name": "Pioneer", "brand": "Pioneer", "opening_hours": null}, "geometry": {"type": "Point", "coordinates": [-79.7675484, 43.1952404]}}, {"type": "Feature", "properties": {"id": 442591350, "name": "Econo", "brand": null, "opening_hours": null}, "geometry": {"type": "Point", "coordinates": [-79.7336755, 43.1631723]}}, {"type": "Feature", "properties": {"id": 444206504, "name": "Petro-Canada", "brand": "Petro-Canada", "opening_hours": null}, "geometry": {"type": "Point", "coordinates": [-75.7317145, 45.297816]}}, {"type": "Feature", "properties": {"id": 444345023, "name": "Red Indian", "brand": null, "opening_hours": null}, "geometry": {"type": "Point", "coordinates": [-80.1166687, 43.0701162]}}, {"type": "Feature", "properties": {"id": 444451819, "name": "Esso", "brand": "Esso", "opening_hours": null}, "geometry": {"type": "Point", "coordinates": [-80.0406487, 43.1915723]}}, {"type": "Feature", "properties": {"id": 445972318, "name": "Shell", "brand": "Shell", "opening_hours": "24/7"}, "geometry": {"type": "Point", "coordinates": [-80.6694991, 43.4042422]}}, {"type": "Feature", "properties": {"id": 447277089, "name": "Petro-Canada", "brand": "Petro-Canada", "opening_hours": null}, "geometry": {"type": "Point", "coordinates": [-75.694045, 45.333834]}}, {"type": "Feature", "properties": {"id": 449069357, "name": "Esso", "brand": "Esso", "opening_hours": null}, "geometry": {"type": "Point", "coordinates": [-75.900965, 45.297535]}}, {"type": "Feature", "properties": {"id": 449426602, "name": "shell", "brand": "Shell", "opening_hours": null}, "geometry": {"type": "Point", "coordinates": [-80.0292957, 43.6360403]}}, {"type": "Feature", "properties": {"id": 449784830, "name": "Mobil", "brand": "Mobil", "opening_hours": null}, "geometry": {"type": "Point", "coordinates": [-81.2794116, 42.9388744]}}, {"type": "Feature", "properties": {"id": 449910121, "name": "Gales", "brand": null, "opening_hours": null}, "geometry": {"type": "Point", "coordinates": [-79.1232372, 43.2207642]}}, {"type": "Feature", "properties": {"id": 451488978, "name": "Pioneer", "brand": "Pioneer", "opening_hours": null}, "geometry": {"type": "Point", "coordinates": [-79.8969718, 43.1959704]}}, {"type": "Feature", "properties": {"id": 451922560, "name": "Shell", "brand": "Shell", "opening_hours": null}, "geometry": {"type": "Point", "coordinates": [-79.2669766, 43.1777102]}}, {"type": "Feature", "properties": {"id": 452086808, "name": "Esso", "brand": "Esso", "opening_hours": null}, "geometry": {"type": "Point", "coordinates": [-79.2425857, 43.2041639]}}, {"type": "Feature", "properties": {"id": 452350955, "name": "Canadian Tire", "brand": "Canadian Tire", "opening_hours": null}, "geometry": {"type": "Point", "coordinates": [-76.3652216, 45.4259269]}}, {"type": "Feature", "properties": {"id": 452580563, "name": "MacEwen", "brand": "MacEwen", "opening_hours": null}, "geometry": {"type": "Point", "coordinates": [-76.3434587, 45.4333269]}}, {"type": "Feature", "properties": {"id": 453424278, "name": "MacEwen", "brand": "MacEwen", "opening_hours": null}, "geometry": {"type": "Point", "coordinates": [-77.2452611, 45.5808238]}}, {"type": "Feature", "properties": {"id": 453439012, "name": "Esso", "brand": "Esso", "opening_hours": null}, "geometry": {"type": "Point", "coordinates": [-79.5545567, 44.3137978]}}, {"type": "Feature", "properties": {"id": 453853290, "name": "Petro-Canada", "brand": "Petro-Canada", "opening_hours": null}, "geometry": {"type": "Point", "coordinates": [-79.6974986, 44.3744462]}}, {"type": "Feature", "properties": {"id": 454038563, "name": "Pioneer", "brand": "Pioneer", "opening_hours": null}, "geometry": {"type": "Point", "coordinates": [-79.8513483, 44.2427922]}}, {"type": "Feature", "properties": {"id": 454318948, "name": "Gas+", "brand": "Canadian Tire", "opening_hours": null}, "geometry": {"type": "Point", "coordinates": [-76.655621, 44.2832]}}, {"type": "Feature", "properties": {"id": 454765607, "name": "Econo", "brand": null, "opening_hours": null}, "geometry": {"type": "Point", "coordinates": [-79.7722628, 43.4399961]}}, {"type": "Feature", "properties": {"id": 455437229, "name": "Petro-Canada", "brand": "Petro-Canada", "opening_hours": null}, "geometry": {"type": "Point", "coordinates": [-79.5422961, 44.3282571]}}, {"type": "Feature", "properties": {"id": 455529163, "name": "Mobil", "brand": "Mobil", "opening_hours": null}, "geometry": {"type": "Point", "coordinates": [-80.9861032, 43.3681158]}}, {"type": "Feature", "properties": {"id": 455530800, "name": "Petro-Canada", "brand": "Petro-Canada", "opening_hours": null}, "geometry": {"type": "Point", "coordinates": [-79.6111564, 44.4462192]}}, {"type": "Feature", "properties": {"id": 455530827, "name": "Petro-Canada", "brand": "Petro-Canada", "opening_hours": null}, "geometry": {"type": "Point", "coordinates": [-79.446233, 44.5592601]}}, {"type": "Feature", "properties": {"id": 455611467, "name": "Ultramar", "brand": "Ultramar", "opening_hours": null}, "geometry": {"type": "Point", "coordinates": [-78.5408085, 44.5365805]}}, {"type": "Feature", "properties": {"id": 457818248, "name": "Petro-Canada", "brand": "Petro-Canada", "opening_hours": null}, "geometry": {"type": "Point", "coordinates": [-80.7314877, 43.9792102]}}, {"type": "Feature", "properties": {"id": 457818249, "name": "Esso", "brand": "Esso", "opening_hours": null}, "geometry": {"type": "Point", "coordinates": [-80.7322966, 43.9792075]}}, {"type": "Feature", "properties": {"id": 459066674, "name": "Esso", "brand": "Esso", "opening_hours": null}, "geometry": {"type": "Point", "coordinates": [-82.3835141, 42.5869012]}}, {"type": "Feature", "properties": {"id": 459449326, "name": "Petro-Canada", "brand": "Petro-Canada", "opening_hours": null}, "geometry": {"type": "Point", "coordinates": [-82.391084, 42.593207]}}, {"type": "Feature", "properties": {"id": 459449927, "name": null, "brand": null, "opening_hours": null}, "geometry": {"type": "Point", "coordinates": [-82.3948545, 42.5927744]}}, {"type": "Feature", "properties": {"id": 460014226, "name": "Mobil", "brand": "Mobil", "opening_hours": null}, "geometry": {"type": "Point", "coordinates": [-82.2187468, 42.4306716]}}, {"type": "Feature", "properties": {"id": 462350804, "name": "Ultramar", "brand": "Ultramar", "opening_hours": null}, "geometry": {"type": "Point", "coordinates": [-80.2152124, 43.1706095]}}, {"type": "Feature", "properties": {"id": 462350806, "name": "Flying J Cardlock", "brand": "Flying J", "opening_hours": "24/7"}, "geometry": {"type": "Point", "coordinates": [-80.2159669, 43.1703985]}}, {"type": "Feature", "properties": {"id": 462388222, "name": "Mobil", "brand": "Mobil", "opening_hours": null}, "geometry": {"type": "Point", "coordinates": [-77.7217426, 44.0440487]}}, {"type": "Feature", "properties": {"id": 462444006, "name": "Esso", "brand": "Esso", "opening_hours": null}, "geometry": {"type": "Point", "coordinates": [-80.2415094, 43.140529]}}, {"type": "Feature", "properties": {"id": 464454435, "name": "Esso", "brand": "Esso", "opening_hours": "Mo-Fr 06:00-22:00; Sa, Su 07:00-22:00"}, "geometry": {"type": "Point", "coordinates": [-80.3140584, 43.1302891]}}, {"type": "Feature", "properties": {"id": 464604579, "name": "Pioneer", "brand": "Pioneer", "opening_hours": null}, "geometry": {"type": "Point", "coordinates": [-82.006458, 42.3395847]}}, {"type": "Feature", "properties": {"id": 465329429, "name": "Pioneer", "brand": "Pioneer", "opening_hours": null}, "geometry": {"type": "Point", "coordinates": [-79.6140171, 44.2995259]}}, {"type": "Feature", "properties": {"id": 466128457, "name": "Shell", "brand": "Shell", "opening_hours": null}, "geometry": {"type": "Point", "coordinates": [-80.1658822, 43.0456408]}}, {"type": "Feature", "properties": {"id": 466747007, "name": "Esso", "brand": "Esso", "opening_hours": null}, "geometry": {"type": "Point", "coordinates": [-82.1789792, 42.5965023]}}, {"type": "Feature", "properties": {"id": 469727043, "name": "Stinson", "brand": "Stinson", "opening_hours": null}, "geometry": {"type": "Point", "coordinates": [-75.711028, 45.127943]}}, {"type": "Feature", "properties": {"id": 469787590, "name": "Ultramar", "brand": "Ultramar", "opening_hours": null}, "geometry": {"type": "Point", "coordinates": [-75.6581819, 45.1555855]}}, {"type": "Feature", "properties": {"id": 470058174, "name": "Ultramar", "brand": "Ultramar", "opening_hours": null}, "geometry": {"type": "Point", "coordinates": [-75.712726, 45.2404045]}}, {"type": "Feature", "properties": {"id": 470248017, "name": "Mr Gas", "brand": "Mr.Gas Ltd", "opening_hours": null}, "geometry": {"type": "Point", "coordinates": [-75.411266, 45.5178265]}}, {"type": "Feature", "properties": {"id": 470369046, "name": "Drummond's Gas", "brand": "Drummond's Gas", "opening_hours": null}, "geometry": {"type": "Point", "coordinates": [-75.8232438, 45.2046337]}}, {"type": "Feature", "properties": {"id": 470376936, "name": "MacEwen", "brand": "MacEwen", "opening_hours": null}, "geometry": {"type": "Point", "coordinates": [-75.8294735, 45.200688]}}, {"type": "Feature", "properties": {"id": 470408899, "name": "MacEwen", "brand": "MacEwen", "opening_hours": null}, "geometry": {"type": "Point", "coordinates": [-75.801944, 45.2691965]}}, {"type": "Feature", "properties": {"id": 470408949, "name": "MacEwen Cardlock", "brand": "MacEwen", "opening_hours": null}, "geometry": {"type": "Point", "coordinates": [-75.801713, 45.268759]}}, {"type": "Feature", "properties": {"id": 470442372, "name": "Petro-Canada", "brand": "Petro-Canada", "opening_hours": "24/7"}, "geometry": {"type": "Point", "coordinates": [-75.750251, 45.268577]}}, {"type": "Feature", "properties": {"id": 470705168, "name": "Esso", "brand": "Esso", "opening_hours": "24/7"}, "geometry": {"type": "Point", "coordinates": [-75.4827863, 45.4508946]}}, {"type": "Feature", "properties": {"id": 470836114, "name": "MacEwen", "brand": "MacEwen", "opening_hours": null}, "geometry": {"type": "Point", "coordinates": [-75.6990115, 45.2695945]}}, {"type": "Feature", "properties": {"id": 471107630, "name": "Mr Gas", "brand": null, "opening_hours": null}, "geometry": {"type": "Point", "coordinates": [-75.4799626, 45.4909717]}}, {"type": "Feature", "properties": {"id": 471172320, "name": "Ultramar", "brand": "Ultramar", "opening_hours": null}, "geometry": {"type": "Point", "coordinates": [-75.916498, 45.254478]}}, {"type": "Feature", "properties": {"id": 471314660, "name": "Shell", "brand": "Shell", "opening_hours": null}, "geometry": {"type": "Point", "coordinates": [-75.7029255, 45.2868395]}}, {"type": "Feature", "properties": {"id": 471330470, "name": "Shell", "brand": "Shell", "opening_hours": null}, "geometry": {"type": "Point", "coordinates": [-75.7280155, 45.291661]}}, {"type": "Feature", "properties": {"id": 471608342, "name": "Shell", "brand": "Shell", "opening_hours": "24/7"}, "geometry": {"type": "Point", "coordinates": [-77.280875, 45.8967389]}}, {"type": "Feature", "properties": {"id": 471675747, "name": "Esso", "brand": "Esso", "opening_hours": null}, "geometry": {"type": "Point", "coordinates": [-75.751765, 45.3343675]}}, {"type": "Feature", "properties": {"id": 471797705, "name": "Petro-Canada", "brand": "Petro-Canada", "opening_hours": null}, "geometry": {"type": "Point", "coordinates": [-75.930726, 45.272477]}}, {"type": "Feature", "properties": {"id": 471857012, "name": "Shell", "brand": "Shell", "opening_hours": null}, "geometry": {"type": "Point", "coordinates": [-75.9265235, 45.350927]}}, {"type": "Feature", "properties": {"id": 471898484, "name": "Petro-Canada", "brand": "Petro-Canada", "opening_hours": "00:00-24:00"}, "geometry": {"type": "Point", "coordinates": [-75.4912455, 45.4594235]}}, {"type": "Feature", "properties": {"id": 471898516, "name": "Mobil", "brand": "Mobil", "opening_hours": null}, "geometry": {"type": "Point", "coordinates": [-75.4965085, 45.4575125]}}, {"type": "Feature", "properties": {"id": 472168402, "name": "Shell", "brand": "Shell", "opening_hours": null}, "geometry": {"type": "Point", "coordinates": [-75.7236392, 45.3354789]}}, {"type": "Feature", "properties": {"id": 472168517, "name": "Francis Fuels", "brand": null, "opening_hours": null}, "geometry": {"type": "Point", "coordinates": [-75.720055, 45.327008]}}, {"type": "Feature", "properties": {"id": 472168711, "name": "Drummond's Gas", "brand": "Drummond's Gas", "opening_hours": null}, "geometry": {"type": "Point", "coordinates": [-75.720692, 45.329635]}}, {"type": "Feature", "properties": {"id": 472382749, "name": "MacEwen", "brand": "MacEwen", "opening_hours": null}, "geometry": {"type": "Point", "coordinates": [-75.580715, 45.297081]}}, {"type": "Feature", "properties": {"id": 472403839, "name": "Mr Gas", "brand": null, "opening_hours": null}, "geometry": {"type": "Point", "coordinates": [-75.5051309, 45.4551871]}}, {"type": "Feature", "properties": {"id": 472417711, "name": "Costco Gasoline", "brand": "Costco", "opening_hours": "Mo-Fr 06:00-21:30; Sa 06:00-20:30; Su 06:00-19:30"}, "geometry": {"type": "Point", "coordinates": [-75.7194323, 45.3374796]}}, {"type": "Feature", "properties": {"id": 472431622, "name": "Ultramar", "brand": "Ultramar", "opening_hours": null}, "geometry": {"type": "Point", "coordinates": [-78.3005356, 44.3514864]}}, {"type": "Feature", "properties": {"id": 473078418, "name": "Esso", "brand": "Esso", "opening_hours": null}, "geometry": {"type": "Point", "coordinates": [-75.6199595, 45.3641585]}}, {"type": "Feature", "properties": {"id": 473193882, "name": "Ultramar", "brand": "Ultramar", "opening_hours": null}, "geometry": {"type": "Point", "coordinates": [-75.60172, 45.3828945]}}, {"type": "Feature", "properties": {"id": 473202963, "name": "Esso", "brand": "Esso", "opening_hours": null}, "geometry": {"type": "Point", "coordinates": [-75.604687, 45.4148905]}}, {"type": "Feature", "properties": {"id": 473203242, "name": "Petro-Canada", "brand": "Petro-Canada", "opening_hours": null}, "geometry": {"type": "Point", "coordinates": [-75.5947515, 45.419034]}}, {"type": "Feature", "properties": {"id": 473220472, "name": "Canadian Tire", "brand": "Canadian Tire", "opening_hours": null}, "geometry": {"type": "Point", "coordinates": [-75.6056735, 45.4359365]}}, {"type": "Feature", "properties": {"id": 473683698, "name": "Pioneer", "brand": "Pioneer", "opening_hours": null}, "geometry": {"type": "Point", "coordinates": [-78.2921578, 44.2914561]}}, {"type": "Feature", "properties": {"id": 475108074, "name": "Costco Gasoline", "brand": "Costco", "opening_hours": "Mo-Fr 06:30-21:30; Sa 06:30-19:00; Su 06:30-18:30"}, "geometry": {"type": "Point", "coordinates": [-80.5771783, 43.444771]}}, {"type": "Feature", "properties": {"id": 476758302, "name": "MacEwen", "brand": "MacEwen", "opening_hours": null}, "geometry": {"type": "Point", "coordinates": [-78.7030875, 46.3163082]}}, {"type": "Feature", "properties": {"id": 477289397, "name": "UPI Energy", "brand": null, "opening_hours": null}, "geometry": {"type": "Point", "coordinates": [-79.3894738, 43.1502553]}}, {"type": "Feature", "properties": {"id": 478334375, "name": "Shell", "brand": "Shell", "opening_hours": null}, "geometry": {"type": "Point", "coordinates": [-79.2102301, 43.1862232]}}, {"type": "Feature", "properties": {"id": 479865018, "name": "Costco Gasoline", "brand": "Costco Gasoline", "opening_hours": null}, "geometry": {"type": "Point", "coordinates": [-78.3404824, 44.2733233]}}, {"type": "Feature", "properties": {"id": 479993992, "name": "Pioneer", "brand": "Pioneer", "opening_hours": null}, "geometry": {"type": "Point", "coordinates": [-80.0161556, 45.3430849]}}, {"type": "Feature", "properties": {"id": 480073693, "name": "Quickie", "brand": null, "opening_hours": null}, "geometry": {"type": "Point", "coordinates": [-75.6702725, 45.3510495]}}, {"type": "Feature", "properties": {"id": 480311488, "name": "ECONO Gas", "brand": "ECONO", "opening_hours": null}, "geometry": {"type": "Point", "coordinates": [-75.6321698, 45.4262491]}}, {"type": "Feature", "properties": {"id": 480345504, "name": "Pioneer", "brand": "Pioneer", "opening_hours": null}, "geometry": {"type": "Point", "coordinates": [-75.6309568, 45.4260986]}}, {"type": "Feature", "properties": {"id": 480657264, "name": "Shell", "brand": "Shell", "opening_hours": null}, "geometry": {"type": "Point", "coordinates": [-84.3184378, 46.5380665]}}, {"type": "Feature", "properties": {"id": 480750206, "name": "Circle K", "brand": "Circle K", "opening_hours": null}, "geometry": {"type": "Point", "coordinates": [-84.3190657, 46.5534405]}}, {"type": "Feature", "properties": {"id": 480843793, "name": "Holland Centre Gas Bar", "brand": null, "opening_hours": null}, "geometry": {"type": "Point", "coordinates": [-80.7963678, 44.3948902]}}, {"type": "Feature", "properties": {"id": 480938366, "name": "Esso", "brand": "Esso", "opening_hours": null}, "geometry": {"type": "Point", "coordinates": [-78.9106589, 43.9817121]}}, {"type": "Feature", "properties": {"id": 481478530, "name": "Shell", "brand": "Shell", "opening_hours": null}, "geometry": {"type": "Point", "coordinates": [-80.4008893, 43.4108438]}}, {"type": "Feature", "properties": {"id": 481478999, "name": "MacEwen", "brand": "MacEwen", "opening_hours": null}, "geometry": {"type": "Point", "coordinates": [-75.6315018, 45.3604246]}}, {"type": "Feature", "properties": {"id": 481610302, "name": "Gauthier's", "brand": null, "opening_hours": null}, "geometry": {"type": "Point", "coordinates": [-79.8140701, 47.7112933]}}, {"type": "Feature", "properties": {"id": 481890221, "name": "Petro-Canada", "brand": "Petro-Canada", "opening_hours": "24/7"}, "geometry": {"type": "Point", "coordinates": [-75.704676, 45.353246]}}, {"type": "Feature", "properties": {"id": 482251101, "name": "Mobil", "brand": "Mobil", "opening_hours": null}, "geometry": {"type": "Point", "coordinates": [-81.3771404, 44.4517563]}}, {"type": "Feature", "properties": {"id": 482253031, "name": "Canadian Tire", "brand": "Canadian Tire", "opening_hours": null}, "geometry": {"type": "Point", "coordinates": [-81.3980939, 44.4238867]}}, {"type": "Feature", "properties": {"id": 482253959, "name": "Circle K", "brand": "Circle K", "opening_hours": null}, "geometry": {"type": "Point", "coordinates": [-81.3755992, 44.4911024]}}, {"type": "Feature", "properties": {"id": 482253960, "name": "Esso", "brand": "Esso", "opening_hours": null}, "geometry": {"type": "Point", "coordinates": [-81.3754142, 44.4913359]}}, {"type": "Feature", "properties": {"id": 482454647, "name": "Petro-Canada", "brand": "Petro-Canada", "opening_hours": "24/7"}, "geometry": {"type": "Point", "coordinates": [-75.6239875, 45.373887]}}, {"type": "Feature", "properties": {"id": 482771752, "name": "Econo", "brand": null, "opening_hours": null}, "geometry": {"type": "Point", "coordinates": [-80.0503342, 44.4919383]}}, {"type": "Feature", "properties": {"id": 483045450, "name": "Petro-Canada", "brand": "Petro-Canada", "opening_hours": null}, "geometry": {"type": "Point", "coordinates": [-75.56398, 45.431528]}}, {"type": "Feature", "properties": {"id": 483803614, "name": "Ultramar", "brand": "Ultramar", "opening_hours": null}, "geometry": {"type": "Point", "coordinates": [-77.7974822, 44.3104049]}}, {"type": "Feature", "properties": {"id": 484009348, "name": "Petro-Canada", "brand": "Petro-Canada", "opening_hours": null}, "geometry": {"type": "Point", "coordinates": [-75.594756, 45.447525]}}, {"type": "Feature", "properties": {"id": 484009449, "name": "Esso", "brand": "Esso", "opening_hours": null}, "geometry": {"type": "Point", "coordinates": [-75.593855, 45.447823]}}, {"type": "Feature", "properties": {"id": 484228885, "name": "Circle K", "brand": "Circle K", "opening_hours": null}, "geometry": {"type": "Point", "coordinates": [-75.5355425, 45.448814]}}, {"type": "Feature", "properties": {"id": 484351690, "name": "Ultramar", "brand": "Ultramar", "opening_hours": null}, "geometry": {"type": "Point", "coordinates": [-75.5484304, 45.4618164]}}, {"type": "Feature", "properties": {"id": 484370828, "name": "Petro-Canada", "brand": "Petro-Canada", "opening_hours": null}, "geometry": {"type": "Point", "coordinates": [-75.53929, 45.464167]}}, {"type": "Feature", "properties": {"id": 484530913, "name": "Esso", "brand": "Esso", "opening_hours": null}, "geometry": {"type": "Point", "coordinates": [-75.512048, 45.453051]}}, {"type": "Feature", "properties": {"id": 484551343, "name": "Pioneer", "brand": "Pioneer", "opening_hours": null}, "geometry": {"type": "Point", "coordinates": [-75.5229125, 45.471627]}}, {"type": "Feature", "properties": {"id": 484580247, "name": "Ultramar", "brand": "Ultramar", "opening_hours": null}, "geometry": {"type": "Point", "coordinates": [-80.0786105, 44.4217145]}}, {"type": "Feature", "properties": {"id": 484814036, "name": "Pioneer", "brand": "Pioneer", "opening_hours": null}, "geometry": {"type": "Point", "coordinates": [-79.4770793, 43.1806227]}}, {"type": "Feature", "properties": {"id": 484814048, "name": "Esso", "brand": "Esso", "opening_hours": null}, "geometry": {"type": "Point", "coordinates": [-79.4764629, 43.1861068]}}, {"type": "Feature", "properties": {"id": 485434508, "name": "Canadian Tire", "brand": "Canadian Tire", "opening_hours": null}, "geometry": {"type": "Point", "coordinates": [-78.2045221, 43.969933]}}, {"type": "Feature", "properties": {"id": 486597889, "name": "Mobil", "brand": "Mobil", "opening_hours": null}, "geometry": {"type": "Point", "coordinates": [-75.7467346, 44.615239]}}, {"type": "Feature", "properties": {"id": 486775705, "name": "MacEwen", "brand": "Ultramar", "opening_hours": "24/7"}, "geometry": {"type": "Point", "coordinates": [-75.6396281, 45.3802993]}}, {"type": "Feature", "properties": {"id": 487159142, "name": "KT Gas Convenience", "brand": null, "opening_hours": null}, "geometry": {"type": "Point", "coordinates": [-80.1130632, 43.1164256]}}, {"type": "Feature", "properties": {"id": 487159147, "name": "Kanata Fuels", "brand": null, "opening_hours": null}, "geometry": {"type": "Point", "coordinates": [-80.1076119, 43.112634]}}, {"type": "Feature", "properties": {"id": 487159155, "name": "Shell", "brand": "Shell", "opening_hours": null}, "geometry": {"type": "Point", "coordinates": [-80.0979115, 43.1027849]}}, {"type": "Feature", "properties": {"id": 487159169, "name": "Chiefswood Gas & Garage", "brand": null, "opening_hours": null}, "geometry": {"type": "Point", "coordinates": [-80.0999192, 43.0950428]}}, {"type": "Feature", "properties": {"id": 487239805, "name": "Petro-Canada", "brand": "Petro-Canada", "opening_hours": null}, "geometry": {"type": "Point", "coordinates": [-81.0621237, 42.9562538]}}, {"type": "Feature", "properties": {"id": 487239807, "name": "Fifth Wheel", "brand": null, "opening_hours": null}, "geometry": {"type": "Point", "coordinates": [-81.0631216, 42.9554527]}}, {"type": "Feature", "properties": {"id": 487853769, "name": "Ultramar", "brand": "Ultramar", "opening_hours": null}, "geometry": {"type": "Point", "coordinates": [-78.1752214, 43.9805568]}}, {"type": "Feature", "properties": {"id": 487855800, "name": "Petro-Canada", "brand": "Petro-Canada", "opening_hours": null}, "geometry": {"type": "Point", "coordinates": [-78.1743103, 43.9805892]}}, {"type": "Feature", "properties": {"id": 488296890, "name": "Petro-Canada", "brand": "Petro-Canada", "opening_hours": null}, "geometry": {"type": "Point", "coordinates": [-75.6699805, 45.342972]}}, {"type": "Feature", "properties": {"id": 488573468, "name": "Styres", "brand": null, "opening_hours": null}, "geometry": {"type": "Point", "coordinates": [-80.1097868, 43.0818387]}}, {"type": "Feature", "properties": {"id": 489704834, "name": "Shell", "brand": "Shell", "opening_hours": null}, "geometry": {"type": "Point", "coordinates": [-79.2705174, 43.0034207]}}, {"type": "Feature", "properties": {"id": 489975980, "name": "Target", "brand": null, "opening_hours": null}, "geometry": {"type": "Point", "coordinates": [-79.2956595, 43.0438705]}}, {"type": "Feature", "properties": {"id": 489983050, "name": "Brant Fuels", "brand": null, "opening_hours": null}, "geometry": {"type": "Point", "coordinates": [-80.2641631, 43.0746816]}}, {"type": "Feature", "properties": {"id": 490234796, "name": "Shell", "brand": "Shell", "opening_hours": null}, "geometry": {"type": "Point", "coordinates": [-82.901205, 42.3116372]}}, {"type": "Feature", "properties": {"id": 492207638, "name": "Pioneer", "brand": "Pioneer", "opening_hours": null}, "geometry": {"type": "Point", "coordinates": [-79.5973221, 42.9033886]}}, {"type": "Feature", "properties": {"id": 492449547, "name": "Relay Gas Bar", "brand": null, "opening_hours": null}, "geometry": {"type": "Point", "coordinates": [-79.2706612, 42.8946284]}}, {"type": "Feature", "properties": {"id": 493156631, "name": "Shell Caledonia", "brand": "Shell", "opening_hours": null}, "geometry": {"type": "Point", "coordinates": [-79.9558354, 43.068886]}}, {"type": "Feature", "properties": {"id": 495234993, "name": "Arthurs Fuel", "brand": null, "opening_hours": null}, "geometry": {"type": "Point", "coordinates": [-80.3125576, 43.8735764]}}, {"type": "Feature", "properties": {"id": 495236421, "name": "Petro-Canada", "brand": "Petro-Canada", "opening_hours": null}, "geometry": {"type": "Point", "coordinates": [-82.9696535, 42.2625778]}}, {"type": "Feature", "properties": {"id": 497284859, "name": "Pioneer", "brand": "Pioneer", "opening_hours": null}, "geometry": {"type": "Point", "coordinates": [-78.3723902, 44.2750899]}}, {"type": "Feature", "properties": {"id": 497779122, "name": "Ultramar", "brand": "Ultramar", "opening_hours": null}, "geometry": {"type": "Point", "coordinates": [-80.3922457, 43.7145368]}}, {"type": "Feature", "properties": {"id": 499057018, "name": "Shell", "brand": "Shell", "opening_hours": null}, "geometry": {"type": "Point", "coordinates": [-81.7274708, 45.7994004]}}, {"type": "Feature", "properties": {"id": 501125666, "name": "Esso", "brand": "Esso", "opening_hours": null}, "geometry": {"type": "Point", "coordinates": [-93.8203254, 51.0160974]}}, {"type": "Feature", "properties": {"id": 502204937, "name": "Olco", "brand": null, "opening_hours": null}, "geometry": {"type": "Point", "coordinates": [-79.2561879, 43.9695852]}}, {"type": "Feature", "properties": {"id": 502416509, "name": "Costco Gasoline", "brand": "Costco", "opening_hours": null}, "geometry": {"type": "Point", "coordinates": [-79.4887923, 44.0716078]}}, {"type": "Feature", "properties": {"id": 502796264, "name": "Esso", "brand": "Esso", "opening_hours": null}, "geometry": {"type": "Point", "coordinates": [-80.4119262, 43.1062474]}}, {"type": "Feature", "properties": {"id": 503261070, "name": "Pinehurst Variety", "brand": null, "opening_hours": null}, "geometry": {"type": "Point", "coordinates": [-80.391791, 43.27158]}}, {"type": "Feature", "properties": {"id": 503484282, "name": "Ultramar", "brand": "Ultramar", "opening_hours": null}, "geometry": {"type": "Point", "coordinates": [-74.6150612, 45.6072262]}}, {"type": "Feature", "properties": {"id": 503485017, "name": "Mr Gas", "brand": null, "opening_hours": null}, "geometry": {"type": "Point", "coordinates": [-74.6185608, 45.6001603]}}, {"type": "Feature", "properties": {"id": 503485856, "name": "GO Campbell Petroleum Ltd", "brand": null, "opening_hours": null}, "geometry": {"type": "Point", "coordinates": [-74.5398325, 45.5863438]}}, {"type": "Feature", "properties": {"id": 504126395, "name": "Shell", "brand": "Shell", "opening_hours": "24/7"}, "geometry": {"type": "Point", "coordinates": [-74.6131924, 45.6086668]}}, {"type": "Feature", "properties": {"id": 505141744, "name": null, "brand": null, "opening_hours": null}, "geometry": {"type": "Point", "coordinates": [-80.1341911, 46.4150243]}}, {"type": "Feature", "properties": {"id": 505176167, "name": "Esso", "brand": "Esso", "opening_hours": null}, "geometry": {"type": "Point", "coordinates": [-83.6711955, 49.6905107]}}, {"type": "Feature", "properties": {"id": 506308566, "name": "Esso", "brand": "Esso", "opening_hours": "24/7"}, "geometry": {"type": "Point", "coordinates": [-80.4627881, 43.3963038]}}, {"type": "Feature", "properties": {"id": 506500870, "name": "Esso", "brand": "Esso", "opening_hours": null}, "geometry": {"type": "Point", "coordinates": [-78.3431519, 43.9743133]}}, {"type": "Feature", "properties": {"id": 508043470, "name": "Shell", "brand": "Shell", "opening_hours": null}, "geometry": {"type": "Point", "coordinates": [-79.3225253, 45.0432123]}}, {"type": "Feature", "properties": {"id": 508694690, "name": "DJ's Gas Bar", "brand": null, "opening_hours": null}, "geometry": {"type": "Point", "coordinates": [-91.9149749, 50.0984244]}}, {"type": "Feature", "properties": {"id": 509634371, "name": "Esso", "brand": "Esso", "opening_hours": "Mo-Sa 07:30-20:30; Su 08:00-20:00"}, "geometry": {"type": "Point", "coordinates": [-80.3496788, 43.3916141]}}, {"type": "Feature", "properties": {"id": 510514700, "name": "Ultramar", "brand": "Ultramar", "opening_hours": null}, "geometry": {"type": "Point", "coordinates": [-77.2589737, 45.8874028]}}, {"type": "Feature", "properties": {"id": 510520298, "name": "Costco Gasoline", "brand": "Costco", "opening_hours": null}, "geometry": {"type": "Point", "coordinates": [-75.7825448, 45.2688004]}}, {"type": "Feature", "properties": {"id": 510588350, "name": "Husky", "brand": "Husky", "opening_hours": null}, "geometry": {"type": "Point", "coordinates": [-80.2586268, 43.1400705]}}, {"type": "Feature", "properties": {"id": 510752677, "name": null, "brand": null, "opening_hours": null}, "geometry": {"type": "Point", "coordinates": [-79.7362237, 43.2212709]}}, {"type": "Feature", "properties": {"id": 511588358, "name": "Ecce Fuel Convenience", "brand": null, "opening_hours": null}, "geometry": {"type": "Point", "coordinates": [-80.9225213, 43.4445592]}}, {"type": "Feature", "properties": {"id": 512993980, "name": "Crevier", "brand": "Crevier", "opening_hours": null}, "geometry": {"type": "Point", "coordinates": [-74.5840467, 45.6069347]}}, {"type": "Feature", "properties": {"id": 516530576, "name": "Petro-Canada", "brand": "Petro-Canada", "opening_hours": null}, "geometry": {"type": "Point", "coordinates": [-80.5622835, 43.5803088]}}, {"type": "Feature", "properties": {"id": 517078670, "name": "Opaz Gas", "brand": null, "opening_hours": null}, "geometry": {"type": "Point", "coordinates": [-82.8516079, 49.5255963]}}, {"type": "Feature", "properties": {"id": 517079381, "name": "OK Tire", "brand": null, "opening_hours": null}, "geometry": {"type": "Point", "coordinates": [-82.5297559, 49.4405027]}}, {"type": "Feature", "properties": {"id": 517089499, "name": "Shell", "brand": "Shell", "opening_hours": null}, "geometry": {"type": "Point", "coordinates": [-81.3184663, 48.4765209]}}, {"type": "Feature", "properties": {"id": 517089509, "name": "Petro-Canada", "brand": "Petro-Canada", "opening_hours": null}, "geometry": {"type": "Point", "coordinates": [-81.3361097, 48.4758722]}}, {"type": "Feature", "properties": {"id": 517089510, "name": "Esso", "brand": "Esso", "opening_hours": null}, "geometry": {"type": "Point", "coordinates": [-81.318241, 48.4771707]}}, {"type": "Feature", "properties": {"id": 517092114, "name": "Esso", "brand": "Esso", "opening_hours": null}, "geometry": {"type": "Point", "coordinates": [-81.2096318, 48.4849413]}}, {"type": "Feature", "properties": {"id": 517092115, "name": "Crevier", "brand": "Crevier", "opening_hours": null}, "geometry": {"type": "Point", "coordinates": [-81.161874, 48.4940431]}}, {"type": "Feature", "properties": {"id": 517092377, "name": "CAN-OP", "brand": null, "opening_hours": null}, "geometry": {"type": "Point", "coordinates": [-80.8921175, 48.5447805]}}, {"type": "Feature", "properties": {"id": 517094961, "name": "Esso", "brand": "Esso", "opening_hours": null}, "geometry": {"type": "Point", "coordinates": [-80.6382306, 48.6030103]}}, {"type": "Feature", "properties": {"id": 517098767, "name": "Trapper Trading Post", "brand": null, "opening_hours": null}, "geometry": {"type": "Point", "coordinates": [-79.8041808, 46.7353396]}}, {"type": "Feature", "properties": {"id": 517099745, "name": "Petro-Canada", "brand": "Petro-Canada", "opening_hours": null}, "geometry": {"type": "Point", "coordinates": [-79.7907729, 47.0621116]}}, {"type": "Feature", "properties": {"id": 517267357, "name": "Crevier", "brand": "Crevier", "opening_hours": null}, "geometry": {"type": "Point", "coordinates": [-79.2627849, 46.2064215]}}, {"type": "Feature", "properties": {"id": 517274473, "name": "Shell", "brand": "Shell", "opening_hours": null}, "geometry": {"type": "Point", "coordinates": [-79.4490274, 46.3115997]}}, {"type": "Feature", "properties": {"id": 517274482, "name": "Mr Gas", "brand": null, "opening_hours": null}, "geometry": {"type": "Point", "coordinates": [-79.3982549, 46.3024348]}}, {"type": "Feature", "properties": {"id": 517274488, "name": "MacEwen", "brand": "MacEwen", "opening_hours": null}, "geometry": {"type": "Point", "coordinates": [-79.3013507, 46.2804108]}}, {"type": "Feature", "properties": {"id": 517274492, "name": "Esso", "brand": "Esso", "opening_hours": null}, "geometry": {"type": "Point", "coordinates": [-79.4356446, 46.3103589]}}, {"type": "Feature", "properties": {"id": 517274504, "name": "Crevier", "brand": "Crevier", "opening_hours": null}, "geometry": {"type": "Point", "coordinates": [-79.2944789, 46.2654232]}}, {"type": "Feature", "properties": {"id": 517280269, "name": "Petro-Canada", "brand": "Petro-Canada", "opening_hours": null}, "geometry": {"type": "Point", "coordinates": [-79.4679407, 46.3556711]}}, {"type": "Feature", "properties": {"id": 517280276, "name": "Mr Gas", "brand": null, "opening_hours": null}, "geometry": {"type": "Point", "coordinates": [-79.4716893, 46.3465755]}}, {"type": "Feature", "properties": {"id": 517280283, "name": "Canadian Tire", "brand": "Canadian Tire", "opening_hours": "24/7"}, "geometry": {"type": "Point", "coordinates": [-79.466529, 46.328141]}}, {"type": "Feature", "properties": {"id": 517284282, "name": "Redbridge General Store", "brand": null, "opening_hours": null}, "geometry": {"type": "Point", "coordinates": [-79.2570746, 46.3855996]}}, {"type": "Feature", "properties": {"id": 517301283, "name": "CAN-OP", "brand": null, "opening_hours": null}, "geometry": {"type": "Point", "coordinates": [-80.7856273, 48.7262529]}}, {"type": "Feature", "properties": {"id": 517301297, "name": "Petro-Canada", "brand": "Petro-Canada", "opening_hours": null}, "geometry": {"type": "Point", "coordinates": [-80.6922036, 48.7552677]}}, {"type": "Feature", "properties": {"id": 517344254, "name": "Esso", "brand": "Esso", "opening_hours": null}, "geometry": {"type": "Point", "coordinates": [-84.7683598, 49.2124735]}}, {"type": "Feature", "properties": {"id": 517369745, "name": "Ultramar", "brand": "Ultramar", "opening_hours": null}, "geometry": {"type": "Point", "coordinates": [-79.8680354, 47.8287608]}}, {"type": "Feature", "properties": {"id": 517369746, "name": "MacEwen", "brand": "MacEwen", "opening_hours": null}, "geometry": {"type": "Point", "coordinates": [-79.8835886, 47.8259173]}}, {"type": "Feature", "properties": {"id": 517408108, "name": "Esso", "brand": "Esso", "opening_hours": null}, "geometry": {"type": "Point", "coordinates": [-80.2220392, 48.1216379]}}, {"type": "Feature", "properties": {"id": 517408491, "name": "CAN-OP", "brand": null, "opening_hours": null}, "geometry": {"type": "Point", "coordinates": [-80.1955033, 48.0994652]}}, {"type": "Feature", "properties": {"id": 517416455, "name": "Shell", "brand": "Shell", "opening_hours": null}, "geometry": {"type": "Point", "coordinates": [-82.0719122, 46.213089]}}, {"type": "Feature", "properties": {"id": 517456892, "name": "Lakeview Gas Bar", "brand": null, "opening_hours": null}, "geometry": {"type": "Point", "coordinates": [-83.5622984, 46.2569074]}}, {"type": "Feature", "properties": {"id": 517459838, "name": "Esso", "brand": "Esso", "opening_hours": null}, "geometry": {"type": "Point", "coordinates": [-83.793778, 46.3004203]}}, {"type": "Feature", "properties": {"id": 517460314, "name": "Esso", "brand": "Esso", "opening_hours": null}, "geometry": {"type": "Point", "coordinates": [-83.9827873, 46.2957518]}}, {"type": "Feature", "properties": {"id": 517461342, "name": "Desbarats service centre", "brand": null, "opening_hours": null}, "geometry": {"type": "Point", "coordinates": [-83.9235536, 46.3447487]}}, {"type": "Feature", "properties": {"id": 517463748, "name": "UPI Energy", "brand": null, "opening_hours": null}, "geometry": {"type": "Point", "coordinates": [-84.2070442, 46.550116]}}, {"type": "Feature", "properties": {"id": 517463756, "name": "Pit Stop", "brand": null, "opening_hours": null}, "geometry": {"type": "Point", "coordinates": [-84.0701829, 46.4843322]}}, {"type": "Feature", "properties": {"id": 517463761, "name": "New Dawn Fuel", "brand": null, "opening_hours": null}, "geometry": {"type": "Point", "coordinates": [-84.0686318, 46.4818643]}}, {"type": "Feature", "properties": {"id": 517665240, "name": "Esso", "brand": "Esso", "opening_hours": null}, "geometry": {"type": "Point", "coordinates": [-84.3065782, 46.6425705]}}, {"type": "Feature", "properties": {"id": 517708125, "name": null, "brand": null, "opening_hours": null}, "geometry": {"type": "Point", "coordinates": [-82.6457951, 46.3812745]}}, {"type": "Feature", "properties": {"id": 517709975, "name": "Esso", "brand": "Esso", "opening_hours": null}, "geometry": {"type": "Point", "coordinates": [-81.141678, 46.4223011]}}, {"type": "Feature", "properties": {"id": 517712177, "name": "Esso", "brand": "Esso", "opening_hours": null}, "geometry": {"type": "Point", "coordinates": [-80.7899415, 46.4876814]}}, {"type": "Feature", "properties": {"id": 517724171, "name": "Crystal Beach Variety", "brand": null, "opening_hours": "08:00-20:00"}, "geometry": {"type": "Point", "coordinates": [-88.9132901, 48.5438868]}}, {"type": "Feature", "properties": {"id": 517753145, "name": "Petro-Canada", "brand": "Petro-Canada", "opening_hours": null}, "geometry": {"type": "Point", "coordinates": [-92.8261775, 49.7893458]}}, {"type": "Feature", "properties": {"id": 517784281, "name": "Top Valu", "brand": null, "opening_hours": null}, "geometry": {"type": "Point", "coordinates": [-94.4545537, 49.7820048]}}, {"type": "Feature", "properties": {"id": 517784286, "name": "Shell", "brand": "Shell", "opening_hours": null}, "geometry": {"type": "Point", "coordinates": [-94.4713141, 49.7696961]}}, {"type": "Feature", "properties": {"id": 517784292, "name": "Real Canadian Wholesale Club", "brand": null, "opening_hours": null}, "geometry": {"type": "Point", "coordinates": [-94.4735981, 49.7692002]}}, {"type": "Feature", "properties": {"id": 517784293, "name": "Petro-Canada", "brand": "Petro-Canada", "opening_hours": null}, "geometry": {"type": "Point", "coordinates": [-94.4871724, 49.7972389]}}, {"type": "Feature", "properties": {"id": 517784294, "name": "Husky", "brand": "Husky", "opening_hours": null}, "geometry": {"type": "Point", "coordinates": [-94.4686239, 49.7593848]}}, {"type": "Feature", "properties": {"id": 517784298, "name": "Husky", "brand": "Husky", "opening_hours": null}, "geometry": {"type": "Point", "coordinates": [-94.5139931, 49.7681917]}}, {"type": "Feature", "properties": {"id": 517784303, "name": "Co-Op", "brand": "Federated Co-operatives", "opening_hours": null}, "geometry": {"type": "Point", "coordinates": [-94.5262682, 49.7637384]}}, {"type": "Feature", "properties": {"id": 517798155, "name": "Filane's", "brand": null, "opening_hours": null}, "geometry": {"type": "Point", "coordinates": [-87.2676355, 48.8141056]}}, {"type": "Feature", "properties": {"id": 517798602, "name": "CAN-OP", "brand": null, "opening_hours": null}, "geometry": {"type": "Point", "coordinates": [-87.3744181, 48.8249888]}}, {"type": "Feature", "properties": {"id": 518126782, "name": "Esso", "brand": "Esso", "opening_hours": null}, "geometry": {"type": "Point", "coordinates": [-94.3249053, 49.7259984]}}, {"type": "Feature", "properties": {"id": 518323155, "name": "Esso", "brand": "Esso", "opening_hours": null}, "geometry": {"type": "Point", "coordinates": [-81.0069193, 46.6145549]}}, {"type": "Feature", "properties": {"id": 518323162, "name": "Esso", "brand": "Esso", "opening_hours": null}, "geometry": {"type": "Point", "coordinates": [-81.0079159, 46.6107857]}}, {"type": "Feature", "properties": {"id": 518323165, "name": "Norstar", "brand": null, "opening_hours": null}, "geometry": {"type": "Point", "coordinates": [-81.0068596, 46.6087581]}}, {"type": "Feature", "properties": {"id": 518352185, "name": "Shell", "brand": "Shell", "opening_hours": null}, "geometry": {"type": "Point", "coordinates": [-84.3609984, 46.5305469]}}, {"type": "Feature", "properties": {"id": 518352206, "name": "Wardlaw", "brand": null, "opening_hours": null}, "geometry": {"type": "Point", "coordinates": [-84.3445698, 46.5237245]}}, {"type": "Feature", "properties": {"id": 518352212, "name": "Circle K", "brand": "Circle K", "opening_hours": "24/7"}, "geometry": {"type": "Point", "coordinates": [-84.3083002, 46.5381953]}}, {"type": "Feature", "properties": {"id": 518352213, "name": "Canadian Tire", "brand": "Canadian Tire", "opening_hours": null}, "geometry": {"type": "Point", "coordinates": [-84.3500181, 46.5373067]}}, {"type": "Feature", "properties": {"id": 518375506, "name": "UPI Energy", "brand": null, "opening_hours": null}, "geometry": {"type": "Point", "coordinates": [-81.3916786, 46.6061059]}}, {"type": "Feature", "properties": {"id": 518375507, "name": "Norstar", "brand": null, "opening_hours": null}, "geometry": {"type": "Point", "coordinates": [-81.4045838, 46.6273582]}}, {"type": "Feature", "properties": {"id": 518375508, "name": "Independent Gas Bar", "brand": null, "opening_hours": null}, "geometry": {"type": "Point", "coordinates": [-81.4544617, 46.6249398]}}, {"type": "Feature", "properties": {"id": 518377976, "name": "Shell", "brand": "Shell", "opening_hours": null}, "geometry": {"type": "Point", "coordinates": [-80.3113557, 46.4418117]}}, {"type": "Feature", "properties": {"id": 518378873, "name": "Norstar", "brand": null, "opening_hours": null}, "geometry": {"type": "Point", "coordinates": [-81.1338673, 46.5939863]}}, {"type": "Feature", "properties": {"id": 518378874, "name": "Circle K", "brand": "Circle K", "opening_hours": null}, "geometry": {"type": "Point", "coordinates": [-81.1974424, 46.5686324]}}, {"type": "Feature", "properties": {"id": 518378878, "name": "Canadian Tire", "brand": "Canadian Tire", "opening_hours": null}, "geometry": {"type": "Point", "coordinates": [-81.1931837, 46.568442]}}, {"type": "Feature", "properties": {"id": 518425192, "name": "Esso", "brand": "Esso", "opening_hours": null}, "geometry": {"type": "Point", "coordinates": [-89.4114232, 48.3803836]}}, {"type": "Feature", "properties": {"id": 518425193, "name": "CAN-OP", "brand": null, "opening_hours": null}, "geometry": {"type": "Point", "coordinates": [-89.4152858, 48.3804851]}}, {"type": "Feature", "properties": {"id": 518426208, "name": "CAN-OP", "brand": null, "opening_hours": null}, "geometry": {"type": "Point", "coordinates": [-89.4918424, 48.5131274]}}, {"type": "Feature", "properties": {"id": 518427141, "name": "Esso", "brand": "Esso", "opening_hours": null}, "geometry": {"type": "Point", "coordinates": [-89.6152065, 48.401341]}}, {"type": "Feature", "properties": {"id": 518427142, "name": "Petro-Canada", "brand": "Petro-Canada", "opening_hours": null}, "geometry": {"type": "Point", "coordinates": [-89.6149613, 48.4020223]}}, {"type": "Feature", "properties": {"id": 518427628, "name": "CAN-OP", "brand": null, "opening_hours": null}, "geometry": {"type": "Point", "coordinates": [-89.7006684, 48.2930408]}}, {"type": "Feature", "properties": {"id": 518428098, "name": "Lappe Variety", "brand": null, "opening_hours": null}, "geometry": {"type": "Point", "coordinates": [-89.3554077, 48.5766532]}}, {"type": "Feature", "properties": {"id": 518548277, "name": "Pioneer", "brand": "Pioneer", "opening_hours": null}, "geometry": {"type": "Point", "coordinates": [-80.9504561, 46.522297]}}, {"type": "Feature", "properties": {"id": 518548280, "name": "Petro-Canada", "brand": "Petro-Canada", "opening_hours": null}, "geometry": {"type": "Point", "coordinates": [-81.0046429, 46.4535861]}}, {"type": "Feature", "properties": {"id": 518548290, "name": "Mobil", "brand": "Mobil", "opening_hours": null}, "geometry": {"type": "Point", "coordinates": [-80.9396042, 46.5216677]}}, {"type": "Feature", "properties": {"id": 518549856, "name": "PERMANENTLY CLOSED", "brand": null, "opening_hours": null}, "geometry": {"type": "Point", "coordinates": [-80.7999613, 46.3144347]}}, {"type": "Feature", "properties": {"id": 518550527, "name": "Spyke's Gas Bar", "brand": null, "opening_hours": null}, "geometry": {"type": "Point", "coordinates": [-79.399626, 46.3317466]}}, {"type": "Feature", "properties": {"id": 518550530, "name": "Shell", "brand": "Shell", "opening_hours": null}, "geometry": {"type": "Point", "coordinates": [-79.4321962, 46.3239621]}}, {"type": "Feature", "properties": {"id": 518551901, "name": "MF", "brand": null, "opening_hours": null}, "geometry": {"type": "Point", "coordinates": [-84.3851028, 46.7277493]}}, {"type": "Feature", "properties": {"id": 518559985, "name": "Perron's Freshmart", "brand": null, "opening_hours": null}, "geometry": {"type": "Point", "coordinates": [-79.2781747, 46.1840354]}}, {"type": "Feature", "properties": {"id": 518561678, "name": "XTR", "brand": "XTR", "opening_hours": null}, "geometry": {"type": "Point", "coordinates": [-79.4007504, 45.7648851]}}, {"type": "Feature", "properties": {"id": 518561679, "name": "Black Motor Sales", "brand": null, "opening_hours": null}, "geometry": {"type": "Point", "coordinates": [-79.401349, 45.7645561]}}, {"type": "Feature", "properties": {"id": 518563690, "name": "Shell", "brand": "Shell", "opening_hours": null}, "geometry": {"type": "Point", "coordinates": [-79.4068157, 45.6174805]}}, {"type": "Feature", "properties": {"id": 518577458, "name": "Ultramar", "brand": "Ultramar", "opening_hours": null}, "geometry": {"type": "Point", "coordinates": [-79.2564613, 45.3002046]}}, {"type": "Feature", "properties": {"id": 518577462, "name": "Sunoco", "brand": "Sunoco", "opening_hours": null}, "geometry": {"type": "Point", "coordinates": [-79.237081, 45.3196905]}}, {"type": "Feature", "properties": {"id": 518577466, "name": "Shell", "brand": "Shell", "opening_hours": null}, "geometry": {"type": "Point", "coordinates": [-79.2198965, 45.3263405]}}, {"type": "Feature", "properties": {"id": 518578441, "name": "Shell", "brand": "Shell", "opening_hours": null}, "geometry": {"type": "Point", "coordinates": [-79.2406847, 45.3375651]}}, {"type": "Feature", "properties": {"id": 518578449, "name": "Petro-Canada", "brand": "Petro-Canada", "opening_hours": null}, "geometry": {"type": "Point", "coordinates": [-79.222303, 45.3410124]}}, {"type": "Feature", "properties": {"id": 518582092, "name": "Kenabeek Store", "brand": null, "opening_hours": null}, "geometry": {"type": "Point", "coordinates": [-79.9949, 47.6390409]}}, {"type": "Feature", "properties": {"id": 518583147, "name": "Janey's Junction", "brand": null, "opening_hours": null}, "geometry": {"type": "Point", "coordinates": [-79.7387866, 47.6674798]}}, {"type": "Feature", "properties": {"id": 518606250, "name": "Ultramar", "brand": "Ultramar", "opening_hours": null}, "geometry": {"type": "Point", "coordinates": [-76.3753778, 45.4182789]}}, {"type": "Feature", "properties": {"id": 518606253, "name": "Stinson", "brand": "Stinson", "opening_hours": null}, "geometry": {"type": "Point", "coordinates": [-76.336642, 45.4304583]}}, {"type": "Feature", "properties": {"id": 518606255, "name": "Stinson", "brand": "Stinson", "opening_hours": null}, "geometry": {"type": "Point", "coordinates": [-76.3774363, 45.4185011]}}, {"type": "Feature", "properties": {"id": 518609157, "name": "Shell", "brand": "Shell", "opening_hours": null}, "geometry": {"type": "Point", "coordinates": [-76.6803771, 45.4695092]}}, {"type": "Feature", "properties": {"id": 518609162, "name": "Irving", "brand": "Irving", "opening_hours": null}, "geometry": {"type": "Point", "coordinates": [-76.6964432, 45.4785543]}}, {"type": "Feature", "properties": {"id": 518609163, "name": "MacEwen", "brand": "MacEwen", "opening_hours": null}, "geometry": {"type": "Point", "coordinates": [-76.6876061, 45.4744383]}}, {"type": "Feature", "properties": {"id": 518614945, "name": "Annie's Gas Bar Variety", "brand": null, "opening_hours": null}, "geometry": {"type": "Point", "coordinates": [-76.7820356, 45.6772023]}}, {"type": "Feature", "properties": {"id": 518618706, "name": "Ultramar", "brand": "Ultramar", "opening_hours": null}, "geometry": {"type": "Point", "coordinates": [-77.6605632, 45.4904862]}}, {"type": "Feature", "properties": {"id": 518618711, "name": "Shell", "brand": "Shell", "opening_hours": "Mo-Su 06:00-21:00"}, "geometry": {"type": "Point", "coordinates": [-77.6739058, 45.4803202]}}, {"type": "Feature", "properties": {"id": 518649218, "name": "Windey's Food Market", "brand": null, "opening_hours": null}, "geometry": {"type": "Point", "coordinates": [-92.9406964, 48.7123122]}}, {"type": "Feature", "properties": {"id": 518650029, "name": "Esso", "brand": "Esso", "opening_hours": null}, "geometry": {"type": "Point", "coordinates": [-92.6219619, 48.7597569]}}, {"type": "Feature", "properties": {"id": 518650542, "name": "Shell", "brand": null, "opening_hours": null}, "geometry": {"type": "Point", "coordinates": [-93.2231731, 48.6909094]}}, {"type": "Feature", "properties": {"id": 518651548, "name": "Mel's Marine", "brand": null, "opening_hours": null}, "geometry": {"type": "Point", "coordinates": [-93.9218858, 49.105657]}}, {"type": "Feature", "properties": {"id": 518653001, "name": "Onegaming Gas Convenience", "brand": null, "opening_hours": null}, "geometry": {"type": "Point", "coordinates": [-93.9294465, 49.1663579]}}, {"type": "Feature", "properties": {"id": 518654956, "name": "XTR", "brand": null, "opening_hours": null}, "geometry": {"type": "Point", "coordinates": [-94.1627308, 48.6838276]}}, {"type": "Feature", "properties": {"id": 518655464, "name": "JD Junction", "brand": null, "opening_hours": null}, "geometry": {"type": "Point", "coordinates": [-93.9152273, 48.6437818]}}, {"type": "Feature", "properties": {"id": 518655468, "name": "CAN-OP", "brand": null, "opening_hours": null}, "geometry": {"type": "Point", "coordinates": [-93.9842573, 48.6485621]}}, {"type": "Feature", "properties": {"id": 518657372, "name": "Norlund Oil - Petro-Canada", "brand": null, "opening_hours": null}, "geometry": {"type": "Point", "coordinates": [-93.8433477, 48.633534]}}, {"type": "Feature", "properties": {"id": 518658035, "name": "Busy Beaver Fuels", "brand": null, "opening_hours": null}, "geometry": {"type": "Point", "coordinates": [-94.5554073, 48.7219471]}}, {"type": "Feature", "properties": {"id": 518659605, "name": "Shell", "brand": "Shell", "opening_hours": null}, "geometry": {"type": "Point", "coordinates": [-93.3899649, 48.6091352]}}, {"type": "Feature", "properties": {"id": 518659606, "name": "Co-op", "brand": "Federated Co-operatives", "opening_hours": null}, "geometry": {"type": "Point", "coordinates": [-93.4138002, 48.6114066]}}, {"type": "Feature", "properties": {"id": 518661543, "name": "Esso", "brand": "Esso", "opening_hours": null}, "geometry": {"type": "Point", "coordinates": [-91.6078081, 48.7550963]}}, {"type": "Feature", "properties": {"id": 518811389, "name": "Quetico North", "brand": "CAN-OP", "opening_hours": null}, "geometry": {"type": "Point", "coordinates": [-91.1772064, 48.6889288]}}, {"type": "Feature", "properties": {"id": 518811768, "name": "Esso", "brand": "Esso", "opening_hours": null}, "geometry": {"type": "Point", "coordinates": [-91.9744702, 50.0575551]}}, {"type": "Feature", "properties": {"id": 518812464, "name": "Dutchies General Store", "brand": null, "opening_hours": null}, "geometry": {"type": "Point", "coordinates": [-93.1548598, 50.3425038]}}, {"type": "Feature", "properties": {"id": 519172252, "name": "Esso", "brand": "Esso", "opening_hours": null}, "geometry": {"type": "Point", "coordinates": [-80.4313167, 46.1362103]}}, {"type": "Feature", "properties": {"id": 519172440, "name": "Foote's General Store", "brand": null, "opening_hours": null}, "geometry": {"type": "Point", "coordinates": [-79.5121643, 46.0884272]}}, {"type": "Feature", "properties": {"id": 519174889, "name": "H & M Gas Bar", "brand": null, "opening_hours": null}, "geometry": {"type": "Point", "coordinates": [-82.454792, 45.8967861]}}, {"type": "Feature", "properties": {"id": 519451194, "name": "Airways General Store", "brand": null, "opening_hours": null}, "geometry": {"type": "Point", "coordinates": [-84.4828174, 46.5345556]}}, {"type": "Feature", "properties": {"id": 519471853, "name": "Esso", "brand": "Esso", "opening_hours": null}, "geometry": {"type": "Point", "coordinates": [-81.7588307, 43.3090269]}}, {"type": "Feature", "properties": {"id": 519759891, "name": "Shell", "brand": "Shell", "opening_hours": null}, "geometry": {"type": "Point", "coordinates": [-80.3740787, 45.5962149]}}, {"type": "Feature", "properties": {"id": 519762388, "name": "Gerry's General Store", "brand": null, "opening_hours": null}, "geometry": {"type": "Point", "coordinates": [-79.7181571, 46.0269773]}}, {"type": "Feature", "properties": {"id": 519766692, "name": "MacEwen", "brand": "MacEwen", "opening_hours": "Mo-Su 05:30-23:00"}, "geometry": {"type": "Point", "coordinates": [-77.3362831, 43.952955]}}, {"type": "Feature", "properties": {"id": 519767570, "name": "Esso", "brand": "Esso", "opening_hours": null}, "geometry": {"type": "Point", "coordinates": [-77.3160673, 44.0675633]}}, {"type": "Feature", "properties": {"id": 519969113, "name": "Olco", "brand": null, "opening_hours": null}, "geometry": {"type": "Point", "coordinates": [-77.0596034, 44.1959077]}}, {"type": "Feature", "properties": {"id": 519969115, "name": "Olco", "brand": null, "opening_hours": null}, "geometry": {"type": "Point", "coordinates": [-77.0882855, 44.1848091]}}, {"type": "Feature", "properties": {"id": 519969120, "name": "Five Nations Tobacco & Fuels", "brand": null, "opening_hours": null}, "geometry": {"type": "Point", "coordinates": [-77.0870862, 44.1841723]}}, {"type": "Feature", "properties": {"id": 519983078, "name": "Killaloe Motel Variety", "brand": null, "opening_hours": null}, "geometry": {"type": "Point", "coordinates": [-77.4177762, 45.561914]}}, {"type": "Feature", "properties": {"id": 520158604, "name": "UPI Energy", "brand": null, "opening_hours": null}, "geometry": {"type": "Point", "coordinates": [-81.3923004, 43.5532813]}}, {"type": "Feature", "properties": {"id": 520300749, "name": "Stan's Garage", "brand": null, "opening_hours": null}, "geometry": {"type": "Point", "coordinates": [-78.4876243, 45.0422961]}}, {"type": "Feature", "properties": {"id": 520302730, "name": "Shell", "brand": "Shell", "opening_hours": null}, "geometry": {"type": "Point", "coordinates": [-78.423418, 45.1785006]}}, {"type": "Feature", "properties": {"id": 520303770, "name": "Linkie's General Store", "brand": null, "opening_hours": null}, "geometry": {"type": "Point", "coordinates": [-78.0381649, 45.3073319]}}, {"type": "Feature", "properties": {"id": 520304424, "name": "Stinson", "brand": "Stinson", "opening_hours": null}, "geometry": {"type": "Point", "coordinates": [-77.6291167, 45.3650068]}}, {"type": "Feature", "properties": {"id": 520935749, "name": "Ultramar", "brand": "Ultramar", "opening_hours": null}, "geometry": {"type": "Point", "coordinates": [-80.1203474, 43.9012953]}}, {"type": "Feature", "properties": {"id": 521230956, "name": "Esso", "brand": "Esso", "opening_hours": null}, "geometry": {"type": "Point", "coordinates": [-80.0642476, 45.4018776]}}, {"type": "Feature", "properties": {"id": 521231836, "name": "Killbear Park Mall", "brand": null, "opening_hours": null}, "geometry": {"type": "Point", "coordinates": [-80.2362987, 45.367828]}}, {"type": "Feature", "properties": {"id": 521285767, "name": "Ultramar", "brand": "Ultramar", "opening_hours": null}, "geometry": {"type": "Point", "coordinates": [-76.0197656, 44.8886995]}}, {"type": "Feature", "properties": {"id": 521285768, "name": "Mr Gas", "brand": null, "opening_hours": null}, "geometry": {"type": "Point", "coordinates": [-76.0330764, 44.8888972]}}, {"type": "Feature", "properties": {"id": 521285771, "name": "Mr Gas", "brand": "Mr Gas", "opening_hours": null}, "geometry": {"type": "Point", "coordinates": [-76.0211009, 44.9104274]}}, {"type": "Feature", "properties": {"id": 521285772, "name": "MacEwen", "brand": "MacEwen", "opening_hours": null}, "geometry": {"type": "Point", "coordinates": [-76.0211783, 44.9038713]}}, {"type": "Feature", "properties": {"id": 521285773, "name": "MacEwen", "brand": "MacEwen", "opening_hours": null}, "geometry": {"type": "Point", "coordinates": [-76.0110688, 44.902728]}}, {"type": "Feature", "properties": {"id": 521285774, "name": "Esso", "brand": "Esso", "opening_hours": null}, "geometry": {"type": "Point", "coordinates": [-76.0216972, 44.9043067]}}, {"type": "Feature", "properties": {"id": 521285779, "name": "Canadian Tire", "brand": "Canadian Tire", "opening_hours": null}, "geometry": {"type": "Point", "coordinates": [-76.0290958, 44.8926558]}}, {"type": "Feature", "properties": {"id": 521310532, "name": "Esso", "brand": "Esso", "opening_hours": null}, "geometry": {"type": "Point", "coordinates": [-76.1276435, 45.1397386]}}, {"type": "Feature", "properties": {"id": 521354582, "name": "Esso", "brand": "Esso", "opening_hours": null}, "geometry": {"type": "Point", "coordinates": [-76.6914899, 44.4858951]}}, {"type": "Feature", "properties": {"id": 521355740, "name": "Olco", "brand": null, "opening_hours": null}, "geometry": {"type": "Point", "coordinates": [-76.6643349, 44.4003527]}}, {"type": "Feature", "properties": {"id": 521357448, "name": "Ultramar", "brand": "Ultramar", "opening_hours": null}, "geometry": {"type": "Point", "coordinates": [-76.1936346, 44.6949452]}}, {"type": "Feature", "properties": {"id": 521360825, "name": "Ultramar", "brand": "Ultramar", "opening_hours": null}, "geometry": {"type": "Point", "coordinates": [-76.2685313, 44.9076263]}}, {"type": "Feature", "properties": {"id": 521360826, "name": "Shell", "brand": "Shell", "opening_hours": null}, "geometry": {"type": "Point", "coordinates": [-76.2407199, 44.892325]}}, {"type": "Feature", "properties": {"id": 521360827, "name": "ESSO Circle K", "brand": "Esso", "opening_hours": null}, "geometry": {"type": "Point", "coordinates": [-76.2688265, 44.9064738]}}, {"type": "Feature", "properties": {"id": 521360837, "name": "Canadian Tire", "brand": "Canadian Tire", "opening_hours": null}, "geometry": {"type": "Point", "coordinates": [-76.2638742, 44.9105979]}}, {"type": "Feature", "properties": {"id": 521515656, "name": "Ultramar", "brand": "Ultramar", "opening_hours": "24/7"}, "geometry": {"type": "Point", "coordinates": [-79.3123064, 45.1965151]}}, {"type": "Feature", "properties": {"id": 521538538, "name": "Stinson", "brand": "Stinson", "opening_hours": null}, "geometry": {"type": "Point", "coordinates": [-76.7156852, 45.306523]}}, {"type": "Feature", "properties": {"id": 521539585, "name": "The Eagle's Rest", "brand": null, "opening_hours": null}, "geometry": {"type": "Point", "coordinates": [-77.0953774, 45.1762741]}}, {"type": "Feature", "properties": {"id": 521541441, "name": "41 Stop", "brand": null, "opening_hours": null}, "geometry": {"type": "Point", "coordinates": [-77.2667997, 45.1280972]}}, {"type": "Feature", "properties": {"id": 521542300, "name": "Star Gas", "brand": null, "opening_hours": null}, "geometry": {"type": "Point", "coordinates": [-76.8713532, 44.9981724]}}, {"type": "Feature", "properties": {"id": 521582732, "name": "Woods", "brand": null, "opening_hours": null}, "geometry": {"type": "Point", "coordinates": [-77.8320448, 44.8631667]}}, {"type": "Feature", "properties": {"id": 521585873, "name": "A T Service", "brand": null, "opening_hours": null}, "geometry": {"type": "Point", "coordinates": [-75.4610441, 45.1598216]}}, {"type": "Feature", "properties": {"id": 521588455, "name": "Ultramar", "brand": "Ultramar", "opening_hours": null}, "geometry": {"type": "Point", "coordinates": [-76.3564165, 45.0108052]}}, {"type": "Feature", "properties": {"id": 521614897, "name": "Petroplus", "brand": null, "opening_hours": null}, "geometry": {"type": "Point", "coordinates": [-74.5677928, 45.223028]}}, {"type": "Feature", "properties": {"id": 521614898, "name": "MacEwen", "brand": "MacEwen", "opening_hours": null}, "geometry": {"type": "Point", "coordinates": [-74.6273286, 45.2992632]}}, {"type": "Feature", "properties": {"id": 521614901, "name": "Esso", "brand": "Esso", "opening_hours": null}, "geometry": {"type": "Point", "coordinates": [-74.6430856, 45.3184181]}}, {"type": "Feature", "properties": {"id": 521622807, "name": "Canadian Tire", "brand": "Canadian Tire", "opening_hours": null}, "geometry": {"type": "Point", "coordinates": [-78.7156062, 44.930948]}}, {"type": "Feature", "properties": {"id": 521675341, "name": "Woods", "brand": null, "opening_hours": null}, "geometry": {"type": "Point", "coordinates": [-77.3111896, 44.4748309]}}, {"type": "Feature", "properties": {"id": 521801334, "name": "Petro-Canada", "brand": "Petro-Canada", "opening_hours": null}, "geometry": {"type": "Point", "coordinates": [-77.8627407, 45.0849274]}}, {"type": "Feature", "properties": {"id": 521804871, "name": "Stop 62", "brand": null, "opening_hours": null}, "geometry": {"type": "Point", "coordinates": [-77.9109754, 45.1815081]}}, {"type": "Feature", "properties": {"id": 521828442, "name": "Wilberforce Service Centre", "brand": null, "opening_hours": null}, "geometry": {"type": "Point", "coordinates": [-78.2219866, 45.0362383]}}, {"type": "Feature", "properties": {"id": 521828444, "name": "South Algonquin Country Store", "brand": null, "opening_hours": null}, "geometry": {"type": "Point", "coordinates": [-78.1542683, 45.0828158]}}, {"type": "Feature", "properties": {"id": 521896949, "name": "Kokomish", "brand": null, "opening_hours": null}, "geometry": {"type": "Point", "coordinates": [-77.2515211, 45.5762071]}}, {"type": "Feature", "properties": {"id": 521930238, "name": "Rosenberg Energies", "brand": null, "opening_hours": null}, "geometry": {"type": "Point", "coordinates": [-77.0450599, 44.4769433]}}, {"type": "Feature", "properties": {"id": 521931531, "name": "Woods", "brand": null, "opening_hours": null}, "geometry": {"type": "Point", "coordinates": [-77.1843179, 44.8158715]}}, {"type": "Feature", "properties": {"id": 522138451, "name": "Esso", "brand": "Esso", "opening_hours": null}, "geometry": {"type": "Point", "coordinates": [-76.395889, 44.6732256]}}, {"type": "Feature", "properties": {"id": 522140348, "name": "Ultramar", "brand": "Ultramar", "opening_hours": null}, "geometry": {"type": "Point", "coordinates": [-76.194031, 44.486728]}}, {"type": "Feature", "properties": {"id": 522143294, "name": "Ultramar", "brand": "Ultramar", "opening_hours": null}, "geometry": {"type": "Point", "coordinates": [-76.2488315, 45.0601703]}}, {"type": "Feature", "properties": {"id": 522144399, "name": "Esso", "brand": "Esso", "opening_hours": null}, "geometry": {"type": "Point", "coordinates": [-77.8646097, 45.1261114]}}, {"type": "Feature", "properties": {"id": 522204522, "name": "Shell", "brand": "Shell", "opening_hours": null}, "geometry": {"type": "Point", "coordinates": [-75.9551705, 45.279159]}}, {"type": "Feature", "properties": {"id": 522215327, "name": "Shell", "brand": "Shell", "opening_hours": null}, "geometry": {"type": "Point", "coordinates": [-75.8824938, 45.3133586]}}, {"type": "Feature", "properties": {"id": 522215334, "name": "Mr Gas", "brand": "Mr Gas", "opening_hours": null}, "geometry": {"type": "Point", "coordinates": [-75.9207991, 45.2778366]}}, {"type": "Feature", "properties": {"id": 522219897, "name": "Circle K", "brand": "Circle K", "opening_hours": null}, "geometry": {"type": "Point", "coordinates": [-75.6509365, 45.0196349]}}, {"type": "Feature", "properties": {"id": 522221221, "name": "Drummond's Gas", "brand": "Drummond's Gas", "opening_hours": null}, "geometry": {"type": "Point", "coordinates": [-75.5450445, 44.8426588]}}, {"type": "Feature", "properties": {"id": 522258282, "name": "Stinson", "brand": "Stinson", "opening_hours": null}, "geometry": {"type": "Point", "coordinates": [-75.9530321, 44.6272552]}}, {"type": "Feature", "properties": {"id": 522453687, "name": "Sunbury General Store", "brand": null, "opening_hours": null}, "geometry": {"type": "Point", "coordinates": [-76.4254936, 44.3789623]}}, {"type": "Feature", "properties": {"id": 522454488, "name": "Pioneer", "brand": "Pioneer", "opening_hours": null}, "geometry": {"type": "Point", "coordinates": [-75.4577252, 44.98598]}}, {"type": "Feature", "properties": {"id": 522460020, "name": "Curv-Inn", "brand": null, "opening_hours": null}, "geometry": {"type": "Point", "coordinates": [-78.8771648, 45.4042194]}}, {"type": "Feature", "properties": {"id": 522461207, "name": "Shell", "brand": "Shell", "opening_hours": null}, "geometry": {"type": "Point", "coordinates": [-78.8950575, 45.242761]}}, {"type": "Feature", "properties": {"id": 522461208, "name": "Tower Hill Marine", "brand": null, "opening_hours": null}, "geometry": {"type": "Point", "coordinates": [-78.8879099, 45.2505645]}}, {"type": "Feature", "properties": {"id": 522483337, "name": "Top Valu", "brand": null, "opening_hours": null}, "geometry": {"type": "Point", "coordinates": [-77.7989051, 44.3072347]}}, {"type": "Feature", "properties": {"id": 522483341, "name": "Esso", "brand": "Esso", "opening_hours": null}, "geometry": {"type": "Point", "coordinates": [-77.7999113, 44.3092965]}}, {"type": "Feature", "properties": {"id": 522559168, "name": "Ultramar", "brand": "Ultramar", "opening_hours": null}, "geometry": {"type": "Point", "coordinates": [-78.2836738, 44.4194212]}}, {"type": "Feature", "properties": {"id": 522559173, "name": "GO Express Marts", "brand": null, "opening_hours": null}, "geometry": {"type": "Point", "coordinates": [-78.2873976, 44.3903598]}}, {"type": "Feature", "properties": {"id": 522559175, "name": "Global", "brand": "Global", "opening_hours": null}, "geometry": {"type": "Point", "coordinates": [-78.3587451, 44.3468781]}}, {"type": "Feature", "properties": {"id": 522559178, "name": "Pump", "brand": null, "opening_hours": null}, "geometry": {"type": "Point", "coordinates": [-78.381104, 44.39073]}}, {"type": "Feature", "properties": {"id": 522559182, "name": "Charlie's Bay", "brand": null, "opening_hours": null}, "geometry": {"type": "Point", "coordinates": [-78.3751608, 44.4597462]}}, {"type": "Feature", "properties": {"id": 522638401, "name": "Terry's Gas and Variety", "brand": null, "opening_hours": null}, "geometry": {"type": "Point", "coordinates": [-78.3539622, 44.4968523]}}, {"type": "Feature", "properties": {"id": 522638407, "name": "Quarter Mile Starting Gate", "brand": null, "opening_hours": null}, "geometry": {"type": "Point", "coordinates": [-78.3548126, 44.4955108]}}, {"type": "Feature", "properties": {"id": 522638410, "name": "Buckhorn Garage", "brand": null, "opening_hours": null}, "geometry": {"type": "Point", "coordinates": [-78.3325818, 44.5436551]}}, {"type": "Feature", "properties": {"id": 522658321, "name": "Ultramar", "brand": "Ultramar", "opening_hours": null}, "geometry": {"type": "Point", "coordinates": [-79.9300251, 45.921183]}}, {"type": "Feature", "properties": {"id": 522736792, "name": "Shell", "brand": "Shell", "opening_hours": null}, "geometry": {"type": "Point", "coordinates": [-81.92259, 45.972952]}}, {"type": "Feature", "properties": {"id": 522736807, "name": "Gunner's Gas Bar", "brand": null, "opening_hours": null}, "geometry": {"type": "Point", "coordinates": [-81.9801953, 45.9609068]}}, {"type": "Feature", "properties": {"id": 522739067, "name": "Esso", "brand": "Esso", "opening_hours": null}, "geometry": {"type": "Point", "coordinates": [-82.2563069, 45.8997821]}}, {"type": "Feature", "properties": {"id": 522744285, "name": "Esso", "brand": "Esso", "opening_hours": null}, "geometry": {"type": "Point", "coordinates": [-82.2708544, 45.7119881]}}, {"type": "Feature", "properties": {"id": 522745286, "name": "Denovan's Garage", "brand": "Esso", "opening_hours": null}, "geometry": {"type": "Point", "coordinates": [-82.268977, 45.6703457]}}, {"type": "Feature", "properties": {"id": 522889764, "name": "Magnetawan Bait Tackle", "brand": null, "opening_hours": null}, "geometry": {"type": "Point", "coordinates": [-79.6621594, 45.6857582]}}, {"type": "Feature", "properties": {"id": 522890623, "name": "Duck Rock Resort", "brand": null, "opening_hours": null}, "geometry": {"type": "Point", "coordinates": [-79.8568954, 45.6437816]}}, {"type": "Feature", "properties": {"id": 522891404, "name": "Shell", "brand": "Shell", "opening_hours": null}, "geometry": {"type": "Point", "coordinates": [-79.459579, 45.4911982]}}, {"type": "Feature", "properties": {"id": 522892122, "name": "Duck Lake General Store", "brand": null, "opening_hours": null}, "geometry": {"type": "Point", "coordinates": [-79.7897389, 45.3780986]}}, {"type": "Feature", "properties": {"id": 522893969, "name": "North Star", "brand": null, "opening_hours": null}, "geometry": {"type": "Point", "coordinates": [-79.9881922, 45.3240936]}}, {"type": "Feature", "properties": {"id": 522896872, "name": "Bent River General Store", "brand": null, "opening_hours": null}, "geometry": {"type": "Point", "coordinates": [-79.5330755, 45.2199455]}}, {"type": "Feature", "properties": {"id": 522897544, "name": "Mary Lake Motors", "brand": null, "opening_hours": null}, "geometry": {"type": "Point", "coordinates": [-79.305765, 45.2183364]}}, {"type": "Feature", "properties": {"id": 522900147, "name": "XTR", "brand": "XTR", "opening_hours": null}, "geometry": {"type": "Point", "coordinates": [-78.9276053, 45.366654]}}, {"type": "Feature", "properties": {"id": 522906896, "name": "Shell", "brand": "Shell", "opening_hours": null}, "geometry": {"type": "Point", "coordinates": [-79.400134, 45.1778035]}}, {"type": "Feature", "properties": {"id": 522910819, "name": "Esso", "brand": "Esso", "opening_hours": null}, "geometry": {"type": "Point", "coordinates": [-79.5889065, 45.1064245]}}, {"type": "Feature", "properties": {"id": 522919895, "name": "Mobil", "brand": "Esso", "opening_hours": null}, "geometry": {"type": "Point", "coordinates": [-79.6347484, 45.0895284]}}, {"type": "Feature", "properties": {"id": 522994600, "name": "Stinson", "brand": "Stinson", "opening_hours": null}, "geometry": {"type": "Point", "coordinates": [-76.28232, 45.4082692]}}, {"type": "Feature", "properties": {"id": 523088530, "name": "PJ's Gas", "brand": null, "opening_hours": null}, "geometry": {"type": "Point", "coordinates": [-81.3410055, 45.0389953]}}, {"type": "Feature", "properties": {"id": 523088532, "name": "UPI Energy", "brand": null, "opening_hours": null}, "geometry": {"type": "Point", "coordinates": [-81.2886019, 44.9721241]}}, {"type": "Feature", "properties": {"id": 523088536, "name": "Ferndale Drive In", "brand": null, "opening_hours": null}, "geometry": {"type": "Point", "coordinates": [-81.2877536, 44.9715971]}}, {"type": "Feature", "properties": {"id": 523091188, "name": "All R's Convenience Store", "brand": null, "opening_hours": null}, "geometry": {"type": "Point", "coordinates": [-81.0345239, 44.8884848]}}, {"type": "Feature", "properties": {"id": 523459368, "name": "MacEwen", "brand": "MacEwen", "opening_hours": null}, "geometry": {"type": "Point", "coordinates": [-77.1703687, 45.797572]}}, {"type": "Feature", "properties": {"id": 523459372, "name": "Esso", "brand": "Esso", "opening_hours": null}, "geometry": {"type": "Point", "coordinates": [-77.2220621, 45.7844147]}}, {"type": "Feature", "properties": {"id": 523464644, "name": "Esso", "brand": "Esso", "opening_hours": "24/7"}, "geometry": {"type": "Point", "coordinates": [-77.2576055, 45.886361]}}, {"type": "Feature", "properties": {"id": 523712904, "name": "Stinson", "brand": "Stinson", "opening_hours": null}, "geometry": {"type": "Point", "coordinates": [-77.1106644, 45.8250554]}}, {"type": "Feature", "properties": {"id": 523712909, "name": "Petro-Canada", "brand": "Petro-Canada", "opening_hours": null}, "geometry": {"type": "Point", "coordinates": [-77.1284847, 45.8242288]}}, {"type": "Feature", "properties": {"id": 523712910, "name": "MacEwen", "brand": "MacEwen", "opening_hours": null}, "geometry": {"type": "Point", "coordinates": [-77.1138972, 45.7541179]}}, {"type": "Feature", "properties": {"id": 523712912, "name": "Esso", "brand": "Esso", "opening_hours": null}, "geometry": {"type": "Point", "coordinates": [-77.0662344, 45.8022096]}}, {"type": "Feature", "properties": {"id": 523712913, "name": "Canadian Tire", "brand": "Canadian Tire", "opening_hours": null}, "geometry": {"type": "Point", "coordinates": [-77.0872909, 45.8249556]}}, {"type": "Feature", "properties": {"id": 523714928, "name": "Bala General Store Gas Bar", "brand": null, "opening_hours": null}, "geometry": {"type": "Point", "coordinates": [-79.617956, 45.017927]}}, {"type": "Feature", "properties": {"id": 523743881, "name": "Shell", "brand": "Shell", "opening_hours": null}, "geometry": {"type": "Point", "coordinates": [-78.9198979, 44.7170009]}}, {"type": "Feature", "properties": {"id": 523744508, "name": "Flynn's Ultramar", "brand": null, "opening_hours": null}, "geometry": {"type": "Point", "coordinates": [-78.3821847, 44.6142419]}}, {"type": "Feature", "properties": {"id": 523795467, "name": "West Guilford Auto Centre", "brand": null, "opening_hours": null}, "geometry": {"type": "Point", "coordinates": [-78.6006416, 45.1100368]}}, {"type": "Feature", "properties": {"id": 523800319, "name": "Wendy's Auto Service", "brand": null, "opening_hours": null}, "geometry": {"type": "Point", "coordinates": [-81.1430139, 44.7676541]}}, {"type": "Feature", "properties": {"id": 523800710, "name": "Pedoniquotte Gas", "brand": null, "opening_hours": null}, "geometry": {"type": "Point", "coordinates": [-81.0480596, 44.899203]}}, {"type": "Feature", "properties": {"id": 523801799, "name": "By The Bay General Store", "brand": null, "opening_hours": null}, "geometry": {"type": "Point", "coordinates": [-81.3219858, 44.8693816]}}, {"type": "Feature", "properties": {"id": 523804149, "name": "Esso", "brand": "Esso", "opening_hours": null}, "geometry": {"type": "Point", "coordinates": [-81.258903, 44.6488126]}}, {"type": "Feature", "properties": {"id": 523804150, "name": "BB", "brand": null, "opening_hours": null}, "geometry": {"type": "Point", "coordinates": [-81.2555903, 44.6294932]}}, {"type": "Feature", "properties": {"id": 523804969, "name": "Shallow Lake Service Center", "brand": null, "opening_hours": null}, "geometry": {"type": "Point", "coordinates": [-81.0857185, 44.6145162]}}, {"type": "Feature", "properties": {"id": 523808320, "name": "Meaford Gas Bar", "brand": null, "opening_hours": null}, "geometry": {"type": "Point", "coordinates": [-80.6186457, 44.616106]}}, {"type": "Feature", "properties": {"id": 523808322, "name": "Ultramar", "brand": "Ultramar", "opening_hours": null}, "geometry": {"type": "Point", "coordinates": [-80.5979837, 44.6142142]}}, {"type": "Feature", "properties": {"id": 523808327, "name": "Circle K", "brand": "Circle K", "opening_hours": "24/7"}, "geometry": {"type": "Point", "coordinates": [-80.5931259, 44.6097235]}}, {"type": "Feature", "properties": {"id": 523808328, "name": "Alex's Gas Bar", "brand": null, "opening_hours": null}, "geometry": {"type": "Point", "coordinates": [-80.5908027, 44.6057498]}}, {"type": "Feature", "properties": {"id": 523825980, "name": "Petro-Canada", "brand": "Petro-Canada", "opening_hours": null}, "geometry": {"type": "Point", "coordinates": [-79.3147728, 44.9792978]}}, {"type": "Feature", "properties": {"id": 523825981, "name": "Esso", "brand": "Esso", "opening_hours": null}, "geometry": {"type": "Point", "coordinates": [-79.3141153, 45.0185671]}}, {"type": "Feature", "properties": {"id": 523854630, "name": "Paragon Marina", "brand": null, "opening_hours": null}, "geometry": {"type": "Point", "coordinates": [-79.818993, 44.863847]}}, {"type": "Feature", "properties": {"id": 523883513, "name": "Shell", "brand": "Shell", "opening_hours": "Mo-Su 05:30-22:00"}, "geometry": {"type": "Point", "coordinates": [-78.5423722, 44.5478223]}}, {"type": "Feature", "properties": {"id": 523883517, "name": "Esso", "brand": "Esso", "opening_hours": "Mo-Su 06:00-22:00"}, "geometry": {"type": "Point", "coordinates": [-78.5367531, 44.5353141]}}, {"type": "Feature", "properties": {"id": 523885742, "name": "Sunys", "brand": null, "opening_hours": null}, "geometry": {"type": "Point", "coordinates": [-79.1639758, 44.6960065]}}, {"type": "Feature", "properties": {"id": 523885746, "name": "AMCO", "brand": null, "opening_hours": null}, "geometry": {"type": "Point", "coordinates": [-79.2676608, 44.6838545]}}, {"type": "Feature", "properties": {"id": 524080655, "name": "Ultramar", "brand": "Ultramar", "opening_hours": null}, "geometry": {"type": "Point", "coordinates": [-77.9541965, 44.3035234]}}, {"type": "Feature", "properties": {"id": 524081970, "name": "Quirk's Garage and Towing", "brand": null, "opening_hours": null}, "geometry": {"type": "Point", "coordinates": [-78.1378558, 44.4303352]}}, {"type": "Feature", "properties": {"id": 524083294, "name": "Esso", "brand": "Esso", "opening_hours": null}, "geometry": {"type": "Point", "coordinates": [-80.3809468, 44.1784907]}}, {"type": "Feature", "properties": {"id": 524084072, "name": "Shell", "brand": "Shell", "opening_hours": null}, "geometry": {"type": "Point", "coordinates": [-81.1173577, 44.041748]}}, {"type": "Feature", "properties": {"id": 524087034, "name": "McCullough's Service Centre", "brand": null, "opening_hours": null}, "geometry": {"type": "Point", "coordinates": [-81.2744977, 44.3142744]}}, {"type": "Feature", "properties": {"id": 524088963, "name": "Chesley Fuels", "brand": null, "opening_hours": null}, "geometry": {"type": "Point", "coordinates": [-81.1000627, 44.3122546]}}, {"type": "Feature", "properties": {"id": 524090380, "name": "Shell", "brand": "Shell", "opening_hours": null}, "geometry": {"type": "Point", "coordinates": [-81.5402868, 43.6237151]}}, {"type": "Feature", "properties": {"id": 524090384, "name": "Canco", "brand": null, "opening_hours": null}, "geometry": {"type": "Point", "coordinates": [-81.5366182, 43.6117543]}}, {"type": "Feature", "properties": {"id": 524218364, "name": "Bayshore Variety", "brand": null, "opening_hours": null}, "geometry": {"type": "Point", "coordinates": [-80.1723758, 44.8215754]}}, {"type": "Feature", "properties": {"id": 524219184, "name": "Esso", "brand": "Esso", "opening_hours": null}, "geometry": {"type": "Point", "coordinates": [-80.0249979, 44.7704272]}}, {"type": "Feature", "properties": {"id": 524234069, "name": "Port Albert General Store", "brand": null, "opening_hours": null}, "geometry": {"type": "Point", "coordinates": [-81.7145685, 43.8791051]}}, {"type": "Feature", "properties": {"id": 524236766, "name": "Shell", "brand": "Shell", "opening_hours": null}, "geometry": {"type": "Point", "coordinates": [-81.7177349, 44.0426302]}}, {"type": "Feature", "properties": {"id": 524237962, "name": "Shell", "brand": "Shell", "opening_hours": null}, "geometry": {"type": "Point", "coordinates": [-81.1499508, 44.1159633]}}, {"type": "Feature", "properties": {"id": 524237964, "name": "Shell", "brand": "Shell", "opening_hours": null}, "geometry": {"type": "Point", "coordinates": [-81.035558, 44.1698696]}}, {"type": "Feature", "properties": {"id": 524237966, "name": "GOCO", "brand": null, "opening_hours": null}, "geometry": {"type": "Point", "coordinates": [-81.1281724, 44.1377413]}}, {"type": "Feature", "properties": {"id": 524237967, "name": "Esso", "brand": "Esso", "opening_hours": null}, "geometry": {"type": "Point", "coordinates": [-81.150313, 44.1229803]}}, {"type": "Feature", "properties": {"id": 524242323, "name": "Petro-Canada", "brand": "Petro-Canada", "opening_hours": null}, "geometry": {"type": "Point", "coordinates": [-75.2283737, 45.2907679]}}, {"type": "Feature", "properties": {"id": 524242326, "name": "Co-Op", "brand": "Federated Co-operatives", "opening_hours": null}, "geometry": {"type": "Point", "coordinates": [-75.2291274, 45.2905507]}}, {"type": "Feature", "properties": {"id": 524394499, "name": null, "brand": null, "opening_hours": null}, "geometry": {"type": "Point", "coordinates": [-79.0961856, 44.3377714]}}, {"type": "Feature", "properties": {"id": 524398646, "name": "Canadian Tire", "brand": "Canadian Tire", "opening_hours": null}, "geometry": {"type": "Point", "coordinates": [-78.7585652, 44.3500765]}}, {"type": "Feature", "properties": {"id": 524402447, "name": "MacEwen", "brand": "MacEwen", "opening_hours": null}, "geometry": {"type": "Point", "coordinates": [-77.9899786, 44.3706658]}}, {"type": "Feature", "properties": {"id": 524402450, "name": "Esso", "brand": "Esso", "opening_hours": null}, "geometry": {"type": "Point", "coordinates": [-77.9744314, 44.3739965]}}, {"type": "Feature", "properties": {"id": 524421451, "name": "MacEwen", "brand": "MacEwen", "opening_hours": null}, "geometry": {"type": "Point", "coordinates": [-74.6774796, 45.3543961]}}, {"type": "Feature", "properties": {"id": 524422231, "name": "AJK Corner Gas", "brand": null, "opening_hours": null}, "geometry": {"type": "Point", "coordinates": [-74.8026404, 45.2277735]}}, {"type": "Feature", "properties": {"id": 524422240, "name": "MacEwen", "brand": "MacEwen", "opening_hours": null}, "geometry": {"type": "Point", "coordinates": [-74.8552317, 45.2883231]}}, {"type": "Feature", "properties": {"id": 524437298, "name": "Esso", "brand": "Esso", "opening_hours": null}, "geometry": {"type": "Point", "coordinates": [-74.9916401, 44.9943225]}}, {"type": "Feature", "properties": {"id": 524450114, "name": "Canadian Tire", "brand": "Canadian Tire", "opening_hours": "24/7"}, "geometry": {"type": "Point", "coordinates": [-75.835422, 44.5062389]}}, {"type": "Feature", "properties": {"id": 524451379, "name": "Shell", "brand": "Shell", "opening_hours": null}, "geometry": {"type": "Point", "coordinates": [-79.1760579, 44.5444201]}}, {"type": "Feature", "properties": {"id": 524451382, "name": "Brechin Esso", "brand": "Esso", "opening_hours": "Mo-Fr 05:00-21:00; Sa-Su 06:00-21:00"}, "geometry": {"type": "Point", "coordinates": [-79.1847706, 44.5642084]}}, {"type": "Feature", "properties": {"id": 524462291, "name": "Pipeline Commercial", "brand": null, "opening_hours": null}, "geometry": {"type": "Point", "coordinates": [-75.5231247, 44.7224517]}}, {"type": "Feature", "properties": {"id": 524462294, "name": "Ultramar", "brand": "Ultramar", "opening_hours": null}, "geometry": {"type": "Point", "coordinates": [-75.5229886, 44.721734]}}, {"type": "Feature", "properties": {"id": 524484768, "name": "Ultramar", "brand": "Ultramar", "opening_hours": null}, "geometry": {"type": "Point", "coordinates": [-75.3466558, 45.3313343]}}, {"type": "Feature", "properties": {"id": 524484769, "name": "MacEwen", "brand": "MacEwen", "opening_hours": null}, "geometry": {"type": "Point", "coordinates": [-75.3461217, 45.3308739]}}, {"type": "Feature", "properties": {"id": 524484794, "name": "Ultramar", "brand": "Ultramar", "opening_hours": null}, "geometry": {"type": "Point", "coordinates": [-75.244149, 45.3183782]}}, {"type": "Feature", "properties": {"id": 524484801, "name": "MacEwen", "brand": "MacEwen", "opening_hours": "Mo-Fr 05:30-22:00; Sa 06:00-22:00; Su 07:00-22:00"}, "geometry": {"type": "Point", "coordinates": [-75.3591133, 45.2581014]}}, {"type": "Feature", "properties": {"id": 524484803, "name": "Co-Op", "brand": "Federated Co-operatives", "opening_hours": null}, "geometry": {"type": "Point", "coordinates": [-75.3028774, 45.2677348]}}, {"type": "Feature", "properties": {"id": 524503849, "name": "UPI Energy", "brand": null, "opening_hours": null}, "geometry": {"type": "Point", "coordinates": [-74.9893409, 45.5411201]}}, {"type": "Feature", "properties": {"id": 524504886, "name": "Global", "brand": "Global", "opening_hours": null}, "geometry": {"type": "Point", "coordinates": [-76.7357631, 44.195256]}}, {"type": "Feature", "properties": {"id": 524505289, "name": "The Gas Depot", "brand": null, "opening_hours": null}, "geometry": {"type": "Point", "coordinates": [-77.0782341, 44.2150148]}}, {"type": "Feature", "properties": {"id": 524911548, "name": "MacEwen", "brand": "MacEwen", "opening_hours": "24/7"}, "geometry": {"type": "Point", "coordinates": [-75.6883574, 44.5921898]}}, {"type": "Feature", "properties": {"id": 524911555, "name": "Mr Gas", "brand": null, "opening_hours": null}, "geometry": {"type": "Point", "coordinates": [-75.6590799, 44.6069348]}}, {"type": "Feature", "properties": {"id": 525024447, "name": "Canadian Tire", "brand": "Canadian Tire", "opening_hours": null}, "geometry": {"type": "Point", "coordinates": [-76.1507955, 44.3368154]}}, {"type": "Feature", "properties": {"id": 525028462, "name": "Ultramar", "brand": "Ultramar", "opening_hours": null}, "geometry": {"type": "Point", "coordinates": [-80.8185352, 44.1745164]}}, {"type": "Feature", "properties": {"id": 525028463, "name": "Shell", "brand": "Shell", "opening_hours": null}, "geometry": {"type": "Point", "coordinates": [-80.7867748, 44.181879]}}, {"type": "Feature", "properties": {"id": 525028466, "name": "Esso", "brand": "Esso", "opening_hours": "Mo-Fr 06:00-21:00; Sa-Su 07:00-20:00"}, "geometry": {"type": "Point", "coordinates": [-80.8171286, 44.1679462]}}, {"type": "Feature", "properties": {"id": 525054594, "name": "Esso", "brand": "Esso", "opening_hours": null}, "geometry": {"type": "Point", "coordinates": [-76.9581577, 44.2552735]}}, {"type": "Feature", "properties": {"id": 525055584, "name": "Ultramar", "brand": "Ultramar", "opening_hours": null}, "geometry": {"type": "Point", "coordinates": [-77.3804533, 44.2417225]}}, {"type": "Feature", "properties": {"id": 525055586, "name": "Bos Auto", "brand": null, "opening_hours": null}, "geometry": {"type": "Point", "coordinates": [-77.4431084, 44.2515903]}}, {"type": "Feature", "properties": {"id": 525057382, "name": "Esso", "brand": "Esso", "opening_hours": null}, "geometry": {"type": "Point", "coordinates": [-76.7145884, 44.2799763]}}, {"type": "Feature", "properties": {"id": 525058513, "name": "Esso", "brand": "Esso", "opening_hours": null}, "geometry": {"type": "Point", "coordinates": [-75.3440145, 45.340545]}}, {"type": "Feature", "properties": {"id": 525149849, "name": "Shell", "brand": "Shell", "opening_hours": null}, "geometry": {"type": "Point", "coordinates": [-81.64099, 44.1649635]}}, {"type": "Feature", "properties": {"id": 525149850, "name": "Esso", "brand": "Esso", "opening_hours": null}, "geometry": {"type": "Point", "coordinates": [-81.6437234, 44.1665019]}}, {"type": "Feature", "properties": {"id": 525151735, "name": "SoLo", "brand": null, "opening_hours": null}, "geometry": {"type": "Point", "coordinates": [-81.7054927, 43.7293326]}}, {"type": "Feature", "properties": {"id": 525151747, "name": "Shell", "brand": "Shell", "opening_hours": null}, "geometry": {"type": "Point", "coordinates": [-81.7081805, 43.74766]}}, {"type": "Feature", "properties": {"id": 525151774, "name": "Pioneer", "brand": "Pioneer", "opening_hours": null}, "geometry": {"type": "Point", "coordinates": [-81.7082888, 43.7457796]}}, {"type": "Feature", "properties": {"id": 525151785, "name": "Ultramar", "brand": "Ultramar", "opening_hours": null}, "geometry": {"type": "Point", "coordinates": [-81.7063524, 43.7339528]}}, {"type": "Feature", "properties": {"id": 525151790, "name": "Edward's Fuel Bar", "brand": null, "opening_hours": null}, "geometry": {"type": "Point", "coordinates": [-81.688985, 43.7303933]}}, {"type": "Feature", "properties": {"id": 525152540, "name": "Alison's", "brand": null, "opening_hours": null}, "geometry": {"type": "Point", "coordinates": [-81.584445, 44.2904381]}}, {"type": "Feature", "properties": {"id": 525152830, "name": "Esso", "brand": "Esso", "opening_hours": null}, "geometry": {"type": "Point", "coordinates": [-81.5416402, 44.2666603]}}, {"type": "Feature", "properties": {"id": 525154372, "name": "UPI Energy", "brand": null, "opening_hours": null}, "geometry": {"type": "Point", "coordinates": [-81.394638, 44.4283944]}}, {"type": "Feature", "properties": {"id": 525154374, "name": "Esso", "brand": "Esso", "opening_hours": null}, "geometry": {"type": "Point", "coordinates": [-81.389034, 44.4356218]}}, {"type": "Feature", "properties": {"id": 525154377, "name": "Circle K", "brand": "Circle K", "opening_hours": null}, "geometry": {"type": "Point", "coordinates": [-81.3976322, 44.4259107]}}, {"type": "Feature", "properties": {"id": 525155446, "name": "Shell", "brand": "Shell", "opening_hours": null}, "geometry": {"type": "Point", "coordinates": [-81.289429, 44.0059549]}}, {"type": "Feature", "properties": {"id": 525156212, "name": "XTR", "brand": "XTR", "opening_hours": null}, "geometry": {"type": "Point", "coordinates": [-81.372316, 44.4950736]}}, {"type": "Feature", "properties": {"id": 525156215, "name": "Saugeen Gas Bar", "brand": null, "opening_hours": "Mo-Su 07:00-21:00"}, "geometry": {"type": "Point", "coordinates": [-81.333852, 44.5133267]}}, {"type": "Feature", "properties": {"id": 525161626, "name": "Esso", "brand": "Esso", "opening_hours": null}, "geometry": {"type": "Point", "coordinates": [-80.928421, 44.570318]}}, {"type": "Feature", "properties": {"id": 525161629, "name": "Shell", "brand": "Shell", "opening_hours": null}, "geometry": {"type": "Point", "coordinates": [-80.941818, 44.5680266]}}, {"type": "Feature", "properties": {"id": 525161630, "name": "Petro-Canada", "brand": "Petro-Canada", "opening_hours": null}, "geometry": {"type": "Point", "coordinates": [-80.9150917, 44.5753611]}}, {"type": "Feature", "properties": {"id": 525161632, "name": "Petro-Canada", "brand": "Petro-Canada", "opening_hours": null}, "geometry": {"type": "Point", "coordinates": [-80.9184384, 44.5240938]}}, {"type": "Feature", "properties": {"id": 525161634, "name": "Gas Barn", "brand": null, "opening_hours": null}, "geometry": {"type": "Point", "coordinates": [-80.9812817, 44.5174657]}}, {"type": "Feature", "properties": {"id": 525192858, "name": "Shell", "brand": "Shell", "opening_hours": null}, "geometry": {"type": "Point", "coordinates": [-79.2289432, 42.9931763]}}, {"type": "Feature", "properties": {"id": 525192865, "name": "Petro-Canada", "brand": "Petro-Canada", "opening_hours": null}, "geometry": {"type": "Point", "coordinates": [-79.2328439, 43.0132025]}}, {"type": "Feature", "properties": {"id": 525192874, "name": "Kouros", "brand": null, "opening_hours": null}, "geometry": {"type": "Point", "coordinates": [-79.2594655, 42.983592]}}, {"type": "Feature", "properties": {"id": 525192880, "name": "Fast Stop", "brand": null, "opening_hours": null}, "geometry": {"type": "Point", "coordinates": [-79.2478985, 42.948382]}}, {"type": "Feature", "properties": {"id": 525192884, "name": "Semenuk's Esso", "brand": "Esso", "opening_hours": null}, "geometry": {"type": "Point", "coordinates": [-79.2510822, 43.0599701]}}, {"type": "Feature", "properties": {"id": 525192900, "name": "7-Eleven", "brand": "7-Eleven", "opening_hours": null}, "geometry": {"type": "Point", "coordinates": [-79.2359432, 42.9930655]}}, {"type": "Feature", "properties": {"id": 525194019, "name": "Esso", "brand": "Esso", "opening_hours": null}, "geometry": {"type": "Point", "coordinates": [-79.4827045, 43.005301]}}, {"type": "Feature", "properties": {"id": 525200637, "name": "XTR", "brand": "XTR", "opening_hours": null}, "geometry": {"type": "Point", "coordinates": [-80.4227329, 42.677886]}}, {"type": "Feature", "properties": {"id": 525200640, "name": "Esso", "brand": "Esso", "opening_hours": null}, "geometry": {"type": "Point", "coordinates": [-80.463047, 42.6131556]}}, {"type": "Feature", "properties": {"id": 525201446, "name": "H Stilwell Gas And Variety", "brand": null, "opening_hours": null}, "geometry": {"type": "Point", "coordinates": [-80.6587904, 42.667722]}}, {"type": "Feature", "properties": {"id": 525201447, "name": "Fairground General Store", "brand": null, "opening_hours": null}, "geometry": {"type": "Point", "coordinates": [-80.6598085, 42.649392]}}, {"type": "Feature", "properties": {"id": 525201448, "name": "Cultus General Store", "brand": null, "opening_hours": null}, "geometry": {"type": "Point", "coordinates": [-80.613589, 42.6336335]}}, {"type": "Feature", "properties": {"id": 525201450, "name": "Busy Bee", "brand": null, "opening_hours": null}, "geometry": {"type": "Point", "coordinates": [-80.5175532, 42.6666726]}}, {"type": "Feature", "properties": {"id": 525462810, "name": "Quickie", "brand": null, "opening_hours": null}, "geometry": {"type": "Point", "coordinates": [-75.5996626, 45.3314075]}}, {"type": "Feature", "properties": {"id": 525464317, "name": "JR's Restaurant and Esso", "brand": "Esso", "opening_hours": null}, "geometry": {"type": "Point", "coordinates": [-81.249847, 43.7447183]}}, {"type": "Feature", "properties": {"id": 525464486, "name": "Crediton Variety & Gas", "brand": null, "opening_hours": null}, "geometry": {"type": "Point", "coordinates": [-81.5382034, 43.300336]}}, {"type": "Feature", "properties": {"id": 525612782, "name": "Shell", "brand": "Shell", "opening_hours": null}, "geometry": {"type": "Point", "coordinates": [-80.7074528, 44.4876376]}}, {"type": "Feature", "properties": {"id": 525615164, "name": "Williamson Garage", "brand": null, "opening_hours": null}, "geometry": {"type": "Point", "coordinates": [-80.7271214, 44.3660175]}}, {"type": "Feature", "properties": {"id": 525631280, "name": "Allan's Garage", "brand": "Shell", "opening_hours": null}, "geometry": {"type": "Point", "coordinates": [-80.6490755, 44.3196401]}}, {"type": "Feature", "properties": {"id": 525631281, "name": "Ultramar", "brand": "Ultramar", "opening_hours": null}, "geometry": {"type": "Point", "coordinates": [-80.6535588, 44.3217066]}}, {"type": "Feature", "properties": {"id": 525631284, "name": "Dairy Daughter", "brand": null, "opening_hours": null}, "geometry": {"type": "Point", "coordinates": [-80.640822, 44.3147755]}}, {"type": "Feature", "properties": {"id": 525660424, "name": "UPI Energy", "brand": null, "opening_hours": null}, "geometry": {"type": "Point", "coordinates": [-80.4483519, 44.5610678]}}, {"type": "Feature", "properties": {"id": 525662651, "name": "Esso", "brand": "Esso", "opening_hours": null}, "geometry": {"type": "Point", "coordinates": [-81.0170413, 44.154042]}}, {"type": "Feature", "properties": {"id": 525662653, "name": "Canadian Tire", "brand": "Canadian Tire", "opening_hours": null}, "geometry": {"type": "Point", "coordinates": [-81.0056635, 44.1560667]}}, {"type": "Feature", "properties": {"id": 525663237, "name": "XTR", "brand": "XTR", "opening_hours": null}, "geometry": {"type": "Point", "coordinates": [-81.3031019, 43.898125]}}, {"type": "Feature", "properties": {"id": 525663244, "name": "Esso", "brand": "Esso", "opening_hours": null}, "geometry": {"type": "Point", "coordinates": [-81.3134773, 43.8848734]}}, {"type": "Feature", "properties": {"id": 525663247, "name": "Esso", "brand": "Esso", "opening_hours": null}, "geometry": {"type": "Point", "coordinates": [-81.3142341, 43.8842682]}}, {"type": "Feature", "properties": {"id": 525706746, "name": "Petro-Canada", "brand": "Petro-Canada", "opening_hours": null}, "geometry": {"type": "Point", "coordinates": [-82.1174635, 42.9794098]}}, {"type": "Feature", "properties": {"id": 525706748, "name": "Gulf Reece's Corners", "brand": null, "opening_hours": null}, "geometry": {"type": "Point", "coordinates": [-82.1185129, 42.9791628]}}, {"type": "Feature", "properties": {"id": 525706751, "name": "Esso", "brand": "Esso", "opening_hours": null}, "geometry": {"type": "Point", "coordinates": [-82.1168522, 42.9876338]}}, {"type": "Feature", "properties": {"id": 525707360, "name": "Warwick Gas Variety", "brand": null, "opening_hours": null}, "geometry": {"type": "Point", "coordinates": [-81.9414827, 43.0039312]}}, {"type": "Feature", "properties": {"id": 525710783, "name": "UPI Energy", "brand": null, "opening_hours": null}, "geometry": {"type": "Point", "coordinates": [-82.5974767, 42.0790493]}}, {"type": "Feature", "properties": {"id": 525710784, "name": "Son Shine Variety", "brand": null, "opening_hours": null}, "geometry": {"type": "Point", "coordinates": [-82.4885189, 42.0842484]}}, {"type": "Feature", "properties": {"id": 525710785, "name": "Shell", "brand": "Shell", "opening_hours": null}, "geometry": {"type": "Point", "coordinates": [-82.6053081, 42.033828]}}, {"type": "Feature", "properties": {"id": 525710788, "name": "Shell", "brand": "Shell", "opening_hours": null}, "geometry": {"type": "Point", "coordinates": [-82.4641171, 42.0945913]}}, {"type": "Feature", "properties": {"id": 525710790, "name": "Petro-Canada", "brand": "Petro-Canada", "opening_hours": null}, "geometry": {"type": "Point", "coordinates": [-82.5981556, 42.060609]}}, {"type": "Feature", "properties": {"id": 525710794, "name": "Mike's Gas Variety", "brand": null, "opening_hours": null}, "geometry": {"type": "Point", "coordinates": [-82.5958136, 42.0466116]}}, {"type": "Feature", "properties": {"id": 525710796, "name": null, "brand": null, "opening_hours": null}, "geometry": {"type": "Point", "coordinates": [-82.5999068, 42.0596531]}}, {"type": "Feature", "properties": {"id": 525710797, "name": "Esso", "brand": "Esso", "opening_hours": null}, "geometry": {"type": "Point", "coordinates": [-82.5968682, 42.0467044]}}, {"type": "Feature", "properties": {"id": 525710799, "name": "Canadian Tire", "brand": "Canadian Tire", "opening_hours": null}, "geometry": {"type": "Point", "coordinates": [-82.6030429, 42.0526822]}}, {"type": "Feature", "properties": {"id": 525710800, "name": "7-Eleven", "brand": "7-Eleven", "opening_hours": null}, "geometry": {"type": "Point", "coordinates": [-82.5996465, 42.047161]}}, {"type": "Feature", "properties": {"id": 525710802, "name": null, "brand": null, "opening_hours": null}, "geometry": {"type": "Point", "coordinates": [-82.5997896, 42.047019]}}, {"type": "Feature", "properties": {"id": 525712607, "name": "Cunningham Auto Repair", "brand": null, "opening_hours": null}, "geometry": {"type": "Point", "coordinates": [-82.2375658, 42.2410146]}}, {"type": "Feature", "properties": {"id": 525883322, "name": "Shell", "brand": "Shell", "opening_hours": null}, "geometry": {"type": "Point", "coordinates": [-81.3942892, 43.5534703]}}, {"type": "Feature", "properties": {"id": 525885102, "name": "GOCO", "brand": null, "opening_hours": null}, "geometry": {"type": "Point", "coordinates": [-81.6898661, 43.556351]}}, {"type": "Feature", "properties": {"id": 525885103, "name": "Esso", "brand": "Esso", "opening_hours": null}, "geometry": {"type": "Point", "coordinates": [-81.6964998, 43.5608859]}}, {"type": "Feature", "properties": {"id": 525886585, "name": "Ultramar", "brand": "Ultramar", "opening_hours": null}, "geometry": {"type": "Point", "coordinates": [-81.4345556, 43.7312986]}}, {"type": "Feature", "properties": {"id": 525886596, "name": "Radford Fuels", "brand": null, "opening_hours": null}, "geometry": {"type": "Point", "coordinates": [-81.4306949, 43.7354374]}}, {"type": "Feature", "properties": {"id": 525888996, "name": "St. Joseph Variety", "brand": null, "opening_hours": null}, "geometry": {"type": "Point", "coordinates": [-81.7055814, 43.4135514]}}, {"type": "Feature", "properties": {"id": 525891467, "name": "Shell", "brand": "Shell", "opening_hours": null}, "geometry": {"type": "Point", "coordinates": [-81.4989495, 43.4353275]}}, {"type": "Feature", "properties": {"id": 525892968, "name": "LG Convenience", "brand": null, "opening_hours": null}, "geometry": {"type": "Point", "coordinates": [-81.1916518, 43.465676]}}, {"type": "Feature", "properties": {"id": 525892970, "name": "Fast Stop", "brand": null, "opening_hours": null}, "geometry": {"type": "Point", "coordinates": [-81.2004758, 43.4688094]}}, {"type": "Feature", "properties": {"id": 525904035, "name": "XTR", "brand": "XTR", "opening_hours": null}, "geometry": {"type": "Point", "coordinates": [-82.168861, 42.8827902]}}, {"type": "Feature", "properties": {"id": 525904037, "name": "Shell", "brand": "Shell", "opening_hours": null}, "geometry": {"type": "Point", "coordinates": [-82.1243669, 42.881815]}}, {"type": "Feature", "properties": {"id": 525904039, "name": "Esso", "brand": "Esso", "opening_hours": null}, "geometry": {"type": "Point", "coordinates": [-82.1244028, 42.8810479]}}, {"type": "Feature", "properties": {"id": 525904821, "name": "Econo", "brand": null, "opening_hours": null}, "geometry": {"type": "Point", "coordinates": [-82.1264975, 42.7835497]}}, {"type": "Feature", "properties": {"id": 525906868, "name": "Esso", "brand": "Esso", "opening_hours": null}, "geometry": {"type": "Point", "coordinates": [-81.9915195, 42.332978]}}, {"type": "Feature", "properties": {"id": 525907305, "name": "Esso", "brand": "Esso", "opening_hours": null}, "geometry": {"type": "Point", "coordinates": [-81.9778608, 42.5519441]}}, {"type": "Feature", "properties": {"id": 525907308, "name": "UPI Energy", "brand": null, "opening_hours": null}, "geometry": {"type": "Point", "coordinates": [-81.9737186, 42.5524029]}}, {"type": "Feature", "properties": {"id": 525923732, "name": "Old Mill Store", "brand": null, "opening_hours": null}, "geometry": {"type": "Point", "coordinates": [-82.0087944, 42.6523431]}}, {"type": "Feature", "properties": {"id": 525925809, "name": "Hicks General Store", "brand": null, "opening_hours": null}, "geometry": {"type": "Point", "coordinates": [-81.6911371, 43.2460636]}}, {"type": "Feature", "properties": {"id": 525935310, "name": "Shell", "brand": "Shell", "opening_hours": null}, "geometry": {"type": "Point", "coordinates": [-81.6832342, 43.1644214]}}, {"type": "Feature", "properties": {"id": 525935311, "name": "Esso", "brand": "Esso", "opening_hours": null}, "geometry": {"type": "Point", "coordinates": [-81.6872899, 43.1535965]}}, {"type": "Feature", "properties": {"id": 525941476, "name": "Esso", "brand": "Esso", "opening_hours": null}, "geometry": {"type": "Point", "coordinates": [-81.0208408, 43.6659853]}}, {"type": "Feature", "properties": {"id": 525943691, "name": "Esso", "brand": "Esso", "opening_hours": null}, "geometry": {"type": "Point", "coordinates": [-80.9265572, 43.5609135]}}, {"type": "Feature", "properties": {"id": 525979273, "name": "Shell", "brand": "Shell", "opening_hours": null}, "geometry": {"type": "Point", "coordinates": [-81.2049493, 42.6813529]}}, {"type": "Feature", "properties": {"id": 525980587, "name": "Shell", "brand": "Shell", "opening_hours": null}, "geometry": {"type": "Point", "coordinates": [-80.8005972, 42.6465221]}}, {"type": "Feature", "properties": {"id": 525980589, "name": "GOCO", "brand": null, "opening_hours": null}, "geometry": {"type": "Point", "coordinates": [-80.7897232, 42.6738625]}}, {"type": "Feature", "properties": {"id": 525983642, "name": "Yeck's", "brand": null, "opening_hours": null}, "geometry": {"type": "Point", "coordinates": [-81.8783902, 42.4328615]}}, {"type": "Feature", "properties": {"id": 525983647, "name": "Petro Line", "brand": null, "opening_hours": null}, "geometry": {"type": "Point", "coordinates": [-81.888682, 42.4383639]}}, {"type": "Feature", "properties": {"id": 526004747, "name": "Amco", "brand": null, "opening_hours": null}, "geometry": {"type": "Point", "coordinates": [-81.7107678, 42.7473711]}}, {"type": "Feature", "properties": {"id": 526005645, "name": "Stop 73", "brand": null, "opening_hours": null}, "geometry": {"type": "Point", "coordinates": [-80.9869736, 42.8471448]}}, {"type": "Feature", "properties": {"id": 526160209, "name": "Esso", "brand": "Esso", "opening_hours": null}, "geometry": {"type": "Point", "coordinates": [-82.3731696, 42.5958072]}}, {"type": "Feature", "properties": {"id": 526209970, "name": "MacPherson's", "brand": null, "opening_hours": null}, "geometry": {"type": "Point", "coordinates": [-81.8897861, 43.2145253]}}, {"type": "Feature", "properties": {"id": 526209971, "name": "GOCO", "brand": null, "opening_hours": null}, "geometry": {"type": "Point", "coordinates": [-81.8853162, 43.2143761]}}, {"type": "Feature", "properties": {"id": 526210944, "name": "Shell", "brand": "Shell", "opening_hours": null}, "geometry": {"type": "Point", "coordinates": [-81.7389474, 43.3332767]}}, {"type": "Feature", "properties": {"id": 526243243, "name": "XTR", "brand": "XTR", "opening_hours": null}, "geometry": {"type": "Point", "coordinates": [-78.7956572, 44.570172]}}, {"type": "Feature", "properties": {"id": 526243244, "name": "Nor Pro", "brand": null, "opening_hours": null}, "geometry": {"type": "Point", "coordinates": [-78.7823372, 44.5225955]}}, {"type": "Feature", "properties": {"id": 526248166, "name": "Ultramar", "brand": "Ultramar", "opening_hours": null}, "geometry": {"type": "Point", "coordinates": [-78.6649202, 44.445966]}}, {"type": "Feature", "properties": {"id": 526248170, "name": "Sunys", "brand": null, "opening_hours": null}, "geometry": {"type": "Point", "coordinates": [-78.7263621, 44.3596763]}}, {"type": "Feature", "properties": {"id": 526261250, "name": "Academy Fuels", "brand": null, "opening_hours": null}, "geometry": {"type": "Point", "coordinates": [-80.9302132, 44.0600532]}}, {"type": "Feature", "properties": {"id": 526262542, "name": "AMCO", "brand": null, "opening_hours": null}, "geometry": {"type": "Point", "coordinates": [-80.2002398, 44.1362245]}}, {"type": "Feature", "properties": {"id": 526264945, "name": "Petro-Canada", "brand": "Petro-Canada", "opening_hours": null}, "geometry": {"type": "Point", "coordinates": [-80.7556, 43.9769242]}}, {"type": "Feature", "properties": {"id": 526566851, "name": "Esso", "brand": "Esso", "opening_hours": null}, "geometry": {"type": "Point", "coordinates": [-82.000246, 43.0907925]}}, {"type": "Feature", "properties": {"id": 526566852, "name": "Dudman Fuels", "brand": null, "opening_hours": null}, "geometry": {"type": "Point", "coordinates": [-82.001127, 43.0894713]}}, {"type": "Feature", "properties": {"id": 526566853, "name": "Al's Gas Variety", "brand": null, "opening_hours": null}, "geometry": {"type": "Point", "coordinates": [-81.9898539, 43.1932429]}}, {"type": "Feature", "properties": {"id": 526778590, "name": "XTR", "brand": "XTR", "opening_hours": null}, "geometry": {"type": "Point", "coordinates": [-82.9156755, 42.0355701]}}, {"type": "Feature", "properties": {"id": 526778846, "name": "Arner Stop", "brand": null, "opening_hours": null}, "geometry": {"type": "Point", "coordinates": [-82.8234187, 42.0320096]}}, {"type": "Feature", "properties": {"id": 526861510, "name": "Shell", "brand": "Shell", "opening_hours": null}, "geometry": {"type": "Point", "coordinates": [-82.7396533, 42.0409144]}}, {"type": "Feature", "properties": {"id": 526861513, "name": "Esso", "brand": "Esso", "opening_hours": null}, "geometry": {"type": "Point", "coordinates": [-82.7237408, 42.03793]}}, {"type": "Feature", "properties": {"id": 526861515, "name": "Division Gas", "brand": null, "opening_hours": null}, "geometry": {"type": "Point", "coordinates": [-82.7390918, 42.0500124]}}, {"type": "Feature", "properties": {"id": 526861518, "name": "Johnny's Gas", "brand": null, "opening_hours": null}, "geometry": {"type": "Point", "coordinates": [-82.6378787, 42.0478077]}}, {"type": "Feature", "properties": {"id": 526861520, "name": "Esso", "brand": "Esso", "opening_hours": null}, "geometry": {"type": "Point", "coordinates": [-82.7443045, 42.1281671]}}, {"type": "Feature", "properties": {"id": 526865413, "name": "Petro Line", "brand": "Petro", "opening_hours": null}, "geometry": {"type": "Point", "coordinates": [-81.4659693, 42.6345714]}}, {"type": "Feature", "properties": {"id": 526865414, "name": "Econo", "brand": null, "opening_hours": null}, "geometry": {"type": "Point", "coordinates": [-81.5021751, 42.6637901]}}, {"type": "Feature", "properties": {"id": 526865415, "name": "Canadian Tire", "brand": "Canadian Tire", "opening_hours": null}, "geometry": {"type": "Point", "coordinates": [-81.5572697, 42.6490327]}}, {"type": "Feature", "properties": {"id": 526865417, "name": "Canadian Tire", "brand": "Canadian Tire", "opening_hours": null}, "geometry": {"type": "Point", "coordinates": [-81.5604287, 42.6447314]}}, {"type": "Feature", "properties": {"id": 526887554, "name": "Shell", "brand": "Shell", "opening_hours": null}, "geometry": {"type": "Point", "coordinates": [-81.6946906, 42.5769697]}}, {"type": "Feature", "properties": {"id": 526887558, "name": "Shell", "brand": "Shell", "opening_hours": null}, "geometry": {"type": "Point", "coordinates": [-81.672222, 42.5590112]}}, {"type": "Feature", "properties": {"id": 526888558, "name": "Willy's Corners", "brand": null, "opening_hours": null}, "geometry": {"type": "Point", "coordinates": [-81.8359308, 42.6172315]}}, {"type": "Feature", "properties": {"id": 526888565, "name": "Moravian Auto Repair", "brand": null, "opening_hours": null}, "geometry": {"type": "Point", "coordinates": [-81.8629811, 42.5558592]}}, {"type": "Feature", "properties": {"id": 526891702, "name": "Ultramar", "brand": "Ultramar", "opening_hours": null}, "geometry": {"type": "Point", "coordinates": [-80.999546, 42.772999]}}, {"type": "Feature", "properties": {"id": 526891704, "name": "Shell", "brand": "Shell", "opening_hours": null}, "geometry": {"type": "Point", "coordinates": [-80.9822348, 42.7810654]}}, {"type": "Feature", "properties": {"id": 526891708, "name": "Parker Fuels", "brand": null, "opening_hours": null}, "geometry": {"type": "Point", "coordinates": [-81.0150843, 42.7741175]}}, {"type": "Feature", "properties": {"id": 526891710, "name": "Mobil", "brand": "Mobil", "opening_hours": null}, "geometry": {"type": "Point", "coordinates": [-80.9821414, 42.7853889]}}, {"type": "Feature", "properties": {"id": 526902408, "name": "Ultramar", "brand": "Ultramar", "opening_hours": null}, "geometry": {"type": "Point", "coordinates": [-79.8973042, 44.7403855]}}, {"type": "Feature", "properties": {"id": 526902418, "name": "Mobil", "brand": "Mobil", "opening_hours": null}, "geometry": {"type": "Point", "coordinates": [-79.9130299, 44.7389644]}}, {"type": "Feature", "properties": {"id": 526902424, "name": "Shell", "brand": "Shell", "opening_hours": null}, "geometry": {"type": "Point", "coordinates": [-79.9232512, 44.7487616]}}, {"type": "Feature", "properties": {"id": 526902431, "name": "RaceTrac", "brand": "RaceTrac", "opening_hours": null}, "geometry": {"type": "Point", "coordinates": [-79.9036458, 44.7524064]}}, {"type": "Feature", "properties": {"id": 526902449, "name": "Mailloux Jug City", "brand": null, "opening_hours": null}, "geometry": {"type": "Point", "coordinates": [-79.9505664, 44.8078676]}}, {"type": "Feature", "properties": {"id": 526902455, "name": "Esso", "brand": "Esso", "opening_hours": null}, "geometry": {"type": "Point", "coordinates": [-79.9551531, 44.7596324]}}, {"type": "Feature", "properties": {"id": 526902456, "name": "Esso", "brand": "Esso", "opening_hours": null}, "geometry": {"type": "Point", "coordinates": [-79.8620899, 44.7414459]}}, {"type": "Feature", "properties": {"id": 526902460, "name": "Esso", "brand": "Esso", "opening_hours": null}, "geometry": {"type": "Point", "coordinates": [-79.9157089, 44.7406759]}}, {"type": "Feature", "properties": {"id": 526910752, "name": "7-Eleven", "brand": "7-Eleven", "opening_hours": null}, "geometry": {"type": "Point", "coordinates": [-81.2769775, 43.0013953]}}, {"type": "Feature", "properties": {"id": 527038713, "name": "Cango", "brand": null, "opening_hours": null}, "geometry": {"type": "Point", "coordinates": [-79.411469, 44.9293645]}}, {"type": "Feature", "properties": {"id": 527038714, "name": "Shell", "brand": "Shell", "opening_hours": null}, "geometry": {"type": "Point", "coordinates": [-79.3451328, 44.8829275]}}, {"type": "Feature", "properties": {"id": 527038716, "name": "Canadian Tire", "brand": "Canadian Tire", "opening_hours": null}, "geometry": {"type": "Point", "coordinates": [-79.3728727, 44.9165295]}}, {"type": "Feature", "properties": {"id": 527043173, "name": "GOCO", "brand": null, "opening_hours": null}, "geometry": {"type": "Point", "coordinates": [-81.3267238, 43.3087883]}}, {"type": "Feature", "properties": {"id": 527043382, "name": "GOCO", "brand": null, "opening_hours": null}, "geometry": {"type": "Point", "coordinates": [-81.8564391, 43.1636716]}}, {"type": "Feature", "properties": {"id": 527043383, "name": "GOCO", "brand": null, "opening_hours": null}, "geometry": {"type": "Point", "coordinates": [-81.8336537, 43.0727052]}}, {"type": "Feature", "properties": {"id": 527044800, "name": "UPI Energy", "brand": null, "opening_hours": null}, "geometry": {"type": "Point", "coordinates": [-82.3464983, 42.9353541]}}, {"type": "Feature", "properties": {"id": 527044803, "name": "Esso", "brand": "Esso", "opening_hours": null}, "geometry": {"type": "Point", "coordinates": [-82.2824524, 42.8115256]}}, {"type": "Feature", "properties": {"id": 527044804, "name": "MJ's General Store", "brand": null, "opening_hours": null}, "geometry": {"type": "Point", "coordinates": [-82.3459327, 42.9342433]}}, {"type": "Feature", "properties": {"id": 527044805, "name": "Mackenzie Oil Ltd", "brand": null, "opening_hours": null}, "geometry": {"type": "Point", "coordinates": [-82.3477652, 42.9362743]}}, {"type": "Feature", "properties": {"id": 527083030, "name": "Trepanier's", "brand": null, "opening_hours": null}, "geometry": {"type": "Point", "coordinates": [-82.632895, 42.2717753]}}, {"type": "Feature", "properties": {"id": 527085036, "name": "Flying J", "brand": "Flying J", "opening_hours": null}, "geometry": {"type": "Point", "coordinates": [-82.4615888, 42.2630267]}}, {"type": "Feature", "properties": {"id": 527085038, "name": "CAN-OP", "brand": null, "opening_hours": null}, "geometry": {"type": "Point", "coordinates": [-82.5511498, 42.2679579]}}, {"type": "Feature", "properties": {"id": 527085039, "name": "Amco", "brand": null, "opening_hours": null}, "geometry": {"type": "Point", "coordinates": [-82.5960001, 42.170537]}}, {"type": "Feature", "properties": {"id": 527086366, "name": "Shell", "brand": "Shell", "opening_hours": null}, "geometry": {"type": "Point", "coordinates": [-81.8805154, 42.9423624]}}, {"type": "Feature", "properties": {"id": 527086372, "name": "GOCO", "brand": null, "opening_hours": null}, "geometry": {"type": "Point", "coordinates": [-81.8802397, 42.9576101]}}, {"type": "Feature", "properties": {"id": 527086377, "name": "Esso", "brand": "Esso", "opening_hours": null}, "geometry": {"type": "Point", "coordinates": [-81.8795311, 42.9562474]}}, {"type": "Feature", "properties": {"id": 527108291, "name": "Shell", "brand": "Shell", "opening_hours": null}, "geometry": {"type": "Point", "coordinates": [-80.8786352, 43.907273]}}, {"type": "Feature", "properties": {"id": 527108293, "name": "Pioneer", "brand": "Pioneer", "opening_hours": null}, "geometry": {"type": "Point", "coordinates": [-80.934367, 43.9465891]}}, {"type": "Feature", "properties": {"id": 527108295, "name": "FS Partners", "brand": null, "opening_hours": null}, "geometry": {"type": "Point", "coordinates": [-81.0318696, 43.8718549]}}, {"type": "Feature", "properties": {"id": 527109067, "name": "Amco", "brand": null, "opening_hours": null}, "geometry": {"type": "Point", "coordinates": [-80.8528458, 43.9029462]}}, {"type": "Feature", "properties": {"id": 527111000, "name": "Shell", "brand": "Shell", "opening_hours": null}, "geometry": {"type": "Point", "coordinates": [-80.5441508, 43.8332527]}}, {"type": "Feature", "properties": {"id": 527113760, "name": "UPI Energy", "brand": null, "opening_hours": null}, "geometry": {"type": "Point", "coordinates": [-79.5981362, 42.9037211]}}, {"type": "Feature", "properties": {"id": 527113762, "name": "Esso", "brand": "Esso", "opening_hours": null}, "geometry": {"type": "Point", "coordinates": [-79.6258973, 42.8934143]}}, {"type": "Feature", "properties": {"id": 527113763, "name": null, "brand": null, "opening_hours": null}, "geometry": {"type": "Point", "coordinates": [-79.6258168, 42.8932401]}}, {"type": "Feature", "properties": {"id": 527113765, "name": "Cango", "brand": null, "opening_hours": null}, "geometry": {"type": "Point", "coordinates": [-79.611441, 42.9036115]}}, {"type": "Feature", "properties": {"id": 527114191, "name": "Esso", "brand": "Esso", "opening_hours": null}, "geometry": {"type": "Point", "coordinates": [-79.9362225, 42.8327643]}}, {"type": "Feature", "properties": {"id": 527114193, "name": "2 Main West", "brand": null, "opening_hours": null}, "geometry": {"type": "Point", "coordinates": [-79.9041372, 42.8816283]}}, {"type": "Feature", "properties": {"id": 527123228, "name": "Maple Fuels", "brand": null, "opening_hours": null}, "geometry": {"type": "Point", "coordinates": [-80.1153685, 42.8845609]}}, {"type": "Feature", "properties": {"id": 527123229, "name": "Esso", "brand": "Esso", "opening_hours": null}, "geometry": {"type": "Point", "coordinates": [-80.0956641, 42.9127347]}}, {"type": "Feature", "properties": {"id": 527125712, "name": "Canadian Tire", "brand": "Canadian Tire", "opening_hours": null}, "geometry": {"type": "Point", "coordinates": [-82.8196952, 42.1731486]}}, {"type": "Feature", "properties": {"id": 527129862, "name": "Shell", "brand": "Shell", "opening_hours": null}, "geometry": {"type": "Point", "coordinates": [-80.4393917, 42.6986389]}}, {"type": "Feature", "properties": {"id": 527129866, "name": "Esso", "brand": "Esso", "opening_hours": null}, "geometry": {"type": "Point", "coordinates": [-80.3652569, 42.7345757]}}, {"type": "Feature", "properties": {"id": 527130425, "name": "Neville's Gas Variety", "brand": null, "opening_hours": null}, "geometry": {"type": "Point", "coordinates": [-80.5775774, 42.7424166]}}, {"type": "Feature", "properties": {"id": 527130426, "name": "Mabee's Corner Variety", "brand": null, "opening_hours": null}, "geometry": {"type": "Point", "coordinates": [-80.680737, 42.7793]}}, {"type": "Feature", "properties": {"id": 527131160, "name": "New England Variety Gas Bar", "brand": null, "opening_hours": null}, "geometry": {"type": "Point", "coordinates": [-80.736367, 42.8074338]}}, {"type": "Feature", "properties": {"id": 527131161, "name": "BB", "brand": null, "opening_hours": null}, "geometry": {"type": "Point", "coordinates": [-80.7730619, 42.753976]}}, {"type": "Feature", "properties": {"id": 527137269, "name": "Esso", "brand": "Esso", "opening_hours": null}, "geometry": {"type": "Point", "coordinates": [-80.2507976, 44.3502453]}}, {"type": "Feature", "properties": {"id": 527137271, "name": "Ultramar", "brand": "Ultramar", "opening_hours": "Mo-Fr 05:30-22:00,06:30-22:00"}, "geometry": {"type": "Point", "coordinates": [-80.249459, 44.3456475]}}, {"type": "Feature", "properties": {"id": 527137273, "name": "Hamilton Brothers", "brand": null, "opening_hours": null}, "geometry": {"type": "Point", "coordinates": [-80.1812393, 44.3528625]}}, {"type": "Feature", "properties": {"id": 527268292, "name": "Grace Centre", "brand": null, "opening_hours": null}, "geometry": {"type": "Point", "coordinates": [-79.3342287, 44.7739648]}}, {"type": "Feature", "properties": {"id": 527270258, "name": "Esso", "brand": "Esso", "opening_hours": null}, "geometry": {"type": "Point", "coordinates": [-79.5120855, 44.6210119]}}, {"type": "Feature", "properties": {"id": 527270262, "name": "Amco", "brand": null, "opening_hours": null}, "geometry": {"type": "Point", "coordinates": [-79.5462804, 44.6409804]}}, {"type": "Feature", "properties": {"id": 527278707, "name": "Shell", "brand": "Shell", "opening_hours": null}, "geometry": {"type": "Point", "coordinates": [-80.8399349, 43.3167942]}}, {"type": "Feature", "properties": {"id": 527278709, "name": "Esso", "brand": "Esso", "opening_hours": null}, "geometry": {"type": "Point", "coordinates": [-80.8363478, 43.3211642]}}, {"type": "Feature", "properties": {"id": 527301180, "name": "Sylvite", "brand": null, "opening_hours": null}, "geometry": {"type": "Point", "coordinates": [-80.2062459, 42.9375562]}}, {"type": "Feature", "properties": {"id": 527301183, "name": "Pioneer", "brand": "Pioneer", "opening_hours": null}, "geometry": {"type": "Point", "coordinates": [-80.312057, 42.8450775]}}, {"type": "Feature", "properties": {"id": 527301186, "name": "Esso", "brand": "Esso", "opening_hours": null}, "geometry": {"type": "Point", "coordinates": [-80.2871191, 42.9230088]}}, {"type": "Feature", "properties": {"id": 527301190, "name": "Esso", "brand": "Esso", "opening_hours": null}, "geometry": {"type": "Point", "coordinates": [-80.2210725, 42.8597456]}}, {"type": "Feature", "properties": {"id": 527301195, "name": "Esso", "brand": "Esso", "opening_hours": null}, "geometry": {"type": "Point", "coordinates": [-80.3185632, 42.8344165]}}, {"type": "Feature", "properties": {"id": 527301200, "name": "Cango", "brand": null, "opening_hours": null}, "geometry": {"type": "Point", "coordinates": [-80.3080851, 42.8483988]}}, {"type": "Feature", "properties": {"id": 527301203, "name": "BB Family Gas Bar", "brand": null, "opening_hours": null}, "geometry": {"type": "Point", "coordinates": [-80.2886281, 42.9268146]}}, {"type": "Feature", "properties": {"id": 527302476, "name": "XTR", "brand": "XTR", "opening_hours": null}, "geometry": {"type": "Point", "coordinates": [-79.1532308, 44.4279684]}}, {"type": "Feature", "properties": {"id": 527326537, "name": "Esso", "brand": "Esso", "opening_hours": null}, "geometry": {"type": "Point", "coordinates": [-82.3104226, 42.9934742]}}, {"type": "Feature", "properties": {"id": 527326539, "name": "Esso", "brand": "Esso", "opening_hours": null}, "geometry": {"type": "Point", "coordinates": [-82.2997219, 42.9827588]}}, {"type": "Feature", "properties": {"id": 527329672, "name": "Petro-Canada", "brand": "Petro-Canada", "opening_hours": null}, "geometry": {"type": "Point", "coordinates": [-82.1747216, 42.3988285]}}, {"type": "Feature", "properties": {"id": 527332208, "name": "The Store on Jubilee", "brand": null, "opening_hours": null}, "geometry": {"type": "Point", "coordinates": [-81.4457272, 42.8044073]}}, {"type": "Feature", "properties": {"id": 527332211, "name": "Bear Creek Gas Bar", "brand": null, "opening_hours": null}, "geometry": {"type": "Point", "coordinates": [-81.5138642, 42.7887152]}}, {"type": "Feature", "properties": {"id": 527334087, "name": "Petro Line", "brand": null, "opening_hours": null}, "geometry": {"type": "Point", "coordinates": [-81.552622, 42.8168262]}}, {"type": "Feature", "properties": {"id": 527334092, "name": "Maitland Gas Convenience", "brand": null, "opening_hours": null}, "geometry": {"type": "Point", "coordinates": [-81.4673715, 42.8494609]}}, {"type": "Feature", "properties": {"id": 527334095, "name": "Esso", "brand": "Esso", "opening_hours": null}, "geometry": {"type": "Point", "coordinates": [-81.4962057, 42.9096505]}}, {"type": "Feature", "properties": {"id": 527334101, "name": "G D Variety Gas Bar", "brand": null, "opening_hours": null}, "geometry": {"type": "Point", "coordinates": [-81.4269382, 42.827751]}}, {"type": "Feature", "properties": {"id": 527334102, "name": "Esso", "brand": "Esso", "opening_hours": null}, "geometry": {"type": "Point", "coordinates": [-81.4200759, 42.9079303]}}, {"type": "Feature", "properties": {"id": 527345756, "name": "Sunoco", "brand": "Sunoco", "opening_hours": null}, "geometry": {"type": "Point", "coordinates": [-80.6995238, 42.8555324]}}, {"type": "Feature", "properties": {"id": 527345762, "name": "XTR", "brand": "XTR", "opening_hours": null}, "geometry": {"type": "Point", "coordinates": [-80.7237213, 42.8675418]}}, {"type": "Feature", "properties": {"id": 527345764, "name": "Econo", "brand": null, "opening_hours": null}, "geometry": {"type": "Point", "coordinates": [-80.7121947, 42.859339]}}, {"type": "Feature", "properties": {"id": 527346552, "name": "UPI Energy", "brand": null, "opening_hours": null}, "geometry": {"type": "Point", "coordinates": [-80.6453076, 42.8440604]}}, {"type": "Feature", "properties": {"id": 527346554, "name": "DA Auto", "brand": null, "opening_hours": null}, "geometry": {"type": "Point", "coordinates": [-80.5987726, 42.9268175]}}, {"type": "Feature", "properties": {"id": 527350420, "name": "Tri-County Motors", "brand": null, "opening_hours": null}, "geometry": {"type": "Point", "coordinates": [-80.4929661, 42.853231]}}, {"type": "Feature", "properties": {"id": 527350423, "name": "Pioneer", "brand": "Pioneer", "opening_hours": null}, "geometry": {"type": "Point", "coordinates": [-80.4940749, 42.853439]}}, {"type": "Feature", "properties": {"id": 527350429, "name": "Circle K", "brand": "Circle K", "opening_hours": null}, "geometry": {"type": "Point", "coordinates": [-80.4926485, 42.850078]}}, {"type": "Feature", "properties": {"id": 527350435, "name": "Esso", "brand": "Esso", "opening_hours": null}, "geometry": {"type": "Point", "coordinates": [-80.491821, 42.847671]}}, {"type": "Feature", "properties": {"id": 527350444, "name": "Byer's General Store", "brand": null, "opening_hours": null}, "geometry": {"type": "Point", "coordinates": [-80.4977356, 42.9032622]}}, {"type": "Feature", "properties": {"id": 527351382, "name": "GOCO", "brand": null, "opening_hours": null}, "geometry": {"type": "Point", "coordinates": [-79.3732831, 42.921885]}}, {"type": "Feature", "properties": {"id": 527351383, "name": "Esso", "brand": "Esso", "opening_hours": null}, "geometry": {"type": "Point", "coordinates": [-79.356629, 42.8907408]}}, {"type": "Feature", "properties": {"id": 527354141, "name": "Sunoco", "brand": "Sunoco", "opening_hours": null}, "geometry": {"type": "Point", "coordinates": [-79.2568925, 42.8856824]}}, {"type": "Feature", "properties": {"id": 527354142, "name": "Sherkston Auto", "brand": null, "opening_hours": null}, "geometry": {"type": "Point", "coordinates": [-79.133016, 42.891633]}}, {"type": "Feature", "properties": {"id": 527354143, "name": "Shea's", "brand": null, "opening_hours": null}, "geometry": {"type": "Point", "coordinates": [-79.235717, 42.8914535]}}, {"type": "Feature", "properties": {"id": 527354145, "name": "Gulf", "brand": "Gulf", "opening_hours": null}, "geometry": {"type": "Point", "coordinates": [-79.2398765, 42.9016074]}}, {"type": "Feature", "properties": {"id": 527354147, "name": "Esso", "brand": "Esso", "opening_hours": null}, "geometry": {"type": "Point", "coordinates": [-79.2340184, 42.9007877]}}, {"type": "Feature", "properties": {"id": 527354148, "name": "Esso", "brand": "Esso", "opening_hours": null}, "geometry": {"type": "Point", "coordinates": [-79.2545926, 42.8992658]}}, {"type": "Feature", "properties": {"id": 527354149, "name": "Esso", "brand": "Esso", "opening_hours": null}, "geometry": {"type": "Point", "coordinates": [-79.266369, 42.880814]}}, {"type": "Feature", "properties": {"id": 527365085, "name": "Shell", "brand": "Shell", "opening_hours": null}, "geometry": {"type": "Point", "coordinates": [-79.0589355, 42.8818972]}}, {"type": "Feature", "properties": {"id": 527365086, "name": "Petro-Canada", "brand": "Petro-Canada", "opening_hours": null}, "geometry": {"type": "Point", "coordinates": [-78.9646588, 42.9049637]}}, {"type": "Feature", "properties": {"id": 527365088, "name": "GOCO", "brand": null, "opening_hours": null}, "geometry": {"type": "Point", "coordinates": [-79.0548568, 42.9329625]}}, {"type": "Feature", "properties": {"id": 527365091, "name": "Esso", "brand": "Esso", "opening_hours": null}, "geometry": {"type": "Point", "coordinates": [-78.9672032, 42.9206403]}}, {"type": "Feature", "properties": {"id": 527380636, "name": "RaceTrac", "brand": "RaceTrac", "opening_hours": null}, "geometry": {"type": "Point", "coordinates": [-79.378524, 42.9755985]}}, {"type": "Feature", "properties": {"id": 527380637, "name": "Pioneer", "brand": "Pioneer", "opening_hours": null}, "geometry": {"type": "Point", "coordinates": [-79.387382, 43.0436077]}}, {"type": "Feature", "properties": {"id": 527380639, "name": "Esso", "brand": "Esso", "opening_hours": null}, "geometry": {"type": "Point", "coordinates": [-79.378287, 42.9439521]}}, {"type": "Feature", "properties": {"id": 527380641, "name": "Esso", "brand": "Esso", "opening_hours": null}, "geometry": {"type": "Point", "coordinates": [-79.4398374, 42.9428579]}}, {"type": "Feature", "properties": {"id": 527523597, "name": "MacEwen", "brand": "MacEwen", "opening_hours": null}, "geometry": {"type": "Point", "coordinates": [-79.6970794, 44.7648929]}}, {"type": "Feature", "properties": {"id": 527523601, "name": "Esso", "brand": "Esso", "opening_hours": null}, "geometry": {"type": "Point", "coordinates": [-79.7346222, 44.8081527]}}, {"type": "Feature", "properties": {"id": 527524126, "name": "Shell", "brand": "XTR", "opening_hours": null}, "geometry": {"type": "Point", "coordinates": [-79.9657563, 44.6997924]}}, {"type": "Feature", "properties": {"id": 527524127, "name": "Waverley Service Centre", "brand": null, "opening_hours": null}, "geometry": {"type": "Point", "coordinates": [-79.8240528, 44.6435247]}}, {"type": "Feature", "properties": {"id": 527524817, "name": "Shell", "brand": "Shell", "opening_hours": null}, "geometry": {"type": "Point", "coordinates": [-79.6429586, 44.7079049]}}, {"type": "Feature", "properties": {"id": 527524818, "name": "Petro-Canada", "brand": "Petro-Canada", "opening_hours": null}, "geometry": {"type": "Point", "coordinates": [-79.643334, 44.7077517]}}, {"type": "Feature", "properties": {"id": 527540858, "name": "Shell", "brand": "Shell", "opening_hours": null}, "geometry": {"type": "Point", "coordinates": [-80.0130775, 44.4333232]}}, {"type": "Feature", "properties": {"id": 527540859, "name": "Fast Stop", "brand": null, "opening_hours": null}, "geometry": {"type": "Point", "coordinates": [-80.0779898, 44.4219504]}}, {"type": "Feature", "properties": {"id": 527543150, "name": "Shell", "brand": "Shell", "opening_hours": null}, "geometry": {"type": "Point", "coordinates": [-80.0177571, 44.2979364]}}, {"type": "Feature", "properties": {"id": 527565960, "name": "Esso", "brand": "Esso", "opening_hours": null}, "geometry": {"type": "Point", "coordinates": [-79.8016253, 44.509358]}}, {"type": "Feature", "properties": {"id": 527567566, "name": "Esso", "brand": "Esso", "opening_hours": null}, "geometry": {"type": "Point", "coordinates": [-79.5362162, 44.4778776]}}, {"type": "Feature", "properties": {"id": 527570167, "name": "XTR", "brand": "XTR", "opening_hours": null}, "geometry": {"type": "Point", "coordinates": [-79.9772424, 44.2682384]}}, {"type": "Feature", "properties": {"id": 527663593, "name": "Pioneer", "brand": "Pioneer", "opening_hours": null}, "geometry": {"type": "Point", "coordinates": [-82.2003471, 42.3897836]}}, {"type": "Feature", "properties": {"id": 527666140, "name": "Canadian Tire", "brand": "Canadian Tire", "opening_hours": null}, "geometry": {"type": "Point", "coordinates": [-82.2080477, 42.3918807]}}, {"type": "Feature", "properties": {"id": 527666822, "name": "Esso", "brand": "Esso", "opening_hours": null}, "geometry": {"type": "Point", "coordinates": [-79.7692873, 42.971062]}}, {"type": "Feature", "properties": {"id": 527666828, "name": "Esso", "brand": "Esso", "opening_hours": null}, "geometry": {"type": "Point", "coordinates": [-79.7998295, 43.0412001]}}, {"type": "Feature", "properties": {"id": 527674124, "name": "Pioneer", "brand": "Pioneer", "opening_hours": "24/7"}, "geometry": {"type": "Point", "coordinates": [-79.8556488, 42.9507947]}}, {"type": "Feature", "properties": {"id": 527675534, "name": "Petro-Canada", "brand": "Petro-Canada", "opening_hours": null}, "geometry": {"type": "Point", "coordinates": [-80.593458, 42.9747768]}}, {"type": "Feature", "properties": {"id": 527675536, "name": "Esso", "brand": "Esso", "opening_hours": null}, "geometry": {"type": "Point", "coordinates": [-80.6036552, 43.0036315]}}, {"type": "Feature", "properties": {"id": 527810456, "name": "Petro-Canada", "brand": "Petro-Canada", "opening_hours": null}, "geometry": {"type": "Point", "coordinates": [-81.6169564, 42.9595037]}}, {"type": "Feature", "properties": {"id": 527810457, "name": "GOCO", "brand": null, "opening_hours": null}, "geometry": {"type": "Point", "coordinates": [-81.6301968, 42.9825027]}}, {"type": "Feature", "properties": {"id": 527810459, "name": "GOCO", "brand": null, "opening_hours": null}, "geometry": {"type": "Point", "coordinates": [-81.6364835, 42.9552495]}}, {"type": "Feature", "properties": {"id": 527810463, "name": "Canadian Tire", "brand": "Canadian Tire", "opening_hours": null}, "geometry": {"type": "Point", "coordinates": [-81.6117316, 42.9466537]}}, {"type": "Feature", "properties": {"id": 527810465, "name": "7-Eleven", "brand": "7-Eleven", "opening_hours": null}, "geometry": {"type": "Point", "coordinates": [-81.6215863, 42.9567044]}}, {"type": "Feature", "properties": {"id": 527810466, "name": "Mobil", "brand": "Mobil", "opening_hours": "Mo-Fr 06:00-23:00; Sa,Su 07:00-23:00"}, "geometry": {"type": "Point", "coordinates": [-81.6312659, 42.9668255]}}, {"type": "Feature", "properties": {"id": 527811215, "name": "Shell", "brand": "Shell", "opening_hours": null}, "geometry": {"type": "Point", "coordinates": [-81.238378, 42.7950833]}}, {"type": "Feature", "properties": {"id": 527817062, "name": "The Village Market", "brand": null, "opening_hours": null}, "geometry": {"type": "Point", "coordinates": [-81.0791284, 42.70143]}}, {"type": "Feature", "properties": {"id": 527817063, "name": "South Side", "brand": null, "opening_hours": null}, "geometry": {"type": "Point", "coordinates": [-81.1701977, 42.7783471]}}, {"type": "Feature", "properties": {"id": 527817065, "name": "Shell", "brand": "Shell", "opening_hours": null}, "geometry": {"type": "Point", "coordinates": [-81.1658168, 42.764168]}}, {"type": "Feature", "properties": {"id": 527817070, "name": "Esso", "brand": "Esso", "opening_hours": null}, "geometry": {"type": "Point", "coordinates": [-81.2096394, 42.7936341]}}, {"type": "Feature", "properties": {"id": 527818646, "name": "Vanessa General Store", "brand": null, "opening_hours": null}, "geometry": {"type": "Point", "coordinates": [-80.395557, 42.969425]}}, {"type": "Feature", "properties": {"id": 527818647, "name": "Esso", "brand": "Esso", "opening_hours": null}, "geometry": {"type": "Point", "coordinates": [-80.3691373, 43.0514351]}}, {"type": "Feature", "properties": {"id": 527822350, "name": "Hill's Tire & Gas", "brand": null, "opening_hours": null}, "geometry": {"type": "Point", "coordinates": [-80.2225765, 43.0449448]}}, {"type": "Feature", "properties": {"id": 527835513, "name": "Skylite Plaza", "brand": null, "opening_hours": null}, "geometry": {"type": "Point", "coordinates": [-80.0363076, 43.0389276]}}, {"type": "Feature", "properties": {"id": 527835520, "name": "Pioneer", "brand": "Pioneer", "opening_hours": null}, "geometry": {"type": "Point", "coordinates": [-80.0559081, 42.957025]}}, {"type": "Feature", "properties": {"id": 527835524, "name": "Oasis Gas and Variety", "brand": null, "opening_hours": null}, "geometry": {"type": "Point", "coordinates": [-80.1174085, 43.0683738]}}, {"type": "Feature", "properties": {"id": 527835530, "name": "New Credit Variety Gas Bar", "brand": null, "opening_hours": null}, "geometry": {"type": "Point", "coordinates": [-80.037381, 42.9765629]}}, {"type": "Feature", "properties": {"id": 527835538, "name": "Nancy's General Store & Fuel", "brand": null, "opening_hours": null}, "geometry": {"type": "Point", "coordinates": [-80.0504161, 42.9823945]}}, {"type": "Feature", "properties": {"id": 527835543, "name": "River Range Gas Bar", "brand": null, "opening_hours": null}, "geometry": {"type": "Point", "coordinates": [-79.9881187, 43.0627239]}}, {"type": "Feature", "properties": {"id": 527859692, "name": "Fergus Petro", "brand": null, "opening_hours": "Mo-Sa 06:00-22:00; Su 08:00-21:00"}, "geometry": {"type": "Point", "coordinates": [-80.372016, 43.7148684]}}, {"type": "Feature", "properties": {"id": 527861161, "name": "Fast Stop Express", "brand": null, "opening_hours": null}, "geometry": {"type": "Point", "coordinates": [-80.835093, 43.5725316]}}, {"type": "Feature", "properties": {"id": 527893798, "name": "MacEwen", "brand": "MacEwen", "opening_hours": null}, "geometry": {"type": "Point", "coordinates": [-79.992455, 44.1232421]}}, {"type": "Feature", "properties": {"id": 527893803, "name": null, "brand": null, "opening_hours": null}, "geometry": {"type": "Point", "coordinates": [-80.0380103, 44.1692014]}}, {"type": "Feature", "properties": {"id": 527950950, "name": "XTR", "brand": "XTR", "opening_hours": null}, "geometry": {"type": "Point", "coordinates": [-79.2895874, 43.1550853]}}, {"type": "Feature", "properties": {"id": 527950954, "name": "Regional Variety & Gas Bar", "brand": null, "opening_hours": null}, "geometry": {"type": "Point", "coordinates": [-79.3072001, 43.1389331]}}, {"type": "Feature", "properties": {"id": 528114779, "name": "Gulf", "brand": "Gulf", "opening_hours": null}, "geometry": {"type": "Point", "coordinates": [-81.2094404, 42.8364427]}}, {"type": "Feature", "properties": {"id": 528115619, "name": "GOCO", "brand": null, "opening_hours": null}, "geometry": {"type": "Point", "coordinates": [-81.0544608, 43.2851705]}}, {"type": "Feature", "properties": {"id": 528115624, "name": "Esso", "brand": "Esso", "opening_hours": null}, "geometry": {"type": "Point", "coordinates": [-81.1340724, 43.2478426]}}, {"type": "Feature", "properties": {"id": 528115625, "name": "Dowler-Karn", "brand": null, "opening_hours": null}, "geometry": {"type": "Point", "coordinates": [-81.1910762, 43.2554655]}}, {"type": "Feature", "properties": {"id": 528127715, "name": "GOCO", "brand": null, "opening_hours": null}, "geometry": {"type": "Point", "coordinates": [-80.5800471, 43.6337014]}}, {"type": "Feature", "properties": {"id": 528128705, "name": "Esso", "brand": "Esso", "opening_hours": null}, "geometry": {"type": "Point", "coordinates": [-80.4481986, 43.6912193]}}, {"type": "Feature", "properties": {"id": 528128709, "name": "Esso", "brand": "Esso", "opening_hours": null}, "geometry": {"type": "Point", "coordinates": [-80.426591, 43.6755248]}}, {"type": "Feature", "properties": {"id": 528128711, "name": "Econo", "brand": null, "opening_hours": null}, "geometry": {"type": "Point", "coordinates": [-80.4233275, 43.6845369]}}, {"type": "Feature", "properties": {"id": 528131951, "name": "The Pines Garage", "brand": "Amco", "opening_hours": null}, "geometry": {"type": "Point", "coordinates": [-80.2123754, 43.8951798]}}, {"type": "Feature", "properties": {"id": 528154709, "name": "Four Cedars", "brand": null, "opening_hours": null}, "geometry": {"type": "Point", "coordinates": [-79.8424049, 44.4447698]}}, {"type": "Feature", "properties": {"id": 528203015, "name": "Shell", "brand": "Shell", "opening_hours": null}, "geometry": {"type": "Point", "coordinates": [-79.4761113, 43.1833769]}}, {"type": "Feature", "properties": {"id": 528206240, "name": "RaceTrac", "brand": "RaceTrac", "opening_hours": null}, "geometry": {"type": "Point", "coordinates": [-79.6703415, 43.1378646]}}, {"type": "Feature", "properties": {"id": 528208833, "name": "XTR", "brand": "XTR", "opening_hours": null}, "geometry": {"type": "Point", "coordinates": [-81.2693785, 43.1256481]}}, {"type": "Feature", "properties": {"id": 528208835, "name": "Red Star", "brand": null, "opening_hours": null}, "geometry": {"type": "Point", "coordinates": [-81.3813713, 43.079036]}}, {"type": "Feature", "properties": {"id": 528216031, "name": "Petro-Canada", "brand": "Petro-Canada", "opening_hours": null}, "geometry": {"type": "Point", "coordinates": [-81.4229364, 43.0006092]}}, {"type": "Feature", "properties": {"id": 528216033, "name": "GOCO", "brand": null, "opening_hours": null}, "geometry": {"type": "Point", "coordinates": [-81.5537969, 43.004379]}}, {"type": "Feature", "properties": {"id": 528216036, "name": "Petro-Canada", "brand": "Petro-Canada", "opening_hours": null}, "geometry": {"type": "Point", "coordinates": [-81.4312513, 42.9443085]}}, {"type": "Feature", "properties": {"id": 528218291, "name": "Pioneer", "brand": "Pioneer", "opening_hours": null}, "geometry": {"type": "Point", "coordinates": [-79.557781, 43.1913738]}}, {"type": "Feature", "properties": {"id": 528218295, "name": "Esso", "brand": "Esso", "opening_hours": null}, "geometry": {"type": "Point", "coordinates": [-79.588332, 43.1943816]}}, {"type": "Feature", "properties": {"id": 528230818, "name": "Pioneer", "brand": "Pioneer", "opening_hours": null}, "geometry": {"type": "Point", "coordinates": [-79.6877679, 43.2126995]}}, {"type": "Feature", "properties": {"id": 528230821, "name": "Global", "brand": "Global", "opening_hours": null}, "geometry": {"type": "Point", "coordinates": [-79.6391799, 43.2075659]}}, {"type": "Feature", "properties": {"id": 528232651, "name": "Esso", "brand": "Esso", "opening_hours": null}, "geometry": {"type": "Point", "coordinates": [-80.3633526, 43.1916197]}}, {"type": "Feature", "properties": {"id": 528233492, "name": "Esso", "brand": "Esso", "opening_hours": null}, "geometry": {"type": "Point", "coordinates": [-80.8456008, 43.3700044]}}, {"type": "Feature", "properties": {"id": 528425366, "name": "Esso", "brand": "Esso", "opening_hours": null}, "geometry": {"type": "Point", "coordinates": [-80.9757915, 43.3601649]}}, {"type": "Feature", "properties": {"id": 528425372, "name": "Esso", "brand": "Esso", "opening_hours": null}, "geometry": {"type": "Point", "coordinates": [-81.0030148, 43.3468771]}}, {"type": "Feature", "properties": {"id": 528437535, "name": "Loretto Petro", "brand": null, "opening_hours": null}, "geometry": {"type": "Point", "coordinates": [-79.8902003, 44.0499018]}}, {"type": "Feature", "properties": {"id": 528437540, "name": "Esso", "brand": "Esso", "opening_hours": null}, "geometry": {"type": "Point", "coordinates": [-79.8738409, 43.9684699]}}, {"type": "Feature", "properties": {"id": 528437544, "name": "Amco", "brand": null, "opening_hours": null}, "geometry": {"type": "Point", "coordinates": [-79.8048495, 44.0204152]}}, {"type": "Feature", "properties": {"id": 528438945, "name": "RaceTrac", "brand": "RaceTrac", "opening_hours": null}, "geometry": {"type": "Point", "coordinates": [-78.5406884, 44.342461]}}, {"type": "Feature", "properties": {"id": 528444410, "name": "AMCO", "brand": null, "opening_hours": null}, "geometry": {"type": "Point", "coordinates": [-79.2806798, 44.3161615]}}, {"type": "Feature", "properties": {"id": 528467688, "name": "RaceTrac", "brand": "RaceTrac", "opening_hours": null}, "geometry": {"type": "Point", "coordinates": [-78.3995325, 44.3375697]}}, {"type": "Feature", "properties": {"id": 528467692, "name": "Esso", "brand": "Esso", "opening_hours": null}, "geometry": {"type": "Point", "coordinates": [-78.5523777, 44.298846]}}, {"type": "Feature", "properties": {"id": 528467693, "name": "Cango", "brand": null, "opening_hours": null}, "geometry": {"type": "Point", "coordinates": [-78.5263776, 44.3066348]}}, {"type": "Feature", "properties": {"id": 528468983, "name": "Global", "brand": "Global", "opening_hours": null}, "geometry": {"type": "Point", "coordinates": [-78.7950846, 44.1395187]}}, {"type": "Feature", "properties": {"id": 528468985, "name": "Shell", "brand": "Shell", "opening_hours": null}, "geometry": {"type": "Point", "coordinates": [-78.8105683, 44.1365092]}}, {"type": "Feature", "properties": {"id": 528471117, "name": "Global", "brand": "Global", "opening_hours": null}, "geometry": {"type": "Point", "coordinates": [-78.0667509, 44.1810006]}}, {"type": "Feature", "properties": {"id": 528471120, "name": "Esso", "brand": "Esso", "opening_hours": null}, "geometry": {"type": "Point", "coordinates": [-78.0743422, 44.1705857]}}, {"type": "Feature", "properties": {"id": 528471125, "name": "The Trading Post", "brand": null, "opening_hours": null}, "geometry": {"type": "Point", "coordinates": [-78.0727978, 44.174937]}}, {"type": "Feature", "properties": {"id": 528498868, "name": "XTR", "brand": "XTR", "opening_hours": null}, "geometry": {"type": "Point", "coordinates": [-78.3357457, 44.0991697]}}, {"type": "Feature", "properties": {"id": 528501455, "name": "XTR", "brand": "XTR", "opening_hours": null}, "geometry": {"type": "Point", "coordinates": [-78.6274583, 44.1002471]}}, {"type": "Feature", "properties": {"id": 528501457, "name": "Esso", "brand": "Esso", "opening_hours": null}, "geometry": {"type": "Point", "coordinates": [-78.6779881, 44.1696221]}}, {"type": "Feature", "properties": {"id": 528501458, "name": "Cango", "brand": null, "opening_hours": null}, "geometry": {"type": "Point", "coordinates": [-78.5895199, 44.1764159]}}, {"type": "Feature", "properties": {"id": 528512106, "name": "SoLo", "brand": null, "opening_hours": null}, "geometry": {"type": "Point", "coordinates": [-78.992806, 44.1029083]}}, {"type": "Feature", "properties": {"id": 528512110, "name": "Petro-City", "brand": null, "opening_hours": null}, "geometry": {"type": "Point", "coordinates": [-79.0257264, 44.175134]}}, {"type": "Feature", "properties": {"id": 528512114, "name": "Petro-Canada", "brand": "Petro-Canada", "opening_hours": null}, "geometry": {"type": "Point", "coordinates": [-78.9439906, 44.1003847]}}, {"type": "Feature", "properties": {"id": 528535072, "name": "RaceTrac", "brand": "RaceTrac", "opening_hours": null}, "geometry": {"type": "Point", "coordinates": [-79.1234257, 44.1154678]}}, {"type": "Feature", "properties": {"id": 528549580, "name": "Pioneer", "brand": "Pioneer", "opening_hours": null}, "geometry": {"type": "Point", "coordinates": [-79.9514086, 43.0752445]}}, {"type": "Feature", "properties": {"id": 528827521, "name": "Pump", "brand": null, "opening_hours": null}, "geometry": {"type": "Point", "coordinates": [-77.6920384, 44.0517959]}}, {"type": "Feature", "properties": {"id": 528827522, "name": "Lucky Plus+", "brand": null, "opening_hours": null}, "geometry": {"type": "Point", "coordinates": [-77.5941854, 44.0755197]}}, {"type": "Feature", "properties": {"id": 528836567, "name": "Ward Auto & Sale", "brand": null, "opening_hours": null}, "geometry": {"type": "Point", "coordinates": [-77.2162546, 44.1904893]}}, {"type": "Feature", "properties": {"id": 528836571, "name": "Olco", "brand": null, "opening_hours": null}, "geometry": {"type": "Point", "coordinates": [-77.2449342, 44.1953686]}}, {"type": "Feature", "properties": {"id": 528836573, "name": "Gas N Go", "brand": null, "opening_hours": null}, "geometry": {"type": "Point", "coordinates": [-77.2469093, 44.1946675]}}, {"type": "Feature", "properties": {"id": 528836580, "name": "VP Racing Fuels", "brand": null, "opening_hours": null}, "geometry": {"type": "Point", "coordinates": [-77.2512268, 44.193098]}}, {"type": "Feature", "properties": {"id": 528836583, "name": "Free Flow", "brand": null, "opening_hours": null}, "geometry": {"type": "Point", "coordinates": [-77.2501392, 44.1932155]}}, {"type": "Feature", "properties": {"id": 528836584, "name": "Olco", "brand": null, "opening_hours": null}, "geometry": {"type": "Point", "coordinates": [-77.3258827, 44.1700815]}}, {"type": "Feature", "properties": {"id": 528841005, "name": "Shell", "brand": "Shell", "opening_hours": null}, "geometry": {"type": "Point", "coordinates": [-77.7670569, 44.072996]}}, {"type": "Feature", "properties": {"id": 528841013, "name": "Esso", "brand": "Esso", "opening_hours": null}, "geometry": {"type": "Point", "coordinates": [-77.7363431, 44.0415191]}}, {"type": "Feature", "properties": {"id": 528880867, "name": "Ultramar", "brand": "Ultramar", "opening_hours": null}, "geometry": {"type": "Point", "coordinates": [-81.2750137, 42.8496276]}}, {"type": "Feature", "properties": {"id": 528880872, "name": "Standing Stone Gas Bar", "brand": null, "opening_hours": null}, "geometry": {"type": "Point", "coordinates": [-81.3856023, 42.8383309]}}, {"type": "Feature", "properties": {"id": 528880875, "name": "Global", "brand": "Global", "opening_hours": null}, "geometry": {"type": "Point", "coordinates": [-81.2990855, 42.9063485]}}, {"type": "Feature", "properties": {"id": 528880879, "name": "Flying M Truck Stop", "brand": null, "opening_hours": null}, "geometry": {"type": "Point", "coordinates": [-81.2661159, 42.8336056]}}, {"type": "Feature", "properties": {"id": 528981732, "name": "Esso", "brand": "Esso", "opening_hours": null}, "geometry": {"type": "Point", "coordinates": [-78.3104383, 43.9519531]}}, {"type": "Feature", "properties": {"id": 528981735, "name": "XTR", "brand": "XTR", "opening_hours": null}, "geometry": {"type": "Point", "coordinates": [-78.2880843, 43.9489385]}}, {"type": "Feature", "properties": {"id": 528982524, "name": "Pipleline Commercial", "brand": null, "opening_hours": null}, "geometry": {"type": "Point", "coordinates": [-78.2864786, 43.9723017]}}, {"type": "Feature", "properties": {"id": 528982525, "name": "Econo", "brand": null, "opening_hours": null}, "geometry": {"type": "Point", "coordinates": [-78.3942295, 44.0591266]}}, {"type": "Feature", "properties": {"id": 528999094, "name": "Sawicki Service Centre", "brand": null, "opening_hours": null}, "geometry": {"type": "Point", "coordinates": [-78.6112288, 43.9624043]}}, {"type": "Feature", "properties": {"id": 528999096, "name": "Petro-Canada", "brand": "Petro-Canada", "opening_hours": null}, "geometry": {"type": "Point", "coordinates": [-78.6148095, 44.0364495]}}, {"type": "Feature", "properties": {"id": 528999097, "name": "Esso", "brand": "Esso", "opening_hours": null}, "geometry": {"type": "Point", "coordinates": [-78.6192735, 44.046676]}}, {"type": "Feature", "properties": {"id": 529013919, "name": "Shell", "brand": "Shell", "opening_hours": null}, "geometry": {"type": "Point", "coordinates": [-79.2610117, 43.9684949]}}, {"type": "Feature", "properties": {"id": 529257154, "name": "RaceTrac", "brand": "RaceTrac", "opening_hours": null}, "geometry": {"type": "Point", "coordinates": [-79.9149244, 43.1548654]}}, {"type": "Feature", "properties": {"id": 529260121, "name": "Route 54 Variety & Gas", "brand": null, "opening_hours": null}, "geometry": {"type": "Point", "coordinates": [-80.0852598, 43.1009782]}}, {"type": "Feature", "properties": {"id": 529265298, "name": "Mobil", "brand": "Mobil", "opening_hours": null}, "geometry": {"type": "Point", "coordinates": [-80.8914367, 43.0320571]}}, {"type": "Feature", "properties": {"id": 529455094, "name": "7-Eleven", "brand": "7-Eleven", "opening_hours": null}, "geometry": {"type": "Point", "coordinates": [-80.747507, 43.1316765]}}, {"type": "Feature", "properties": {"id": 529470390, "name": "Esso", "brand": "Esso", "opening_hours": null}, "geometry": {"type": "Point", "coordinates": [-79.9138287, 44.1406251]}}, {"type": "Feature", "properties": {"id": 529540769, "name": "Diva Petroleum", "brand": null, "opening_hours": null}, "geometry": {"type": "Point", "coordinates": [-81.1208686, 43.0209267]}}, {"type": "Feature", "properties": {"id": 529543169, "name": "Shell", "brand": "Shell", "opening_hours": null}, "geometry": {"type": "Point", "coordinates": [-79.8651593, 44.1545207]}}, {"type": "Feature", "properties": {"id": 529543171, "name": "Pioneer", "brand": "Pioneer", "opening_hours": null}, "geometry": {"type": "Point", "coordinates": [-79.8419578, 44.1594799]}}, {"type": "Feature", "properties": {"id": 529543172, "name": "Pioneer", "brand": "Pioneer", "opening_hours": null}, "geometry": {"type": "Point", "coordinates": [-79.8418306, 44.1592907]}}, {"type": "Feature", "properties": {"id": 529543174, "name": "Husky", "brand": "Husky", "opening_hours": null}, "geometry": {"type": "Point", "coordinates": [-79.8433815, 44.1597019]}}, {"type": "Feature", "properties": {"id": 529543176, "name": "Esso", "brand": "Esso", "opening_hours": null}, "geometry": {"type": "Point", "coordinates": [-79.8571634, 44.1567862]}}, {"type": "Feature", "properties": {"id": 529548052, "name": "Canadian Tire", "brand": "Canadian Tire", "opening_hours": null}, "geometry": {"type": "Point", "coordinates": [-79.8826921, 44.1478946]}}, {"type": "Feature", "properties": {"id": 529548053, "name": "Canadian Tire", "brand": "Canadian Tire", "opening_hours": null}, "geometry": {"type": "Point", "coordinates": [-79.8829423, 44.1477836]}}, {"type": "Feature", "properties": {"id": 529549388, "name": "Ultramar", "brand": "Ultramar", "opening_hours": null}, "geometry": {"type": "Point", "coordinates": [-79.7984013, 44.16874]}}, {"type": "Feature", "properties": {"id": 529549408, "name": "UPI Energy", "brand": null, "opening_hours": null}, "geometry": {"type": "Point", "coordinates": [-79.7018188, 44.1918795]}}, {"type": "Feature", "properties": {"id": 529553263, "name": "Ultramar", "brand": "Ultramar", "opening_hours": null}, "geometry": {"type": "Point", "coordinates": [-79.6795426, 44.3370674]}}, {"type": "Feature", "properties": {"id": 529553273, "name": "Esso", "brand": "Esso", "opening_hours": null}, "geometry": {"type": "Point", "coordinates": [-79.725466, 44.2831525]}}, {"type": "Feature", "properties": {"id": 529557459, "name": "Ultramar", "brand": "Ultramar", "opening_hours": null}, "geometry": {"type": "Point", "coordinates": [-79.59031, 44.2145449]}}, {"type": "Feature", "properties": {"id": 529557462, "name": "Spritz", "brand": null, "opening_hours": null}, "geometry": {"type": "Point", "coordinates": [-79.5511872, 44.2632005]}}, {"type": "Feature", "properties": {"id": 529557465, "name": "Esso", "brand": "Esso", "opening_hours": null}, "geometry": {"type": "Point", "coordinates": [-79.5897664, 44.2152523]}}, {"type": "Feature", "properties": {"id": 529557466, "name": "Amco", "brand": null, "opening_hours": null}, "geometry": {"type": "Point", "coordinates": [-79.5536494, 44.223706]}}, {"type": "Feature", "properties": {"id": 529664749, "name": "Ultramar", "brand": "Ultramar", "opening_hours": null}, "geometry": {"type": "Point", "coordinates": [-79.6222212, 44.442039]}}, {"type": "Feature", "properties": {"id": 529664750, "name": "Husky", "brand": "Husky", "opening_hours": null}, "geometry": {"type": "Point", "coordinates": [-79.5755468, 44.4621638]}}, {"type": "Feature", "properties": {"id": 529750179, "name": "AMCO", "brand": null, "opening_hours": null}, "geometry": {"type": "Point", "coordinates": [-79.4341204, 44.6250173]}}, {"type": "Feature", "properties": {"id": 529758158, "name": "Wrights Variety GOCO", "brand": null, "opening_hours": null}, "geometry": {"type": "Point", "coordinates": [-80.3955678, 43.2026191]}}, {"type": "Feature", "properties": {"id": 529758161, "name": "Esso", "brand": "Esso", "opening_hours": null}, "geometry": {"type": "Point", "coordinates": [-80.3883404, 43.2097961]}}, {"type": "Feature", "properties": {"id": 530060431, "name": "Ultramar", "brand": "Ultramar", "opening_hours": null}, "geometry": {"type": "Point", "coordinates": [-78.6020884, 43.9420355]}}, {"type": "Feature", "properties": {"id": 530060432, "name": "Shell", "brand": "Shell", "opening_hours": null}, "geometry": {"type": "Point", "coordinates": [-78.6031201, 43.9437839]}}, {"type": "Feature", "properties": {"id": 530060434, "name": "Shell", "brand": "Shell", "opening_hours": "24/7"}, "geometry": {"type": "Point", "coordinates": [-78.6780626, 43.9042223]}}, {"type": "Feature", "properties": {"id": 530060436, "name": "Olco", "brand": null, "opening_hours": null}, "geometry": {"type": "Point", "coordinates": [-78.6017639, 43.9379626]}}, {"type": "Feature", "properties": {"id": 530094309, "name": "Ultramar", "brand": "Ultramar", "opening_hours": null}, "geometry": {"type": "Point", "coordinates": [-77.9013494, 44.0202881]}}, {"type": "Feature", "properties": {"id": 530094311, "name": "Olco", "brand": null, "opening_hours": null}, "geometry": {"type": "Point", "coordinates": [-77.9120432, 44.0484123]}}, {"type": "Feature", "properties": {"id": 530098142, "name": "Shell", "brand": "Shell", "opening_hours": null}, "geometry": {"type": "Point", "coordinates": [-78.1749523, 43.98188]}}, {"type": "Feature", "properties": {"id": 530289473, "name": "Ultramar", "brand": "Ultramar", "opening_hours": null}, "geometry": {"type": "Point", "coordinates": [-80.0766077, 43.7792733]}}, {"type": "Feature", "properties": {"id": 530289476, "name": "Esso", "brand": "Esso", "opening_hours": null}, "geometry": {"type": "Point", "coordinates": [-80.0621893, 43.769138]}}, {"type": "Feature", "properties": {"id": 530289478, "name": "Petro Gas", "brand": null, "opening_hours": null}, "geometry": {"type": "Point", "coordinates": [-80.0515319, 43.8097293]}}, {"type": "Feature", "properties": {"id": 530292550, "name": "Khalsa", "brand": null, "opening_hours": null}, "geometry": {"type": "Point", "coordinates": [-80.0524918, 43.9006501]}}, {"type": "Feature", "properties": {"id": 530292553, "name": "RaceTrac", "brand": "RaceTrac", "opening_hours": null}, "geometry": {"type": "Point", "coordinates": [-80.0675257, 43.8618745]}}, {"type": "Feature", "properties": {"id": 530524969, "name": "Petro-Canada", "brand": "Petro-Canada", "opening_hours": null}, "geometry": {"type": "Point", "coordinates": [-79.7820191, 44.0791223]}}, {"type": "Feature", "properties": {"id": 530524972, "name": "Stone Motors", "brand": "Esso", "opening_hours": null}, "geometry": {"type": "Point", "coordinates": [-79.8040995, 44.0177375]}}, {"type": "Feature", "properties": {"id": 530524973, "name": "Esso", "brand": "Esso", "opening_hours": null}, "geometry": {"type": "Point", "coordinates": [-79.7085093, 44.004796]}}, {"type": "Feature", "properties": {"id": 530526316, "name": "Esso", "brand": "Esso", "opening_hours": "24/7"}, "geometry": {"type": "Point", "coordinates": [-76.433404, 44.2853145]}}, {"type": "Feature", "properties": {"id": 530590722, "name": "Olco", "brand": null, "opening_hours": null}, "geometry": {"type": "Point", "coordinates": [-77.5834746, 44.1479838]}}, {"type": "Feature", "properties": {"id": 530590729, "name": "Amco", "brand": null, "opening_hours": null}, "geometry": {"type": "Point", "coordinates": [-77.5213535, 44.1114362]}}, {"type": "Feature", "properties": {"id": 530590975, "name": "Petro-Canada", "brand": "Petro-Canada", "opening_hours": null}, "geometry": {"type": "Point", "coordinates": [-77.383803, 44.1392985]}}, {"type": "Feature", "properties": {"id": 530597231, "name": "Olco", "brand": null, "opening_hours": null}, "geometry": {"type": "Point", "coordinates": [-77.5160002, 44.1144329]}}, {"type": "Feature", "properties": {"id": 530808482, "name": "Pioneer", "brand": "Pioneer", "opening_hours": null}, "geometry": {"type": "Point", "coordinates": [-77.4443165, 44.1756757]}}, {"type": "Feature", "properties": {"id": 530880997, "name": "Husky", "brand": "Husky", "opening_hours": null}, "geometry": {"type": "Point", "coordinates": [-77.3904385, 44.1771586]}}, {"type": "Feature", "properties": {"id": 530881000, "name": "Esso", "brand": "Esso", "opening_hours": null}, "geometry": {"type": "Point", "coordinates": [-77.4024201, 44.2023816]}}, {"type": "Feature", "properties": {"id": 530881553, "name": "Esso Commercial Cardlock", "brand": "Esso", "opening_hours": null}, "geometry": {"type": "Point", "coordinates": [-76.5676794, 44.2789932]}}, {"type": "Feature", "properties": {"id": 530882657, "name": "MacEwen", "brand": "MacEwen", "opening_hours": null}, "geometry": {"type": "Point", "coordinates": [-76.5407305, 44.3171149]}}, {"type": "Feature", "properties": {"id": 530884505, "name": "Circle K", "brand": "Circle K", "opening_hours": null}, "geometry": {"type": "Point", "coordinates": [-75.6899751, 44.5866957]}}, {"type": "Feature", "properties": {"id": 531022502, "name": "MacEwen", "brand": "MacEwen", "opening_hours": null}, "geometry": {"type": "Point", "coordinates": [-74.619386, 45.5998125]}}, {"type": "Feature", "properties": {"id": 531022508, "name": "Esso", "brand": "Esso", "opening_hours": null}, "geometry": {"type": "Point", "coordinates": [-74.585107, 45.5877878]}}, {"type": "Feature", "properties": {"id": 531022509, "name": "Econo Gas Bar", "brand": null, "opening_hours": null}, "geometry": {"type": "Point", "coordinates": [-74.5976458, 45.6105594]}}, {"type": "Feature", "properties": {"id": 531067020, "name": "MacEwen", "brand": "MacEwen", "opening_hours": null}, "geometry": {"type": "Point", "coordinates": [-75.1865179, 44.9007326]}}, {"type": "Feature", "properties": {"id": 531071267, "name": "Xeon", "brand": null, "opening_hours": null}, "geometry": {"type": "Point", "coordinates": [-80.15471, 44.4823802]}}, {"type": "Feature", "properties": {"id": 531071268, "name": "Pioneer", "brand": "Pioneer", "opening_hours": null}, "geometry": {"type": "Point", "coordinates": [-79.9957517, 44.5264626]}}, {"type": "Feature", "properties": {"id": 532742637, "name": "Ultramar", "brand": "Ultramar", "opening_hours": null}, "geometry": {"type": "Point", "coordinates": [-79.440495, 43.6503876]}}, {"type": "Feature", "properties": {"id": 549931618, "name": "Guy's Service Station", "brand": null, "opening_hours": null}, "geometry": {"type": "Point", "coordinates": [-79.5662948, 48.1422832]}}, {"type": "Feature", "properties": {"id": 549953287, "name": "Esso", "brand": "Esso", "opening_hours": null}, "geometry": {"type": "Point", "coordinates": [-77.1502906, 45.8339848]}}, {"type": "Feature", "properties": {"id": 555868063, "name": "Shell", "brand": "Shell", "opening_hours": null}, "geometry": {"type": "Point", "coordinates": [-78.3116644, 44.3056754]}}, {"type": "Feature", "properties": {"id": 556357251, "name": "Shell", "brand": "Shell", "opening_hours": "24/7"}, "geometry": {"type": "Point", "coordinates": [-79.6821841, 44.4042294]}}, {"type": "Feature", "properties": {"id": 556475083, "name": "Costco Gasoline", "brand": "Costco", "opening_hours": "Mo-Fr 06:30-21:30; Sa 09:30-18:00; Su 10:00-17:00"}, "geometry": {"type": "Point", "coordinates": [-79.6453863, 43.2154304]}}, {"type": "Feature", "properties": {"id": 557027261, "name": "Esso", "brand": "Esso", "opening_hours": null}, "geometry": {"type": "Point", "coordinates": [-79.6693746, 43.7638124]}}, {"type": "Feature", "properties": {"id": 557677881, "name": "Pioneer", "brand": "Pioneer", "opening_hours": null}, "geometry": {"type": "Point", "coordinates": [-82.9419838, 42.2956424]}}, {"type": "Feature", "properties": {"id": 566237532, "name": "Ultramar", "brand": "Ultramar", "opening_hours": null}, "geometry": {"type": "Point", "coordinates": [-75.9236035, 45.2762451]}}, {"type": "Feature", "properties": {"id": 581020932, "name": "Pioneer", "brand": "Pioneer", "opening_hours": null}, "geometry": {"type": "Point", "coordinates": [-74.7512032, 45.0299304]}}, {"type": "Feature", "properties": {"id": 581023655, "name": "Shell", "brand": "Shell", "opening_hours": null}, "geometry": {"type": "Point", "coordinates": [-74.7526405, 45.0276986]}}, {"type": "Feature", "properties": {"id": 583075389, "name": "Shell", "brand": "Shell", "opening_hours": null}, "geometry": {"type": "Point", "coordinates": [-75.6434383, 45.3534885]}}, {"type": "Feature", "properties": {"id": 597844438, "name": "Ultramar", "brand": "Ultramar", "opening_hours": null}, "geometry": {"type": "Point", "coordinates": [-75.5272005, 45.4470575]}}, {"type": "Feature", "properties": {"id": 601845356, "name": "Petro-Canada", "brand": "Petro-Canada", "opening_hours": null}, "geometry": {"type": "Point", "coordinates": [-74.7593946, 45.0306235]}}, {"type": "Feature", "properties": {"id": 608164120, "name": "Pipeline Commercial", "brand": "Ultramar", "opening_hours": null}, "geometry": {"type": "Point", "coordinates": [-75.6008537, 45.3830505]}}, {"type": "Feature", "properties": {"id": 612045768, "name": "Esso", "brand": "Esso", "opening_hours": null}, "geometry": {"type": "Point", "coordinates": [-79.5460651, 43.6967438]}}, {"type": "Feature", "properties": {"id": 620128128, "name": "Buchanan's Hardware", "brand": null, "opening_hours": null}, "geometry": {"type": "Point", "coordinates": [-79.9804699, 45.9174541]}}, {"type": "Feature", "properties": {"id": 626518008, "name": "Esso", "brand": "Esso", "opening_hours": null}, "geometry": {"type": "Point", "coordinates": [-78.2760485, 44.2951069]}}, {"type": "Feature", "properties": {"id": 627251033, "name": "Husky", "brand": "Husky", "opening_hours": null}, "geometry": {"type": "Point", "coordinates": [-79.7748198, 43.6275123]}}, {"type": "Feature", "properties": {"id": 636550281, "name": "Esso", "brand": "Esso", "opening_hours": null}, "geometry": {"type": "Point", "coordinates": [-75.3836713, 44.7878758]}}, {"type": "Feature", "properties": {"id": 653004544, "name": "Esso", "brand": "Esso", "opening_hours": null}, "geometry": {"type": "Point", "coordinates": [-79.6295888, 42.9070162]}}, {"type": "Feature", "properties": {"id": 655406698, "name": "Naahii Gas Station", "brand": null, "opening_hours": null}, "geometry": {"type": "Point", "coordinates": [-81.8659477, 42.5776926]}}, {"type": "Feature", "properties": {"id": 655464363, "name": "Kelsey's Marina LTD", "brand": null, "opening_hours": null}, "geometry": {"type": "Point", "coordinates": [-76.0009098, 44.5729047]}}, {"type": "Feature", "properties": {"id": 656736831, "name": "Free Flow Petroleum", "brand": null, "opening_hours": null}, "geometry": {"type": "Point", "coordinates": [-76.3290762, 44.2891522]}}, {"type": "Feature", "properties": {"id": 656736854, "name": "Esso", "brand": "Esso", "opening_hours": null}, "geometry": {"type": "Point", "coordinates": [-76.336194, 44.321497]}}, {"type": "Feature", "properties": {"id": 658595381, "name": "Country Depot", "brand": null, "opening_hours": null}, "geometry": {"type": "Point", "coordinates": [-82.9190057, 42.0390091]}}, {"type": "Feature", "properties": {"id": 659249236, "name": "Petro-Canada", "brand": "Petro-Canada", "opening_hours": null}, "geometry": {"type": "Point", "coordinates": [-79.2672245, 43.871049]}}, {"type": "Feature", "properties": {"id": 659968441, "name": "Costco Gasoline", "brand": "Costco", "opening_hours": "Mo-Fr 06:30-21:30; Sa 06:30-19:00; Su 06:30-18:00"}, "geometry": {"type": "Point", "coordinates": [-79.5418376, 43.7866221]}}, {"type": "Feature", "properties": {"id": 661314385, "name": "City Gas Bar", "brand": null, "opening_hours": null}, "geometry": {"type": "Point", "coordinates": [-79.734339, 43.6951835]}}, {"type": "Feature", "properties": {"id": 661538398, "name": "Fill Up Fuels", "brand": null, "opening_hours": null}, "geometry": {"type": "Point", "coordinates": [-78.8907865, 44.1815895]}}, {"type": "Feature", "properties": {"id": 662143572, "name": "Shell", "brand": "Shell", "opening_hours": null}, "geometry": {"type": "Point", "coordinates": [-79.3016675, 43.765626]}}, {"type": "Feature", "properties": {"id": 662356977, "name": "Esso", "brand": "Esso", "opening_hours": null}, "geometry": {"type": "Point", "coordinates": [-80.451995, 42.780939]}}, {"type": "Feature", "properties": {"id": 663818673, "name": "Petro-Canada", "brand": "Petro-Canada", "opening_hours": null}, "geometry": {"type": "Point", "coordinates": [-79.2516164, 42.9838385]}}, {"type": "Feature", "properties": {"id": 667509657, "name": "Ultramar", "brand": "Ultramar", "opening_hours": null}, "geometry": {"type": "Point", "coordinates": [-75.5967436, 45.3746355]}}, {"type": "Feature", "properties": {"id": 672994885, "name": "Petro-Canada", "brand": "Petro-Canada", "opening_hours": null}, "geometry": {"type": "Point", "coordinates": [-75.588334, 45.449428]}}, {"type": "Feature", "properties": {"id": 672994888, "name": "Petro-Canada", "brand": "Petro-Canada", "opening_hours": null}, "geometry": {"type": "Point", "coordinates": [-75.4436221, 45.3449243]}}, {"type": "Feature", "properties": {"id": 672994897, "name": "Petro-Canada", "brand": "Petro-Canada", "opening_hours": null}, "geometry": {"type": "Point", "coordinates": [-75.8087473, 45.3537542]}}, {"type": "Feature", "properties": {"id": 672994906, "name": "Petro-Canada", "brand": "Petro-Canada", "opening_hours": "24/7"}, "geometry": {"type": "Point", "coordinates": [-75.596448, 45.4193583]}}, {"type": "Feature", "properties": {"id": 672998177, "name": "MacEwen", "brand": "MacEwen", "opening_hours": null}, "geometry": {"type": "Point", "coordinates": [-75.8354766, 45.3521361]}}, {"type": "Feature", "properties": {"id": 674537536, "name": "Petro-Canada", "brand": "Petro-Canada", "opening_hours": "24/7"}, "geometry": {"type": "Point", "coordinates": [-75.685305, 45.428631]}}, {"type": "Feature", "properties": {"id": 676094300, "name": "Petro-Canada", "brand": "Petro-Canada", "opening_hours": null}, "geometry": {"type": "Point", "coordinates": [-79.4047436, 45.6084552]}}, {"type": "Feature", "properties": {"id": 681881025, "name": null, "brand": null, "opening_hours": null}, "geometry": {"type": "Point", "coordinates": [-78.8581133, 44.6138947]}}, {"type": "Feature", "properties": {"id": 684253632, "name": "Esso", "brand": "Esso", "opening_hours": null}, "geometry": {"type": "Point", "coordinates": [-75.5403841, 45.4635559]}}, {"type": "Feature", "properties": {"id": 687909200, "name": "Frew Energy", "brand": "Petro-Canada", "opening_hours": null}, "geometry": {"type": "Point", "coordinates": [-80.0614308, 42.9551255]}}, {"type": "Feature", "properties": {"id": 692672416, "name": "Shell", "brand": "Shell", "opening_hours": "Mo-Fr 06:00-23:00; Sa 07:00-23:00; Su 07:00-22:00"}, "geometry": {"type": "Point", "coordinates": [-79.2412317, 43.1801703]}}, {"type": "Feature", "properties": {"id": 693068369, "name": "Petro-Canada", "brand": "Petro-Canada", "opening_hours": null}, "geometry": {"type": "Point", "coordinates": [-79.2300455, 43.1750059]}}, {"type": "Feature", "properties": {"id": 693129260, "name": "Petro-Canada", "brand": "Petro-Canada", "opening_hours": null}, "geometry": {"type": "Point", "coordinates": [-79.6893716, 44.4108908]}}, {"type": "Feature", "properties": {"id": 693361672, "name": "Pioneer", "brand": "Pioneer", "opening_hours": null}, "geometry": {"type": "Point", "coordinates": [-79.219808, 43.1732535]}}, {"type": "Feature", "properties": {"id": 693615522, "name": "7-Eleven", "brand": "7-Eleven", "opening_hours": null}, "geometry": {"type": "Point", "coordinates": [-79.2140917, 43.1515653]}}, {"type": "Feature", "properties": {"id": 693642094, "name": "Econo", "brand": null, "opening_hours": null}, "geometry": {"type": "Point", "coordinates": [-79.2327789, 43.1635919]}}, {"type": "Feature", "properties": {"id": 697503929, "name": "Ultramar", "brand": "Ultramar", "opening_hours": null}, "geometry": {"type": "Point", "coordinates": [-79.4411869, 43.6929902]}}, {"type": "Feature", "properties": {"id": 697506143, "name": "Centex", "brand": "Centex", "opening_hours": null}, "geometry": {"type": "Point", "coordinates": [-79.4258758, 43.6883918]}}, {"type": "Feature", "properties": {"id": 698076941, "name": "KC's Korner Store", "brand": null, "opening_hours": null}, "geometry": {"type": "Point", "coordinates": [-81.4670634, 42.8434821]}}, {"type": "Feature", "properties": {"id": 699155961, "name": "Mac's", "brand": "Mac's", "opening_hours": null}, "geometry": {"type": "Point", "coordinates": [-81.2964229, 48.4752438]}}, {"type": "Feature", "properties": {"id": 699734961, "name": "Petro-Canada", "brand": "Petro-Canada", "opening_hours": null}, "geometry": {"type": "Point", "coordinates": [-79.6763739, 44.0053984]}}, {"type": "Feature", "properties": {"id": 706236188, "name": "Pioneer", "brand": "Pioneer", "opening_hours": null}, "geometry": {"type": "Point", "coordinates": [-79.2568332, 43.9119989]}}, {"type": "Feature", "properties": {"id": 714944937, "name": "Shell", "brand": "Shell", "opening_hours": null}, "geometry": {"type": "Point", "coordinates": [-83.0108813, 42.2689346]}}, {"type": "Feature", "properties": {"id": 719496245, "name": "Canadian Tire Gas+", "brand": "Canadian Tire", "opening_hours": null}, "geometry": {"type": "Point", "coordinates": [-80.2394136, 43.5150283]}}, {"type": "Feature", "properties": {"id": 720713022, "name": null, "brand": null, "opening_hours": null}, "geometry": {"type": "Point", "coordinates": [-80.5228134, 43.4819555]}}, {"type": "Feature", "properties": {"id": 730447479, "name": "Grundy Lake Supply Depot", "brand": null, "opening_hours": null}, "geometry": {"type": "Point", "coordinates": [-80.5590627, 45.912103]}}, {"type": "Feature", "properties": {"id": 743745734, "name": "Francis Fuels", "brand": null, "opening_hours": null}, "geometry": {"type": "Point", "coordinates": [-76.1857004, 45.2336515]}}, {"type": "Feature", "properties": {"id": 746367959, "name": "Costco Gasoline", "brand": "Costco", "opening_hours": "Mo-Fr 06:00-21:30; Sa 06:00-20:30; Su 06:00-19:30"}, "geometry": {"type": "Point", "coordinates": [-81.2931614, 42.9887304]}}, {"type": "Feature", "properties": {"id": 746480504, "name": "Shell", "brand": "Shell", "opening_hours": null}, "geometry": {"type": "Point", "coordinates": [-81.3207872, 42.975243]}}, {"type": "Feature", "properties": {"id": 751152597, "name": "Shell", "brand": "Shell", "opening_hours": null}, "geometry": {"type": "Point", "coordinates": [-82.4044066, 42.9610767]}}, {"type": "Feature", "properties": {"id": 751180666, "name": "Petro-Canada", "brand": "Petro-Canada", "opening_hours": null}, "geometry": {"type": "Point", "coordinates": [-83.0192007, 42.2856017]}}, {"type": "Feature", "properties": {"id": 751429878, "name": "pioneer", "brand": "Pioneer", "opening_hours": null}, "geometry": {"type": "Point", "coordinates": [-82.9172395, 42.3136786]}}, {"type": "Feature", "properties": {"id": 755474913, "name": "W.O. Stinson & Son", "brand": "Stinson", "opening_hours": "24/7"}, "geometry": {"type": "Point", "coordinates": [-76.965468, 44.267663]}}, {"type": "Feature", "properties": {"id": 770879746, "name": "Ultramar", "brand": "Ultramar", "opening_hours": null}, "geometry": {"type": "Point", "coordinates": [-79.6573446, 43.6632525]}}, {"type": "Feature", "properties": {"id": 771449048, "name": null, "brand": null, "opening_hours": null}, "geometry": {"type": "Point", "coordinates": [-86.2703872, 48.6416888]}}, {"type": "Feature", "properties": {"id": 781339253, "name": "MacEwen", "brand": "MacEwen", "opening_hours": null}, "geometry": {"type": "Point", "coordinates": [-74.7711072, 45.0621237]}}, {"type": "Feature", "properties": {"id": 783669668, "name": "Pioneer", "brand": "Pioneer", "opening_hours": null}, "geometry": {"type": "Point", "coordinates": [-82.9959847, 42.2426853]}}, {"type": "Feature", "properties": {"id": 784100742, "name": null, "brand": null, "opening_hours": null}, "geometry": {"type": "Point", "coordinates": [-79.0739572, 43.1036707]}}, {"type": "Feature", "properties": {"id": 788728952, "name": "Pioneer", "brand": "Pioneer", "opening_hours": null}, "geometry": {"type": "Point", "coordinates": [-82.9488857, 42.3064682]}}, {"type": "Feature", "properties": {"id": 790820282, "name": "Esso", "brand": "Esso", "opening_hours": null}, "geometry": {"type": "Point", "coordinates": [-83.0323277, 42.3097731]}}, {"type": "Feature", "properties": {"id": 802118404, "name": "Esso", "brand": "Esso", "opening_hours": "PH,Mo-Su 00:00-23:59"}, "geometry": {"type": "Point", "coordinates": [-80.2416999, 43.5248998]}}, {"type": "Feature", "properties": {"id": 804469629, "name": "Esso", "brand": "Esso", "opening_hours": null}, "geometry": {"type": "Point", "coordinates": [-79.691658, 44.3722129]}}, {"type": "Feature", "properties": {"id": 828253974, "name": null, "brand": null, "opening_hours": null}, "geometry": {"type": "Point", "coordinates": [-80.7589033, 43.1614472]}}, {"type": "Feature", "properties": {"id": 828852492, "name": null, "brand": null, "opening_hours": null}, "geometry": {"type": "Point", "coordinates": [-80.7511767, 43.1438582]}}, {"type": "Feature", "properties": {"id": 829472175, "name": null, "brand": null, "opening_hours": null}, "geometry": {"type": "Point", "coordinates": [-80.7691325, 43.1281488]}}, {"type": "Feature", "properties": {"id": 829472233, "name": null, "brand": null, "opening_hours": null}, "geometry": {"type": "Point", "coordinates": [-80.7695243, 43.1285883]}}, {"type": "Feature", "properties": {"id": 837171019, "name": "shell", "brand": "Shell", "opening_hours": null}, "geometry": {"type": "Point", "coordinates": [-79.8894806, 43.2578775]}}, {"type": "Feature", "properties": {"id": 844827919, "name": "Petro-Canada", "brand": "Petro-Canada", "opening_hours": null}, "geometry": {"type": "Point", "coordinates": [-77.5806027, 44.1288936]}}, {"type": "Feature", "properties": {"id": 846813492, "name": null, "brand": null, "opening_hours": null}, "geometry": {"type": "Point", "coordinates": [-77.8739379, 45.0519029]}}, {"type": "Feature", "properties": {"id": 849595684, "name": "Esso", "brand": "Esso", "opening_hours": "24/7"}, "geometry": {"type": "Point", "coordinates": [-79.488511, 43.8616473]}}, {"type": "Feature", "properties": {"id": 889079637, "name": "Esso", "brand": "Esso", "opening_hours": null}, "geometry": {"type": "Point", "coordinates": [-84.6646839, 46.964214]}}, {"type": "Feature", "properties": {"id": 902006059, "name": "Petro-Canada", "brand": "Petro-Canada", "opening_hours": null}, "geometry": {"type": "Point", "coordinates": [-79.7659793, 43.1988379]}}, {"type": "Feature", "properties": {"id": 907169256, "name": "Esso", "brand": "Esso", "opening_hours": "24/7"}, "geometry": {"type": "Point", "coordinates": [-79.154602, 43.155683]}}, {"type": "Feature", "properties": {"id": 968257765, "name": null, "brand": null, "opening_hours": null}, "geometry": {"type": "Point", "coordinates": [-80.7778885, 43.1207324]}}, {"type": "Feature", "properties": {"id": 979721022, "name": "Canadian Tire", "brand": "Canadian Tire", "opening_hours": "05:30-23:00"}, "geometry": {"type": "Point", "coordinates": [-80.3688628, 43.6965161]}}, {"type": "Feature", "properties": {"id": 984089375, "name": "Shell", "brand": "Shell", "opening_hours": null}, "geometry": {"type": "Point", "coordinates": [-78.8049424, 43.8910865]}}, {"type": "Feature", "properties": {"id": 987727332, "name": "Wolf Energy", "brand": null, "opening_hours": "24/7"}, "geometry": {"type": "Point", "coordinates": [-79.7699411, 45.0353703]}}, {"type": "Feature", "properties": {"id": 989758374, "name": null, "brand": null, "opening_hours": null}, "geometry": {"type": "Point", "coordinates": [-80.0788146, 44.3373522]}}, {"type": "Feature", "properties": {"id": 995767869, "name": "Canco", "brand": null, "opening_hours": "Su-Sa 09:00-21:00"}, "geometry": {"type": "Point", "coordinates": [-84.7798399, 47.9834438]}}, {"type": "Feature", "properties": {"id": 995767870, "name": null, "brand": null, "opening_hours": null}, "geometry": {"type": "Point", "coordinates": [-84.7800093, 47.9834405]}}, {"type": "Feature", "properties": {"id": 1003298201, "name": "Circle K", "brand": "Circle K", "opening_hours": null}, "geometry": {"type": "Point", "coordinates": [-82.6015701, 42.0336956]}}, {"type": "Feature", "properties": {"id": 1004818384, "name": "Petro-Canada", "brand": "Petro-Canada", "opening_hours": null}, "geometry": {"type": "Point", "coordinates": [-84.7777842, 47.9874617]}}, {"type": "Feature", "properties": {"id": 1004819898, "name": "Esso", "brand": "Esso", "opening_hours": null}, "geometry": {"type": "Point", "coordinates": [-84.780023, 47.9845552]}}, {"type": "Feature", "properties": {"id": 1008737062, "name": "Esso", "brand": "Esso", "opening_hours": null}, "geometry": {"type": "Point", "coordinates": [-84.79231, 47.9646145]}}, {"type": "Feature", "properties": {"id": 1014501726, "name": null, "brand": null, "opening_hours": null}, "geometry": {"type": "Point", "coordinates": [-79.7843959, 43.6204343]}}, {"type": "Feature", "properties": {"id": 1034028779, "name": "Centex", "brand": "Centex", "opening_hours": "Mo-Su 05:30-23:00"}, "geometry": {"type": "Point", "coordinates": [-80.3758976, 43.7023101]}}, {"type": "Feature", "properties": {"id": 1035934871, "name": null, "brand": null, "opening_hours": null}, "geometry": {"type": "Point", "coordinates": [-79.6853847, 47.3947165]}}, {"type": "Feature", "properties": {"id": 1036401742, "name": "Pioneer", "brand": "Pioneer", "opening_hours": null}, "geometry": {"type": "Point", "coordinates": [-76.5749557, 44.2677995]}}, {"type": "Feature", "properties": {"id": 1040900840, "name": "MacEwen Collingwood", "brand": "MacEwen", "opening_hours": null}, "geometry": {"type": "Point", "coordinates": [-80.2131697, 44.4792212]}}, {"type": "Feature", "properties": {"id": 1067257923, "name": "Tuggy's Gas and Variety", "brand": null, "opening_hours": null}, "geometry": {"type": "Point", "coordinates": [-81.2726414, 44.5189837]}}, {"type": "Feature", "properties": {"id": 1080354585, "name": "Petro-Canada", "brand": "Petro-Canada", "opening_hours": null}, "geometry": {"type": "Point", "coordinates": [-80.8775283, 43.0159621]}}, {"type": "Feature", "properties": {"id": 1087942861, "name": "Shell", "brand": "Shell", "opening_hours": null}, "geometry": {"type": "Point", "coordinates": [-79.7047742, 43.5390867]}}, {"type": "Feature", "properties": {"id": 1087948909, "name": "Shell", "brand": "Shell", "opening_hours": "24/7"}, "geometry": {"type": "Point", "coordinates": [-79.688086, 43.5175069]}}, {"type": "Feature", "properties": {"id": 1087990497, "name": "Shell", "brand": "Shell", "opening_hours": null}, "geometry": {"type": "Point", "coordinates": [-79.7850071, 43.5973766]}}, {"type": "Feature", "properties": {"id": 1093591470, "name": "Esso", "brand": "Esso", "opening_hours": null}, "geometry": {"type": "Point", "coordinates": [-79.5638499, 43.1953499]}}, {"type": "Feature", "properties": {"id": 1095763803, "name": "Shell", "brand": "Shell", "opening_hours": "Mo 00:00-23:59; Tu 00:00-23:59; We 00:00-23:59; Th 00:00-23:59; Fr 00:00-23:59; Sa 00:00-23:59; Su 00:00-23:59"}, "geometry": {"type": "Point", "coordinates": [-79.6885278, 44.3349973]}}, {"type": "Feature", "properties": {"id": 1099955442, "name": "M Fuels", "brand": "M Fuels", "opening_hours": null}, "geometry": {"type": "Point", "coordinates": [-79.5621105, 43.1804359]}}, {"type": "Feature", "properties": {"id": 1104068491, "name": "Petro Canada", "brand": "Petro-Canada", "opening_hours": null}, "geometry": {"type": "Point", "coordinates": [-79.5977249, 43.2054495]}}, {"type": "Feature", "properties": {"id": 1105486662, "name": "Chapman's Gas Bar", "brand": null, "opening_hours": null}, "geometry": {"type": "Point", "coordinates": [-89.2791042, 48.3562827]}}, {"type": "Feature", "properties": {"id": 1110457595, "name": "Ultramar", "brand": "Ultramar", "opening_hours": null}, "geometry": {"type": "Point", "coordinates": [-79.9391468, 43.2522998]}}, {"type": "Feature", "properties": {"id": 1116532296, "name": null, "brand": null, "opening_hours": null}, "geometry": {"type": "Point", "coordinates": [-82.996201, 42.2426495]}}, {"type": "Feature", "properties": {"id": 1120420165, "name": "Circle K", "brand": "Circle K", "opening_hours": null}, "geometry": {"type": "Point", "coordinates": [-80.4417368, 43.4710206]}}, {"type": "Feature", "properties": {"id": 1132034387, "name": "Petro-Canada", "brand": "Petro-Canada", "opening_hours": null}, "geometry": {"type": "Point", "coordinates": [-79.7322588, 43.5352766]}}, {"type": "Feature", "properties": {"id": 1137983896, "name": "Esso", "brand": "Esso", "opening_hours": null}, "geometry": {"type": "Point", "coordinates": [-79.8389114, 43.1886857]}}, {"type": "Feature", "properties": {"id": 1148038457, "name": "Mobil", "brand": "Mobil", "opening_hours": null}, "geometry": {"type": "Point", "coordinates": [-77.4044393, 44.169632]}}, {"type": "Feature", "properties": {"id": 1154636169, "name": "Costco Gasoline", "brand": "Costco", "opening_hours": null}, "geometry": {"type": "Point", "coordinates": [-81.2143536, 42.9145396]}}, {"type": "Feature", "properties": {"id": 1169016875, "name": "Pioneer", "brand": "Pioneer", "opening_hours": null}, "geometry": {"type": "Point", "coordinates": [-80.4974072, 43.4019133]}}, {"type": "Feature", "properties": {"id": 1169019239, "name": "Pioneer", "brand": "Pioneer", "opening_hours": null}, "geometry": {"type": "Point", "coordinates": [-80.4069578, 43.1071655]}}, {"type": "Feature", "properties": {"id": 1170366952, "name": "MacEwen", "brand": "MacEwen", "opening_hours": "24/7"}, "geometry": {"type": "Point", "coordinates": [-81.6302614, 42.9796593]}}, {"type": "Feature", "properties": {"id": 1188939734, "name": "Petro-Canada", "brand": "Petro-Canada", "opening_hours": null}, "geometry": {"type": "Point", "coordinates": [-79.8177535, 43.6591195]}}, {"type": "Feature", "properties": {"id": 1193315649, "name": "Shell", "brand": "Shell", "opening_hours": null}, "geometry": {"type": "Point", "coordinates": [-80.9824329, 42.7810724]}}, {"type": "Feature", "properties": {"id": 1199229066, "name": "Shell", "brand": "Shell", "opening_hours": null}, "geometry": {"type": "Point", "coordinates": [-80.0384746, 44.1693099]}}, {"type": "Feature", "properties": {"id": 1202912135, "name": "Pioneer", "brand": "Pioneer", "opening_hours": null}, "geometry": {"type": "Point", "coordinates": [-81.111434, 42.9728085]}}, {"type": "Feature", "properties": {"id": 1202912136, "name": null, "brand": null, "opening_hours": null}, "geometry": {"type": "Point", "coordinates": [-81.1111272, 42.9726984]}}, {"type": "Feature", "properties": {"id": 1206968522, "name": "Pioneer", "brand": "Pioneer", "opening_hours": null}, "geometry": {"type": "Point", "coordinates": [-79.6233051, 43.7768039]}}, {"type": "Feature", "properties": {"id": 1222390148, "name": "Shell", "brand": "Shell", "opening_hours": null}, "geometry": {"type": "Point", "coordinates": [-82.1232539, 42.8808405]}}, {"type": "Feature", "properties": {"id": 1228734098, "name": "Esso", "brand": "Esso", "opening_hours": null}, "geometry": {"type": "Point", "coordinates": [-79.4345101, 44.0742029]}}, {"type": "Feature", "properties": {"id": 1228884022, "name": "Ultramar", "brand": "Ultramar", "opening_hours": null}, "geometry": {"type": "Point", "coordinates": [-79.4447962, 44.1183009]}}, {"type": "Feature", "properties": {"id": 1228889602, "name": "Petro-Canada", "brand": "Petro-Canada", "opening_hours": null}, "geometry": {"type": "Point", "coordinates": [-79.4635265, 44.1939552]}}, {"type": "Feature", "properties": {"id": 1230380558, "name": "Ultramar", "brand": "Ultramar", "opening_hours": null}, "geometry": {"type": "Point", "coordinates": [-79.6528131, 43.7729396]}}, {"type": "Feature", "properties": {"id": 1230380570, "name": "Petro-Canada", "brand": "Petro-Canada", "opening_hours": null}, "geometry": {"type": "Point", "coordinates": [-79.6554979, 43.7778451]}}, {"type": "Feature", "properties": {"id": 1230633258, "name": "Pioneer", "brand": "Pioneer", "opening_hours": null}, "geometry": {"type": "Point", "coordinates": [-79.6615828, 43.7913733]}}, {"type": "Feature", "properties": {"id": 1230916389, "name": "Esso", "brand": "Esso", "opening_hours": null}, "geometry": {"type": "Point", "coordinates": [-79.6880073, 43.8363198]}}, {"type": "Feature", "properties": {"id": 1231145732, "name": "Shell", "brand": "Shell", "opening_hours": null}, "geometry": {"type": "Point", "coordinates": [-79.7922158, 43.7091827]}}, {"type": "Feature", "properties": {"id": 1234923699, "name": null, "brand": null, "opening_hours": null}, "geometry": {"type": "Point", "coordinates": [-79.8190351, 43.182373]}}, {"type": "Feature", "properties": {"id": 1239734769, "name": "Esso", "brand": "Esso", "opening_hours": null}, "geometry": {"type": "Point", "coordinates": [-79.8844611, 47.8259187]}}, {"type": "Feature", "properties": {"id": 1241531433, "name": "Pioneer", "brand": "Pioneer", "opening_hours": null}, "geometry": {"type": "Point", "coordinates": [-82.2141815, 42.4269331]}}, {"type": "Feature", "properties": {"id": 1243592750, "name": "Mobil", "brand": "Mobil", "opening_hours": null}, "geometry": {"type": "Point", "coordinates": [-82.2167312, 42.3802818]}}, {"type": "Feature", "properties": {"id": 1246062982, "name": null, "brand": null, "opening_hours": null}, "geometry": {"type": "Point", "coordinates": [-79.7458154, 43.6854977]}}, {"type": "Feature", "properties": {"id": 1246063553, "name": null, "brand": null, "opening_hours": null}, "geometry": {"type": "Point", "coordinates": [-79.6812566, 43.6694598]}}, {"type": "Feature", "properties": {"id": 1246063851, "name": "Esso", "brand": "Esso", "opening_hours": null}, "geometry": {"type": "Point", "coordinates": [-79.581804, 43.7164548]}}, {"type": "Feature", "properties": {"id": 1246065146, "name": null, "brand": null, "opening_hours": null}, "geometry": {"type": "Point", "coordinates": [-76.6870524, 45.4746654]}}, {"type": "Feature", "properties": {"id": 1246068356, "name": null, "brand": null, "opening_hours": null}, "geometry": {"type": "Point", "coordinates": [-80.2735182, 43.134294]}}, {"type": "Feature", "properties": {"id": 1246070512, "name": null, "brand": null, "opening_hours": null}, "geometry": {"type": "Point", "coordinates": [-75.3184084, 44.8502487]}}, {"type": "Feature", "properties": {"id": 1246081339, "name": null, "brand": null, "opening_hours": null}, "geometry": {"type": "Point", "coordinates": [-83.0494508, 42.3150209]}}, {"type": "Feature", "properties": {"id": 1246084638, "name": null, "brand": null, "opening_hours": null}, "geometry": {"type": "Point", "coordinates": [-74.7891638, 45.0325132]}}, {"type": "Feature", "properties": {"id": 1246084986, "name": null, "brand": null, "opening_hours": null}, "geometry": {"type": "Point", "coordinates": [-77.4212827, 44.1817357]}}, {"type": "Feature", "properties": {"id": 1246086643, "name": null, "brand": null, "opening_hours": null}, "geometry": {"type": "Point", "coordinates": [-77.0923282, 44.1914825]}}, {"type": "Feature", "properties": {"id": 1246117808, "name": null, "brand": null, "opening_hours": null}, "geometry": {"type": "Point", "coordinates": [-79.7611123, 43.7750707]}}, {"type": "Feature", "properties": {"id": 1246124482, "name": "Esso", "brand": "Esso", "opening_hours": null}, "geometry": {"type": "Point", "coordinates": [-79.2771621, 43.0034219]}}, {"type": "Feature", "properties": {"id": 1246129887, "name": null, "brand": null, "opening_hours": null}, "geometry": {"type": "Point", "coordinates": [-83.0342206, 42.3091557]}}, {"type": "Feature", "properties": {"id": 1249119913, "name": null, "brand": null, "opening_hours": null}, "geometry": {"type": "Point", "coordinates": [-79.3421055, 43.6554379]}}, {"type": "Feature", "properties": {"id": 1273412390, "name": "Canadian Tire", "brand": "Canadian Tire", "opening_hours": null}, "geometry": {"type": "Point", "coordinates": [-81.338621, 48.4774166]}}, {"type": "Feature", "properties": {"id": 1273572946, "name": null, "brand": null, "opening_hours": null}, "geometry": {"type": "Point", "coordinates": [-88.254238, 48.9467786]}}, {"type": "Feature", "properties": {"id": 1276234357, "name": null, "brand": "Esso", "opening_hours": null}, "geometry": {"type": "Point", "coordinates": [-81.3156134, 43.8802168]}}, {"type": "Feature", "properties": {"id": 1276234360, "name": "Husky", "brand": "Husky", "opening_hours": null}, "geometry": {"type": "Point", "coordinates": [-81.315549, 43.8803652]}}, {"type": "Feature", "properties": {"id": 1276241033, "name": null, "brand": null, "opening_hours": null}, "geometry": {"type": "Point", "coordinates": [-75.401494, 44.8094148]}}, {"type": "Feature", "properties": {"id": 1276245385, "name": "Esso Cardlock", "brand": "Esso", "opening_hours": null}, "geometry": {"type": "Point", "coordinates": [-79.4671556, 46.3573432]}}, {"type": "Feature", "properties": {"id": 1280386622, "name": "Shell", "brand": "Shell", "opening_hours": null}, "geometry": {"type": "Point", "coordinates": [-79.6768461, 44.4161209]}}, {"type": "Feature", "properties": {"id": 1304687218, "name": "Shell", "brand": "Shell", "opening_hours": "24/7"}, "geometry": {"type": "Point", "coordinates": [-79.4201858, 43.6867931]}}, {"type": "Feature", "properties": {"id": 1306068342, "name": "Petro-Canada", "brand": "Petro-Canada", "opening_hours": null}, "geometry": {"type": "Point", "coordinates": [-82.7232364, 42.2925817]}}, {"type": "Feature", "properties": {"id": 1309981414, "name": "Ultramar Energy", "brand": "Ultramar", "opening_hours": null}, "geometry": {"type": "Point", "coordinates": [-81.1454027, 43.0008636]}}, {"type": "Feature", "properties": {"id": 1316360909, "name": "Esso", "brand": "Esso", "opening_hours": null}, "geometry": {"type": "Point", "coordinates": [-79.7084337, 44.0046796]}}, {"type": "Feature", "properties": {"id": 1330097176, "name": "Esso", "brand": "Esso", "opening_hours": null}, "geometry": {"type": "Point", "coordinates": [-81.2542176, 43.0346435]}}, {"type": "Feature", "properties": {"id": 1334634313, "name": "Shell", "brand": "Shell", "opening_hours": null}, "geometry": {"type": "Point", "coordinates": [-79.2308419, 43.8613765]}}, {"type": "Feature", "properties": {"id": 1335804587, "name": "Mobil", "brand": "Mobil", "opening_hours": null}, "geometry": {"type": "Point", "coordinates": [-89.2556191, 48.4531134]}}, {"type": "Feature", "properties": {"id": 1346114421, "name": "Petro-Canada", "brand": "Petro-Canada", "opening_hours": null}, "geometry": {"type": "Point", "coordinates": [-81.315246, 42.9248919]}}, {"type": "Feature", "properties": {"id": 1346919102, "name": "Shell", "brand": "Shell", "opening_hours": null}, "geometry": {"type": "Point", "coordinates": [-75.914332, 45.281091]}}, {"type": "Feature", "properties": {"id": 1347437756, "name": "Esso", "brand": "Esso", "opening_hours": null}, "geometry": {"type": "Point", "coordinates": [-81.6909756, 43.5544326]}}, {"type": "Feature", "properties": {"id": 1347849767, "name": "Esso", "brand": "Esso", "opening_hours": null}, "geometry": {"type": "Point", "coordinates": [-81.5395767, 43.6195944]}}, {"type": "Feature", "properties": {"id": 1350375101, "name": "Petrol King", "brand": null, "opening_hours": null}, "geometry": {"type": "Point", "coordinates": [-80.3162429, 43.4289105]}}, {"type": "Feature", "properties": {"id": 1360150964, "name": "Petro-Canada", "brand": "Petro-Canada", "opening_hours": null}, "geometry": {"type": "Point", "coordinates": [-81.3175394, 43.8811713]}}, {"type": "Feature", "properties": {"id": 1364136084, "name": "Costco Gasoline", "brand": "Costco", "opening_hours": null}, "geometry": {"type": "Point", "coordinates": [-80.9478278, 46.5031889]}}, {"type": "Feature", "properties": {"id": 1365334059, "name": "MacEwen", "brand": "MacEwen", "opening_hours": null}, "geometry": {"type": "Point", "coordinates": [-80.7417143, 43.9858603]}}, {"type": "Feature", "properties": {"id": 1365490628, "name": null, "brand": null, "opening_hours": null}, "geometry": {"type": "Point", "coordinates": [-93.3235136, 48.6516903]}}, {"type": "Feature", "properties": {"id": 1382602623, "name": null, "brand": null, "opening_hours": null}, "geometry": {"type": "Point", "coordinates": [-80.2801863, 43.4954055]}}, {"type": "Feature", "properties": {"id": 1385650747, "name": "Canadian Tire", "brand": "Canadian Tire", "opening_hours": null}, "geometry": {"type": "Point", "coordinates": [-77.5553236, 44.1045517]}}, {"type": "Feature", "properties": {"id": 1393722102, "name": "Petro-Canada", "brand": "Petro-Canada", "opening_hours": null}, "geometry": {"type": "Point", "coordinates": [-79.7369729, 43.810242]}}, {"type": "Feature", "properties": {"id": 1393946545, "name": null, "brand": null, "opening_hours": null}, "geometry": {"type": "Point", "coordinates": [-94.4878428, 49.7672991]}}, {"type": "Feature", "properties": {"id": 1408463302, "name": "Esso", "brand": "Esso", "opening_hours": null}, "geometry": {"type": "Point", "coordinates": [-81.6097634, 42.6064198]}}, {"type": "Feature", "properties": {"id": 1416815786, "name": "Esso", "brand": "Esso", "opening_hours": null}, "geometry": {"type": "Point", "coordinates": [-82.932141, 42.3136504]}}, {"type": "Feature", "properties": {"id": 1416815789, "name": "Canadian Tire", "brand": "Canadian Tire", "opening_hours": null}, "geometry": {"type": "Point", "coordinates": [-82.9293967, 42.313732]}}, {"type": "Feature", "properties": {"id": 1420090467, "name": null, "brand": null, "opening_hours": null}, "geometry": {"type": "Point", "coordinates": [-78.8012974, 44.6631279]}}, {"type": "Feature", "properties": {"id": 1420198380, "name": null, "brand": null, "opening_hours": null}, "geometry": {"type": "Point", "coordinates": [-80.2235694, 43.5780911]}}, {"type": "Feature", "properties": {"id": 1421597499, "name": "Pioneer", "brand": "Pioneer", "opening_hours": null}, "geometry": {"type": "Point", "coordinates": [-82.9913371, 42.2984184]}}, {"type": "Feature", "properties": {"id": 1421667458, "name": "Petro-Canada", "brand": "Petro-Canada", "opening_hours": null}, "geometry": {"type": "Point", "coordinates": [-81.8452763, 42.6156486]}}, {"type": "Feature", "properties": {"id": 1421834924, "name": "Shell Express", "brand": "Shell Express", "opening_hours": null}, "geometry": {"type": "Point", "coordinates": [-82.9808225, 42.3045614]}}, {"type": "Feature", "properties": {"id": 1422329728, "name": null, "brand": null, "opening_hours": null}, "geometry": {"type": "Point", "coordinates": [-78.4683914, 44.1994545]}}, {"type": "Feature", "properties": {"id": 1424695086, "name": "Esso", "brand": "Esso", "opening_hours": null}, "geometry": {"type": "Point", "coordinates": [-80.7000403, 43.1379183]}}, {"type": "Feature", "properties": {"id": 1430078588, "name": "Esso", "brand": "Esso", "opening_hours": null}, "geometry": {"type": "Point", "coordinates": [-82.1804009, 42.4148016]}}, {"type": "Feature", "properties": {"id": 1432553868, "name": "petro Canada", "brand": "Petro-Canada", "opening_hours": null}, "geometry": {"type": "Point", "coordinates": [-82.9378139, 42.3137034]}}, {"type": "Feature", "properties": {"id": 1433561820, "name": null, "brand": null, "opening_hours": null}, "geometry": {"type": "Point", "coordinates": [-79.4654241, 43.6963616]}}, {"type": "Feature", "properties": {"id": 1433702389, "name": "Pioneer", "brand": "Pioneer", "opening_hours": null}, "geometry": {"type": "Point", "coordinates": [-80.215649, 43.1714754]}}, {"type": "Feature", "properties": {"id": 1436750166, "name": "Petro-Canada", "brand": "Petro-Canada", "opening_hours": null}, "geometry": {"type": "Point", "coordinates": [-79.20643, 45.3326757]}}, {"type": "Feature", "properties": {"id": 1442239105, "name": "Esso", "brand": "Esso", "opening_hours": null}, "geometry": {"type": "Point", "coordinates": [-79.3903179, 43.1875528]}}, {"type": "Feature", "properties": {"id": 1444305785, "name": null, "brand": null, "opening_hours": null}, "geometry": {"type": "Point", "coordinates": [-79.3141317, 43.7257123]}}, {"type": "Feature", "properties": {"id": 1447803748, "name": "Shell", "brand": "Shell", "opening_hours": null}, "geometry": {"type": "Point", "coordinates": [-82.1601828, 42.4090193]}}, {"type": "Feature", "properties": {"id": 1452058211, "name": "Shell", "brand": "Shell", "opening_hours": null}, "geometry": {"type": "Point", "coordinates": [-81.6300495, 42.9845402]}}, {"type": "Feature", "properties": {"id": 1453985724, "name": "Shell Express", "brand": "Shell Express", "opening_hours": null}, "geometry": {"type": "Point", "coordinates": [-83.0590102, 42.2898093]}}, {"type": "Feature", "properties": {"id": 1454337418, "name": "Petro-Canada", "brand": "Petro-Canada", "opening_hours": "24/7"}, "geometry": {"type": "Point", "coordinates": [-80.2092267, 43.4921577]}}, {"type": "Feature", "properties": {"id": 1455271599, "name": "Esso", "brand": "Esso", "opening_hours": null}, "geometry": {"type": "Point", "coordinates": [-83.0542651, 42.3038545]}}, {"type": "Feature", "properties": {"id": 1462860336, "name": "Costco Gasoline", "brand": "Costco", "opening_hours": null}, "geometry": {"type": "Point", "coordinates": [-82.9646086, 42.2544707]}}, {"type": "Feature", "properties": {"id": 1508697146, "name": "Ardtrea Gas Bar", "brand": "Esso", "opening_hours": null}, "geometry": {"type": "Point", "coordinates": [-79.4059348, 44.6790307]}}, {"type": "Feature", "properties": {"id": 1526159574, "name": "Esso", "brand": "Esso", "opening_hours": null}, "geometry": {"type": "Point", "coordinates": [-78.1757078, 43.9813596]}}, {"type": "Feature", "properties": {"id": 1529150683, "name": "Petro-Canada", "brand": "Petro-Canada", "opening_hours": "24/7"}, "geometry": {"type": "Point", "coordinates": [-80.3772511, 43.7187313]}}, {"type": "Feature", "properties": {"id": 1538498725, "name": "Shell", "brand": "Shell", "opening_hours": null}, "geometry": {"type": "Point", "coordinates": [-79.6778685, 44.0116928]}}, {"type": "Feature", "properties": {"id": 12843018, "name": "Canadian Tire", "brand": "Canadian Tire", "opening_hours": null}, "geometry": {"type": "Point", "coordinates": [-79.5687039, 43.196377]}}, {"type": "Feature", "properties": {"id": 12919649, "name": "Pioneer", "brand": "Pioneer", "opening_hours": null}, "geometry": {"type": "Point", "coordinates": [-79.4775957, 43.1868441]}}]}